{"type":"FeatureCollection","features":[{"type":"Feature","properties":{"id":"sd-1","district":1,"name":"District 1","supervisor":"Connie Chan","km2":10.09},"geometry":{"type":"Polygon","coordinates":[[[-122.485197,37.790197],[-122.484838,37.789892],[-122.48473,37.78973],[-122.484406,37.789641],[-122.484072,37.789515],[-122.484006,37.789431],[-122.48391,37.789233],[-122.483904,37.788994],[-122.484,37.788743],[-122.48415,37.788448],[-122.484146,37.787665],[-122.483799,37.78774],[-122.481871,37.78722],[-122.481003,37.787067],[-122.479845,37.786796],[-122.47878,37.7869],[-122.477696,37.786797],[-122.475547,37.786782],[-122.474427,37.786975],[-122.473321,37.787193],[-122.472352,37.787234],[-122.470912,37.787221],[-122.467989,37.787849],[-122.466924,37.788132],[-122.459925,37.789543],[-122.459476,37.789711],[-122.458998,37.783189],[-122.458732,37.779333],[-122.45856,37.779373],[-122.456872,37.779591],[-122.456695,37.779626],[-122.455843,37.779941],[-122.455567,37.780018],[-122.447699,37.78102],[-122.44758,37.781053],[-122.447401,37.780188],[-122.44731,37.780206],[-122.447017,37.778726],[-122.44704,37.778622],[-122.446471,37.775802],[-122.451358,37.775175],[-122.451163,37.774249],[-122.452813,37.774041],[-122.452624,37.773106],[-122.454285,37.772895],[-122.45397,37.77138],[-122.454317,37.771224],[-122.454903,37.771006],[-122.455094,37.770886],[-122.455195,37.770798],[-122.455361,37.770851],[-122.455925,37.770888],[-122.456522,37.770952],[-122.457946,37.771133],[-122.461184,37.771625],[-122.462047,37.771776],[-122.464709,37.772465],[-122.465463,37.772599],[-122.465917,37.772611],[-122.46676,37.772566],[-122.468086,37.772524],[-122.468868,37.772384],[-122.469211,37.77225],[-122.469475,37.772091],[-122.470414,37.771437],[-122.471013,37.771059],[-122.47163,37.770778],[-122.471838,37.770708],[-122.472097,37.770704],[-122.472405,37.770734],[-122.472769,37.77084],[-122.474946,37.771624],[-122.475196,37.771686],[-122.475553,37.771711],[-122.476016,37.771687],[-122.476895,37.771529],[-122.477467,37.771396],[-122.47793,37.771245],[-122.478865,37.770854],[-122.480699,37.770223],[-122.48137,37.770051],[-122.481724,37.770019],[-122.482129,37.770013],[-122.482591,37.770069],[-122.482913,37.770136],[-122.483436,37.770208],[-122.483897,37.770158],[-122.48438,37.770039],[-122.48477,37.769989],[-122.48519,37.77007],[-122.48635,37.77065],[-122.486699,37.77081],[-122.487094,37.770886],[-122.48757,37.77086],[-122.488471,37.770767],[-122.489088,37.770785],[-122.490181,37.770952],[-122.490694,37.770978],[-122.491129,37.77095],[-122.49185,37.770821],[-122.492428,37.770695],[-122.493618,37.770311],[-122.493823,37.770283],[-122.494144,37.770043],[-122.494841,37.769611],[-122.495128,37.769477],[-122.495444,37.769382],[-122.496161,37.769292],[-122.497317,37.769086],[-122.498548,37.768759],[-122.502212,37.767615],[-122.504556,37.767058],[-122.506302,37.766678],[-122.506564,37.766883],[-122.506817,37.767153],[-122.507122,37.767735],[-122.507719,37.768594],[-122.508277,37.769234],[-122.508633,37.769504],[-122.509005,37.769754],[-122.509515,37.770041],[-122.509843,37.770185],[-122.510454,37.770392],[-122.510715,37.770437],[-122.511011,37.770437],[-122.511092,37.77116],[-122.511124,37.771323],[-122.513147,37.770761],[-122.513128,37.771214],[-122.513141,37.771331],[-122.513104,37.771429],[-122.513117,37.771539],[-122.513097,37.771902],[-122.513163,37.772232],[-122.513143,37.772299],[-122.513179,37.77237],[-122.513178,37.772412],[-122.513133,37.772518],[-122.513148,37.772557],[-122.513128,37.772863],[-122.513144,37.772918],[-122.513146,37.773046],[-122.513109,37.773165],[-122.513136,37.773276],[-122.513124,37.773514],[-122.513137,37.773648],[-122.513099,37.77391],[-122.513116,37.77455],[-122.513165,37.774891],[-122.51317,37.775109],[-122.51315,37.775202],[-122.513168,37.775295],[-122.513139,37.775383],[-122.513155,37.775413],[-122.513118,37.775495],[-122.513116,37.775992],[-122.51322,37.776643],[-122.513262,37.776766],[-122.513351,37.77733],[-122.513512,37.777603],[-122.51379,37.777711],[-122.51397,37.777743],[-122.51413,37.777902],[-122.514272,37.778125],[-122.51463,37.778506],[-122.514662,37.778644],[-122.514636,37.778748],[-122.514565,37.778846],[-122.514579,37.778978],[-122.514499,37.779154],[-122.514494,37.779243],[-122.514568,37.779418],[-122.514854,37.779525],[-122.514948,37.779719],[-122.514897,37.779848],[-122.51475,37.779872],[-122.514641,37.779821],[-122.514565,37.779897],[-122.514512,37.780269],[-122.514475,37.780426],[-122.514467,37.780603],[-122.514648,37.780861],[-122.514724,37.781134],[-122.514586,37.781301],[-122.514468,37.781303],[-122.514293,37.781279],[-122.514303,37.781352],[-122.514285,37.781429],[-122.514242,37.781465],[-122.513868,37.781428],[-122.513759,37.781477],[-122.513883,37.781615],[-122.513696,37.781892],[-122.513671,37.781982],[-122.513523,37.782081],[-122.513467,37.782192],[-122.513546,37.782286],[-122.51359,37.782397],[-122.513504,37.782433],[-122.51346,37.782521],[-122.51349,37.782577],[-122.513499,37.782701],[-122.513444,37.782781],[-122.513313,37.782817],[-122.513178,37.782749],[-122.513099,37.782774],[-122.513082,37.782896],[-122.512986,37.783036],[-122.513026,37.7832],[-122.512879,37.783237],[-122.512854,37.783353],[-122.512806,37.783475],[-122.512706,37.783554],[-122.512519,37.78362],[-122.512466,37.783743],[-122.512714,37.783931],[-122.512652,37.784021],[-122.512681,37.78412],[-122.512566,37.784153],[-122.512112,37.783793],[-122.511916,37.783949],[-122.511936,37.784103],[-122.512002,37.784162],[-122.512011,37.784237],[-122.511977,37.784291],[-122.511911,37.784326],[-122.511796,37.784312],[-122.511643,37.784335],[-122.511486,37.784289],[-122.511302,37.784284],[-122.511334,37.784425],[-122.511306,37.784554],[-122.511229,37.784589],[-122.511025,37.784485],[-122.510971,37.784497],[-122.510839,37.784585],[-122.510747,37.784672],[-122.510371,37.784699],[-122.510237,37.784734],[-122.510169,37.784703],[-122.509994,37.784727],[-122.509808,37.784816],[-122.509716,37.784903],[-122.509575,37.785129],[-122.509483,37.785227],[-122.509351,37.785315],[-122.509271,37.785338],[-122.509233,37.785445],[-122.509118,37.785591],[-122.508797,37.785745],[-122.508662,37.785745],[-122.508566,37.785795],[-122.508486,37.785855],[-122.508452,37.785939],[-122.508259,37.786074],[-122.508218,37.786119],[-122.508134,37.786158],[-122.508035,37.786136],[-122.507964,37.786167],[-122.507791,37.786383],[-122.507787,37.786417],[-122.507753,37.786414],[-122.507724,37.786435],[-122.507687,37.786503],[-122.507715,37.786587],[-122.507634,37.786727],[-122.507531,37.786843],[-122.507417,37.786882],[-122.507338,37.786944],[-122.507251,37.78704],[-122.507198,37.787149],[-122.507108,37.787272],[-122.507053,37.787277],[-122.506972,37.787454],[-122.506897,37.787495],[-122.506739,37.787495],[-122.506717,37.787444],[-122.506526,37.787478],[-122.506427,37.787595],[-122.506344,37.78765],[-122.506286,37.787712],[-122.506241,37.787794],[-122.506178,37.787842],[-122.506132,37.787856],[-122.506163,37.78791],[-122.506122,37.787975],[-122.50612,37.788052],[-122.506089,37.788171],[-122.506052,37.788192],[-122.505658,37.788259],[-122.505606,37.788243],[-122.505423,37.788236],[-122.505202,37.78826],[-122.50502,37.788152],[-122.504788,37.788139],[-122.504693,37.78808],[-122.504501,37.788059],[-122.50415,37.788096],[-122.504066,37.788121],[-122.504049,37.788108],[-122.503846,37.788092],[-122.503613,37.788039],[-122.503485,37.78805],[-122.503463,37.78802],[-122.503374,37.788018],[-122.503234,37.788057],[-122.503249,37.788082],[-122.503145,37.788076],[-122.503078,37.788097],[-122.503007,37.788146],[-122.502926,37.788157],[-122.502903,37.788146],[-122.502836,37.78805],[-122.502789,37.788036],[-122.502705,37.78804],[-122.502426,37.788098],[-122.502376,37.788127],[-122.502316,37.788112],[-122.502255,37.788131],[-122.50217,37.788104],[-122.502106,37.788111],[-122.502071,37.788182],[-122.501952,37.788181],[-122.501913,37.788141],[-122.501912,37.788117],[-122.501878,37.788114],[-122.501842,37.788223],[-122.501801,37.788247],[-122.501766,37.788228],[-122.501726,37.788151],[-122.5017,37.788168],[-122.50162,37.788169],[-122.501569,37.788197],[-122.501591,37.788227],[-122.501532,37.788248],[-122.501514,37.788205],[-122.501459,37.788213],[-122.501439,37.78824],[-122.501336,37.788225],[-122.501091,37.788313],[-122.501006,37.788284],[-122.500972,37.788298],[-122.500994,37.788332],[-122.500948,37.78835],[-122.500861,37.788304],[-122.500755,37.788319],[-122.500738,37.788299],[-122.500713,37.78832],[-122.500641,37.788338],[-122.500551,37.788316],[-122.500489,37.788374],[-122.500459,37.788368],[-122.500341,37.788434],[-122.500273,37.788428],[-122.500251,37.788574],[-122.500192,37.788592],[-122.500175,37.788569],[-122.500177,37.788518],[-122.500131,37.788536],[-122.500092,37.788509],[-122.5001,37.788472],[-122.500065,37.788469],[-122.500067,37.788492],[-122.50001,37.788477],[-122.499967,37.78844],[-122.499879,37.788489],[-122.499811,37.78849],[-122.499761,37.78855],[-122.499798,37.788568],[-122.499804,37.788608],[-122.499762,37.788662],[-122.499733,37.788642],[-122.499727,37.78861],[-122.499687,37.788663],[-122.499578,37.788704],[-122.499512,37.788624],[-122.499481,37.78853],[-122.499433,37.788462],[-122.499267,37.78841],[-122.499128,37.788402],[-122.499099,37.788368],[-122.499042,37.78834],[-122.498955,37.788352],[-122.49889,37.788414],[-122.498846,37.788415],[-122.498829,37.788358],[-122.498858,37.788274],[-122.498811,37.788232],[-122.498722,37.788283],[-122.498685,37.788326],[-122.49861,37.788329],[-122.498598,37.788266],[-122.49862,37.788215],[-122.498603,37.78816],[-122.498538,37.788135],[-122.498481,37.788181],[-122.498393,37.788164],[-122.498358,37.78812],[-122.498367,37.788048],[-122.498258,37.788032],[-122.498204,37.787931],[-122.498141,37.787883],[-122.498021,37.787875],[-122.497965,37.787908],[-122.497937,37.787836],[-122.497862,37.787816],[-122.497833,37.787872],[-122.497859,37.787933],[-122.497838,37.78796],[-122.497779,37.787985],[-122.497727,37.787935],[-122.49768,37.787929],[-122.497621,37.787947],[-122.497503,37.787854],[-122.497545,37.787816],[-122.4975,37.787746],[-122.497516,37.787705],[-122.497486,37.787616],[-122.497459,37.787587],[-122.497357,37.787575],[-122.497316,37.787596],[-122.497216,37.787593],[-122.497106,37.787481],[-122.496924,37.787437],[-122.496857,37.787368],[-122.496812,37.787352],[-122.496752,37.787368],[-122.496729,37.787343],[-122.496686,37.787358],[-122.496639,37.787314],[-122.496546,37.787287],[-122.496517,37.787302],[-122.496277,37.787329],[-122.496087,37.787416],[-122.496068,37.787442],[-122.496017,37.787449],[-122.495906,37.787503],[-122.495829,37.787501],[-122.495771,37.787542],[-122.495627,37.787555],[-122.495438,37.787653],[-122.495383,37.787664],[-122.495333,37.787715],[-122.495282,37.78774],[-122.495108,37.787753],[-122.49505,37.787781],[-122.494943,37.787793],[-122.494936,37.787823],[-122.494876,37.787838],[-122.494804,37.787832],[-122.494754,37.787894],[-122.494747,37.787951],[-122.494687,37.788081],[-122.494701,37.788138],[-122.494642,37.788136],[-122.494515,37.788016],[-122.494535,37.787958],[-122.494512,37.787912],[-122.494519,37.787834],[-122.494492,37.787804],[-122.49442,37.787819],[-122.494397,37.787903],[-122.49435,37.787891],[-122.494352,37.787823],[-122.49416,37.787796],[-122.494002,37.787581],[-122.493854,37.787634],[-122.493682,37.787607],[-122.493462,37.787628],[-122.493419,37.78765],[-122.493385,37.787643],[-122.493294,37.78768],[-122.493194,37.787693],[-122.493181,37.787713],[-122.493127,37.787734],[-122.492971,37.787742],[-122.492956,37.787768],[-122.492855,37.787786],[-122.49286,37.787853],[-122.49283,37.787883],[-122.492771,37.787884],[-122.492769,37.78783],[-122.492736,37.787857],[-122.492679,37.787751],[-122.492381,37.787789],[-122.492179,37.787853],[-122.492119,37.787875],[-122.492058,37.787925],[-122.491813,37.788026],[-122.49172,37.788105],[-122.491655,37.788118],[-122.491614,37.788164],[-122.491501,37.788222],[-122.491448,37.788217],[-122.491282,37.788281],[-122.491218,37.78832],[-122.491191,37.788358],[-122.490859,37.788554],[-122.490818,37.788633],[-122.490528,37.788886],[-122.490413,37.788952],[-122.490407,37.788979],[-122.490307,37.789033],[-122.490046,37.789222],[-122.489919,37.789352],[-122.489829,37.789482],[-122.489701,37.789483],[-122.489301,37.789412],[-122.489192,37.78934],[-122.488991,37.789283],[-122.488482,37.789442],[-122.4881,37.789429],[-122.488028,37.78953],[-122.487864,37.789588],[-122.487737,37.789574],[-122.487584,37.789499],[-122.487564,37.789473],[-122.487564,37.789435],[-122.487464,37.789473],[-122.487447,37.789431],[-122.487369,37.78943],[-122.487121,37.789611],[-122.486938,37.78984],[-122.486729,37.790042],[-122.486429,37.790237],[-122.486335,37.790356],[-122.486245,37.790414],[-122.486237,37.790495],[-122.486148,37.790606],[-122.486109,37.790688],[-122.485943,37.790839],[-122.485197,37.790197]]]}},{"type":"Feature","properties":{"id":"sd-2","district":2,"name":"District 2","supervisor":"Stephen Sherrill","km2":13.15},"geometry":{"type":"Polygon","coordinates":[[[-122.476952,37.810983],[-122.476622,37.810877],[-122.476561,37.810893],[-122.476466,37.810836],[-122.476399,37.810758],[-122.476244,37.810424],[-122.476193,37.810243],[-122.476155,37.809859],[-122.476049,37.80964],[-122.475968,37.809575],[-122.47579,37.809485],[-122.475541,37.809387],[-122.474949,37.80926],[-122.474802,37.809179],[-122.474059,37.809107],[-122.473248,37.8091],[-122.472666,37.809034],[-122.472248,37.80897],[-122.471807,37.808865],[-122.471577,37.808857],[-122.471241,37.808797],[-122.470932,37.808717],[-122.470601,37.808599],[-122.470033,37.80943],[-122.46999,37.809452],[-122.469923,37.809435],[-122.469403,37.809204],[-122.469387,37.809167],[-122.469446,37.809068],[-122.469513,37.809054],[-122.470047,37.809289],[-122.470537,37.808582],[-122.47042,37.808453],[-122.470228,37.808354],[-122.470014,37.808202],[-122.469816,37.808099],[-122.469586,37.807953],[-122.469304,37.807727],[-122.469234,37.807569],[-122.469112,37.807371],[-122.468869,37.807067],[-122.46879,37.807003],[-122.468642,37.806925],[-122.468303,37.806818],[-122.468149,37.806981],[-122.468042,37.806913],[-122.468205,37.806743],[-122.468155,37.8067],[-122.467767,37.806455],[-122.467204,37.806012],[-122.466996,37.80591],[-122.466671,37.805803],[-122.466058,37.806416],[-122.465889,37.806308],[-122.465954,37.806241],[-122.466056,37.806301],[-122.466073,37.806282],[-122.466132,37.806317],[-122.466652,37.805791],[-122.466074,37.805582],[-122.465896,37.805571],[-122.465649,37.805488],[-122.465461,37.805394],[-122.46423,37.805004],[-122.463987,37.80494],[-122.463579,37.80488],[-122.463272,37.804888],[-122.462953,37.804917],[-122.46243,37.805014],[-122.462213,37.805019],[-122.462027,37.804955],[-122.461897,37.80493],[-122.461602,37.804957],[-122.461008,37.805087],[-122.459773,37.805253],[-122.459146,37.8054],[-122.458423,37.805477],[-122.457989,37.805574],[-122.457775,37.805651],[-122.45733,37.805767],[-122.456541,37.805877],[-122.455911,37.806013],[-122.455565,37.806112],[-122.454483,37.806469],[-122.454354,37.806478],[-122.454308,37.806459],[-122.454294,37.806376],[-122.454086,37.80636],[-122.453816,37.806293],[-122.453296,37.806259],[-122.452439,37.806267],[-122.451654,37.806353],[-122.450459,37.806646],[-122.449912,37.806721],[-122.44972,37.806719],[-122.449631,37.806734],[-122.449479,37.8068],[-122.449304,37.806837],[-122.449049,37.80682],[-122.449012,37.806784],[-122.448891,37.806726],[-122.448728,37.806702],[-122.448216,37.806848],[-122.447835,37.807052],[-122.447181,37.807477],[-122.446638,37.807525],[-122.446477,37.807517],[-122.445245,37.807626],[-122.444788,37.807607],[-122.443685,37.807722],[-122.442524,37.808024],[-122.440951,37.808196],[-122.440653,37.808288],[-122.440552,37.808345],[-122.440461,37.808412],[-122.440222,37.808671],[-122.440032,37.808833],[-122.439928,37.808779],[-122.440278,37.808222],[-122.440411,37.80815],[-122.440632,37.808107],[-122.441795,37.807987],[-122.441787,37.807914],[-122.44149,37.807944],[-122.441481,37.807917],[-122.441976,37.807877],[-122.441978,37.807895],[-122.441816,37.807911],[-122.441824,37.807984],[-122.442321,37.807932],[-122.442377,37.807918],[-122.442423,37.80788],[-122.442033,37.807875],[-122.442713,37.807793],[-122.442763,37.807809],[-122.442798,37.807704],[-122.442908,37.807696],[-122.44291,37.807717],[-122.442797,37.807725],[-122.442803,37.807752],[-122.442914,37.807744],[-122.442916,37.807763],[-122.4428,37.807772],[-122.442804,37.807804],[-122.443128,37.807744],[-122.443672,37.807598],[-122.443668,37.807568],[-122.443872,37.807441],[-122.4470072,37.8065478],[-122.4468315,37.8053912],[-122.4459519,37.8054712],[-122.4459519,37.8055594],[-122.4422618,37.8060464],[-122.4423596,37.8065297],[-122.442264,37.806775],[-122.440547,37.806968],[-122.4386122,37.8074186],[-122.4357009,37.8077963],[-122.4355489,37.8069037],[-122.4341584,37.8070925],[-122.4337239,37.8057365],[-122.433159,37.8058051],[-122.4323385,37.8059416],[-122.43235,37.805976],[-122.432194,37.80604],[-122.432165,37.8061],[-122.43218,37.806145],[-122.43221,37.806153],[-122.432227,37.806214],[-122.432203,37.806237],[-122.432206,37.806291],[-122.432307,37.806805],[-122.432383,37.807104],[-122.432565,37.80848],[-122.432615,37.808486],[-122.432608,37.808505],[-122.432342,37.808516],[-122.432079,37.807223],[-122.432,37.807178],[-122.431443,37.807251],[-122.431386,37.807314],[-122.431728,37.809024],[-122.431341,37.809057],[-122.430995,37.807366],[-122.430916,37.80732],[-122.430361,37.807393],[-122.430303,37.807457],[-122.430622,37.809167],[-122.430108,37.809215],[-122.429835,37.807825],[-122.429263,37.807903],[-122.42927,37.80797],[-122.428237,37.808406],[-122.427001,37.808109],[-122.426996,37.808141],[-122.427546,37.808641],[-122.428014,37.80857],[-122.428043,37.808705],[-122.427533,37.808783],[-122.427524,37.808739],[-122.427301,37.808773],[-122.427287,37.808709],[-122.42749,37.808678],[-122.42691,37.808151],[-122.426839,37.808113],[-122.426718,37.808169],[-122.426816,37.808624],[-122.426829,37.80897],[-122.426848,37.809019],[-122.426824,37.809066],[-122.426765,37.809392],[-122.426704,37.809568],[-122.426625,37.80974],[-122.426527,37.809905],[-122.42641,37.810064],[-122.42622,37.81027],[-122.426005,37.810442],[-122.425875,37.810521],[-122.425563,37.810663],[-122.42538,37.810719],[-122.425222,37.810755],[-122.424876,37.810799],[-122.424597,37.810769],[-122.424408,37.81072],[-122.424322,37.810626],[-122.424299,37.810553],[-122.424305,37.810507],[-122.424375,37.810424],[-122.424485,37.810393],[-122.424545,37.810399],[-122.424641,37.810448],[-122.424672,37.810489],[-122.424696,37.810591],[-122.424723,37.810615],[-122.424913,37.810626],[-122.425086,37.810609],[-122.425422,37.810532],[-122.425753,37.810388],[-122.426033,37.810212],[-122.426044,37.81018],[-122.426289,37.809905],[-122.426471,37.8096],[-122.426536,37.80944],[-122.426612,37.809108],[-122.426636,37.808794],[-122.426618,37.808824],[-122.426522,37.808151],[-122.426486,37.808164],[-122.426421,37.807832],[-122.426325,37.807581],[-122.426289,37.807546],[-122.426118,37.807641],[-122.426005,37.807512],[-122.425948,37.807541],[-122.426073,37.80768],[-122.426045,37.807693],[-122.425788,37.807406],[-122.425811,37.807394],[-122.425842,37.807428],[-122.425868,37.807413],[-122.425917,37.807465],[-122.425895,37.807479],[-122.425932,37.807524],[-122.425979,37.807494],[-122.425942,37.807453],[-122.426131,37.807352],[-122.425943,37.807202],[-122.425744,37.807069],[-122.425305,37.806846],[-122.425069,37.806758],[-122.424802,37.806681],[-122.424429,37.806613],[-122.424077,37.806611],[-122.423706,37.806673],[-122.423156,37.806918],[-122.422808,37.807118],[-122.42216,37.807561],[-122.421544,37.808056],[-122.421532,37.808072],[-122.42179,37.808374],[-122.421759,37.808395],[-122.421493,37.80811],[-122.421324,37.808279],[-122.42155,37.808461],[-122.421521,37.80848],[-122.421585,37.808543],[-122.421559,37.80856],[-122.421495,37.808497],[-122.421472,37.808513],[-122.421301,37.808302],[-122.421061,37.808563],[-122.421102,37.808804],[-122.421495,37.809133],[-122.421448,37.809163],[-122.422886,37.810219],[-122.422844,37.810256],[-122.421366,37.809161],[-122.42121,37.80919],[-122.421036,37.808957],[-122.420944,37.808967],[-122.420911,37.808797],[-122.420858,37.808796],[-122.420717,37.8089],[-122.42076,37.809085],[-122.420694,37.80908],[-122.420677,37.809022],[-122.420416,37.809021],[-122.420361,37.809004],[-122.420385,37.808934],[-122.420668,37.808958],[-122.420635,37.808756],[-122.4203604,37.808794],[-122.4203418,37.8087112],[-122.420434,37.8086451],[-122.4205181,37.8086346],[-122.4205084,37.808577],[-122.420927,37.808523],[-122.419797,37.802927],[-122.421751,37.802652],[-122.422164,37.802616],[-122.424835,37.802268],[-122.424668,37.801426],[-122.424607,37.8013],[-122.424464,37.800402],[-122.423539,37.795838],[-122.423481,37.795739],[-122.423283,37.79481],[-122.423133,37.793829],[-122.422455,37.790472],[-122.42242,37.790358],[-122.422408,37.790241],[-122.422145,37.788943],[-122.422077,37.788474],[-122.421955,37.788001],[-122.421675,37.786605],[-122.421277,37.784857],[-122.421243,37.784635],[-122.420977,37.783352],[-122.420906,37.782883],[-122.420738,37.782053],[-122.420689,37.781955],[-122.420542,37.781018],[-122.423731,37.780612],[-122.424108,37.782477],[-122.427396,37.782057],[-122.428148,37.785784],[-122.424858,37.786196],[-122.425047,37.78713],[-122.426667,37.786925],[-122.426865,37.787862],[-122.425237,37.78807],[-122.425423,37.788995],[-122.42706,37.788787],[-122.42726,37.789743],[-122.430551,37.789324],[-122.430356,37.788368],[-122.438582,37.787325],[-122.438394,37.786392],[-122.435106,37.786811],[-122.434918,37.785876],[-122.446247,37.784438],[-122.446033,37.783509],[-122.43973,37.784313],[-122.439351,37.782443],[-122.440963,37.782239],[-122.440213,37.778511],[-122.441866,37.7783],[-122.441678,37.777373],[-122.440027,37.777587],[-122.439844,37.776644],[-122.446471,37.775802],[-122.44704,37.778622],[-122.447017,37.778726],[-122.44731,37.780206],[-122.447401,37.780188],[-122.44758,37.781053],[-122.447699,37.78102],[-122.455567,37.780018],[-122.455843,37.779941],[-122.456695,37.779626],[-122.456872,37.779591],[-122.45856,37.779373],[-122.458732,37.779333],[-122.458998,37.783189],[-122.459476,37.789711],[-122.459925,37.789543],[-122.466924,37.788132],[-122.467989,37.787849],[-122.470912,37.787221],[-122.472352,37.787234],[-122.473321,37.787193],[-122.474427,37.786975],[-122.475547,37.786782],[-122.477696,37.786797],[-122.47878,37.7869],[-122.479845,37.786796],[-122.481003,37.787067],[-122.481871,37.78722],[-122.483799,37.78774],[-122.484146,37.787665],[-122.48415,37.788448],[-122.484,37.788743],[-122.483904,37.788994],[-122.48391,37.789233],[-122.484006,37.789431],[-122.484072,37.789515],[-122.484406,37.789641],[-122.48473,37.78973],[-122.484838,37.789892],[-122.485943,37.790839],[-122.485741,37.791022],[-122.485411,37.791468],[-122.485285,37.791713],[-122.484996,37.791948],[-122.484753,37.792215],[-122.484542,37.792522],[-122.484364,37.79274],[-122.484073,37.793295],[-122.483858,37.793646],[-122.483593,37.794035],[-122.483294,37.794671],[-122.483518,37.79473],[-122.483088,37.795612],[-122.482999,37.795903],[-122.482851,37.796178],[-122.482667,37.796814],[-122.48218,37.797833],[-122.482169,37.797996],[-122.482136,37.79813],[-122.482085,37.798234],[-122.482122,37.79829],[-122.482129,37.798329],[-122.482079,37.798472],[-122.482042,37.798509],[-122.481958,37.798535],[-122.48187,37.798535],[-122.481831,37.798574],[-122.481933,37.798775],[-122.481895,37.79878],[-122.481783,37.798686],[-122.481759,37.798795],[-122.481736,37.798806],[-122.481729,37.798846],[-122.481698,37.798857],[-122.481554,37.798748],[-122.481545,37.798792],[-122.481675,37.798888],[-122.481685,37.79893],[-122.481643,37.798933],[-122.48162,37.798952],[-122.481562,37.799036],[-122.481507,37.799211],[-122.48138,37.799367],[-122.481394,37.799401],[-122.481388,37.79945],[-122.481312,37.799517],[-122.4812,37.799556],[-122.481106,37.799613],[-122.481069,37.799704],[-122.481064,37.799823],[-122.480987,37.799938],[-122.480974,37.800331],[-122.480757,37.800443],[-122.480655,37.800648],[-122.480593,37.800725],[-122.480375,37.801095],[-122.480296,37.801293],[-122.480202,37.801417],[-122.480181,37.801558],[-122.480072,37.801845],[-122.480027,37.802059],[-122.480044,37.802235],[-122.479899,37.802898],[-122.479612,37.803428],[-122.479497,37.803573],[-122.479357,37.803861],[-122.479173,37.804332],[-122.479146,37.804483],[-122.479061,37.804693],[-122.478953,37.804882],[-122.478814,37.805291],[-122.478729,37.805493],[-122.478723,37.805679],[-122.478686,37.805962],[-122.478628,37.806008],[-122.478654,37.80609],[-122.478632,37.80612],[-122.47866,37.806171],[-122.478627,37.806353],[-122.478624,37.80647],[-122.478577,37.806638],[-122.478527,37.807067],[-122.478521,37.807253],[-122.478489,37.807311],[-122.478496,37.80755],[-122.478476,37.807833],[-122.478405,37.808093],[-122.478061,37.808278],[-122.477896,37.808449],[-122.477886,37.808531],[-122.477924,37.808669],[-122.477956,37.809252],[-122.477923,37.809783],[-122.477957,37.810111],[-122.477925,37.810324],[-122.477976,37.810543],[-122.477691,37.810628],[-122.477738,37.810943],[-122.477314,37.811025],[-122.476952,37.810983]]]}},{"type":"Feature","properties":{"id":"sd-3","district":3,"name":"District 3","supervisor":"Danny Sauter","km2":5.38},"geometry":{"type":"Polygon","coordinates":[[[-122.419724,37.811135],[-122.419215,37.810894],[-122.419186,37.810925],[-122.419098,37.810915],[-122.418988,37.810835],[-122.418936,37.810883],[-122.419125,37.811023],[-122.419049,37.811094],[-122.419466,37.811382],[-122.419351,37.811487],[-122.418846,37.811473],[-122.415352,37.809161],[-122.415191,37.809159],[-122.415204,37.809192],[-122.415152,37.809231],[-122.415172,37.809244],[-122.415195,37.809228],[-122.415413,37.809363],[-122.41537,37.809407],[-122.41503,37.80919],[-122.414902,37.809236],[-122.414985,37.809287],[-122.414969,37.809304],[-122.414994,37.809318],[-122.415011,37.809299],[-122.415227,37.809434],[-122.415174,37.809487],[-122.414958,37.809354],[-122.414977,37.809335],[-122.414846,37.809257],[-122.41478,37.809281],[-122.414775,37.809372],[-122.4143002,37.8092768],[-122.4138898,37.8091378],[-122.4134793,37.8090915],[-122.413374,37.809318],[-122.412617,37.809079],[-122.412498,37.809066],[-122.412398,37.809121],[-122.412391,37.809157],[-122.412435,37.809211],[-122.412456,37.809198],[-122.412641,37.809386],[-122.412575,37.809427],[-122.412389,37.80924],[-122.412413,37.809225],[-122.412364,37.809176],[-122.412332,37.80918],[-122.4122075,37.8093187],[-122.4123409,37.8095294],[-122.4122075,37.8095855],[-122.4116182,37.8094094],[-122.411453,37.809105],[-122.411424,37.809119],[-122.411249,37.80892],[-122.411086,37.808907],[-122.411283,37.809135],[-122.411256,37.809149],[-122.411031,37.80889],[-122.411025,37.808915],[-122.410951,37.808905],[-122.410954,37.80888],[-122.410737,37.808846],[-122.410731,37.808873],[-122.410649,37.808862],[-122.410652,37.808835],[-122.410546,37.808819],[-122.4103181,37.8092297],[-122.4113214,37.8110248],[-122.4104657,37.8114911],[-122.4100526,37.811118],[-122.4101706,37.8101389],[-122.4093149,37.8087634],[-122.406644,37.807818],[-122.406816,37.809995],[-122.406787,37.810017],[-122.406179,37.810069],[-122.406126,37.810037],[-122.405904,37.80716],[-122.405322,37.806867],[-122.404397,37.808858],[-122.404375,37.808871],[-122.404345,37.808871],[-122.404317,37.808819],[-122.403929,37.808759],[-122.403909,37.80874],[-122.403908,37.808714],[-122.404717,37.806971],[-122.403956,37.806579],[-122.40276,37.808016],[-122.402704,37.808017],[-122.402352,37.807836],[-122.402346,37.80778],[-122.403422,37.806471],[-122.402804,37.806023],[-122.40094,37.807639],[-122.400912,37.807639],[-122.400399,37.807262],[-122.400964,37.803564],[-122.400843,37.803429],[-122.40048,37.803466],[-122.398543,37.804606],[-122.398511,37.804597],[-122.398559,37.804526],[-122.398224,37.804275],[-122.398225,37.804256],[-122.399972,37.803225],[-122.399602,37.802808],[-122.397814,37.803814],[-122.397791,37.80381],[-122.397512,37.803487],[-122.397515,37.803469],[-122.399616,37.802282],[-122.399724,37.802176],[-122.399409,37.801825],[-122.399193,37.801872],[-122.397107,37.803024],[-122.397084,37.803021],[-122.396143,37.801955],[-122.396156,37.80192],[-122.398384,37.800673],[-122.397989,37.80023],[-122.395757,37.801476],[-122.395734,37.801472],[-122.39544,37.80116],[-122.395444,37.801142],[-122.397542,37.799958],[-122.397642,37.799842],[-122.397382,37.799549],[-122.397363,37.79956],[-122.397257,37.799442],[-122.396973,37.79961],[-122.396897,37.799633],[-122.396944,37.799579],[-122.397251,37.799401],[-122.396741,37.798834],[-122.396702,37.798856],[-122.39667,37.798822],[-122.396619,37.798849],[-122.396579,37.798833],[-122.39571,37.799334],[-122.395682,37.799401],[-122.395581,37.799459],[-122.395492,37.799462],[-122.394471,37.800049],[-122.394486,37.800063],[-122.394463,37.80011],[-122.394496,37.800144],[-122.394437,37.800182],[-122.394338,37.800158],[-122.394252,37.800074],[-122.394244,37.799994],[-122.394306,37.799956],[-122.39434,37.799987],[-122.394406,37.799984],[-122.394422,37.799997],[-122.395444,37.799408],[-122.395461,37.799349],[-122.395565,37.799287],[-122.395651,37.799284],[-122.396526,37.798778],[-122.396507,37.798754],[-122.396514,37.798736],[-122.396562,37.798709],[-122.396529,37.798675],[-122.396574,37.79865],[-122.396499,37.798568],[-122.396467,37.798586],[-122.396357,37.798472],[-122.396393,37.798452],[-122.395861,37.797871],[-122.395738,37.79789],[-122.395537,37.797962],[-122.393832,37.798942],[-122.393808,37.798937],[-122.393553,37.798652],[-122.393559,37.798634],[-122.395455,37.797549],[-122.395493,37.79747],[-122.395423,37.797393],[-122.395304,37.797394],[-122.395132,37.797495],[-122.394996,37.797341],[-122.395177,37.797236],[-122.395204,37.797153],[-122.395175,37.797121],[-122.395016,37.797124],[-122.394842,37.797228],[-122.394877,37.797258],[-122.393204,37.798251],[-122.393181,37.798248],[-122.39292,37.797971],[-122.392935,37.797937],[-122.393418,37.797664],[-122.393858,37.797294],[-122.394535,37.796891],[-122.394518,37.796875],[-122.394797,37.796709],[-122.394681,37.796582],[-122.393517,37.797258],[-122.393551,37.797294],[-122.393169,37.797508],[-122.393092,37.797426],[-122.393469,37.797208],[-122.393491,37.797233],[-122.394127,37.796863],[-122.393932,37.796649],[-122.39385,37.796688],[-122.393743,37.796575],[-122.393881,37.796507],[-122.393598,37.796198],[-122.393524,37.796237],[-122.393397,37.796098],[-122.393482,37.796057],[-122.393263,37.795831],[-122.393199,37.795863],[-122.393014,37.795655],[-122.393055,37.795628],[-122.392998,37.795561],[-122.39159,37.796205],[-122.391196,37.795779],[-122.392411,37.79482],[-122.392267,37.794668],[-122.391941,37.794854],[-122.391649,37.794547],[-122.391828,37.794445],[-122.391802,37.794417],[-122.391946,37.794335],[-122.39179,37.794171],[-122.391734,37.794203],[-122.391667,37.794132],[-122.391722,37.794101],[-122.391672,37.794048],[-122.391982,37.793872],[-122.392181,37.793928],[-122.392414,37.793811],[-122.392582,37.793704],[-122.393181,37.79323],[-122.394748,37.79448],[-122.39486,37.794459],[-122.395655,37.793831],[-122.396315,37.793337],[-122.396546,37.793127],[-122.399123,37.791101],[-122.399195,37.791058],[-122.399255,37.790997],[-122.401939,37.788878],[-122.402066,37.788721],[-122.402914,37.788112],[-122.403456,37.787776],[-122.406062,37.785757],[-122.406291,37.785508],[-122.407451,37.784604],[-122.408104,37.78402],[-122.408688,37.783556],[-122.408978,37.783451],[-122.409108,37.783429],[-122.409114,37.783449],[-122.409498,37.785283],[-122.408667,37.785388],[-122.40884,37.785836],[-122.408941,37.786296],[-122.411326,37.785996],[-122.411516,37.78694],[-122.421472,37.785676],[-122.421955,37.788001],[-122.422077,37.788474],[-122.422145,37.788943],[-122.422408,37.790241],[-122.42242,37.790358],[-122.422455,37.790472],[-122.423133,37.793829],[-122.423283,37.79481],[-122.423481,37.795739],[-122.423539,37.795838],[-122.424464,37.800402],[-122.424607,37.8013],[-122.424668,37.801426],[-122.424835,37.802268],[-122.422164,37.802616],[-122.421751,37.802652],[-122.419797,37.802927],[-122.420927,37.808523],[-122.4205084,37.808577],[-122.420462,37.808303],[-122.4193773,37.808507],[-122.4180199,37.8086235],[-122.4180789,37.8088567],[-122.419938,37.8087867],[-122.420056,37.809253],[-122.4182855,37.809253],[-122.4176953,37.8089965],[-122.4173117,37.8082971],[-122.4157477,37.8081573],[-122.4157883,37.8083323],[-122.4157772,37.8082039],[-122.4164264,37.8082738],[-122.4163379,37.8087867],[-122.4174297,37.8089266],[-122.418169,37.809664],[-122.419291,37.810403],[-122.419315,37.810381],[-122.419834,37.810735],[-122.419808,37.810754],[-122.420595,37.811267],[-122.420353,37.81151],[-122.420002,37.811281],[-122.419846,37.81132],[-122.419952,37.811563],[-122.419916,37.811574],[-122.419724,37.811135]]]}},{"type":"Feature","properties":{"id":"sd-4","district":4,"name":"District 4","supervisor":"Alan Wong","km2":12.83},"geometry":{"type":"Polygon","coordinates":[[[-122.511092,37.77116],[-122.511011,37.770437],[-122.510715,37.770437],[-122.510454,37.770392],[-122.509843,37.770185],[-122.509515,37.770041],[-122.509005,37.769754],[-122.508633,37.769504],[-122.508277,37.769234],[-122.507719,37.768594],[-122.507122,37.767735],[-122.506817,37.767153],[-122.506564,37.766883],[-122.506302,37.766678],[-122.504556,37.767058],[-122.502212,37.767615],[-122.498548,37.768759],[-122.497317,37.769086],[-122.496161,37.769292],[-122.495444,37.769382],[-122.495128,37.769477],[-122.494841,37.769611],[-122.494144,37.770043],[-122.493823,37.770283],[-122.493618,37.770311],[-122.492428,37.770695],[-122.49185,37.770821],[-122.491129,37.77095],[-122.490694,37.770978],[-122.490181,37.770952],[-122.489088,37.770785],[-122.488471,37.770767],[-122.48757,37.77086],[-122.487094,37.770886],[-122.486699,37.77081],[-122.48635,37.77065],[-122.48519,37.77007],[-122.48477,37.769989],[-122.48438,37.770039],[-122.483897,37.770158],[-122.483436,37.770208],[-122.482913,37.770136],[-122.482591,37.770069],[-122.482129,37.770013],[-122.481724,37.770019],[-122.48137,37.770051],[-122.480699,37.770223],[-122.479146,37.770754],[-122.478514,37.76964],[-122.478405,37.769393],[-122.478329,37.769124],[-122.478271,37.768766],[-122.478199,37.768011],[-122.47814,37.76776],[-122.478065,37.767543],[-122.477936,37.767297],[-122.477767,37.767023],[-122.477493,37.76665],[-122.477341,37.766292],[-122.477297,37.766069],[-122.476974,37.761701],[-122.476762,37.759837],[-122.47687,37.759832],[-122.476699,37.757968],[-122.4766,37.756108],[-122.476531,37.754238],[-122.476343,37.752263],[-122.476221,37.750509],[-122.476131,37.748643],[-122.476007,37.746778],[-122.475854,37.744915],[-122.475726,37.743049],[-122.475621,37.741183],[-122.475485,37.739321],[-122.475326,37.736384],[-122.475221,37.734869],[-122.475189,37.734762],[-122.475173,37.734562],[-122.475063,37.732495],[-122.474972,37.731072],[-122.474908,37.730409],[-122.474857,37.72901],[-122.47507,37.729066],[-122.47512,37.729856],[-122.47519,37.72997],[-122.475319,37.730043],[-122.47587,37.730053],[-122.475937,37.730119],[-122.476064,37.730152],[-122.478289,37.730135],[-122.478406,37.730091],[-122.478517,37.730009],[-122.478577,37.729912],[-122.478585,37.729813],[-122.478558,37.729449],[-122.479337,37.729465],[-122.480608,37.729232],[-122.482796,37.72863],[-122.482247,37.728043],[-122.481821,37.727168],[-122.483953,37.727025],[-122.483957,37.72709],[-122.484053,37.727412],[-122.485405,37.729019],[-122.485722,37.729292],[-122.486473,37.729504],[-122.48889,37.730257],[-122.489205,37.730319],[-122.48958,37.730286],[-122.489901,37.730165],[-122.490135,37.730003],[-122.490974,37.729112],[-122.491419,37.728883],[-122.49176,37.728815],[-122.492028,37.728815],[-122.492161,37.728836],[-122.4924,37.728905],[-122.492786,37.729082],[-122.493155,37.729277],[-122.493394,37.729437],[-122.493529,37.729594],[-122.495688,37.729059],[-122.496035,37.729012],[-122.496357,37.729034],[-122.496699,37.729124],[-122.497017,37.729303],[-122.497233,37.72949],[-122.497354,37.729668],[-122.497871,37.73073],[-122.498144,37.731374],[-122.498189,37.731533],[-122.498193,37.731912],[-122.498107,37.732268],[-122.497456,37.733013],[-122.49676,37.733586],[-122.496564,37.733856],[-122.496856,37.733867],[-122.497487,37.733925],[-122.498031,37.734027],[-122.498606,37.734186],[-122.499139,37.734404],[-122.500063,37.734905],[-122.500493,37.735105],[-122.501179,37.735342],[-122.501595,37.735438],[-122.502031,37.735515],[-122.502558,37.735557],[-122.506521,37.735572],[-122.506796,37.735559],[-122.508538,37.735402],[-122.5085,37.735568],[-122.50851,37.735594],[-122.508534,37.735605],[-122.508507,37.735662],[-122.508519,37.735784],[-122.508464,37.735828],[-122.508475,37.735877],[-122.50845,37.73613],[-122.508451,37.736317],[-122.508516,37.736663],[-122.508663,37.73696],[-122.508679,37.737056],[-122.50872,37.73716],[-122.508735,37.737317],[-122.508786,37.737552],[-122.508771,37.737638],[-122.508787,37.737709],[-122.508761,37.737789],[-122.508764,37.737875],[-122.508742,37.737969],[-122.508757,37.738392],[-122.508804,37.738614],[-122.508804,37.73871],[-122.508895,37.739003],[-122.508891,37.73924],[-122.508823,37.739425],[-122.508792,37.739563],[-122.508775,37.739755],[-122.508742,37.739821],[-122.508778,37.739858],[-122.508763,37.739933],[-122.508777,37.740016],[-122.508748,37.740054],[-122.508738,37.74011],[-122.508745,37.740161],[-122.508724,37.740231],[-122.508732,37.740306],[-122.508829,37.740434],[-122.508813,37.740491],[-122.508861,37.740536],[-122.508851,37.740583],[-122.50887,37.740657],[-122.508867,37.740741],[-122.508914,37.740773],[-122.508933,37.740815],[-122.508936,37.740917],[-122.508984,37.740963],[-122.509027,37.741037],[-122.509036,37.741139],[-122.509067,37.741199],[-122.509133,37.741258],[-122.509186,37.741257],[-122.509247,37.741345],[-122.509227,37.741499],[-122.509177,37.741602],[-122.509208,37.741662],[-122.509186,37.741709],[-122.509189,37.741798],[-122.509155,37.741845],[-122.509151,37.741919],[-122.509101,37.742027],[-122.509091,37.742107],[-122.509063,37.742131],[-122.509052,37.742168],[-122.509073,37.742307],[-122.509054,37.742457],[-122.50911,37.742595],[-122.509106,37.742642],[-122.509131,37.742707],[-122.509192,37.742808],[-122.509159,37.74286],[-122.50918,37.743013],[-122.509206,37.743088],[-122.509236,37.743106],[-122.509248,37.743138],[-122.50925,37.743203],[-122.509301,37.743337],[-122.509303,37.743431],[-122.509422,37.743703],[-122.509418,37.743773],[-122.50948,37.743863],[-122.509505,37.743944],[-122.509566,37.744022],[-122.509567,37.744087],[-122.509642,37.744226],[-122.509631,37.744282],[-122.509656,37.744333],[-122.509652,37.744403],[-122.509683,37.744439],[-122.509684,37.744495],[-122.509608,37.744739],[-122.509616,37.744785],[-122.509593,37.744818],[-122.509443,37.744928],[-122.509462,37.744956],[-122.509458,37.745026],[-122.509397,37.745292],[-122.509336,37.745938],[-122.509426,37.746369],[-122.509541,37.746713],[-122.509575,37.746888],[-122.509598,37.747155],[-122.509772,37.747496],[-122.509831,37.747746],[-122.509825,37.747971],[-122.509709,37.748796],[-122.509713,37.749084],[-122.509769,37.749298],[-122.509836,37.74945],[-122.509906,37.749572],[-122.510288,37.750089],[-122.510434,37.750349],[-122.51053,37.750693],[-122.510552,37.750883],[-122.510554,37.751074],[-122.510513,37.751454],[-122.51053,37.751571],[-122.510616,37.751782],[-122.510697,37.751887],[-122.510744,37.752065],[-122.510889,37.752335],[-122.510972,37.752415],[-122.511029,37.752552],[-122.511008,37.753189],[-122.511107,37.75373],[-122.511293,37.754124],[-122.51126,37.754163],[-122.511247,37.754209],[-122.511254,37.754251],[-122.5113,37.754322],[-122.511304,37.754362],[-122.511288,37.754398],[-122.511234,37.754436],[-122.511205,37.754494],[-122.511174,37.754504],[-122.511196,37.754623],[-122.511172,37.754668],[-122.511187,37.754748],[-122.511164,37.754817],[-122.511168,37.754966],[-122.511187,37.754986],[-122.511182,37.755041],[-122.511141,37.755116],[-122.51113,37.7552],[-122.511152,37.755314],[-122.511212,37.755447],[-122.51122,37.755502],[-122.511246,37.755536],[-122.511247,37.755571],[-122.511273,37.755605],[-122.511268,37.755665],[-122.511303,37.755793],[-122.511291,37.755813],[-122.511298,37.755858],[-122.511344,37.755917],[-122.511388,37.756174],[-122.511442,37.756327],[-122.511445,37.756431],[-122.511511,37.756768],[-122.511508,37.756882],[-122.511541,37.756976],[-122.511511,37.756996],[-122.511551,37.75709],[-122.511535,37.7572],[-122.511545,37.757328],[-122.511565,37.757373],[-122.511548,37.757462],[-122.51157,37.757566],[-122.511636,37.757689],[-122.511626,37.757804],[-122.511646,37.757853],[-122.511694,37.75823],[-122.511847,37.759012],[-122.511867,37.759469],[-122.511933,37.759671],[-122.511954,37.759792],[-122.511957,37.759896],[-122.511904,37.760441],[-122.511854,37.760707],[-122.511856,37.760839],[-122.511911,37.761101],[-122.511965,37.761227],[-122.511997,37.761288],[-122.512065,37.761354],[-122.512146,37.761569],[-122.512203,37.761605],[-122.512329,37.762102],[-122.5124,37.76228],[-122.512413,37.762407],[-122.512472,37.762518],[-122.512275,37.763199],[-122.51237,37.763586],[-122.512457,37.763703],[-122.512499,37.763852],[-122.512647,37.764118],[-122.512734,37.764183],[-122.512736,37.764288],[-122.512776,37.764362],[-122.512778,37.764421],[-122.512752,37.764519],[-122.512782,37.764585],[-122.512786,37.764734],[-122.512762,37.764869],[-122.512717,37.764967],[-122.512632,37.765632],[-122.512693,37.765802],[-122.512725,37.765951],[-122.5127,37.766071],[-122.512768,37.766137],[-122.512789,37.766218],[-122.512783,37.766338],[-122.512881,37.766515],[-122.512893,37.766962],[-122.512932,37.766999],[-122.513017,37.76702],[-122.513066,37.767079],[-122.513078,37.767198],[-122.513108,37.767242],[-122.513081,37.767302],[-122.513124,37.76751],[-122.513079,37.767556],[-122.513071,37.767608],[-122.513091,37.767652],[-122.513076,37.767794],[-122.513041,37.767892],[-122.513081,37.767981],[-122.513084,37.768801],[-122.513105,37.768883],[-122.513112,37.769136],[-122.513087,37.769233],[-122.513126,37.769292],[-122.513091,37.769397],[-122.513086,37.769554],[-122.513146,37.77003],[-122.513104,37.770232],[-122.513083,37.770501],[-122.513147,37.770761],[-122.511124,37.771323],[-122.511092,37.77116]]]}},{"type":"Feature","properties":{"id":"sd-5","district":5,"name":"District 5","supervisor":"Bilal Mahmood","km2":4.6},"geometry":{"type":"Polygon","coordinates":[[[-122.42706,37.788787],[-122.425423,37.788995],[-122.425237,37.78807],[-122.426865,37.787862],[-122.426667,37.786925],[-122.425047,37.78713],[-122.424858,37.786196],[-122.428148,37.785784],[-122.427396,37.782057],[-122.424108,37.782477],[-122.423731,37.780612],[-122.420542,37.781018],[-122.420689,37.781955],[-122.420738,37.782053],[-122.420906,37.782883],[-122.420977,37.783352],[-122.421243,37.784635],[-122.421277,37.784857],[-122.421472,37.785676],[-122.411516,37.78694],[-122.411326,37.785996],[-122.408941,37.786296],[-122.40884,37.785836],[-122.408667,37.785388],[-122.409498,37.785283],[-122.409108,37.783429],[-122.408978,37.783451],[-122.408688,37.783556],[-122.414782,37.778744],[-122.41497,37.778862],[-122.41658,37.778658],[-122.416766,37.778675],[-122.418227,37.778489],[-122.418139,37.777971],[-122.419712,37.77777],[-122.419406,37.776382],[-122.421148,37.776159],[-122.420859,37.77476],[-122.424144,37.774342],[-122.423868,37.772943],[-122.427158,37.772525],[-122.426781,37.77066],[-122.431717,37.770035],[-122.431904,37.770964],[-122.436803,37.770349],[-122.439254,37.770025],[-122.439461,37.770406],[-122.439673,37.770543],[-122.440263,37.770725],[-122.440358,37.770847],[-122.443312,37.77047],[-122.443265,37.77018],[-122.443155,37.769972],[-122.443019,37.769825],[-122.442765,37.769661],[-122.442843,37.769605],[-122.44334,37.769533],[-122.443461,37.769497],[-122.445106,37.769284],[-122.444732,37.767426],[-122.448013,37.767007],[-122.44839,37.768865],[-122.453206,37.768249],[-122.453352,37.768246],[-122.452996,37.766476],[-122.452947,37.766374],[-122.456913,37.765874],[-122.457189,37.765881],[-122.45749,37.765931],[-122.45779,37.766015],[-122.457982,37.766104],[-122.458554,37.76629],[-122.459522,37.766257],[-122.459768,37.766323],[-122.459964,37.766309],[-122.459801,37.766404],[-122.459093,37.766953],[-122.458872,37.767095],[-122.458637,37.7672],[-122.458545,37.767201],[-122.455353,37.768123],[-122.455218,37.768191],[-122.455094,37.768296],[-122.454954,37.76845],[-122.454834,37.768822],[-122.454862,37.769299],[-122.454912,37.769457],[-122.455306,37.770196],[-122.455353,37.770346],[-122.455364,37.770434],[-122.455353,37.77054],[-122.455295,37.770676],[-122.455195,37.770798],[-122.455094,37.770886],[-122.454903,37.771006],[-122.454317,37.771224],[-122.45397,37.77138],[-122.454285,37.772895],[-122.452624,37.773106],[-122.452813,37.774041],[-122.451163,37.774249],[-122.451358,37.775175],[-122.439844,37.776644],[-122.440027,37.777587],[-122.441678,37.777373],[-122.441866,37.7783],[-122.440213,37.778511],[-122.440963,37.782239],[-122.439351,37.782443],[-122.43973,37.784313],[-122.446033,37.783509],[-122.446247,37.784438],[-122.434918,37.785876],[-122.435106,37.786811],[-122.438394,37.786392],[-122.438582,37.787325],[-122.430356,37.788368],[-122.430551,37.789324],[-122.42726,37.789743],[-122.42706,37.788787]]]}},{"type":"Feature","properties":{"id":"sd-6","district":6,"name":"District 6","supervisor":"Matt Dorsey","km2":6.72},"geometry":{"type":"Polygon","coordinates":[[[-122.393819,37.793738],[-122.393181,37.79323],[-122.392582,37.793704],[-122.392414,37.793811],[-122.392181,37.793928],[-122.391982,37.793872],[-122.391589,37.793528],[-122.391724,37.793429],[-122.388808,37.790978],[-122.38893,37.79088],[-122.388612,37.790313],[-122.388049,37.790508],[-122.388012,37.790431],[-122.388369,37.790308],[-122.388287,37.790161],[-122.388321,37.790151],[-122.388244,37.790007],[-122.388219,37.789996],[-122.3880585,37.790045],[-122.3879506,37.7898303],[-122.3876022,37.7897887],[-122.387348,37.789311],[-122.385347,37.789791],[-122.385287,37.789764],[-122.385106,37.789317],[-122.385142,37.789278],[-122.385148,37.78922],[-122.387188,37.788774],[-122.387049,37.788229],[-122.385259,37.78852],[-122.385213,37.788491],[-122.385126,37.788142],[-122.385138,37.788118],[-122.387225,37.787767],[-122.387381,37.78772],[-122.387407,37.787241],[-122.38702,37.787247],[-122.384544,37.7874],[-122.384499,37.787361],[-122.384342,37.785735],[-122.38436,37.78571],[-122.38439,37.785698],[-122.387336,37.785518],[-122.387454,37.785495],[-122.387565,37.785458],[-122.387581,37.785438],[-122.387631,37.784865],[-122.3875574,37.7848694],[-122.387473,37.78447],[-122.387583,37.784438],[-122.3874785,37.7843267],[-122.3874093,37.7838936],[-122.3873604,37.7833472],[-122.387696,37.783279],[-122.387752,37.783246],[-122.387777,37.782868],[-122.387525,37.782797],[-122.387421,37.78279],[-122.384748,37.782939],[-122.38473,37.782926],[-122.384681,37.782544],[-122.384719,37.782524],[-122.387567,37.782342],[-122.387788,37.782275],[-122.3877441,37.7819945],[-122.3860705,37.7820409],[-122.3861601,37.7818751],[-122.3861401,37.7817321],[-122.3855501,37.7817631],[-122.3855291,37.7817791],[-122.3854861,37.7817521],[-122.3855211,37.7817161],[-122.3855441,37.7817301],[-122.3861361,37.7816951],[-122.3861295,37.7814112],[-122.3870151,37.7813819],[-122.3875965,37.7813415],[-122.3876207,37.781361],[-122.387486,37.78003],[-122.387465,37.779693],[-122.387451,37.779656],[-122.387379,37.77966],[-122.387387,37.77975],[-122.387377,37.779638],[-122.387449,37.779634],[-122.387456,37.779596],[-122.387415,37.779269],[-122.387397,37.778965],[-122.387384,37.778933],[-122.3873688,37.7789339],[-122.38739,37.77888],[-122.387367,37.77863],[-122.387353,37.778605],[-122.387286,37.778609],[-122.387288,37.778681],[-122.387285,37.77859],[-122.387352,37.778586],[-122.3873498,37.7784574],[-122.3872193,37.778414],[-122.3852217,37.7785174],[-122.3852931,37.7783858],[-122.386922,37.7782825],[-122.3869339,37.7781133],[-122.3873739,37.7781133],[-122.3876236,37.7780475],[-122.3880516,37.7778502],[-122.3881705,37.7779347],[-122.3901919,37.7771829],[-122.3900492,37.7769291],[-122.3902632,37.776807],[-122.390392,37.77696],[-122.390215,37.776723],[-122.390074,37.776762],[-122.3899184,37.7765626],[-122.3898724,37.7765656],[-122.3898233,37.7766754],[-122.3876117,37.7767882],[-122.3874737,37.7767692],[-122.3873567,37.7767012],[-122.3873097,37.7766134],[-122.3872837,37.7765524],[-122.3872787,37.7763371],[-122.387103,37.776326],[-122.3870795,37.7761415],[-122.3850175,37.7763725],[-122.3849945,37.7763635],[-122.3849835,37.7763455],[-122.3850235,37.7763125],[-122.384828,37.775394],[-122.384881,37.775389],[-122.384877,37.77533],[-122.386996,37.775082],[-122.386923,37.774328],[-122.381814,37.774615],[-122.381456,37.771917],[-122.384706,37.773354],[-122.38486,37.773376],[-122.38676,37.773273],[-122.386573,37.772839],[-122.386603,37.7728],[-122.386717,37.772771],[-122.386692,37.772707],[-122.386688,37.77258],[-122.386659,37.772476],[-122.386672,37.772455],[-122.386714,37.77244],[-122.386679,37.772362],[-122.386645,37.772369],[-122.386593,37.772228],[-122.38654,37.771948],[-122.386439,37.771943],[-122.386459,37.771679],[-122.386414,37.771677],[-122.386417,37.771634],[-122.386369,37.77163],[-122.38637,37.771591],[-122.386346,37.771591],[-122.386349,37.771562],[-122.386374,37.771562],[-122.386384,37.771459],[-122.386277,37.771448],[-122.386286,37.771405],[-122.386214,37.771392],[-122.386172,37.771344],[-122.386106,37.771316],[-122.38609,37.771287],[-122.386142,37.771266],[-122.386086,37.771183],[-122.386043,37.771201],[-122.386011,37.771188],[-122.386041,37.771174],[-122.385894,37.770992],[-122.38592,37.770815],[-122.38584,37.770683],[-122.385794,37.770682],[-122.385782,37.7707],[-122.385798,37.77125],[-122.385622,37.772162],[-122.385554,37.772154],[-122.385681,37.771444],[-122.385515,37.77143],[-122.385468,37.771531],[-122.385336,37.771652],[-122.385286,37.771634],[-122.385684,37.770764],[-122.385724,37.770592],[-122.385559,37.770637],[-122.383155,37.769709],[-122.383376,37.769333],[-122.385569,37.77018],[-122.385493,37.769991],[-122.385475,37.769837],[-122.385019,37.768857],[-122.384894,37.768882],[-122.384788,37.768657],[-122.385006,37.768586],[-122.385007,37.76853],[-122.385038,37.768497],[-122.385008,37.768429],[-122.38508,37.768406],[-122.385043,37.768341],[-122.385168,37.768296],[-122.385145,37.768143],[-122.3854138,37.7672486],[-122.385823,37.767255],[-122.386615,37.765668],[-122.387606,37.764483],[-122.387917,37.764379],[-122.392714,37.764084],[-122.392729,37.764167],[-122.393005,37.764782],[-122.39334,37.765356],[-122.393765,37.765929],[-122.394473,37.766582],[-122.407534,37.765783],[-122.407685,37.767082],[-122.407813,37.768354],[-122.407853,37.768951],[-122.408007,37.769244],[-122.408551,37.769252],[-122.409258,37.769221],[-122.40954,37.769235],[-122.410755,37.769422],[-122.410931,37.769411],[-122.410831,37.769232],[-122.410814,37.769053],[-122.411515,37.768833],[-122.411935,37.768591],[-122.412217,37.76837],[-122.412424,37.768074],[-122.413341,37.768023],[-122.413427,37.769036],[-122.413385,37.769502],[-122.415487,37.769589],[-122.415748,37.769586],[-122.416801,37.769657],[-122.417741,37.769759],[-122.417788,37.769761],[-122.417805,37.769719],[-122.41813,37.769806],[-122.420829,37.770065],[-122.421423,37.770162],[-122.42173,37.770259],[-122.422246,37.770519],[-122.422439,37.770664],[-122.422457,37.770861],[-122.422718,37.771096],[-122.422965,37.771391],[-122.423072,37.771563],[-122.42325,37.771937],[-122.423402,37.771975],[-122.42362,37.772298],[-122.423764,37.772956],[-122.423868,37.772943],[-122.424144,37.774342],[-122.420859,37.77476],[-122.421148,37.776159],[-122.419406,37.776382],[-122.419712,37.77777],[-122.418139,37.777971],[-122.418227,37.778489],[-122.416766,37.778675],[-122.41658,37.778658],[-122.41497,37.778862],[-122.414782,37.778744],[-122.40816,37.783973],[-122.407451,37.784604],[-122.406291,37.785508],[-122.406062,37.785757],[-122.403456,37.787776],[-122.402914,37.788112],[-122.402066,37.788721],[-122.401939,37.788878],[-122.399255,37.790997],[-122.399195,37.791058],[-122.399123,37.791101],[-122.396546,37.793127],[-122.396315,37.793337],[-122.395655,37.793831],[-122.39486,37.794459],[-122.394748,37.79448],[-122.393819,37.793738]]]}},{"type":"Feature","properties":{"id":"sd-7","district":7,"name":"District 7","supervisor":"Myrna Melgar","km2":20.94},"geometry":{"type":"Polygon","coordinates":[[[-122.465825,37.772609],[-122.465463,37.772599],[-122.464709,37.772465],[-122.462047,37.771776],[-122.461184,37.771625],[-122.457946,37.771133],[-122.456522,37.770952],[-122.455925,37.770888],[-122.455361,37.770851],[-122.455195,37.770798],[-122.455295,37.770676],[-122.455353,37.77054],[-122.455364,37.770434],[-122.455353,37.770346],[-122.455306,37.770196],[-122.454912,37.769457],[-122.454862,37.769299],[-122.454837,37.769038],[-122.454834,37.768822],[-122.454954,37.76845],[-122.455094,37.768296],[-122.455218,37.768191],[-122.455353,37.768123],[-122.458545,37.767201],[-122.458637,37.7672],[-122.458872,37.767095],[-122.459093,37.766953],[-122.459801,37.766404],[-122.459964,37.766309],[-122.459768,37.766323],[-122.459522,37.766257],[-122.458554,37.76629],[-122.457982,37.766104],[-122.45779,37.766015],[-122.457789,37.76582],[-122.457718,37.76481],[-122.456759,37.764932],[-122.45667,37.763815],[-122.455552,37.764136],[-122.455463,37.763697],[-122.455467,37.762285],[-122.455641,37.760295],[-122.455185,37.760582],[-122.455094,37.760582],[-122.455082,37.760674],[-122.453804,37.761717],[-122.453556,37.761533],[-122.453473,37.761584],[-122.45249,37.761404],[-122.452269,37.760334],[-122.452012,37.760361],[-122.452012,37.758808],[-122.452435,37.758803],[-122.452446,37.758227],[-122.452048,37.758344],[-122.450929,37.758725],[-122.448535,37.759045],[-122.448474,37.758954],[-122.448484,37.758609],[-122.448295,37.758029],[-122.448182,37.75785],[-122.447819,37.75749],[-122.447707,37.757345],[-122.447547,37.75719],[-122.447307,37.757042],[-122.447119,37.756875],[-122.447033,37.756756],[-122.44695,37.75655],[-122.446777,37.756299],[-122.446339,37.755911],[-122.446126,37.755804],[-122.445929,37.75583],[-122.445464,37.755984],[-122.445268,37.755921],[-122.445222,37.755737],[-122.445348,37.755619],[-122.445782,37.755507],[-122.446152,37.755464],[-122.44656,37.755346],[-122.446809,37.755349],[-122.447004,37.755438],[-122.44753,37.755821],[-122.447683,37.755868],[-122.447852,37.755821],[-122.447962,37.755673],[-122.447943,37.755532],[-122.447699,37.75483],[-122.447376,37.754218],[-122.44721,37.754043],[-122.446869,37.753762],[-122.446734,37.753573],[-122.446716,37.753388],[-122.446777,37.753249],[-122.447357,37.752721],[-122.447536,37.752482],[-122.447398,37.752262],[-122.447095,37.751931],[-122.447029,37.751775],[-122.447034,37.751659],[-122.44709,37.751505],[-122.447633,37.750908],[-122.447769,37.750831],[-122.447928,37.750798],[-122.44873,37.750902],[-122.449185,37.750637],[-122.449305,37.750547],[-122.449423,37.750412],[-122.449682,37.749823],[-122.449717,37.74954],[-122.44964,37.749314],[-122.449543,37.749182],[-122.4494,37.749106],[-122.449245,37.749106],[-122.449051,37.749183],[-122.448885,37.749339],[-122.448264,37.750168],[-122.448133,37.75025],[-122.447958,37.75027],[-122.446924,37.749962],[-122.445803,37.749296],[-122.445658,37.749137],[-122.445635,37.748983],[-122.445697,37.748855],[-122.4459,37.748761],[-122.446146,37.748733],[-122.446321,37.748782],[-122.446513,37.748873],[-122.447149,37.749339],[-122.447348,37.749454],[-122.447558,37.749513],[-122.447696,37.749485],[-122.447794,37.749408],[-122.448272,37.748586],[-122.448649,37.747988],[-122.448738,37.747816],[-122.449146,37.74686],[-122.44931,37.746716],[-122.449447,37.74666],[-122.449797,37.746442],[-122.450169,37.746269],[-122.450521,37.746207],[-122.450727,37.746187],[-122.45087,37.746078],[-122.45084,37.745904],[-122.451692,37.745629],[-122.451547,37.745515],[-122.451638,37.745483],[-122.449861,37.743265],[-122.44979,37.743257],[-122.449583,37.743065],[-122.449357,37.742922],[-122.449137,37.742829],[-122.448821,37.742749],[-122.448489,37.742705],[-122.44711,37.74258],[-122.44684,37.742519],[-122.446658,37.742442],[-122.446411,37.742282],[-122.446324,37.742185],[-122.446257,37.742072],[-122.446195,37.741872],[-122.446157,37.741535],[-122.4461,37.741358],[-122.445987,37.74118],[-122.445738,37.741022],[-122.445523,37.740972],[-122.444911,37.740872],[-122.444682,37.740793],[-122.444518,37.740693],[-122.444366,37.740576],[-122.444098,37.740234],[-122.443922,37.740088],[-122.443694,37.739971],[-122.442857,37.739767],[-122.442718,37.739682],[-122.442597,37.739548],[-122.442525,37.739448],[-122.442504,37.739238],[-122.442628,37.738565],[-122.442625,37.738314],[-122.442404,37.73764],[-122.442421,37.737438],[-122.442489,37.737289],[-122.442657,37.737119],[-122.443532,37.736602],[-122.443815,37.73639],[-122.443878,37.736257],[-122.44391,37.736139],[-122.443888,37.735911],[-122.443744,37.735739],[-122.443628,37.735671],[-122.443474,37.73563],[-122.443302,37.735611],[-122.443144,37.735626],[-122.442133,37.735909],[-122.442004,37.73593],[-122.441927,37.735941],[-122.441632,37.735874],[-122.441297,37.735765],[-122.44112,37.735627],[-122.440955,37.735429],[-122.440774,37.735123],[-122.440687,37.735045],[-122.439937,37.734838],[-122.440313,37.734803],[-122.441064,37.734973],[-122.441766,37.735428],[-122.44202,37.735403],[-122.442002,37.733098],[-122.442033,37.733026],[-122.442027,37.732357],[-122.435413,37.732386],[-122.435166,37.732347],[-122.434993,37.732295],[-122.436679,37.731538],[-122.435892,37.731577],[-122.43645,37.731333],[-122.437012,37.731118],[-122.439801,37.730101],[-122.440102,37.729878],[-122.44197,37.729136],[-122.443075,37.728634],[-122.443791,37.728233],[-122.444423,37.727799],[-122.445041,37.727295],[-122.445724,37.726613],[-122.446308,37.725978],[-122.446864,37.725213],[-122.447201,37.724638],[-122.447534,37.724005],[-122.447878,37.723005],[-122.449484,37.723003],[-122.450073,37.723042],[-122.451596,37.723033],[-122.451794,37.723048],[-122.452335,37.72318],[-122.453105,37.72327],[-122.456508,37.724002],[-122.45914,37.724546],[-122.459957,37.724731],[-122.461202,37.724974],[-122.462199,37.725293],[-122.462264,37.725211],[-122.462279,37.724866],[-122.462265,37.721748],[-122.462365,37.721695],[-122.471674,37.721631],[-122.47176,37.721671],[-122.471983,37.721661],[-122.47244,37.721603],[-122.472652,37.717698],[-122.472672,37.717248],[-122.47265,37.717034],[-122.472577,37.716621],[-122.471836,37.714647],[-122.471472,37.713427],[-122.471355,37.712802],[-122.470331,37.712812],[-122.469993,37.712781],[-122.46867,37.712524],[-122.468018,37.712455],[-122.467074,37.712479],[-122.467072,37.712372],[-122.46578,37.712396],[-122.465042,37.712346],[-122.464424,37.712161],[-122.464127,37.711956],[-122.463915,37.711665],[-122.463676,37.711419],[-122.462285,37.710992],[-122.46116,37.710584],[-122.464176,37.710548],[-122.464767,37.710482],[-122.465994,37.710154],[-122.466792,37.709826],[-122.467162,37.709634],[-122.467718,37.709282],[-122.468474,37.708685],[-122.4689728,37.7082025],[-122.470996,37.7082088],[-122.5028245,37.7080941],[-122.502847,37.70834],[-122.502922,37.708519],[-122.503022,37.709109],[-122.503232,37.709642],[-122.50327,37.710044],[-122.503333,37.710322],[-122.503502,37.710901],[-122.503435,37.711025],[-122.503526,37.71128],[-122.503585,37.711391],[-122.503652,37.711815],[-122.50397,37.711976],[-122.504033,37.712136],[-122.504126,37.71282],[-122.504199,37.713007],[-122.504197,37.713276],[-122.504304,37.713482],[-122.504382,37.713904],[-122.504659,37.714855],[-122.504773,37.71516],[-122.505022,37.715738],[-122.505053,37.715944],[-122.505102,37.716122],[-122.505314,37.716713],[-122.505568,37.717303],[-122.505585,37.717538],[-122.505661,37.717813],[-122.505766,37.718088],[-122.505827,37.71833],[-122.50579,37.718519],[-122.505879,37.718705],[-122.505979,37.718837],[-122.506069,37.71909],[-122.506097,37.71962],[-122.506129,37.719754],[-122.506088,37.720136],[-122.506148,37.720658],[-122.506243,37.720896],[-122.506318,37.721023],[-122.506428,37.721385],[-122.506548,37.72166],[-122.507677,37.728466],[-122.507761,37.728627],[-122.507826,37.729164],[-122.507948,37.729543],[-122.508011,37.729648],[-122.50804,37.729656],[-122.508057,37.729756],[-122.50811,37.730402],[-122.508163,37.730636],[-122.508168,37.730757],[-122.508155,37.730821],[-122.508185,37.730953],[-122.508163,37.731001],[-122.508078,37.73106],[-122.508071,37.731103],[-122.508019,37.731193],[-122.50805,37.731311],[-122.508048,37.731357],[-122.508013,37.731439],[-122.508041,37.731532],[-122.508033,37.731638],[-122.508098,37.731972],[-122.508164,37.732057],[-122.508187,37.732191],[-122.508256,37.732336],[-122.508266,37.732487],[-122.508406,37.732815],[-122.508417,37.732888],[-122.508347,37.732967],[-122.508298,37.733061],[-122.508307,37.733189],[-122.508286,37.73331],[-122.508261,37.733338],[-122.508268,37.733709],[-122.508303,37.733814],[-122.508249,37.733883],[-122.508239,37.73435],[-122.508265,37.734509],[-122.508258,37.734562],[-122.508282,37.734595],[-122.508269,37.734769],[-122.508273,37.734815],[-122.50835,37.735023],[-122.508455,37.735101],[-122.508477,37.735151],[-122.508497,37.735256],[-122.508536,37.735327],[-122.508538,37.735402],[-122.506796,37.735559],[-122.506521,37.735572],[-122.502558,37.735557],[-122.502031,37.735515],[-122.501595,37.735438],[-122.501179,37.735342],[-122.500493,37.735105],[-122.500063,37.734905],[-122.499139,37.734404],[-122.498606,37.734186],[-122.498031,37.734027],[-122.497487,37.733925],[-122.496856,37.733867],[-122.496564,37.733856],[-122.49676,37.733586],[-122.497456,37.733013],[-122.498107,37.732268],[-122.498193,37.731912],[-122.498189,37.731533],[-122.498144,37.731374],[-122.497871,37.73073],[-122.497354,37.729668],[-122.497233,37.72949],[-122.497017,37.729303],[-122.496699,37.729124],[-122.496357,37.729034],[-122.496035,37.729012],[-122.495688,37.729059],[-122.493529,37.729594],[-122.493394,37.729437],[-122.493155,37.729277],[-122.492786,37.729082],[-122.4924,37.728905],[-122.492161,37.728836],[-122.492028,37.728815],[-122.49176,37.728815],[-122.491419,37.728883],[-122.490974,37.729112],[-122.490135,37.730003],[-122.489901,37.730165],[-122.48958,37.730286],[-122.489205,37.730319],[-122.48889,37.730257],[-122.486473,37.729504],[-122.485722,37.729292],[-122.485405,37.729019],[-122.484053,37.727412],[-122.483957,37.72709],[-122.483953,37.727025],[-122.481821,37.727168],[-122.482247,37.728043],[-122.482796,37.72863],[-122.480608,37.729232],[-122.479337,37.729465],[-122.478558,37.729449],[-122.478585,37.729813],[-122.478577,37.729912],[-122.478517,37.730009],[-122.478406,37.730091],[-122.478289,37.730135],[-122.476064,37.730152],[-122.475937,37.730119],[-122.47587,37.730053],[-122.475319,37.730043],[-122.47519,37.72997],[-122.47512,37.729856],[-122.47507,37.729066],[-122.474857,37.72901],[-122.474908,37.730409],[-122.474972,37.731072],[-122.475063,37.732495],[-122.475173,37.734562],[-122.475189,37.734762],[-122.475221,37.734869],[-122.475326,37.736384],[-122.475485,37.739321],[-122.475621,37.741183],[-122.475726,37.743049],[-122.475854,37.744915],[-122.476007,37.746778],[-122.476131,37.748643],[-122.476221,37.750509],[-122.476343,37.752263],[-122.476531,37.754238],[-122.4766,37.756108],[-122.476699,37.757968],[-122.47687,37.759832],[-122.476762,37.759837],[-122.476974,37.761701],[-122.477297,37.766069],[-122.477341,37.766292],[-122.477493,37.76665],[-122.477767,37.767023],[-122.477936,37.767297],[-122.478065,37.767543],[-122.47814,37.76776],[-122.478199,37.768011],[-122.478271,37.768766],[-122.478329,37.769124],[-122.478405,37.769393],[-122.478514,37.76964],[-122.479146,37.770754],[-122.478865,37.770854],[-122.47793,37.771245],[-122.477467,37.771396],[-122.476895,37.771529],[-122.476016,37.771687],[-122.475553,37.771711],[-122.475196,37.771686],[-122.474946,37.771624],[-122.472769,37.77084],[-122.472405,37.770734],[-122.472097,37.770704],[-122.471838,37.770708],[-122.47163,37.770778],[-122.471013,37.771059],[-122.470414,37.771437],[-122.469475,37.772091],[-122.469211,37.77225],[-122.468868,37.772384],[-122.468086,37.772524],[-122.465825,37.772609]]]}},{"type":"Feature","properties":{"id":"sd-8","district":8,"name":"District 8","supervisor":"Rafael Mandelman","km2":9.35},"geometry":{"type":"Polygon","coordinates":[[[-122.423714,37.772701],[-122.42362,37.772298],[-122.423402,37.771975],[-122.42325,37.771937],[-122.423072,37.771563],[-122.422965,37.771391],[-122.422718,37.771096],[-122.422457,37.770861],[-122.422365,37.769868],[-122.424551,37.769737],[-122.424475,37.769148],[-122.424298,37.767339],[-122.424224,37.766408],[-122.423895,37.763172],[-122.424006,37.763165],[-122.423684,37.759964],[-122.423559,37.758361],[-122.423445,37.758368],[-122.423435,37.758283],[-122.423367,37.75757],[-122.423453,37.757565],[-122.423384,37.756766],[-122.42329,37.756771],[-122.422841,37.75206],[-122.422829,37.751975],[-122.420665,37.752104],[-122.420282,37.748161],[-122.421393,37.748124],[-122.4223,37.74807],[-122.422455,37.748007],[-122.422304,37.747177],[-122.42225,37.74638],[-122.422375,37.746373],[-122.422289,37.745575],[-122.422276,37.745348],[-122.422293,37.745184],[-122.422709,37.74394],[-122.422598,37.743946],[-122.423219,37.742299],[-122.423431,37.741695],[-122.423846,37.740649],[-122.424046,37.739871],[-122.42358,37.739884],[-122.42379,37.73956],[-122.423924,37.739239],[-122.42404,37.737406],[-122.424063,37.73724],[-122.424703,37.73537],[-122.424787,37.735241],[-122.426056,37.733969],[-122.426087,37.733941],[-122.426158,37.733971],[-122.426369,37.733747],[-122.426391,37.733675],[-122.428038,37.732016],[-122.42853,37.732121],[-122.42957,37.732293],[-122.430345,37.732355],[-122.431305,37.732328],[-122.431716,37.732283],[-122.431789,37.732258],[-122.432643,37.732113],[-122.433447,37.73192],[-122.434438,37.731642],[-122.434505,37.731742],[-122.435146,37.731495],[-122.435259,37.731507],[-122.435167,37.731653],[-122.435601,37.731596],[-122.436679,37.731538],[-122.434993,37.732295],[-122.435166,37.732347],[-122.435413,37.732386],[-122.442027,37.732357],[-122.442033,37.733026],[-122.442002,37.733098],[-122.44202,37.735403],[-122.441766,37.735428],[-122.441064,37.734973],[-122.440313,37.734803],[-122.439937,37.734838],[-122.440687,37.735045],[-122.440774,37.735123],[-122.440955,37.735429],[-122.44112,37.735627],[-122.441297,37.735765],[-122.441632,37.735874],[-122.441927,37.735941],[-122.442004,37.73593],[-122.442133,37.735909],[-122.443144,37.735626],[-122.443302,37.735611],[-122.443474,37.73563],[-122.443628,37.735671],[-122.443744,37.735739],[-122.443888,37.735911],[-122.44391,37.736139],[-122.443878,37.736257],[-122.443815,37.73639],[-122.443532,37.736602],[-122.442657,37.737119],[-122.442489,37.737289],[-122.442421,37.737438],[-122.442404,37.73764],[-122.442625,37.738314],[-122.442628,37.738565],[-122.442504,37.739238],[-122.442525,37.739448],[-122.442597,37.739548],[-122.442718,37.739682],[-122.442857,37.739767],[-122.443694,37.739971],[-122.443922,37.740088],[-122.444098,37.740234],[-122.444366,37.740576],[-122.444518,37.740693],[-122.444682,37.740793],[-122.444911,37.740872],[-122.445523,37.740972],[-122.445738,37.741022],[-122.445987,37.74118],[-122.4461,37.741358],[-122.446157,37.741535],[-122.446195,37.741872],[-122.446257,37.742072],[-122.446324,37.742185],[-122.446411,37.742282],[-122.446658,37.742442],[-122.44684,37.742519],[-122.44711,37.74258],[-122.448489,37.742705],[-122.448821,37.742749],[-122.449137,37.742829],[-122.449357,37.742922],[-122.449583,37.743065],[-122.44979,37.743257],[-122.449861,37.743265],[-122.450142,37.7436],[-122.451638,37.745483],[-122.451547,37.745515],[-122.451692,37.745629],[-122.45084,37.745904],[-122.45087,37.746078],[-122.450727,37.746187],[-122.450521,37.746207],[-122.450169,37.746269],[-122.449797,37.746442],[-122.449447,37.74666],[-122.44931,37.746716],[-122.449146,37.74686],[-122.448738,37.747816],[-122.448649,37.747988],[-122.448272,37.748586],[-122.447794,37.749408],[-122.447696,37.749485],[-122.447558,37.749513],[-122.447348,37.749454],[-122.447149,37.749339],[-122.446513,37.748873],[-122.446321,37.748782],[-122.446146,37.748733],[-122.4459,37.748761],[-122.445697,37.748855],[-122.445635,37.748983],[-122.445658,37.749137],[-122.445803,37.749296],[-122.446924,37.749962],[-122.447958,37.75027],[-122.448133,37.75025],[-122.448264,37.750168],[-122.448885,37.749339],[-122.449051,37.749183],[-122.449245,37.749106],[-122.4494,37.749106],[-122.449543,37.749182],[-122.44964,37.749314],[-122.449717,37.74954],[-122.449682,37.749823],[-122.449423,37.750412],[-122.449305,37.750547],[-122.449185,37.750637],[-122.44873,37.750902],[-122.447928,37.750798],[-122.447769,37.750831],[-122.447633,37.750908],[-122.44709,37.751505],[-122.447034,37.751659],[-122.447029,37.751775],[-122.447095,37.751931],[-122.447398,37.752262],[-122.447536,37.752482],[-122.447357,37.752721],[-122.446777,37.753249],[-122.446716,37.753388],[-122.446734,37.753573],[-122.446869,37.753762],[-122.44721,37.754043],[-122.447376,37.754218],[-122.447699,37.75483],[-122.447943,37.755532],[-122.447962,37.755673],[-122.447852,37.755821],[-122.447683,37.755868],[-122.44753,37.755821],[-122.447004,37.755438],[-122.446809,37.755349],[-122.44656,37.755346],[-122.446152,37.755464],[-122.445782,37.755507],[-122.445348,37.755619],[-122.445222,37.755737],[-122.445268,37.755921],[-122.445464,37.755984],[-122.445929,37.75583],[-122.446126,37.755804],[-122.446339,37.755911],[-122.446777,37.756299],[-122.44695,37.75655],[-122.447033,37.756756],[-122.447119,37.756875],[-122.447307,37.757042],[-122.447547,37.75719],[-122.447707,37.757345],[-122.447819,37.75749],[-122.448182,37.75785],[-122.448295,37.758029],[-122.448484,37.758609],[-122.448474,37.758954],[-122.448535,37.759045],[-122.450929,37.758725],[-122.452048,37.758344],[-122.452446,37.758227],[-122.452435,37.758803],[-122.452012,37.758808],[-122.452012,37.760361],[-122.452269,37.760334],[-122.45249,37.761404],[-122.453473,37.761584],[-122.453556,37.761533],[-122.453804,37.761717],[-122.455082,37.760674],[-122.455094,37.760582],[-122.455185,37.760582],[-122.455641,37.760295],[-122.455467,37.762285],[-122.455463,37.763697],[-122.455552,37.764136],[-122.45667,37.763815],[-122.456759,37.764932],[-122.457718,37.76481],[-122.457789,37.76582],[-122.45779,37.766015],[-122.45749,37.765931],[-122.457189,37.765881],[-122.456913,37.765874],[-122.452947,37.766374],[-122.452996,37.766476],[-122.453352,37.768246],[-122.453206,37.768249],[-122.44839,37.768865],[-122.448013,37.767007],[-122.444732,37.767426],[-122.445106,37.769284],[-122.443461,37.769497],[-122.44334,37.769533],[-122.442843,37.769605],[-122.442765,37.769661],[-122.443019,37.769825],[-122.443155,37.769972],[-122.443265,37.77018],[-122.443312,37.77047],[-122.440358,37.770847],[-122.440263,37.770725],[-122.439673,37.770543],[-122.439461,37.770406],[-122.439254,37.770025],[-122.436803,37.770349],[-122.431904,37.770964],[-122.431717,37.770035],[-122.426781,37.77066],[-122.427158,37.772525],[-122.423764,37.772956],[-122.423714,37.772701]]]}},{"type":"Feature","properties":{"id":"sd-9","district":9,"name":"District 9","supervisor":"Jackie Fielder","km2":8.56},"geometry":{"type":"Polygon","coordinates":[[[-122.422246,37.770519],[-122.42173,37.770259],[-122.421423,37.770162],[-122.420829,37.770065],[-122.41813,37.769806],[-122.417805,37.769719],[-122.417788,37.769761],[-122.417741,37.769759],[-122.416801,37.769657],[-122.415748,37.769586],[-122.415487,37.769589],[-122.413385,37.769502],[-122.413427,37.769036],[-122.413341,37.768023],[-122.412424,37.768074],[-122.412217,37.76837],[-122.411935,37.768591],[-122.411515,37.768833],[-122.410814,37.769053],[-122.410831,37.769232],[-122.410931,37.769411],[-122.410755,37.769422],[-122.40954,37.769235],[-122.409258,37.769221],[-122.408551,37.769252],[-122.408007,37.769244],[-122.407853,37.768951],[-122.407813,37.768354],[-122.407685,37.767082],[-122.407534,37.765783],[-122.4068,37.757762],[-122.40648,37.754564],[-122.406219,37.751726],[-122.404242,37.751845],[-122.404075,37.750091],[-122.403736,37.749584],[-122.404052,37.74859],[-122.403802,37.74833],[-122.403674,37.748056],[-122.403561,37.747762],[-122.403712,37.747202],[-122.403924,37.746594],[-122.404064,37.746253],[-122.404315,37.74593],[-122.404203,37.745484],[-122.404185,37.745237],[-122.40459,37.744126],[-122.405305,37.743115],[-122.406574,37.741381],[-122.40673,37.741119],[-122.406835,37.740855],[-122.406952,37.740495],[-122.407114,37.73906],[-122.407009,37.738002],[-122.406909,37.73746],[-122.40676,37.736411],[-122.406704,37.736309],[-122.406654,37.736016],[-122.406551,37.735721],[-122.406382,37.735418],[-122.405495,37.734287],[-122.405096,37.733716],[-122.404657,37.732949],[-122.403962,37.73161],[-122.4034,37.730658],[-122.402752,37.729357],[-122.402209,37.728102],[-122.402105,37.72779],[-122.401471,37.725516],[-122.401183,37.724588],[-122.400785,37.723616],[-122.402061,37.72392],[-122.401019,37.721406],[-122.402011,37.721169],[-122.405985,37.720132],[-122.406956,37.719898],[-122.407926,37.719607],[-122.409894,37.719113],[-122.411624,37.718625],[-122.414138,37.718046],[-122.414195,37.718011],[-122.414352,37.718],[-122.414746,37.718],[-122.41513,37.718046],[-122.418532,37.718727],[-122.418451,37.71894],[-122.418521,37.719136],[-122.418704,37.719236],[-122.420271,37.719349],[-122.42063,37.719397],[-122.420878,37.719463],[-122.422112,37.720158],[-122.422551,37.720538],[-122.422812,37.720695],[-122.423489,37.720908],[-122.423739,37.721061],[-122.423844,37.72121],[-122.423874,37.721389],[-122.423847,37.721546],[-122.423655,37.721845],[-122.423471,37.722076],[-122.423342,37.722312],[-122.423178,37.722848],[-122.423103,37.722984],[-122.422878,37.723263],[-122.422719,37.723541],[-122.422654,37.723627],[-122.42247,37.723745],[-122.422209,37.723789],[-122.42203,37.723761],[-122.421839,37.723665],[-122.421637,37.723501],[-122.421504,37.723276],[-122.421422,37.72282],[-122.421289,37.722603],[-122.42111,37.722436],[-122.420858,37.722294],[-122.42052,37.722217],[-122.418553,37.722114],[-122.41786,37.721973],[-122.417166,37.721854],[-122.416682,37.721797],[-122.416484,37.721809],[-122.416917,37.722825],[-122.419486,37.729046],[-122.419536,37.729129],[-122.419282,37.731164],[-122.419244,37.73206],[-122.419464,37.73206],[-122.420358,37.732006],[-122.42282,37.731641],[-122.42392,37.731553],[-122.424554,37.731549],[-122.425563,37.731579],[-122.426104,37.731651],[-122.426391,37.73169],[-122.427343,37.731868],[-122.428038,37.732016],[-122.426391,37.733675],[-122.426369,37.733747],[-122.426158,37.733971],[-122.426087,37.733941],[-122.426056,37.733969],[-122.424787,37.735241],[-122.424703,37.73537],[-122.424063,37.73724],[-122.42404,37.737406],[-122.423924,37.739239],[-122.42379,37.73956],[-122.42358,37.739884],[-122.424046,37.739871],[-122.423846,37.740649],[-122.423431,37.741695],[-122.423219,37.742299],[-122.422598,37.743946],[-122.422709,37.74394],[-122.422293,37.745184],[-122.422276,37.745348],[-122.422289,37.745575],[-122.422375,37.746373],[-122.42225,37.74638],[-122.422304,37.747177],[-122.422455,37.748007],[-122.4223,37.74807],[-122.421393,37.748124],[-122.420282,37.748161],[-122.420665,37.752104],[-122.422829,37.751975],[-122.42329,37.756771],[-122.423384,37.756766],[-122.423453,37.757565],[-122.423367,37.75757],[-122.423435,37.758283],[-122.423445,37.758368],[-122.423559,37.758361],[-122.423684,37.759964],[-122.424006,37.763165],[-122.423895,37.763172],[-122.424224,37.766408],[-122.424298,37.767339],[-122.424475,37.769148],[-122.424551,37.769737],[-122.422365,37.769868],[-122.422439,37.770664],[-122.422246,37.770519]]]}},{"type":"Feature","properties":{"id":"sd-10","district":10,"name":"District 10","supervisor":"Shamann Walton","km2":19.44},"geometry":{"type":"Polygon","coordinates":[[[-122.3854138,37.7672486],[-122.3858223,37.7666013],[-122.385861,37.766599],[-122.385895,37.766523],[-122.385934,37.766361],[-122.385915,37.766285],[-122.386292,37.76569],[-122.38652,37.765412],[-122.386542,37.765286],[-122.38647,37.765278],[-122.386436,37.765059],[-122.386447,37.764929],[-122.386484,37.764908],[-122.386501,37.764815],[-122.3864428,37.7646638],[-122.3861448,37.7646741],[-122.3860324,37.7645819],[-122.3860108,37.7644214],[-122.3861491,37.7644111],[-122.3861232,37.7642472],[-122.3861836,37.7641653],[-122.3861879,37.7640628],[-122.386721,37.7641],[-122.386738,37.76402],[-122.386717,37.763993],[-122.386614,37.763955],[-122.386605,37.7639],[-122.386912,37.76368],[-122.386976,37.763651],[-122.387272,37.763605],[-122.387241,37.76351],[-122.386905,37.76355],[-122.386894,37.763479],[-122.386775,37.763415],[-122.386725,37.763471],[-122.386503,37.763388],[-122.386597,37.763185],[-122.386314,37.763102],[-122.386214,37.763316],[-122.38551,37.76333],[-122.385503,37.763234],[-122.385279,37.76324],[-122.385288,37.76337],[-122.385182,37.763373],[-122.385104,37.76232],[-122.384681,37.762111],[-122.384292,37.762135],[-122.384462,37.764047],[-122.384304,37.764057],[-122.384132,37.762257],[-122.383427,37.762301],[-122.383451,37.762466],[-122.383631,37.762457],[-122.383669,37.762553],[-122.383744,37.762544],[-122.383903,37.764088],[-122.3835433,37.7641167],[-122.383461,37.764112],[-122.383458,37.764075],[-122.383297,37.764084],[-122.383109,37.762321],[-122.381748,37.762405],[-122.381695,37.764738],[-122.381632,37.764741],[-122.381631,37.764801],[-122.381492,37.764806],[-122.38145,37.764935],[-122.381173,37.764933],[-122.381124,37.764799],[-122.380984,37.764799],[-122.381029,37.762224],[-122.383307,37.762082],[-122.382185,37.76088],[-122.382139,37.76089],[-122.382064,37.760867],[-122.382009,37.760806],[-122.381985,37.760752],[-122.381981,37.760691],[-122.381997,37.760639],[-122.3817899,37.7605697],[-122.3817161,37.7599861],[-122.3813351,37.7600227],[-122.3811678,37.7599945],[-122.3805983,37.7600528],[-122.3801976,37.7600695],[-122.3804,37.7602],[-122.379507,37.76025],[-122.379808,37.763457],[-122.379779,37.763485],[-122.379566,37.763494],[-122.379533,37.763466],[-122.379202,37.759938],[-122.381256,37.759668],[-122.381257,37.759583],[-122.381469,37.759573],[-122.381447,37.759305],[-122.381304,37.759309],[-122.381197,37.758258],[-122.381209,37.758166],[-122.381243,37.758076],[-122.381399,37.757819],[-122.381444,37.757697],[-122.381481,37.757509],[-122.381428,37.757519],[-122.381406,37.757343],[-122.381469,37.7573],[-122.381447,37.757115],[-122.381324,37.757117],[-122.381324,37.757089],[-122.381364,37.757079],[-122.381323,37.756541],[-122.381366,37.756476],[-122.381407,37.756456],[-122.3814,37.756405],[-122.38131,37.756377],[-122.381258,37.756303],[-122.381238,37.755875],[-122.381189,37.755843],[-122.381023,37.755831],[-122.381004,37.755799],[-122.38094,37.7558],[-122.380939,37.755753],[-122.381032,37.755743],[-122.380758,37.755552],[-122.380719,37.755411],[-122.380749,37.755261],[-122.380775,37.755219],[-122.380836,37.755182],[-122.381133,37.755126],[-122.381322,37.755069],[-122.381476,37.755087],[-122.381604,37.755143],[-122.381714,37.755156],[-122.382834,37.755036],[-122.383669,37.754972],[-122.383824,37.754937],[-122.384072,37.754951],[-122.384101,37.754914],[-122.384077,37.754659],[-122.384,37.754618],[-122.383548,37.754735],[-122.383442,37.75474],[-122.383234,37.754707],[-122.383148,37.754674],[-122.383016,37.754592],[-122.382896,37.754442],[-122.3827733,37.7540501],[-122.3827422,37.7534838],[-122.3823996,37.7534099],[-122.3818702,37.7533853],[-122.3814341,37.753139],[-122.3809981,37.7530405],[-122.3805933,37.7530898],[-122.380292,37.752909],[-122.380003,37.752922],[-122.37988,37.752886],[-122.379855,37.752858],[-122.379866,37.752798],[-122.379999,37.752747],[-122.380025,37.752694],[-122.37996,37.75203],[-122.376087,37.752249],[-122.375771,37.748707],[-122.384914,37.748145],[-122.384921,37.748185],[-122.384651,37.748202],[-122.384665,37.748304],[-122.384744,37.748303],[-122.38482,37.748287],[-122.385036,37.748195],[-122.385069,37.748136],[-122.385129,37.748108],[-122.385273,37.748166],[-122.385472,37.748108],[-122.38582,37.748147],[-122.385892,37.748117],[-122.38593,37.748067],[-122.386048,37.748093],[-122.386148,37.748069],[-122.386204,37.748004],[-122.386265,37.747798],[-122.386315,37.747757],[-122.386412,37.747787],[-122.387006,37.747717],[-122.387112,37.747625],[-122.387154,37.747605],[-122.387253,37.747596],[-122.387193,37.747007],[-122.3862304,37.7470073],[-122.376457,37.747497],[-122.37644,37.747478],[-122.3751704,37.7470498],[-122.374703,37.7465415],[-122.3747634,37.7460445],[-122.37495,37.745791],[-122.374141,37.744987],[-122.374024,37.744949],[-122.373961,37.744956],[-122.373864,37.745013],[-122.373843,37.745047],[-122.373854,37.745086],[-122.373357,37.745372],[-122.373171,37.745415],[-122.373073,37.745413],[-122.372956,37.745387],[-122.372762,37.745505],[-122.367631,37.740134],[-122.367868,37.739994],[-122.368286,37.739976],[-122.368274,37.739828],[-122.371253,37.739664],[-122.371833,37.739573],[-122.37396,37.73942],[-122.373811,37.739228],[-122.373692,37.738957],[-122.373547,37.738741],[-122.373429,37.738623],[-122.373196,37.738463],[-122.372924,37.738348],[-122.372603,37.738282],[-122.372342,37.738275],[-122.371204,37.738177],[-122.370983,37.738171],[-122.370586,37.738199],[-122.370542,37.738153],[-122.370404,37.738203],[-122.369839,37.738225],[-122.369475,37.738269],[-122.369342,37.738275],[-122.368744,37.738246],[-122.368412,37.738254],[-122.367519,37.738344],[-122.367422,37.7383],[-122.367394,37.738224],[-122.367404,37.738194],[-122.367475,37.738139],[-122.367649,37.738074],[-122.368154,37.73799],[-122.368624,37.737941],[-122.368855,37.737868],[-122.36902,37.737767],[-122.369279,37.737757],[-122.36948,37.737726],[-122.369809,37.737629],[-122.369936,37.737569],[-122.370307,37.73749],[-122.370431,37.737442],[-122.370549,37.737373],[-122.370767,37.737371],[-122.370884,37.737312],[-122.371038,37.737162],[-122.371123,37.737115],[-122.371297,37.737063],[-122.371348,37.737056],[-122.371381,37.73708],[-122.371374,37.737059],[-122.371616,37.73708],[-122.371928,37.737034],[-122.371996,37.737043],[-122.37205,37.737076],[-122.372129,37.737163],[-122.372288,37.737126],[-122.372299,37.737089],[-122.372509,37.737062],[-122.372923,37.737043],[-122.373196,37.73707],[-122.373537,37.737176],[-122.374322,37.737787],[-122.374443,37.737823],[-122.374527,37.73782],[-122.375,37.738053],[-122.375299,37.738239],[-122.375609,37.738374],[-122.375979,37.738477],[-122.376182,37.738456],[-122.376352,37.738372],[-122.376458,37.738252],[-122.376018,37.737991],[-122.375869,37.738003],[-122.375563,37.737987],[-122.375342,37.737925],[-122.375137,37.737803],[-122.375055,37.737724],[-122.374951,37.737563],[-122.374883,37.737295],[-122.374905,37.737092],[-122.374942,37.737],[-122.375052,37.736843],[-122.375029,37.736798],[-122.375028,37.736747],[-122.375051,37.736698],[-122.375122,37.73663],[-122.375152,37.736576],[-122.375168,37.736504],[-122.375165,37.736415],[-122.37522,37.736299],[-122.375237,37.736225],[-122.375565,37.735998],[-122.375665,37.735884],[-122.375737,37.735829],[-122.375831,37.735819],[-122.3756775,37.7357641],[-122.3757848,37.7355519],[-122.3756596,37.7354387],[-122.3754271,37.735467],[-122.375123,37.7354104],[-122.3750336,37.7352972],[-122.3749799,37.7351275],[-122.3748368,37.7350143],[-122.3748726,37.7348021],[-122.3750693,37.7345899],[-122.374962,37.7344201],[-122.3748547,37.7342079],[-122.3748726,37.7339533],[-122.3750872,37.7336845],[-122.3751945,37.7333591],[-122.3755344,37.7330196],[-122.375445,37.7328782],[-122.3749083,37.7332884],[-122.3747831,37.7331611],[-122.3750514,37.7329347],[-122.3748189,37.7327084],[-122.3746221,37.7326943],[-122.374479,37.7328357],[-122.3742286,37.7331328],[-122.3740855,37.7330479],[-122.3742107,37.7326943],[-122.3739245,37.7328499],[-122.3736026,37.7331187],[-122.3731017,37.7336421],[-122.3729407,37.7337694],[-122.3729049,37.7339109],[-122.3727797,37.7340099],[-122.3723146,37.7342504],[-122.3719748,37.7342362],[-122.3716528,37.7339816],[-122.3713129,37.7336562],[-122.3709552,37.7333591],[-122.3705795,37.7331611],[-122.3704186,37.7329772],[-122.369629,37.732504],[-122.369523,37.732368],[-122.369528,37.732253],[-122.369515,37.732201],[-122.369205,37.731993],[-122.369079,37.731986],[-122.368927,37.731935],[-122.368847,37.73193],[-122.368694,37.731961],[-122.36863,37.732052],[-122.368626,37.732107],[-122.368644,37.732178],[-122.368609,37.732252],[-122.368522,37.732285],[-122.368388,37.732292],[-122.368141,37.732258],[-122.367694,37.731981],[-122.367519,37.731945],[-122.367425,37.731951],[-122.367278,37.731998],[-122.367109,37.732133],[-122.366983,37.732177],[-122.366862,37.732294],[-122.366782,37.732301],[-122.366678,37.732215],[-122.365835,37.73314],[-122.365857,37.733197],[-122.365323,37.733797],[-122.365249,37.733801],[-122.365215,37.733782],[-122.365192,37.73373],[-122.366542,37.732184],[-122.366457,37.732144],[-122.366314,37.732287],[-122.36623,37.732239],[-122.36556,37.732995],[-122.365446,37.733055],[-122.36533,37.732999],[-122.365348,37.732891],[-122.366182,37.731991],[-122.36615,37.731975],[-122.36619,37.731916],[-122.366,37.731828],[-122.365157,37.732769],[-122.365013,37.73283],[-122.364938,37.732756],[-122.364967,37.732665],[-122.36578,37.731773],[-122.36581,37.731715],[-122.365651,37.731626],[-122.364828,37.732543],[-122.364733,37.732486],[-122.365108,37.732066],[-122.363701,37.731284],[-122.36299,37.732074],[-122.362876,37.732143],[-122.362623,37.732006],[-122.363404,37.731115],[-122.362853,37.730801],[-122.362061,37.731675],[-122.361776,37.731539],[-122.362568,37.730643],[-122.361976,37.730329],[-122.362086,37.73021],[-122.361907,37.73009],[-122.361662,37.730061],[-122.361389,37.730087],[-122.361158,37.730068],[-122.360991,37.730007],[-122.360879,37.729906],[-122.36075,37.729963],[-122.360796,37.729999],[-122.360835,37.730087],[-122.360805,37.730181],[-122.360741,37.730233],[-122.360314,37.730315],[-122.359915,37.730332],[-122.35879,37.729783],[-122.358957,37.729712],[-122.358844,37.72966],[-122.358969,37.729518],[-122.361421,37.728953],[-122.362004,37.728798],[-122.362109,37.728751],[-122.362274,37.728627],[-122.362293,37.728588],[-122.362283,37.728521],[-122.362074,37.728454],[-122.361951,37.728443],[-122.36185,37.728448],[-122.361449,37.728524],[-122.359254,37.729046],[-122.35887,37.729172],[-122.357731,37.729443],[-122.357479,37.729245],[-122.357875,37.72895],[-122.360082,37.72844],[-122.360273,37.72835],[-122.36039,37.728259],[-122.360407,37.728225],[-122.360404,37.728188],[-122.360385,37.72816],[-122.360263,37.728141],[-122.359963,37.728153],[-122.357158,37.728825],[-122.35712,37.728661],[-122.356967,37.72871],[-122.3577,37.726282],[-122.358014,37.726039],[-122.361641,37.725219],[-122.361256,37.724165],[-122.357962,37.724944],[-122.357838,37.724624],[-122.361524,37.723775],[-122.362006,37.724061],[-122.362085,37.723987],[-122.364913,37.725704],[-122.365056,37.725725],[-122.36513,37.725713],[-122.365257,37.725643],[-122.365318,37.725544],[-122.365324,37.725484],[-122.365291,37.725388],[-122.365053,37.725226],[-122.362367,37.723679],[-122.36275,37.723259],[-122.359976,37.721629],[-122.360235,37.721358],[-122.362998,37.722979],[-122.36381,37.722102],[-122.359221,37.719407],[-122.359186,37.719399],[-122.359131,37.719326],[-122.359132,37.719277],[-122.359154,37.719235],[-122.359832,37.718506],[-122.359882,37.718481],[-122.359986,37.718478],[-122.362714,37.720071],[-122.363046,37.719698],[-122.363091,37.719677],[-122.363153,37.719675],[-122.363173,37.719648],[-122.363156,37.719614],[-122.363177,37.719551],[-122.363657,37.719055],[-122.362529,37.718416],[-122.362484,37.71837],[-122.36246,37.718317],[-122.362457,37.718258],[-122.362479,37.718198],[-122.362515,37.718155],[-122.358584,37.715883],[-122.3587754,37.715686],[-122.3626673,37.7179277],[-122.3637442,37.7167471],[-122.3597767,37.7144605],[-122.3600035,37.7141765],[-122.363946,37.7164435],[-122.3644214,37.7161986],[-122.3651912,37.7152949],[-122.361044,37.7128786],[-122.361193,37.7126821],[-122.3654644,37.7152164],[-122.3644959,37.7163361],[-122.3647442,37.7163754],[-122.3651773,37.7160054],[-122.3656376,37.7160801],[-122.3663933,37.7166948],[-122.3666411,37.7166325],[-122.3666411,37.7168341],[-122.3680734,37.7176599],[-122.3689959,37.7176695],[-122.3694693,37.7177367],[-122.370137,37.7180536],[-122.370756,37.7186585],[-122.3709624,37.7186009],[-122.3710352,37.7186969],[-122.3713872,37.7188505],[-122.3716057,37.7188217],[-122.3717999,37.7189465],[-122.3724918,37.7189657],[-122.3730866,37.7188505],[-122.373645,37.7187929],[-122.3739242,37.7188025],[-122.3741062,37.7187833],[-122.3744097,37.7190137],[-122.3743976,37.7191578],[-122.374264,37.7193114],[-122.3743005,37.719465],[-122.3743854,37.7196186],[-122.3746889,37.7198971],[-122.3749317,37.7200891],[-122.375223,37.720214],[-122.3755629,37.7204252],[-122.3756842,37.7206748],[-122.3757449,37.7209821],[-122.3758785,37.7212413],[-122.3759391,37.7214622],[-122.3759877,37.721731],[-122.3760727,37.7220286],[-122.3761212,37.7225279],[-122.3762062,37.7227967],[-122.3763761,37.7230752],[-122.3764854,37.7232],[-122.3767282,37.7233728],[-122.3768617,37.723536],[-122.3768495,37.7237761],[-122.3769952,37.7239489],[-122.3773472,37.7240833],[-122.37759,37.7240641],[-122.3780027,37.7239777],[-122.3787067,37.7237665],[-122.3790466,37.7236416],[-122.3791801,37.7233632],[-122.3792044,37.7231232],[-122.3793622,37.7229888],[-122.3796899,37.722864],[-122.3798113,37.7226815],[-122.3799206,37.7223551],[-122.3800055,37.7222015],[-122.3802483,37.7220382],[-122.3804668,37.7217694],[-122.3807217,37.7216926],[-122.3809645,37.721731],[-122.3812072,37.7218942],[-122.3816442,37.7221439],[-122.3819356,37.7221823],[-122.382176,37.722246],[-122.38282,37.721872],[-122.382723,37.721724],[-122.382722,37.72169],[-122.382738,37.721556],[-122.382806,37.721353],[-122.382948,37.721088],[-122.383167,37.720918],[-122.383326,37.720699],[-122.3834,37.72051],[-122.383397,37.720353],[-122.383367,37.720333],[-122.383314,37.720358],[-122.383306,37.720316],[-122.383251,37.720289],[-122.383251,37.720151],[-122.383197,37.72009],[-122.38285,37.719923],[-122.382624,37.719839],[-122.382141,37.719552],[-122.382009,37.719496],[-122.381749,37.71935],[-122.381608,37.719182],[-122.381507,37.718998],[-122.381406,37.718877],[-122.381295,37.718783],[-122.381114,37.718757],[-122.380719,37.71878],[-122.380422,37.718721],[-122.380329,37.718673],[-122.380204,37.718523],[-122.38011,37.718484],[-122.38002,37.718477],[-122.379944,37.718446],[-122.379874,37.718388],[-122.379705,37.718352],[-122.37966,37.718291],[-122.379479,37.718156],[-122.379437,37.71811],[-122.379408,37.718042],[-122.379225,37.717883],[-122.379076,37.717783],[-122.379033,37.717775],[-122.379014,37.717745],[-122.378659,37.717579],[-122.378221,37.717328],[-122.377883,37.717189],[-122.37728,37.71686],[-122.377192,37.716851],[-122.377174,37.716801],[-122.376873,37.71663],[-122.376578,37.716425],[-122.376487,37.716343],[-122.376232,37.716209],[-122.376165,37.716154],[-122.376126,37.716091],[-122.376124,37.716017],[-122.376201,37.715856],[-122.376632,37.715368],[-122.376689,37.715277],[-122.376671,37.715242],[-122.376649,37.715234],[-122.376649,37.715203],[-122.376714,37.715163],[-122.376996,37.714851],[-122.377074,37.714795],[-122.377307,37.714398],[-122.377469,37.714249],[-122.378341,37.713619],[-122.37839,37.713566],[-122.378461,37.71344],[-122.378661,37.713244],[-122.37876,37.713195],[-122.378892,37.713094],[-122.379023,37.712842],[-122.379294,37.712488],[-122.379546,37.712025],[-122.379619,37.711944],[-122.37972,37.711768],[-122.37978,37.711696],[-122.37992,37.711633],[-122.380017,37.711554],[-122.38008,37.711417],[-122.380111,37.711188],[-122.380119,37.710871],[-122.380096,37.710743],[-122.380059,37.710635],[-122.379984,37.710553],[-122.379861,37.710489],[-122.379756,37.710502],[-122.379587,37.710378],[-122.379424,37.710322],[-122.379347,37.710275],[-122.379216,37.710149],[-122.378976,37.709977],[-122.378924,37.709907],[-122.378886,37.709767],[-122.378811,37.709742],[-122.37868,37.709487],[-122.378622,37.709458],[-122.378583,37.709395],[-122.378517,37.709353],[-122.378454,37.709274],[-122.378424,37.709012],[-122.378358,37.708868],[-122.378262,37.708764],[-122.378073,37.708684],[-122.377942,37.708608],[-122.37787,37.708586],[-122.377741,37.70858],[-122.377508,37.708677],[-122.377123,37.708789],[-122.376975,37.708869],[-122.376867,37.708899],[-122.376719,37.709024],[-122.376702,37.709082],[-122.376656,37.709119],[-122.376619,37.709206],[-122.376497,37.70936],[-122.376388,37.709566],[-122.376403,37.709613],[-122.376394,37.709638],[-122.376352,37.709658],[-122.376182,37.709685],[-122.376022,37.709691],[-122.375783,37.709659],[-122.375581,37.709588],[-122.375347,37.709392],[-122.375181,37.709319],[-122.375047,37.709238],[-122.374706,37.7091],[-122.374546,37.709004],[-122.374446,37.708903],[-122.374374,37.708759],[-122.374375,37.70871],[-122.37443,37.70863],[-122.374563,37.708542],[-122.374733,37.708503],[-122.375306,37.708456],[-122.375632,37.708405],[-122.376063,37.708384],[-122.376492,37.708407],[-122.376821,37.708399],[-122.377289,37.708425],[-122.378449,37.70843],[-122.378749,37.708465],[-122.378876,37.708465],[-122.379201,37.70842],[-122.3794,37.70842],[-122.379479,37.708438],[-122.379591,37.708494],[-122.37973,37.708526],[-122.379787,37.708523],[-122.379763,37.708537],[-122.379993,37.708618],[-122.380172,37.708705],[-122.38045,37.708788],[-122.380975,37.708827],[-122.381248,37.708868],[-122.381404,37.708868],[-122.381506,37.708893],[-122.381585,37.708864],[-122.381782,37.708865],[-122.381926,37.708909],[-122.382032,37.708989],[-122.382201,37.709057],[-122.38247,37.709069],[-122.382866,37.70914],[-122.383159,37.709157],[-122.38339,37.70919],[-122.383684,37.70919],[-122.384233,37.709282],[-122.384515,37.709295],[-122.385072,37.7095],[-122.385657,37.709804],[-122.385909,37.709979],[-122.385984,37.709998],[-122.386272,37.709972],[-122.386413,37.709936],[-122.386739,37.709803],[-122.386816,37.709756],[-122.386829,37.70973],[-122.386819,37.709677],[-122.386837,37.709656],[-122.387087,37.709561],[-122.38729,37.709434],[-122.387427,37.709324],[-122.387577,37.70918],[-122.387639,37.709095],[-122.387768,37.709005],[-122.387896,37.708821],[-122.387972,37.708774],[-122.388032,37.708688],[-122.388063,37.708673],[-122.388108,37.708673],[-122.388195,37.708712],[-122.388318,37.708796],[-122.388399,37.708827],[-122.388555,37.708844],[-122.388719,37.708916],[-122.389081,37.709191],[-122.389224,37.709261],[-122.389476,37.709425],[-122.38967,37.709599],[-122.389718,37.70962],[-122.389819,37.709615],[-122.390033,37.70952],[-122.39026,37.709367],[-122.390413,37.709227],[-122.390463,37.709202],[-122.39062,37.709205],[-122.390671,37.70925],[-122.390956,37.709404],[-122.391104,37.709504],[-122.391479,37.709698],[-122.391716,37.709607],[-122.392112,37.709253],[-122.3932013,37.7084023],[-122.4047145,37.7083635],[-122.4047346,37.7083185],[-122.4050787,37.7084157],[-122.4051588,37.7082363],[-122.4061716,37.7085174],[-122.406249,37.7083439],[-122.4069272,37.7083428],[-122.4069619,37.7082656],[-122.4072336,37.7083417],[-122.4074191,37.708321],[-122.4077451,37.7084124],[-122.4077742,37.7083478],[-122.4077537,37.708342],[-122.4081117,37.7083273],[-122.4118308,37.7083284],[-122.4123014,37.7084604],[-122.4123731,37.7082984],[-122.4124808,37.7083285],[-122.4133398,37.7083288],[-122.4133681,37.7082653],[-122.4142137,37.7085033],[-122.4143537,37.7081796],[-122.4150854,37.7083854],[-122.4151432,37.7082559],[-122.4156817,37.7084075],[-122.4157394,37.708278],[-122.4160824,37.7083745],[-122.4161691,37.7081803],[-122.4167075,37.7083318],[-122.4167364,37.7082671],[-122.4170774,37.708363],[-122.4171352,37.7082335],[-122.4176566,37.7083802],[-122.4177143,37.7082508],[-122.4180414,37.7083428],[-122.4180992,37.7082132],[-122.4190686,37.7084824],[-122.4192504,37.7080876],[-122.4233557,37.7092517],[-122.423328,37.709315],[-122.423971,37.709678],[-122.424478,37.71011],[-122.42504,37.710543],[-122.425512,37.710789],[-122.426957,37.711307],[-122.427648,37.711616],[-122.427559,37.71178],[-122.427333,37.711756],[-122.426658,37.711435],[-122.425548,37.714517],[-122.427306,37.71507],[-122.427189,37.715748],[-122.426698,37.717046],[-122.426544,37.717248],[-122.42614,37.718433],[-122.425835,37.718279],[-122.425606,37.718132],[-122.425412,37.717881],[-122.425177,37.717486],[-122.424942,37.717261],[-122.424656,37.717132],[-122.42426,37.717084],[-122.424021,37.717101],[-122.423782,37.717168],[-122.421367,37.71858],[-122.42103,37.718749],[-122.420589,37.718907],[-122.420226,37.718976],[-122.41982,37.719011],[-122.419581,37.718999],[-122.419146,37.718944],[-122.418676,37.71885],[-122.418493,37.71883],[-122.418532,37.718727],[-122.418409,37.718699],[-122.41513,37.718046],[-122.414746,37.718],[-122.414195,37.718011],[-122.414138,37.718046],[-122.411624,37.718625],[-122.409894,37.719113],[-122.407926,37.719607],[-122.406956,37.719898],[-122.405985,37.720132],[-122.402011,37.721169],[-122.401019,37.721406],[-122.402061,37.72392],[-122.400785,37.723616],[-122.401183,37.724588],[-122.401471,37.725516],[-122.402105,37.72779],[-122.402209,37.728102],[-122.402752,37.729357],[-122.4034,37.730658],[-122.403962,37.73161],[-122.404657,37.732949],[-122.405096,37.733716],[-122.405495,37.734287],[-122.406382,37.735418],[-122.406551,37.735721],[-122.406654,37.736016],[-122.406704,37.736309],[-122.40676,37.736411],[-122.406909,37.73746],[-122.407009,37.738002],[-122.407114,37.73906],[-122.406952,37.740495],[-122.406835,37.740855],[-122.40673,37.741119],[-122.406574,37.741381],[-122.405305,37.743115],[-122.40459,37.744126],[-122.404185,37.745237],[-122.404203,37.745484],[-122.404315,37.74593],[-122.404064,37.746253],[-122.403924,37.746594],[-122.403712,37.747202],[-122.403561,37.747762],[-122.403674,37.748056],[-122.403802,37.74833],[-122.404052,37.74859],[-122.403736,37.749584],[-122.404075,37.750091],[-122.404242,37.751845],[-122.406219,37.751726],[-122.40648,37.754564],[-122.4068,37.757762],[-122.407534,37.765783],[-122.394473,37.766582],[-122.393765,37.765929],[-122.39334,37.765356],[-122.393005,37.764782],[-122.392729,37.764167],[-122.392714,37.764084],[-122.387917,37.764379],[-122.387606,37.764483],[-122.386615,37.765668],[-122.385823,37.767255],[-122.3854138,37.7672486]]]}},{"type":"Feature","properties":{"id":"sd-11","district":11,"name":"District 11","supervisor":"Chyanne Chen","km2":8.8},"geometry":{"type":"Polygon","coordinates":[[[-122.430149,37.732339],[-122.42957,37.732293],[-122.42853,37.732121],[-122.427343,37.731868],[-122.426391,37.73169],[-122.425563,37.731579],[-122.424645,37.731549],[-122.42392,37.731553],[-122.42282,37.731641],[-122.420358,37.732006],[-122.419464,37.73206],[-122.419244,37.73206],[-122.419282,37.731164],[-122.419536,37.729129],[-122.419486,37.729046],[-122.416917,37.722825],[-122.416484,37.721809],[-122.416682,37.721797],[-122.417166,37.721854],[-122.41786,37.721973],[-122.418553,37.722114],[-122.42052,37.722217],[-122.420858,37.722294],[-122.42111,37.722436],[-122.421289,37.722603],[-122.421422,37.72282],[-122.421504,37.723276],[-122.421637,37.723501],[-122.421839,37.723665],[-122.42203,37.723761],[-122.422209,37.723789],[-122.42247,37.723745],[-122.422654,37.723627],[-122.422719,37.723541],[-122.422878,37.723263],[-122.423103,37.722984],[-122.423178,37.722848],[-122.423342,37.722312],[-122.423471,37.722076],[-122.423655,37.721845],[-122.423847,37.721546],[-122.423874,37.721389],[-122.423844,37.72121],[-122.423739,37.721061],[-122.423489,37.720908],[-122.422812,37.720695],[-122.422551,37.720538],[-122.422112,37.720158],[-122.420878,37.719463],[-122.42063,37.719397],[-122.420271,37.719349],[-122.418704,37.719236],[-122.418521,37.719136],[-122.418451,37.71894],[-122.418493,37.71883],[-122.418676,37.71885],[-122.419146,37.718944],[-122.419581,37.718999],[-122.41982,37.719011],[-122.420226,37.718976],[-122.420589,37.718907],[-122.42103,37.718749],[-122.421367,37.71858],[-122.423782,37.717168],[-122.424021,37.717101],[-122.42426,37.717084],[-122.424656,37.717132],[-122.424942,37.717261],[-122.425177,37.717486],[-122.425412,37.717881],[-122.425606,37.718132],[-122.425835,37.718279],[-122.42614,37.718433],[-122.426544,37.717248],[-122.426698,37.717046],[-122.427189,37.715748],[-122.427306,37.71507],[-122.425548,37.714517],[-122.426658,37.711435],[-122.427333,37.711756],[-122.427559,37.71178],[-122.427648,37.711616],[-122.426957,37.711307],[-122.425512,37.710789],[-122.42504,37.710543],[-122.424478,37.71011],[-122.423971,37.709678],[-122.423328,37.709315],[-122.4238494,37.7081814],[-122.4253597,37.7086125],[-122.4254214,37.7083077],[-122.4278794,37.7083023],[-122.4279545,37.7081913],[-122.4283497,37.7083599],[-122.4284588,37.708193],[-122.4289161,37.7083655],[-122.429267,37.7083835],[-122.4299243,37.7083424],[-122.4298418,37.7085303],[-122.430013,37.708529],[-122.430179,37.70842],[-122.430387,37.708346],[-122.431382,37.7082251],[-122.4315029,37.7081699],[-122.431749,37.7084632],[-122.4318485,37.7083558],[-122.432089,37.7084171],[-122.4322002,37.7081537],[-122.4327027,37.7083515],[-122.4327975,37.7081794],[-122.4331551,37.7081579],[-122.4334252,37.7083305],[-122.4337652,37.7082111],[-122.4337859,37.7081541],[-122.433743,37.7081056],[-122.4338271,37.7079894],[-122.4340238,37.7080639],[-122.4342545,37.7081073],[-122.4347726,37.707988],[-122.434978,37.708292],[-122.4350446,37.7083629],[-122.4353654,37.7081648],[-122.4356155,37.7083243],[-122.4357325,37.7084378],[-122.4361299,37.7081664],[-122.4363533,37.7083507],[-122.4367708,37.7079442],[-122.4367799,37.7079188],[-122.4381791,37.7084653],[-122.438337,37.708216],[-122.4386703,37.7083532],[-122.4387496,37.7082316],[-122.4388067,37.708226],[-122.4389732,37.7082848],[-122.4390967,37.7080666],[-122.4398522,37.7083949],[-122.4400576,37.7083809],[-122.4402648,37.708471],[-122.440497,37.7081337],[-122.4407537,37.7082331],[-122.4410027,37.708268],[-122.4412515,37.7082443],[-122.4415141,37.7081608],[-122.441578,37.7082804],[-122.4417616,37.7082801],[-122.4419587,37.7082153],[-122.4419292,37.7081606],[-122.4421197,37.7080957],[-122.4422787,37.7083898],[-122.4426093,37.7082776],[-122.4425752,37.7082145],[-122.442811,37.7081344],[-122.4428192,37.7081496],[-122.4428915,37.708125],[-122.4430211,37.7083609],[-122.4430488,37.7082972],[-122.4430929,37.7082501],[-122.4430441,37.7081522],[-122.4431395,37.7081198],[-122.443245,37.7083156],[-122.4435533,37.708211],[-122.4435914,37.7082817],[-122.4438489,37.7081943],[-122.4438928,37.7082756],[-122.444555,37.7080508],[-122.4447265,37.7083727],[-122.4451404,37.7082322],[-122.4450683,37.7080984],[-122.4453162,37.7080142],[-122.4454611,37.7082831],[-122.4463096,37.7079951],[-122.446536,37.7084149],[-122.4471021,37.7082214],[-122.4470725,37.7081667],[-122.4472638,37.7081015],[-122.4472948,37.7081242],[-122.4473319,37.7081231],[-122.4474005,37.7082495],[-122.4473526,37.7082658],[-122.4473976,37.7083506],[-122.447696,37.7082485],[-122.4477914,37.7083833],[-122.4478391,37.7083671],[-122.4478753,37.7084343],[-122.4480278,37.7083821],[-122.4481006,37.7085171],[-122.4481505,37.7085],[-122.4481596,37.7085169],[-122.4485374,37.7083877],[-122.4485198,37.7083549],[-122.4486087,37.7083245],[-122.4485745,37.7082608],[-122.4486698,37.7082282],[-122.4486562,37.708203],[-122.4488467,37.7081378],[-122.4488196,37.7080873],[-122.448899,37.7080602],[-122.4489824,37.7082155],[-122.4495619,37.7080174],[-122.4497063,37.7082864],[-122.450955,37.7078656],[-122.4511793,37.7082835],[-122.4515367,37.7081618],[-122.4516584,37.7083886],[-122.452415,37.7081319],[-122.4525052,37.7082997],[-122.4528229,37.7081915],[-122.4528996,37.7083342],[-122.4534302,37.7081535],[-122.4536083,37.7084849],[-122.4549167,37.7080397],[-122.4553525,37.7083422],[-122.455588,37.7081227],[-122.4559404,37.7083624],[-122.4562411,37.7080807],[-122.4566894,37.7083858],[-122.457059,37.7080467],[-122.4574413,37.7083153],[-122.4574806,37.7083739],[-122.4577436,37.7081276],[-122.4579406,37.7082615],[-122.4582655,37.7079572],[-122.458878,37.708366],[-122.4592131,37.7080652],[-122.4595861,37.7083049],[-122.4598432,37.7080648],[-122.4601597,37.7082832],[-122.4603835,37.708074],[-122.4607098,37.7082991],[-122.4610647,37.70797],[-122.461455,37.7082394],[-122.4616789,37.7080301],[-122.4619399,37.7082102],[-122.4623015,37.7078721],[-122.462911,37.7082866],[-122.4631358,37.708078],[-122.4633984,37.7082565],[-122.463737,37.7079422],[-122.4641237,37.7082049],[-122.4644985,37.7082091],[-122.4644957,37.7082724],[-122.4648119,37.7082721],[-122.4648116,37.7082126],[-122.4653305,37.7082113],[-122.4653308,37.708228],[-122.4689728,37.7082025],[-122.468474,37.708685],[-122.467718,37.709282],[-122.467162,37.709634],[-122.466792,37.709826],[-122.465994,37.710154],[-122.464767,37.710482],[-122.464176,37.710548],[-122.46116,37.710584],[-122.462285,37.710992],[-122.463676,37.711419],[-122.463915,37.711665],[-122.464127,37.711956],[-122.464424,37.712161],[-122.465042,37.712346],[-122.46578,37.712396],[-122.467072,37.712372],[-122.467074,37.712479],[-122.468018,37.712455],[-122.46867,37.712524],[-122.469993,37.712781],[-122.470331,37.712812],[-122.471355,37.712802],[-122.471472,37.713427],[-122.471836,37.714647],[-122.472577,37.716621],[-122.47265,37.717034],[-122.472672,37.717248],[-122.472652,37.717698],[-122.47244,37.721603],[-122.471983,37.721661],[-122.47176,37.721671],[-122.471674,37.721631],[-122.462365,37.721695],[-122.462265,37.721748],[-122.462279,37.724866],[-122.462264,37.725211],[-122.462199,37.725293],[-122.461202,37.724974],[-122.459957,37.724731],[-122.45914,37.724546],[-122.456508,37.724002],[-122.453105,37.72327],[-122.452335,37.72318],[-122.451794,37.723048],[-122.451596,37.723033],[-122.450073,37.723042],[-122.449484,37.723003],[-122.447878,37.723005],[-122.447586,37.72388],[-122.447534,37.724005],[-122.447201,37.724638],[-122.446864,37.725213],[-122.446308,37.725978],[-122.445724,37.726613],[-122.445041,37.727295],[-122.444423,37.727799],[-122.443791,37.728233],[-122.443075,37.728634],[-122.44197,37.729136],[-122.440102,37.729878],[-122.439801,37.730101],[-122.437012,37.731118],[-122.43645,37.731333],[-122.435892,37.731577],[-122.435601,37.731596],[-122.435167,37.731653],[-122.435259,37.731507],[-122.435146,37.731495],[-122.434505,37.731742],[-122.434438,37.731642],[-122.433447,37.73192],[-122.432643,37.732113],[-122.431789,37.732258],[-122.431716,37.732283],[-122.431305,37.732328],[-122.430345,37.732355],[-122.430149,37.732339]]]}}]}