{"type":"FeatureCollection","features":[{"type":"Feature","properties":{"id":"line-N","name":"Muni Metro N inbound: Ocean Beach => Caltrain","ref":"N","mode":"light_rail"},"geometry":{"type":"LineString","coordinates":[[-122.5088246,37.760164],[-122.5088299,37.7601688],[-122.5088405,37.7601785],[-122.5088249,37.7601892],[-122.508809,37.7601747],[-122.5088246,37.760164],[-122.5062696,37.7603859],[-122.5060653,37.7603953],[-122.5060647,37.7603867],[-122.5060641,37.7603789],[-122.506252,37.7603703],[-122.5062613,37.7603724],[-122.5062674,37.7603781],[-122.5062696,37.7603859],[-122.5030363,37.7605291],[-122.5028425,37.7605373],[-122.5028419,37.7605287],[-122.5028414,37.7605209],[-122.5030138,37.7605136],[-122.5030252,37.7605153],[-122.5030332,37.7605215],[-122.5030363,37.7605291],[-122.4991519,37.7606999],[-122.4991542,37.7606922],[-122.4991613,37.7606856],[-122.4991713,37.7606827],[-122.4993935,37.7606734],[-122.4993941,37.760682],[-122.4993946,37.7606898],[-122.4991519,37.7606999],[-122.4966026,37.760798],[-122.4965729,37.7607992],[-122.4965734,37.760807],[-122.496574,37.7608151],[-122.4966036,37.7608139],[-122.4966026,37.760798],[-122.4961763,37.7608314],[-122.4959653,37.7608405],[-122.4959648,37.7608331],[-122.4959641,37.7608241],[-122.4961537,37.7608159],[-122.4961646,37.7608174],[-122.4961734,37.7608229],[-122.4961763,37.7608314],[-122.4934109,37.7609459],[-122.4934146,37.7609543],[-122.4932063,37.760963],[-122.4932057,37.7609545],[-122.4932052,37.7609466],[-122.4933921,37.7609388],[-122.493403,37.7609404],[-122.4934109,37.7609459],[-122.4897482,37.7611144],[-122.489511,37.7611259],[-122.4895097,37.7611095],[-122.4897276,37.7610989],[-122.4897374,37.7611013],[-122.4897453,37.7611073],[-122.4897482,37.7611144],[-122.4875865,37.7611968],[-122.4875869,37.7612023],[-122.4875876,37.7612132],[-122.4869557,37.7612407],[-122.4869549,37.7612297],[-122.4869545,37.7612242],[-122.4872598,37.761211],[-122.487424,37.7611941],[-122.4875865,37.7611968],[-122.4869289,37.761224],[-122.4868997,37.7612252],[-122.4869002,37.7612321],[-122.4869009,37.7612432],[-122.4869301,37.7612419],[-122.4869294,37.7612308],[-122.4869289,37.761224],[-122.4837488,37.7613815],[-122.4835576,37.7613898],[-122.4835569,37.7613809],[-122.4835564,37.7613734],[-122.4837276,37.761366],[-122.4837376,37.7613674],[-122.4837463,37.7613738],[-122.4837488,37.7613815],[-122.4801068,37.7615415],[-122.4798481,37.7615526],[-122.479847,37.7615362],[-122.480081,37.7615262],[-122.4800931,37.7615281],[-122.4801034,37.7615341],[-122.4801068,37.7615415],[-122.4778826,37.7616295],[-122.4778829,37.7616335],[-122.4778833,37.7616398],[-122.4777978,37.7616433],[-122.4773698,37.7616611],[-122.4773693,37.7616542],[-122.4773689,37.7616474],[-122.4777968,37.7616296],[-122.4778826,37.7616295],[-122.4773444,37.761648],[-122.4773145,37.7616492],[-122.477315,37.7616565],[-122.4773155,37.7616651],[-122.4773454,37.7616639],[-122.4773448,37.7616553],[-122.4773444,37.761648],[-122.4729076,37.7618593],[-122.472905,37.7618528],[-122.4728993,37.7618483],[-122.472891,37.7618462],[-122.4727726,37.7618507],[-122.4727003,37.7618535],[-122.4727011,37.7618672],[-122.4727735,37.7618644],[-122.4729076,37.7618593],[-122.4696442,37.7619904],[-122.4696346,37.7619892],[-122.4695124,37.7619943],[-122.4694606,37.7619964],[-122.4694615,37.7620101],[-122.4695134,37.7620079],[-122.4696528,37.7620021],[-122.469651,37.7619957],[-122.4696442,37.7619904],[-122.4664987,37.7621246],[-122.4664992,37.762132],[-122.4664997,37.7621383],[-122.4670511,37.7621148],[-122.467162,37.76211],[-122.4671616,37.7621047],[-122.4671613,37.7620993],[-122.4670501,37.7621011],[-122.4664987,37.7621246],[-122.4664531,37.7621278],[-122.4664535,37.7621333],[-122.4664541,37.7621414],[-122.4664747,37.7621405],[-122.4664742,37.7621331],[-122.4664738,37.7621269],[-122.4664531,37.7621278],[-122.458133,37.7643592],[-122.4581147,37.7643597],[-122.458115,37.7643649],[-122.4581155,37.7643756],[-122.4581339,37.7643751],[-122.458133,37.7643592],[-122.4492041,37.766087],[-122.4492118,37.7660921],[-122.4492227,37.7660993],[-122.4492023,37.7661187],[-122.4491836,37.7661064],[-122.4492041,37.766087],[-122.4337996,37.7692477],[-122.4338003,37.7692546],[-122.4338019,37.7692717],[-122.4338267,37.7692702],[-122.4338244,37.7692462],[-122.4337996,37.7692477],[-122.4299466,37.769375],[-122.4299482,37.7693914],[-122.4294455,37.7694212],[-122.4294448,37.769414],[-122.4294439,37.7694048],[-122.4299466,37.769375],[-122.4286744,37.7694335],[-122.4286758,37.7694498],[-122.4287043,37.7694484],[-122.4287036,37.7694401],[-122.428703,37.769432],[-122.4286744,37.7694335],[-122.4196205,37.7748864],[-122.4193432,37.7751063],[-122.4188849,37.7754667],[-122.4188433,37.7754337],[-122.4195789,37.7748534],[-122.4196205,37.7748864],[-122.4130848,37.7800669],[-122.413158,37.7800074],[-122.4131345,37.7799887],[-122.4131562,37.7799716],[-122.4132398,37.7799058],[-122.4132628,37.7798877],[-122.413286,37.7799062],[-122.4133376,37.7798665],[-122.4133137,37.7798476],[-122.4135549,37.7796573],[-122.4135782,37.7796757],[-122.4135931,37.7796639],[-122.4135699,37.7796455],[-122.4136982,37.7795443],[-122.413721,37.7795626],[-122.4137677,37.7795255],[-122.4137449,37.7795075],[-122.4139861,37.7793172],[-122.4140083,37.7793347],[-122.414063,37.7792908],[-122.4140411,37.7792734],[-122.414065,37.7792546],[-122.4141487,37.7791887],[-122.4141694,37.7791724],[-122.4141909,37.7791894],[-122.4143118,37.7790941],[-122.4143029,37.7790869],[-122.4142905,37.779077],[-122.4144185,37.778976],[-122.4144397,37.7789927],[-122.4144526,37.7789825],[-122.4144109,37.7789496],[-122.4130431,37.7800339],[-122.41306,37.7800473],[-122.4130848,37.7800669],[-122.4069498,37.7849016],[-122.4071306,37.7847588],[-122.407111,37.7847433],[-122.407352,37.7845529],[-122.4073717,37.7845685],[-122.4075523,37.7844258],[-122.4075324,37.7844101],[-122.4077735,37.7842196],[-122.4077935,37.7842354],[-122.4078782,37.7841684],[-122.4078728,37.7841641],[-122.4078582,37.7841526],[-122.4079866,37.7840511],[-122.4080067,37.7840669],[-122.4080528,37.7840304],[-122.4080108,37.7839973],[-122.4069082,37.7848687],[-122.4069376,37.784892],[-122.4069498,37.7849016],[-122.402284,37.7885892],[-122.402241,37.7885552],[-122.4011944,37.7893818],[-122.4012286,37.7894088],[-122.4012379,37.7894161],[-122.4014098,37.7892804],[-122.4013883,37.7892634],[-122.4016415,37.7890634],[-122.4016629,37.7890803],[-122.4018018,37.7889705],[-122.4017807,37.7889538],[-122.4020291,37.7887577],[-122.40205,37.7887742],[-122.4021054,37.7887305],[-122.4020996,37.7887259],[-122.4020846,37.7887141],[-122.4022286,37.7886003],[-122.4022493,37.7886167],[-122.402284,37.7885892],[-122.3971426,37.7926201],[-122.3977088,37.7921742],[-122.3976867,37.7921567],[-122.3959729,37.7935077],[-122.3959942,37.7935245],[-122.3965836,37.7930603],[-122.3966043,37.7930768],[-122.3967343,37.7929745],[-122.3967135,37.792958],[-122.3968204,37.7928739],[-122.3968413,37.7928904],[-122.3968767,37.7928625],[-122.3968917,37.7928507],[-122.3969057,37.7928397],[-122.3969414,37.7928118],[-122.3969204,37.7927951],[-122.3970239,37.7927136],[-122.3970446,37.7927299],[-122.3971631,37.7926363],[-122.3971426,37.7926201],[-122.389705,37.7905621],[-122.3897236,37.7905475],[-122.3888512,37.7898513],[-122.3888312,37.7898669],[-122.3888142,37.7898802],[-122.3896866,37.7905765],[-122.389705,37.7905621],[-122.3881396,37.7835851],[-122.3881138,37.7835838],[-122.3880447,37.7844551],[-122.388071,37.7844564],[-122.3880965,37.7844577],[-122.3881657,37.7835864],[-122.3881396,37.7835851],[-122.390622,37.7790215],[-122.3906038,37.779007],[-122.3898202,37.7796229],[-122.38984,37.7796386],[-122.3898577,37.7796526],[-122.3906412,37.7790367],[-122.390622,37.7790215],[-122.3951193,37.7754708],[-122.3951353,37.7754835],[-122.3951538,37.7754981],[-122.3950479,37.7755816],[-122.3949607,37.7756502],[-122.3948678,37.7757234],[-122.3947839,37.7757895],[-122.3947352,37.7758278],[-122.3944697,37.776037],[-122.3943724,37.7761137],[-122.394356,37.7761007],[-122.3943379,37.7760863],[-122.3944353,37.7760096],[-122.3947008,37.7758005],[-122.3947494,37.7757621],[-122.3948333,37.7756961],[-122.3949262,37.7756228],[-122.3950134,37.7755542],[-122.3951193,37.7754708],[-122.5088286,37.7601924],[-122.5088038,37.7602088],[-122.5087573,37.7602396],[-122.5087362,37.7602526],[-122.5087134,37.7602643],[-122.5086889,37.7602732],[-122.5086633,37.7602793],[-122.5086377,37.7602843],[-122.5086088,37.7602889],[-122.5085784,37.7602926],[-122.5085465,37.7602948],[-122.5082061,37.7603095],[-122.5082061,37.7603095],[-122.5081786,37.7603107],[-122.508089,37.7603147],[-122.5079848,37.7603192],[-122.5074661,37.7603421],[-122.5073524,37.7603471],[-122.5071225,37.7603572],[-122.5070156,37.760362],[-122.5069612,37.7603644],[-122.5069139,37.7603715],[-122.5066973,37.7603811],[-122.5060675,37.7604089],[-122.5060479,37.7604098],[-122.5059683,37.7604133],[-122.5059439,37.7604144],[-122.5058392,37.760419],[-122.5049684,37.7604575],[-122.5048733,37.7604617],[-122.5047755,37.760466],[-122.503892,37.760505],[-122.5038025,37.760509],[-122.5037133,37.7605129],[-122.5034535,37.7605244],[-122.502861,37.7605506],[-122.5028317,37.7605519],[-122.5027532,37.7605554],[-122.50273,37.7605564],[-122.5026297,37.7605608],[-122.5017449,37.7605999],[-122.5016592,37.7606037],[-122.5015706,37.7606076],[-122.5006804,37.7606469],[-122.5005858,37.7606511],[-122.5004912,37.7606553],[-122.4996073,37.7606944],[-122.4995162,37.7606984],[-122.4994959,37.7606993],[-122.4994235,37.7607025],[-122.4989043,37.7607253],[-122.4987511,37.7607318],[-122.4985374,37.7607416],[-122.498445,37.7607457],[-122.4983534,37.7607497],[-122.4974715,37.7607887],[-122.4973715,37.7607931],[-122.4972674,37.7607977],[-122.4971555,37.7608025],[-122.4967037,37.7608223],[-122.4965737,37.7608279],[-122.4964049,37.7608372],[-122.4962997,37.7608404],[-122.4962041,37.7608438],[-122.4959868,37.7608543],[-122.4959545,37.7608554],[-122.495843,37.7608606],[-122.4957254,37.7608658],[-122.4956887,37.7608674],[-122.4956018,37.7608712],[-122.495314,37.7608839],[-122.4952311,37.7608876],[-122.4951441,37.7608915],[-122.494248,37.7609311],[-122.49416,37.760935],[-122.4940585,37.7609395],[-122.4938178,37.7609501],[-122.4932161,37.7609767],[-122.4931797,37.7609783],[-122.4931067,37.7609815],[-122.4930861,37.7609824],[-122.4929867,37.7609868],[-122.4921092,37.7610261],[-122.4920115,37.7610305],[-122.4919146,37.7610347],[-122.4910522,37.7610723],[-122.4909445,37.761077],[-122.4908361,37.7610818],[-122.4899577,37.7611206],[-122.4898735,37.7611243],[-122.4898497,37.7611254],[-122.4897665,37.761129],[-122.4892838,37.7611514],[-122.4892608,37.7611517],[-122.4889028,37.7611672],[-122.4887997,37.7611718],[-122.4886954,37.7611764],[-122.4885557,37.7611826],[-122.4878221,37.7612149],[-122.4877975,37.7612164],[-122.4877279,37.7612191],[-122.4875985,37.7612245],[-122.4869027,37.7612563],[-122.486751,37.7612619],[-122.4866787,37.7612654],[-122.486657,37.7612664],[-122.486528,37.7612721],[-122.4856783,37.7613097],[-122.4855851,37.7613138],[-122.4854649,37.7613191],[-122.484608,37.7613569],[-122.484513,37.7613611],[-122.4844156,37.7613654],[-122.4841297,37.761378],[-122.4835736,37.7614026],[-122.483537,37.7614042],[-122.4834655,37.7614073],[-122.4834434,37.7614083],[-122.483346,37.7614126],[-122.4824644,37.7614516],[-122.4823731,37.7614556],[-122.4822709,37.7614601],[-122.4817996,37.7614809],[-122.4813907,37.7614989],[-122.4813008,37.7615029],[-122.4812663,37.7615044],[-122.4812099,37.7615067],[-122.4803236,37.7615463],[-122.4802279,37.7615503],[-122.4801362,37.7615544],[-122.4795951,37.7615783],[-122.4792582,37.7615932],[-122.4791568,37.7615977],[-122.4790572,37.7616032],[-122.4784529,37.7616303],[-122.4781806,37.7616418],[-122.4780865,37.7616449],[-122.4779615,37.7616514],[-122.4772962,37.7616792],[-122.4771835,37.7616843],[-122.4770924,37.7616889],[-122.4770924,37.7616889],[-122.4769772,37.7616937],[-122.4768588,37.7616989],[-122.4760242,37.7617358],[-122.4759432,37.7617394],[-122.475826,37.7617446],[-122.4749681,37.7617823],[-122.4748722,37.7617865],[-122.4747715,37.7617931],[-122.4738992,37.7618304],[-122.4737019,37.7618394],[-122.4732392,37.7618583],[-122.4727746,37.7618786],[-122.4727006,37.7618819],[-122.4725796,37.7618872],[-122.4716482,37.761928],[-122.4715528,37.7619322],[-122.471461,37.7619363],[-122.470605,37.7619751],[-122.4705855,37.7619758],[-122.4704846,37.7619794],[-122.4703838,37.7619838],[-122.4702773,37.7619885],[-122.4695144,37.7620221],[-122.4694652,37.7620245],[-122.4694144,37.7620265],[-122.4693088,37.7620311],[-122.4684403,37.7620693],[-122.4683424,37.7620736],[-122.4682416,37.762078],[-122.4673634,37.7621166],[-122.4672723,37.7621206],[-122.4671759,37.7621248],[-122.4664397,37.7621572],[-122.4664214,37.762158],[-122.4663775,37.7621607],[-122.466338,37.7621652],[-122.4663021,37.7621744],[-122.4662867,37.76218],[-122.4662686,37.7621877],[-122.4662423,37.7622081],[-122.4662243,37.7622263],[-122.4662243,37.7622263],[-122.4662068,37.7622498],[-122.4661961,37.7622819],[-122.4661941,37.762314],[-122.4661958,37.7623563],[-122.4661998,37.7624195],[-122.4662825,37.7635977],[-122.4662956,37.7637843],[-122.4662974,37.763839],[-122.4662948,37.763902],[-122.4662913,37.7639296],[-122.4662842,37.7639501],[-122.4662814,37.7639565],[-122.4662614,37.7639837],[-122.4662614,37.7639837],[-122.466227,37.7640096],[-122.4662233,37.7640122],[-122.4661852,37.7640266],[-122.4661424,37.7640364],[-122.4660979,37.764042],[-122.4660503,37.7640461],[-122.4654009,37.7640738],[-122.4653684,37.7640761],[-122.4652584,37.7640812],[-122.4651468,37.7640878],[-122.4643033,37.7641231],[-122.4641903,37.7641284],[-122.4640905,37.7641327],[-122.4632358,37.7641706],[-122.4631181,37.7641759],[-122.4630198,37.7641801],[-122.4622077,37.7642166],[-122.4621595,37.7642183],[-122.4620504,37.7642232],[-122.4619427,37.7642279],[-122.4610924,37.7642657],[-122.4609757,37.7642708],[-122.4608687,37.7642756],[-122.4600195,37.7643133],[-122.4599074,37.7643181],[-122.4597979,37.7643229],[-122.4589433,37.7643599],[-122.4588342,37.7643641],[-122.4586641,37.7643649],[-122.458192,37.7643862],[-122.4581179,37.7643892],[-122.4579391,37.7643968],[-122.4579015,37.7644003],[-122.4578551,37.7644098],[-122.4578236,37.7644256],[-122.4577954,37.7644471],[-122.4577767,37.7644709],[-122.4577592,37.7645044],[-122.4576865,37.7646932],[-122.4576687,37.7647313],[-122.4576459,37.7647599],[-122.4576459,37.7647599],[-122.457616,37.7647854],[-122.4575798,37.7648066],[-122.4575634,37.7648152],[-122.4575382,37.7648225],[-122.457493,37.7648331],[-122.4574306,37.7648421],[-122.4568536,37.7649153],[-122.4567705,37.7649258],[-122.4566792,37.7649374],[-122.4562219,37.7649954],[-122.4560058,37.7650228],[-122.4545119,37.7652123],[-122.4544174,37.7652243],[-122.454321,37.7652368],[-122.4529328,37.7654149],[-122.4528898,37.7654203],[-122.4527744,37.7654352],[-122.452673,37.7654481],[-122.4514151,37.7656089],[-122.4501259,37.7657737],[-122.4500779,37.7657795],[-122.4499742,37.765793],[-122.4498767,37.7658055],[-122.4496394,37.7658319],[-122.4495807,37.7658421],[-122.4495463,37.7658516],[-122.4495111,37.7658654],[-122.4494805,37.7658881],[-122.4494421,37.7659238],[-122.4494072,37.7659562],[-122.4493944,37.7659681],[-122.449133,37.7662085],[-122.4490818,37.7662497],[-122.4490283,37.7662875],[-122.448974,37.7663195],[-122.4489143,37.7663502],[-122.4488511,37.7663762],[-122.448779,37.7664],[-122.4486993,37.7664213],[-122.4486993,37.7664213],[-122.4349738,37.7691786],[-122.4348639,37.7691995],[-122.4347479,37.7692175],[-122.4346237,37.7692338],[-122.4345054,37.7692444],[-122.4345054,37.7692444],[-122.4338048,37.7692839],[-122.4337685,37.769286],[-122.4335493,37.7693006],[-122.4335086,37.769301],[-122.4334455,37.7692997],[-122.4333817,37.7692939],[-122.433317,37.7692829],[-122.4331354,37.7692429],[-122.4330619,37.7692306],[-122.4329906,37.7692245],[-122.4328953,37.7692255],[-122.4328357,37.7692285],[-122.432751,37.7692338],[-122.432482,37.7692513],[-122.431651,37.7692985],[-122.4313772,37.7693155],[-122.431349,37.7693177],[-122.4302708,37.7693876],[-122.430225,37.7693909],[-122.4299991,37.7694038],[-122.4294533,37.7694388],[-122.4294267,37.7694396],[-122.4293289,37.7694469],[-122.4292826,37.7694492],[-122.4291989,37.769449],[-122.4291573,37.7694478],[-122.4291309,37.7694464],[-122.4290998,37.7694453],[-122.4290179,37.7694469],[-122.4289053,37.7694518],[-122.4289053,37.7694518],[-122.4287913,37.7694587],[-122.4286882,37.7694636],[-122.4271746,37.7695516],[-122.4271746,37.7695516],[-122.4264831,37.7695991],[-122.4263875,37.7696136],[-122.4262973,37.7696448],[-122.4262139,37.7696861],[-122.4261263,37.7697235],[-122.4261263,37.7697235],[-122.4254589,37.7701942],[-122.4245507,37.7709038],[-122.4245507,37.7709038],[-122.4232032,37.7719691],[-122.4228291,37.7722648],[-122.422668,37.7723921],[-122.4216219,37.7732193],[-122.4204854,37.7741178],[-122.4202834,37.7742775],[-122.4201699,37.7743672],[-122.419931,37.774556],[-122.4198179,37.7746455],[-122.4193457,37.775027],[-122.4188561,37.7754058],[-122.4173298,37.7766124],[-122.414399,37.7789422],[-122.4130305,37.7800293],[-122.4068922,37.7848631],[-122.405562,37.7859146],[-122.4011881,37.7893717],[-122.3983992,37.791576],[-122.3978634,37.7919995],[-122.3970947,37.792607],[-122.3968407,37.7928078],[-122.3965892,37.7930066],[-122.3965892,37.7930066],[-122.3959666,37.7934968],[-122.3957544,37.7936664],[-122.3957544,37.7936664],[-122.39466,37.7945319],[-122.39466,37.7945319],[-122.3945116,37.794638],[-122.3943351,37.7947126],[-122.394141,37.7947512],[-122.3939409,37.7947516],[-122.3937466,37.7947138],[-122.3935696,37.79464],[-122.3934204,37.7945346],[-122.3934204,37.7945346],[-122.3933041,37.7944296],[-122.3923181,37.7935225],[-122.3921315,37.7933582],[-122.3914961,37.7928219],[-122.3913848,37.7927221],[-122.3912821,37.7926167],[-122.3911887,37.792506],[-122.391105,37.7923906],[-122.3910312,37.7922709],[-122.3909679,37.7921477],[-122.3909152,37.7920213],[-122.3909152,37.7920213],[-122.3908572,37.7918704],[-122.3908033,37.791738],[-122.3907421,37.7916162],[-122.3906748,37.7914997],[-122.3906135,37.7913982],[-122.3905449,37.7913066],[-122.390453,37.7911952],[-122.3903681,37.7910921],[-122.3903681,37.7910921],[-122.3902745,37.7909914],[-122.3901725,37.7908927],[-122.3900716,37.7908062],[-122.3899728,37.7907316],[-122.3899312,37.7906929],[-122.3899312,37.7906929],[-122.3897501,37.7905462],[-122.3889368,37.7899008],[-122.388863,37.789843],[-122.388709,37.7897205],[-122.388667,37.7896852],[-122.3886357,37.7896525],[-122.3885337,37.7895545],[-122.3884444,37.7894526],[-122.3883994,37.7893999],[-122.3883328,37.7893067],[-122.388279,37.7892158],[-122.3882211,37.7891216],[-122.3881754,37.7890184],[-122.3881355,37.7889093],[-122.3880962,37.7887954],[-122.3879984,37.7884185],[-122.3879453,37.78821],[-122.3879159,37.7880773],[-122.3878969,37.7879557],[-122.3878771,37.787818],[-122.3878729,37.7876903],[-122.3878716,37.787567],[-122.3878771,37.7874243],[-122.3878945,37.7871903],[-122.3879009,37.7870888],[-122.3879084,37.7869884],[-122.3880815,37.7848528],[-122.388088,37.7847418],[-122.3880962,37.7846283],[-122.3881739,37.7836851],[-122.3881825,37.7835878],[-122.388192,37.783448],[-122.388194,37.7834234],[-122.3883127,37.7819164],[-122.3883225,37.7817889],[-122.3883295,37.7816846],[-122.3883325,37.781647],[-122.3883458,37.7815238],[-122.3883592,37.7814082],[-122.3883804,37.7813027],[-122.388404,37.7811991],[-122.3884383,37.7810956],[-122.3884785,37.7809991],[-122.3885263,37.7809025],[-122.388579,37.7808133],[-122.3886368,37.7807267],[-122.3887057,37.7806405],[-122.3887816,37.780556],[-122.3888586,37.7804804],[-122.3889498,37.7803956],[-122.3890391,37.7803191],[-122.3895062,37.7799451],[-122.3896058,37.7798641],[-122.3896719,37.7798111],[-122.3897018,37.7797876],[-122.3906402,37.7790503],[-122.3907858,37.7789317],[-122.3909984,37.7787639],[-122.391089,37.7786862],[-122.3911222,37.778659],[-122.3912442,37.7785606],[-122.3913965,37.778435],[-122.3915436,37.7783212],[-122.3917296,37.7781878],[-122.3917705,37.7781573],[-122.3918474,37.7780999],[-122.3919656,37.7780138],[-122.3920237,37.7779714],[-122.3921929,37.7778462],[-122.3923512,37.7777242],[-122.3929713,37.7772473],[-122.3933018,37.7769819],[-122.3937415,37.7766338],[-122.3938762,37.776527],[-122.3938762,37.776527],[-122.3939437,37.7764678],[-122.3940039,37.7764201],[-122.3940432,37.7763894],[-122.394101,37.7763443],[-122.394135,37.7763189],[-122.3942207,37.7762532],[-122.394375,37.776131],[-122.394375,37.776131],[-122.3945929,37.7759591],[-122.3945929,37.7759591],[-122.3949769,37.7756537]]}},{"type":"Feature","properties":{"id":"line-T","name":"Muni Metro T southbound: Chinatown-Rose Pak => Sunnydale","ref":"T","mode":"light_rail"},"geometry":{"type":"LineString","coordinates":[[-122.4081782,37.7951068],[-122.408088,37.7951182],[-122.4079661,37.7945099],[-122.408055,37.7944986],[-122.4081782,37.7951068],[-122.4064444,37.7865553],[-122.4065572,37.787123],[-122.4064685,37.787134],[-122.4063557,37.7865663],[-122.4064444,37.7865553],[-122.4019677,37.7826015],[-122.4014177,37.7821649],[-122.4013538,37.7822152],[-122.4019037,37.7826518],[-122.4019677,37.7826015],[-122.3971709,37.7788522],[-122.3967741,37.7785374],[-122.3967819,37.7785313],[-122.3967909,37.7785243],[-122.3967995,37.7785177],[-122.3968091,37.7785104],[-122.3972053,37.7788251],[-122.3971931,37.7788343],[-122.3971865,37.7788394],[-122.3971803,37.7788442],[-122.3971709,37.7788522],[-122.3934361,37.7758865],[-122.3934559,37.775871],[-122.3934757,37.7758554],[-122.3936128,37.7759644],[-122.3937323,37.7760593],[-122.3938349,37.7761408],[-122.3938214,37.7761515],[-122.3937684,37.7761093],[-122.3937634,37.7761132],[-122.3937565,37.7761186],[-122.39381,37.7761611],[-122.3937958,37.7761723],[-122.3936928,37.7760904],[-122.3935733,37.7759955],[-122.3934361,37.7758865],[-122.3897075,37.7726906],[-122.3896671,37.7722569],[-122.389699,37.7722551],[-122.3897393,37.7726888],[-122.3897295,37.7726893],[-122.3897075,37.7726906],[-122.3892609,37.7686304],[-122.3891753,37.7677505],[-122.3892037,37.7677488],[-122.3892307,37.7677472],[-122.3893163,37.768627],[-122.3892892,37.7686286],[-122.3892609,37.7686304],[-122.3888848,37.7640548],[-122.3889045,37.7640536],[-122.3889158,37.764053],[-122.3888745,37.7636203],[-122.3888435,37.7636221],[-122.3888848,37.7640548],[-122.3885489,37.7598053],[-122.3885768,37.7598037],[-122.3886174,37.7602391],[-122.3886075,37.7602397],[-122.3885895,37.7602407],[-122.3885489,37.7598053],[-122.3880583,37.7551128],[-122.3880459,37.7551135],[-122.3880307,37.7551145],[-122.3879895,37.754686],[-122.3880172,37.7546843],[-122.3880583,37.7551128],[-122.3875457,37.7492558],[-122.3875872,37.7496866],[-122.3876148,37.7496849],[-122.3875733,37.7492541],[-122.3875623,37.7492548],[-122.3875457,37.7492558],[-122.388073,37.742465],[-122.3882059,37.7420829],[-122.3882207,37.7420861],[-122.3882326,37.7420887],[-122.3880997,37.7424708],[-122.3880878,37.7424682],[-122.388073,37.742465],[-122.3889627,37.7397612],[-122.3889542,37.7397593],[-122.3889438,37.739757],[-122.3887896,37.7401927],[-122.3888103,37.7401973],[-122.3888515,37.7400808],[-122.3888598,37.7400827],[-122.3888704,37.740085],[-122.3890215,37.7396579],[-122.3890009,37.7396533],[-122.3889627,37.7397612],[-122.3896289,37.7378249],[-122.3897851,37.7373724],[-122.3898044,37.7373766],[-122.3898183,37.7373796],[-122.3898411,37.7373134],[-122.3898613,37.7373177],[-122.3897156,37.7377399],[-122.389699,37.7377364],[-122.3897262,37.7376574],[-122.3897163,37.7376552],[-122.3897062,37.7376531],[-122.3896457,37.7378286],[-122.3896289,37.7378249],[-122.3907522,37.7346767],[-122.3908079,37.7345152],[-122.3908168,37.7345172],[-122.3908279,37.7345196],[-122.3908033,37.7345908],[-122.3908199,37.7345943],[-122.3909714,37.7341545],[-122.3909479,37.7341495],[-122.3909231,37.7342213],[-122.3909111,37.7342187],[-122.3908933,37.7342148],[-122.3907354,37.7346731],[-122.3907522,37.7346767],[-122.3916255,37.7322092],[-122.3916022,37.7322763],[-122.3915788,37.7322712],[-122.3916928,37.7319434],[-122.3917384,37.7318124],[-122.3917551,37.731816],[-122.3917095,37.7319471],[-122.391719,37.7319491],[-122.3917296,37.7319514],[-122.391803,37.7317403],[-122.3918197,37.7317439],[-122.3917462,37.731955],[-122.3916556,37.7322157],[-122.3916372,37.7322117],[-122.3916255,37.7322092],[-122.3929112,37.728672],[-122.3929337,37.7286769],[-122.3927978,37.7290627],[-122.3927895,37.7290609],[-122.3927744,37.7290576],[-122.3929112,37.728672],[-122.3946047,37.7248458],[-122.3944264,37.7252357],[-122.3944414,37.7252399],[-122.3944525,37.7252431],[-122.3946307,37.7248533],[-122.3946197,37.7248501],[-122.3946047,37.7248458],[-122.3959621,37.7218328],[-122.3957965,37.7222],[-122.3958119,37.7222044],[-122.3958193,37.7222065],[-122.3959849,37.7218393],[-122.3959759,37.7218367],[-122.3959621,37.7218328],[-122.3979821,37.7182949],[-122.3980161,37.7183138],[-122.3977215,37.7186462],[-122.3977021,37.7186354],[-122.3976875,37.7186273],[-122.3979821,37.7182949],[-122.4022889,37.7122763],[-122.4021871,37.7123032],[-122.4021834,37.7122945],[-122.4021805,37.7122876],[-122.4022824,37.7122608],[-122.4022769,37.7122478],[-122.4017596,37.7123842],[-122.401768,37.7124041],[-122.4017771,37.7124258],[-122.4022944,37.7122893],[-122.4022889,37.7122763],[-122.4050095,37.7091677],[-122.4049873,37.7091613],[-122.4049648,37.7091549],[-122.404793,37.7095307],[-122.4048377,37.7095435],[-122.4050095,37.7091677],[-122.408071,37.7944958],[-122.4080374,37.7943291],[-122.4079389,37.7938495],[-122.4078219,37.7932728],[-122.4078219,37.7932728],[-122.4068833,37.7886446],[-122.4067023,37.787752],[-122.4067023,37.787752],[-122.4065743,37.7871207],[-122.4065021,37.7867592],[-122.4065021,37.7867592],[-122.406461,37.7865531],[-122.4064088,37.7862862],[-122.4063735,37.7861951],[-122.4063271,37.7861118],[-122.4062641,37.7860244],[-122.4061871,37.7859347],[-122.4061148,37.7858651],[-122.4060286,37.7858003],[-122.4059483,37.785749],[-122.405874,37.7857059],[-122.4057768,37.785644],[-122.4056938,37.785582],[-122.4053507,37.7853011],[-122.4053507,37.7853011],[-122.4019789,37.7825922],[-122.4019789,37.7825922],[-122.40143,37.7821554],[-122.4012272,37.7819963],[-122.4012272,37.7819963],[-122.3992508,37.7804454],[-122.3990185,37.780287],[-122.3990185,37.780287],[-122.3985086,37.779886],[-122.3985086,37.779886],[-122.3982939,37.7797171],[-122.3982939,37.7797171],[-122.3982671,37.7796969],[-122.3981004,37.7795614],[-122.3980085,37.7794897],[-122.3972106,37.7788107],[-122.396822,37.7785041],[-122.396822,37.7785041],[-122.3966771,37.7783876],[-122.3965786,37.7783119],[-122.3964823,37.7782416],[-122.3961633,37.7780191],[-122.3957201,37.7776685],[-122.3955288,37.7775149],[-122.3954685,37.7774672],[-122.3951045,37.7771787],[-122.3950192,37.7771108],[-122.394901,37.7770158],[-122.3942644,37.776508],[-122.3942644,37.776508],[-122.394232,37.7764756],[-122.3941529,37.7763963],[-122.394101,37.7763443],[-122.3940449,37.7762963],[-122.3939503,37.7762165],[-122.3939281,37.7761979],[-122.3939281,37.7761979],[-122.3938834,37.7761633],[-122.3935008,37.7758588],[-122.3934424,37.77581],[-122.3933729,37.7757559],[-122.3933197,37.7757135],[-122.3933029,37.7757],[-122.3932092,37.7756327],[-122.3929457,37.7754591],[-122.3928465,37.7753875],[-122.3927365,37.7752999],[-122.3926182,37.7752048],[-122.3926182,37.7752048],[-122.3921623,37.7748353],[-122.3921623,37.7748353],[-122.3918158,37.7745538],[-122.3917712,37.774521],[-122.3917164,37.7744911],[-122.3916927,37.7744808],[-122.3916511,37.774468],[-122.3916,37.7744562],[-122.3915838,37.7744527],[-122.3915332,37.7744456],[-122.3914989,37.7744426],[-122.3914186,37.7744439],[-122.3906099,37.7744953],[-122.3902176,37.7745171],[-122.3901497,37.7745179],[-122.3900848,37.7745079],[-122.390023,37.7744875],[-122.3900167,37.7744844],[-122.3900058,37.7744791],[-122.3899716,37.7744622],[-122.389945,37.7744418],[-122.3899378,37.7744362],[-122.3899287,37.7744293],[-122.3898907,37.7743875],[-122.3898648,37.7743396],[-122.389852,37.7742894],[-122.3898428,37.7742306],[-122.389775,37.7735865],[-122.38972,37.7730023],[-122.3897133,37.7729307],[-122.389706,37.7728626],[-122.3896527,37.7722879],[-122.3896322,37.7720738],[-122.3896193,37.7719384],[-122.389545,37.7711614],[-122.3895392,37.7711013],[-122.3895343,37.7710501],[-122.3895053,37.7707471],[-122.3894991,37.770682],[-122.3894944,37.7706323],[-122.3893372,37.7689528],[-122.3893384,37.7689053],[-122.3893443,37.7688268],[-122.389345,37.7687455],[-122.3892492,37.7677529],[-122.3892348,37.767619],[-122.3892289,37.7675647],[-122.3892183,37.7674754],[-122.3891904,37.7673336],[-122.3891816,37.76728],[-122.389158,37.7670263],[-122.3891503,37.7669194],[-122.3891354,37.7668],[-122.3890042,37.7654794],[-122.3889788,37.7652628],[-122.3889539,37.7650244],[-122.3889009,37.7644628],[-122.3888941,37.7643547],[-122.3888862,37.7642444],[-122.388828,37.7636313],[-122.3887977,37.7633082],[-122.3887812,37.7631342],[-122.3887721,37.7630493],[-122.3887664,37.7629795],[-122.3887585,37.7628623],[-122.3887542,37.762745],[-122.3887525,37.762648],[-122.3887313,37.7620326],[-122.3887256,37.761849],[-122.3887204,37.7617667],[-122.3887159,37.7616975],[-122.3887129,37.7616506],[-122.3886663,37.761251],[-122.3886059,37.7606302],[-122.3886022,37.7605759],[-122.3885966,37.7604926],[-122.3885911,37.7604233],[-122.388589,37.7603968],[-122.3885376,37.7598327],[-122.3883599,37.7580396],[-122.3883581,37.7580214],[-122.3883498,37.7579394],[-122.3883431,37.757872],[-122.3883389,37.7578303],[-122.3883107,37.7576373],[-122.3881562,37.7565715],[-122.3881302,37.7563565],[-122.388108,37.7561207],[-122.3880452,37.7554767],[-122.3880377,37.7553861],[-122.3880306,37.7552877],[-122.3880253,37.7552147],[-122.3879781,37.7547087],[-122.3879446,37.7544232],[-122.3879237,37.7542027],[-122.3879153,37.7541142],[-122.3879086,37.7540435],[-122.3879021,37.7539746],[-122.3878635,37.7535797],[-122.3878565,37.7534614],[-122.3878418,37.7531126],[-122.3878347,37.7530308],[-122.3878243,37.7529297],[-122.3878178,37.7528657],[-122.3878148,37.7528318],[-122.3878085,37.7527658],[-122.3878018,37.7526953],[-122.3877966,37.7526068],[-122.3877849,37.7525149],[-122.3877512,37.752299],[-122.3877333,37.7521799],[-122.3876772,37.7516479],[-122.3876686,37.7515636],[-122.3876615,37.7514875],[-122.3876511,37.7510051],[-122.3876466,37.7509121],[-122.3876343,37.7507427],[-122.3876289,37.7506142],[-122.3876201,37.7504633],[-122.3876177,37.7503735],[-122.3876163,37.7503202],[-122.3876131,37.7501942],[-122.3876103,37.7501209],[-122.387609,37.7500835],[-122.3876055,37.7499877],[-122.3875974,37.7499007],[-122.3875867,37.7498117],[-122.3875733,37.7497226],[-122.3875324,37.749278],[-122.3875151,37.7490978],[-122.3875079,37.7490221],[-122.3874993,37.7489341],[-122.3874106,37.7480229],[-122.3873797,37.7476785],[-122.3873797,37.7476785],[-122.3873679,37.7475223],[-122.3873679,37.7475223],[-122.3873415,37.7472378],[-122.3873415,37.7472378],[-122.3873252,37.7470759],[-122.3873252,37.7470759],[-122.3872983,37.746899],[-122.3872821,37.7467716],[-122.3872624,37.7465228],[-122.3872434,37.7463401],[-122.3872249,37.7462214],[-122.3872082,37.7461028],[-122.3871984,37.7460132],[-122.387141,37.7453872],[-122.3871376,37.7453127],[-122.3871392,37.7452365],[-122.3871425,37.7451653],[-122.3871506,37.7450925],[-122.3871572,37.7450362],[-122.3871641,37.744997],[-122.3871887,37.7449031],[-122.3872123,37.7448275],[-122.387667,37.7435486],[-122.3877054,37.7434424],[-122.3877078,37.7434357],[-122.3879168,37.7428449],[-122.3879546,37.7427457],[-122.3879706,37.7427007],[-122.3880052,37.742603],[-122.388191,37.7420772],[-122.3882122,37.7420173],[-122.3882381,37.7419273],[-122.3882653,37.7418436],[-122.3884809,37.7412272],[-122.3885149,37.7411264],[-122.3885541,37.7410236],[-122.388761,37.7404343],[-122.3887962,37.7403418],[-122.3888319,37.7402475],[-122.3890329,37.7396837],[-122.3890468,37.7396385],[-122.389075,37.7395586],[-122.3891099,37.739459],[-122.3893109,37.7388669],[-122.3893498,37.7387642],[-122.389388,37.738659],[-122.3894863,37.738382],[-122.3896108,37.7380756],[-122.3896426,37.7379969],[-122.3896828,37.7378952],[-122.3898741,37.7373423],[-122.3898872,37.737302],[-122.3899197,37.737201],[-122.3899528,37.7371047],[-122.390167,37.7364986],[-122.3901978,37.7364074],[-122.390228,37.7363103],[-122.3904516,37.7357145],[-122.3904789,37.7356247],[-122.390509,37.7355332],[-122.3907198,37.7349259],[-122.3907535,37.7348366],[-122.3907823,37.7347413],[-122.3909784,37.7341959],[-122.3909907,37.7341535],[-122.3910297,37.7340478],[-122.3910629,37.733954],[-122.3912598,37.733344],[-122.3912945,37.7332476],[-122.3913272,37.7331501],[-122.3915556,37.7325147],[-122.3915874,37.7324367],[-122.3916357,37.7323181],[-122.3918159,37.7318043],[-122.3918434,37.7317254],[-122.391881,37.7316126],[-122.3919127,37.7315173],[-122.3919904,37.7312435],[-122.392101,37.7309191],[-122.3921288,37.7308398],[-122.392201,37.7306385],[-122.3922163,37.7305892],[-122.3923758,37.730134],[-122.3924035,37.7300434],[-122.3924399,37.7299415],[-122.3926417,37.7293587],[-122.392679,37.7292611],[-122.3927205,37.7291539],[-122.3928917,37.7286713],[-122.3929073,37.728622],[-122.3929454,37.728516],[-122.3929842,37.7284144],[-122.3932082,37.7278587],[-122.3932599,37.7277482],[-122.3933079,37.7276529],[-122.3934986,37.727223],[-122.3935503,37.727111],[-122.3935561,37.7270964],[-122.3936006,37.7269961],[-122.3936361,37.7269113],[-122.3937098,37.7267549],[-122.3938808,37.7263876],[-122.3939333,37.7262652],[-122.3939651,37.7261946],[-122.3942395,37.7255915],[-122.3942819,37.7255059],[-122.39429,37.7254901],[-122.394328,37.72542],[-122.3945832,37.7248553],[-122.3946075,37.7248047],[-122.3946441,37.7247116],[-122.3946835,37.7246191],[-122.3949337,37.7240416],[-122.3949789,37.7239497],[-122.3950157,37.7238656],[-122.3952744,37.7232926],[-122.395312,37.723206],[-122.3953589,37.7231128],[-122.3956357,37.7225018],[-122.3956818,37.7224107],[-122.3957109,37.7223498],[-122.3959472,37.7218281],[-122.3959636,37.7217895],[-122.3959979,37.7217095],[-122.3960345,37.7216307],[-122.3963008,37.7210453],[-122.3963407,37.7209455],[-122.3965892,37.7203723],[-122.3965892,37.7203723],[-122.3966121,37.7203288],[-122.3966592,37.720237],[-122.3967285,37.7201132],[-122.3967657,37.720043],[-122.3968179,37.7199249],[-122.3968787,37.7197631],[-122.3969121,37.7196652],[-122.3969511,37.7195689],[-122.3969914,37.7194898],[-122.3970469,37.7194007],[-122.3970921,37.7193414],[-122.3971665,37.7192453],[-122.3972511,37.7191501],[-122.3974315,37.7189707],[-122.3974833,37.7189195],[-122.3975371,37.7188668],[-122.3976217,37.7187881],[-122.3980245,37.7183317],[-122.3981025,37.7182462],[-122.3982079,37.7181121],[-122.3982753,37.7179921],[-122.3983246,37.7178854],[-122.3983648,37.7177514],[-122.3983768,37.717645],[-122.3983862,37.7175218],[-122.3983808,37.7173891],[-122.3983326,37.7168797],[-122.398316,37.7167411],[-122.3983208,37.7166392],[-122.3983231,37.716556],[-122.3983231,37.716556],[-122.398344,37.7164124],[-122.3983857,37.7162884],[-122.3984368,37.7161455],[-122.3987192,37.715577],[-122.3987621,37.7154946],[-122.3988259,37.7154048],[-122.3988259,37.7154048],[-122.3988974,37.7153152],[-122.3989302,37.7152741],[-122.398962,37.7152276],[-122.3989719,37.7152151],[-122.3990562,37.7151048],[-122.3991155,37.7150256],[-122.3991718,37.7149306],[-122.3992187,37.7148346],[-122.3992977,37.7146607],[-122.3993432,37.7145782],[-122.3993837,37.7144986],[-122.3994321,37.7144245],[-122.3994843,37.7143513],[-122.3995409,37.714281],[-122.3996098,37.7142099],[-122.3997469,37.7140788],[-122.399898,37.7139205],[-122.400761,37.71303],[-122.4008804,37.7129077],[-122.4010194,37.7127664],[-122.4011442,37.7126822],[-122.4012922,37.7126037],[-122.4014817,37.7125222],[-122.401556,37.7124991],[-122.4016433,37.7124751],[-122.4022742,37.7123123],[-122.4024171,37.7122726],[-122.4025825,37.712226],[-122.4027034,37.7121884],[-122.4027754,37.7121591],[-122.4028494,37.7121245],[-122.4029675,37.7120584],[-122.4030966,37.7119685],[-122.4032015,37.7118719],[-122.4032826,37.7117791],[-122.403351,37.7116899],[-122.4036663,37.711261],[-122.4037239,37.711184],[-122.4037706,37.7111262],[-122.4039435,37.7108894],[-122.4042124,37.7105003],[-122.4042733,37.7104236],[-122.4043303,37.7103518],[-122.4045657,37.7100295],[-122.4046512,37.7099134],[-122.4047373,37.7097798],[-122.4047997,37.7096684],[-122.4048544,37.7095517],[-122.4050225,37.7091805]]}},{"type":"Feature","properties":{"id":"line-K","name":"Muni Metro K inbound: Balboa Park => Embarcadero","ref":"K","mode":"light_rail"},"geometry":{"type":"LineString","coordinates":[[-122.4462338,37.721387],[-122.4460889,37.7215616],[-122.4460948,37.7215646],[-122.4461121,37.7215736],[-122.4462569,37.721399],[-122.4462425,37.7213916],[-122.4462338,37.721387],[-122.4508663,37.7230246],[-122.4508346,37.7230246],[-122.4508346,37.7230443],[-122.4508663,37.7230442],[-122.4508663,37.7230359],[-122.4508663,37.7230246],[-122.4514824,37.7230242],[-122.4509342,37.7230254],[-122.4509343,37.7230358],[-122.4509343,37.7230436],[-122.4510648,37.7230433],[-122.4513496,37.7230427],[-122.4514824,37.7230424],[-122.4514824,37.7230326],[-122.4514824,37.7230242],[-122.4533645,37.7233325],[-122.4533581,37.7233531],[-122.4533823,37.7233577],[-122.4533841,37.7233519],[-122.4533886,37.7233372],[-122.4533645,37.7233325],[-122.4539617,37.723455],[-122.4536921,37.7233994],[-122.4534882,37.7233573],[-122.4534812,37.7233784],[-122.4534794,37.7233838],[-122.4536833,37.7234259],[-122.4539554,37.7234739],[-122.4539588,37.7234636],[-122.4539617,37.723455],[-122.4578604,37.7242905],[-122.4578644,37.724279],[-122.4580494,37.7243188],[-122.4580472,37.7243254],[-122.458044,37.7243347],[-122.4579392,37.7243121],[-122.4578604,37.7242905],[-122.4604703,37.7248301],[-122.4604664,37.7248424],[-122.4604637,37.7248505],[-122.4604879,37.7248553],[-122.4604902,37.7248482],[-122.4604944,37.7248349],[-122.4604703,37.7248301],[-122.4605204,37.7248615],[-122.4604933,37.7248559],[-122.4604955,37.7248492],[-122.4604998,37.7248364],[-122.4610937,37.72496],[-122.461091,37.7249682],[-122.4610884,37.7249759],[-122.460583,37.7248707],[-122.4605204,37.7248615],[-122.4639348,37.7259693],[-122.4639439,37.7259546],[-122.4641161,37.7260204],[-122.4641115,37.7260278],[-122.464107,37.7260352],[-122.4639348,37.7259693],[-122.4664395,37.7270819],[-122.4665742,37.7271876],[-122.4665674,37.727193],[-122.4665596,37.7271993],[-122.4664249,37.7270936],[-122.4664395,37.7270819],[-122.4675652,37.7281294],[-122.4676596,37.7282607],[-122.4676511,37.7282645],[-122.4676415,37.7282689],[-122.4675472,37.7281375],[-122.4675652,37.7281294],[-122.4690723,37.7298949],[-122.4692445,37.7299673],[-122.4692413,37.7299721],[-122.469238,37.7299769],[-122.4690658,37.7299046],[-122.4690723,37.7298949],[-122.4717306,37.731188],[-122.4717353,37.7312288],[-122.4717366,37.7312585],[-122.4717165,37.7316393],[-122.4717012,37.7316388],[-122.4716957,37.7316387],[-122.4717195,37.7311875],[-122.4717242,37.7311877],[-122.4717306,37.731188],[-122.4716887,37.7317505],[-122.4716878,37.7317716],[-122.4717127,37.7317722],[-122.4717136,37.7317511],[-122.4716969,37.7317507],[-122.4716887,37.7317505],[-122.4711569,37.7355196],[-122.4713958,37.7351103],[-122.4714115,37.7351161],[-122.4714209,37.7351195],[-122.4711821,37.7355288],[-122.4711679,37.7355236],[-122.4711569,37.7355196],[-122.4710942,37.7356352],[-122.4710821,37.7356559],[-122.4711029,37.7356635],[-122.471115,37.7356428],[-122.4711012,37.7356378],[-122.4710942,37.7356352],[-122.4692522,37.7377971],[-122.4691194,37.7379072],[-122.4691111,37.7379009],[-122.4691044,37.7378958],[-122.4692241,37.7377967],[-122.4692324,37.7377927],[-122.4692432,37.7377932],[-122.4692522,37.7377971],[-122.4654142,37.7413577],[-122.4651387,37.7416932],[-122.4651155,37.7416813],[-122.4653911,37.7413456],[-122.4654142,37.7413577],[-122.4594176,37.7477],[-122.4594364,37.7477161],[-122.4587145,37.7482433],[-122.4586957,37.7482272],[-122.4594176,37.7477],[-122.4344538,37.7630829],[-122.4346535,37.7629322],[-122.4348535,37.762794],[-122.43505,37.7626751],[-122.4352561,37.7625604],[-122.4352721,37.7625783],[-122.4350664,37.7626928],[-122.4348711,37.762811],[-122.4346722,37.7629484],[-122.4344729,37.7630987],[-122.4344538,37.7630829],[-122.4299187,37.7666784],[-122.4299373,37.7666932],[-122.4292014,37.7672733],[-122.4291828,37.7672586],[-122.4299187,37.7666784],[-122.4196205,37.7748864],[-122.4193432,37.7751063],[-122.4188849,37.7754667],[-122.4188433,37.7754337],[-122.4195789,37.7748534],[-122.4196205,37.7748864],[-122.4130848,37.7800669],[-122.413158,37.7800074],[-122.4131345,37.7799887],[-122.4131562,37.7799716],[-122.4132398,37.7799058],[-122.4132628,37.7798877],[-122.413286,37.7799062],[-122.4133376,37.7798665],[-122.4133137,37.7798476],[-122.4135549,37.7796573],[-122.4135782,37.7796757],[-122.4135931,37.7796639],[-122.4135699,37.7796455],[-122.4136982,37.7795443],[-122.413721,37.7795626],[-122.4137677,37.7795255],[-122.4137449,37.7795075],[-122.4139861,37.7793172],[-122.4140083,37.7793347],[-122.414063,37.7792908],[-122.4140411,37.7792734],[-122.414065,37.7792546],[-122.4141487,37.7791887],[-122.4141694,37.7791724],[-122.4141909,37.7791894],[-122.4143118,37.7790941],[-122.4143029,37.7790869],[-122.4142905,37.779077],[-122.4144185,37.778976],[-122.4144397,37.7789927],[-122.4144526,37.7789825],[-122.4144109,37.7789496],[-122.4130431,37.7800339],[-122.41306,37.7800473],[-122.4130848,37.7800669],[-122.4069498,37.7849016],[-122.4071306,37.7847588],[-122.407111,37.7847433],[-122.407352,37.7845529],[-122.4073717,37.7845685],[-122.4075523,37.7844258],[-122.4075324,37.7844101],[-122.4077735,37.7842196],[-122.4077935,37.7842354],[-122.4078782,37.7841684],[-122.4078728,37.7841641],[-122.4078582,37.7841526],[-122.4079866,37.7840511],[-122.4080067,37.7840669],[-122.4080528,37.7840304],[-122.4080108,37.7839973],[-122.4069082,37.7848687],[-122.4069376,37.784892],[-122.4069498,37.7849016],[-122.402284,37.7885892],[-122.402241,37.7885552],[-122.4011944,37.7893818],[-122.4012286,37.7894088],[-122.4012379,37.7894161],[-122.4014098,37.7892804],[-122.4013883,37.7892634],[-122.4016415,37.7890634],[-122.4016629,37.7890803],[-122.4018018,37.7889705],[-122.4017807,37.7889538],[-122.4020291,37.7887577],[-122.40205,37.7887742],[-122.4021054,37.7887305],[-122.4020996,37.7887259],[-122.4020846,37.7887141],[-122.4022286,37.7886003],[-122.4022493,37.7886167],[-122.402284,37.7885892],[-122.3971426,37.7926201],[-122.3977088,37.7921742],[-122.3976867,37.7921567],[-122.3959729,37.7935077],[-122.3959942,37.7935245],[-122.3965836,37.7930603],[-122.3966043,37.7930768],[-122.3967343,37.7929745],[-122.3967135,37.792958],[-122.3968204,37.7928739],[-122.3968413,37.7928904],[-122.3968767,37.7928625],[-122.3968917,37.7928507],[-122.3969057,37.7928397],[-122.3969414,37.7928118],[-122.3969204,37.7927951],[-122.3970239,37.7927136],[-122.3970446,37.7927299],[-122.3971631,37.7926363],[-122.3971426,37.7926201],[-122.4461266,37.721576],[-122.4459128,37.7218358],[-122.4458436,37.7219235],[-122.4458436,37.7219235],[-122.4453143,37.7225488],[-122.4452936,37.7225732],[-122.4452782,37.7225999],[-122.4452686,37.7226283],[-122.4452649,37.7226575],[-122.4452673,37.7226868],[-122.4452756,37.7227154],[-122.4452898,37.7227426],[-122.4453094,37.7227676],[-122.4453338,37.7227897],[-122.4453625,37.7228083],[-122.4453946,37.722823],[-122.4454294,37.7228334],[-122.4454658,37.7228391],[-122.4455029,37.7228401],[-122.446545,37.7228322],[-122.4466619,37.7228297],[-122.4466619,37.7228297],[-122.4467438,37.7228347],[-122.4468025,37.7228515],[-122.4468855,37.7228829],[-122.4469852,37.7229199],[-122.4470094,37.7229278],[-122.4471096,37.7229699],[-122.447136,37.7229811],[-122.4471848,37.7229993],[-122.4472082,37.7230059],[-122.4472367,37.7230114],[-122.4473385,37.723011],[-122.4473385,37.723011],[-122.4473675,37.7230109],[-122.4473675,37.7230109],[-122.4482158,37.7230079],[-122.4482158,37.7230079],[-122.4483354,37.7230063],[-122.4484858,37.7230031],[-122.4487322,37.7229944],[-122.4488653,37.7229914],[-122.4494683,37.7229893],[-122.4495674,37.7229891],[-122.4496488,37.722989],[-122.4497538,37.722988],[-122.4498121,37.7229874],[-122.4505267,37.7230047],[-122.4507456,37.7230114],[-122.4508655,37.7230118],[-122.4514431,37.7230133],[-122.4515236,37.7230131],[-122.4516058,37.7230129],[-122.4516769,37.7230153],[-122.4518397,37.7230162],[-122.4519532,37.7230261],[-122.4520662,37.7230456],[-122.4523186,37.7230942],[-122.4524783,37.7231267],[-122.4529582,37.7232263],[-122.4531185,37.7232619],[-122.453394,37.7233193],[-122.4536282,37.7233664],[-122.4539511,37.7234326],[-122.4539925,37.7234416],[-122.4540849,37.7234608],[-122.4541122,37.7234665],[-122.4542243,37.7234899],[-122.4545452,37.7235575],[-122.4550224,37.723657],[-122.4551458,37.7236827],[-122.4552698,37.7237088],[-122.4553386,37.7237234],[-122.4560331,37.7238698],[-122.4561633,37.7238972],[-122.4565388,37.7239794],[-122.4566128,37.7239956],[-122.4570592,37.7240933],[-122.457323,37.7241509],[-122.4573423,37.724155],[-122.4573881,37.7241646],[-122.458026,37.7242996],[-122.4580785,37.72431],[-122.4581755,37.7243303],[-122.4582137,37.7243383],[-122.4583276,37.7243624],[-122.4584098,37.72438],[-122.4590803,37.7245197],[-122.4591821,37.7245409],[-122.4592963,37.7245657],[-122.4596652,37.7246459],[-122.4599793,37.7247141],[-122.460088,37.7247378],[-122.4602611,37.7247743],[-122.4604978,37.7248242],[-122.461084,37.7249481],[-122.4611199,37.7249555],[-122.4611893,37.7249698],[-122.4612226,37.7249767],[-122.4613391,37.7250065],[-122.4613834,37.7250178],[-122.4615375,37.7250613],[-122.4617761,37.7251368],[-122.4620163,37.7252177],[-122.4621402,37.7252586],[-122.4622292,37.7252879],[-122.4623224,37.7253206],[-122.462411,37.7253516],[-122.4628281,37.7255102],[-122.4632146,37.7256576],[-122.4635331,37.7257815],[-122.4638343,37.7258986],[-122.4641197,37.7260088],[-122.4641413,37.7260168],[-122.4641968,37.7260372],[-122.4642108,37.7260424],[-122.4642948,37.7260741],[-122.4643811,37.7261067],[-122.4645554,37.726169],[-122.4649414,37.7263001],[-122.4652487,37.7264092],[-122.4653131,37.7264321],[-122.4654526,37.7264835],[-122.4655854,37.7265356],[-122.4656995,37.726587],[-122.4658207,37.7266465],[-122.4659538,37.7267178],[-122.4660839,37.7267971],[-122.4661275,37.726827],[-122.4661826,37.7268647],[-122.4662691,37.7269289],[-122.4665787,37.7271782],[-122.4666005,37.7271949],[-122.4666423,37.7272269],[-122.4666566,37.7272379],[-122.4667224,37.7272894],[-122.4668134,37.7273612],[-122.466916,37.7274439],[-122.4670319,37.7275398],[-122.4671303,37.7276266],[-122.4672087,37.7276985],[-122.4672836,37.7277717],[-122.4673019,37.7277906],[-122.4673606,37.7278513],[-122.4674296,37.727928],[-122.4674947,37.728004],[-122.4675569,37.7280839],[-122.4676124,37.7281673],[-122.4676663,37.7282436],[-122.4676814,37.728266],[-122.4677139,37.7283143],[-122.467725,37.7283307],[-122.4677673,37.7284015],[-122.4677928,37.7284441],[-122.4678561,37.7285552],[-122.4679185,37.7286744],[-122.4679875,37.7288021],[-122.4680507,37.7289226],[-122.4680779,37.7289735],[-122.468121,37.7290543],[-122.4681744,37.7291536],[-122.4682138,37.7292211],[-122.4682473,37.7292669],[-122.4682947,37.7293288],[-122.4683207,37.7293592],[-122.4683543,37.7293983],[-122.4684087,37.7294546],[-122.4684707,37.7295104],[-122.4685375,37.729564],[-122.4686163,37.7296239],[-122.4686961,37.7296737],[-122.4687716,37.7297187],[-122.4688267,37.7297506],[-122.4688629,37.7297716],[-122.4689546,37.7298226],[-122.4690467,37.7298682],[-122.4692359,37.7299505],[-122.4692676,37.7299642],[-122.4693132,37.7299838],[-122.469336,37.7299936],[-122.4694122,37.7300254],[-122.4694735,37.7300509],[-122.4697199,37.7301541],[-122.4700486,37.7302894],[-122.4701193,37.7303185],[-122.470204,37.7303579],[-122.4705909,37.7305206],[-122.4707235,37.7305778],[-122.4708491,37.7306332],[-122.4715182,37.7309308],[-122.4715182,37.7309308],[-122.471551,37.7309459],[-122.4715789,37.7309616],[-122.4716036,37.7309771],[-122.4716275,37.730994],[-122.4716471,37.7310093],[-122.4716679,37.7310284],[-122.4716732,37.7310348],[-122.4716817,37.7310446],[-122.4717,37.7310682],[-122.4717186,37.7310964],[-122.471737,37.7311306],[-122.471748,37.7311565],[-122.4717567,37.7311867],[-122.4717613,37.7312178],[-122.4717636,37.7312469],[-122.4717631,37.7312731],[-122.4717536,37.7314323],[-122.4717418,37.7316428],[-122.4717353,37.7317754],[-122.4717059,37.7323097],[-122.4716831,37.7327492],[-122.4716731,37.7329401],[-122.4716248,37.7338298],[-122.4716153,37.734007],[-122.4716067,37.7341378],[-122.4715997,37.7342177],[-122.4715934,37.7342946],[-122.4715876,37.7343805],[-122.4715831,37.734465],[-122.471578,37.7345691],[-122.4715701,37.7346889],[-122.4715644,37.734802],[-122.471563,37.7348234],[-122.47156,37.7348497],[-122.4715557,37.7348772],[-122.4715501,37.7349046],[-122.4715434,37.7349298],[-122.4715339,37.7349584],[-122.4715194,37.7349931],[-122.471504,37.7350233],[-122.471504,37.7350233],[-122.4714668,37.7350867],[-122.4712066,37.7355359],[-122.471122,37.7356795],[-122.4710689,37.7357539],[-122.4710188,37.7358446],[-122.4709265,37.7360343],[-122.4709002,37.7360887],[-122.4708381,37.7361923],[-122.4707753,37.736294],[-122.4707201,37.7363776],[-122.4706691,37.7364516],[-122.4706098,37.7365324],[-122.4705667,37.7365897],[-122.4705234,37.7366455],[-122.4704376,37.7367451],[-122.4703481,37.7368459],[-122.4702589,37.7369389],[-122.4701721,37.7370244],[-122.4700848,37.7371101],[-122.4699931,37.7371912],[-122.469141,37.7379037],[-122.4691087,37.7379304],[-122.4690453,37.7379829],[-122.4689872,37.7380309],[-122.467957,37.7389015],[-122.4670591,37.7396568],[-122.4669821,37.7397217],[-122.466919,37.7397748],[-122.4668227,37.7398564],[-122.4667108,37.739955],[-122.4666198,37.7400398],[-122.4664995,37.7401473],[-122.4663841,37.7402585],[-122.4662585,37.7403882],[-122.4661308,37.740526],[-122.466026,37.7406427],[-122.4659257,37.740761],[-122.4658961,37.7407952],[-122.4658181,37.7408891],[-122.4657196,37.7410058],[-122.4657196,37.7410058],[-122.4656937,37.7410395],[-122.4656702,37.74107],[-122.4654263,37.7413639],[-122.4654263,37.7413639],[-122.4652846,37.7415351],[-122.4652846,37.7415351],[-122.4648945,37.7420014],[-122.4620611,37.7453792],[-122.4615251,37.7459473],[-122.4609587,37.7464702],[-122.4604002,37.7469521],[-122.459814,37.7474332],[-122.4594481,37.7477261],[-122.4587263,37.7482533],[-122.4584806,37.7484215],[-122.4584638,37.748433],[-122.4584435,37.7484469],[-122.4569342,37.7494802],[-122.4553867,37.7505467],[-122.4540408,37.7514743],[-122.449529,37.7545836],[-122.4453505,37.7574632],[-122.440614,37.7607272],[-122.4404289,37.7608522],[-122.4402261,37.7609845],[-122.4400282,37.7611035],[-122.4398208,37.761217],[-122.4396082,37.7613248],[-122.4393872,37.7614277],[-122.4391822,37.7615025],[-122.4389494,37.7615704],[-122.4387492,37.7616197],[-122.4385512,37.7616633],[-122.438037,37.7617586],[-122.438037,37.7617586],[-122.4368392,37.7619707],[-122.4368392,37.7619707],[-122.4366437,37.7620106],[-122.4364495,37.762055],[-122.4364495,37.762055],[-122.4363016,37.7621044],[-122.436168,37.7621561],[-122.4360244,37.7622205],[-122.4356906,37.7623824],[-122.4354813,37.762486],[-122.4352829,37.7625891],[-122.4352829,37.7625891],[-122.4350766,37.7627039],[-122.434882,37.7628216],[-122.4346838,37.7629585],[-122.4344844,37.763109],[-122.4334929,37.7639001],[-122.432189,37.7649329],[-122.4321283,37.7649802],[-122.4318067,37.7652334],[-122.4292486,37.7672568],[-122.4274684,37.7686722],[-122.4262839,37.7696],[-122.4261263,37.7697235],[-122.4261263,37.7697235],[-122.4254589,37.7701942],[-122.4245507,37.7709038],[-122.4245507,37.7709038],[-122.4232032,37.7719691],[-122.4228291,37.7722648],[-122.422668,37.7723921],[-122.4216219,37.7732193],[-122.4204854,37.7741178],[-122.4202834,37.7742775],[-122.4201699,37.7743672],[-122.419931,37.774556],[-122.4198179,37.7746455],[-122.4193457,37.775027],[-122.4188561,37.7754058],[-122.4173298,37.7766124],[-122.414399,37.7789422],[-122.4130305,37.7800293],[-122.4068922,37.7848631],[-122.405562,37.7859146],[-122.4011881,37.7893717],[-122.3983992,37.791576],[-122.3978634,37.7919995],[-122.3970947,37.792607],[-122.3968407,37.7928078],[-122.3965892,37.7930066]]}},{"type":"Feature","properties":{"id":"line-M","name":"Muni Metro M inbound: Balboa Park => Embarcadero","ref":"M","mode":"light_rail"},"geometry":{"type":"LineString","coordinates":[[-122.4469126,37.7204421],[-122.4469053,37.7204382],[-122.4468955,37.720433],[-122.4470449,37.7202559],[-122.447062,37.7202649],[-122.4469126,37.7204421],[-122.4470449,37.7202559],[-122.4470592,37.7202389],[-122.4470764,37.7202479],[-122.447062,37.7202649],[-122.4470449,37.7202559],[-122.4484799,37.7185552],[-122.4484667,37.7185425],[-122.4486366,37.718432],[-122.4486428,37.718438],[-122.4486498,37.7184447],[-122.4484799,37.7185552],[-122.4503596,37.7163064],[-122.4503422,37.7162974],[-122.45036,37.7162759],[-122.4503687,37.7162804],[-122.4503774,37.7162849],[-122.4503596,37.7163064],[-122.4521634,37.7142038],[-122.4521467,37.7141941],[-122.4522022,37.7141341],[-122.4522113,37.7141394],[-122.4522189,37.7141438],[-122.4521634,37.7142038],[-122.4558473,37.7132358],[-122.4558478,37.7132779],[-122.4558684,37.7132777],[-122.4558684,37.7132713],[-122.455868,37.7132356],[-122.4558473,37.7132358],[-122.4558708,37.7132355],[-122.4559508,37.713235],[-122.455951,37.7132497],[-122.4559511,37.7132624],[-122.4558711,37.7132629],[-122.4558708,37.7132355],[-122.4672996,37.7143085],[-122.4673225,37.7143083],[-122.4673228,37.7143401],[-122.4672999,37.7143403],[-122.4672998,37.7143332],[-122.4672996,37.7143085],[-122.4751941,37.7213914],[-122.4751648,37.721891],[-122.4752132,37.7218928],[-122.4752425,37.7213932],[-122.4752321,37.7213928],[-122.4752181,37.7213923],[-122.4752028,37.7213917],[-122.4751941,37.7213914],[-122.474863,37.7276389],[-122.4749188,37.7276408],[-122.4749428,37.727206],[-122.4749393,37.7272059],[-122.4749283,37.7272055],[-122.4749146,37.727205],[-122.4748985,37.7272045],[-122.4748871,37.7272041],[-122.474863,37.7276389],[-122.4743592,37.7310153],[-122.4743655,37.7310174],[-122.474372,37.7310194],[-122.4744255,37.7309147],[-122.4744785,37.7308007],[-122.4744655,37.7307969],[-122.4744126,37.7309108],[-122.4743592,37.7310153],[-122.4738087,37.7318112],[-122.474095,37.7314406],[-122.4740832,37.7314349],[-122.4737969,37.7318055],[-122.4738027,37.7318083],[-122.4738087,37.7318112],[-122.4711569,37.7355196],[-122.4713958,37.7351103],[-122.4714115,37.7351161],[-122.4714209,37.7351195],[-122.4711821,37.7355288],[-122.4711679,37.7355236],[-122.4711569,37.7355196],[-122.4710942,37.7356352],[-122.4710821,37.7356559],[-122.4711029,37.7356635],[-122.471115,37.7356428],[-122.4711012,37.7356378],[-122.4710942,37.7356352],[-122.4692522,37.7377971],[-122.4691194,37.7379072],[-122.4691111,37.7379009],[-122.4691044,37.7378958],[-122.4692241,37.7377967],[-122.4692324,37.7377927],[-122.4692432,37.7377932],[-122.4692522,37.7377971],[-122.4654142,37.7413577],[-122.4651387,37.7416932],[-122.4651155,37.7416813],[-122.4653911,37.7413456],[-122.4654142,37.7413577],[-122.4594176,37.7477],[-122.4594364,37.7477161],[-122.4587145,37.7482433],[-122.4586957,37.7482272],[-122.4594176,37.7477],[-122.4344538,37.7630829],[-122.4346535,37.7629322],[-122.4348535,37.762794],[-122.43505,37.7626751],[-122.4352561,37.7625604],[-122.4352721,37.7625783],[-122.4350664,37.7626928],[-122.4348711,37.762811],[-122.4346722,37.7629484],[-122.4344729,37.7630987],[-122.4344538,37.7630829],[-122.4299187,37.7666784],[-122.4299373,37.7666932],[-122.4292014,37.7672733],[-122.4291828,37.7672586],[-122.4299187,37.7666784],[-122.4196205,37.7748864],[-122.4193432,37.7751063],[-122.4188849,37.7754667],[-122.4188433,37.7754337],[-122.4195789,37.7748534],[-122.4196205,37.7748864],[-122.4130848,37.7800669],[-122.413158,37.7800074],[-122.4131345,37.7799887],[-122.4131562,37.7799716],[-122.4132398,37.7799058],[-122.4132628,37.7798877],[-122.413286,37.7799062],[-122.4133376,37.7798665],[-122.4133137,37.7798476],[-122.4135549,37.7796573],[-122.4135782,37.7796757],[-122.4135931,37.7796639],[-122.4135699,37.7796455],[-122.4136982,37.7795443],[-122.413721,37.7795626],[-122.4137677,37.7795255],[-122.4137449,37.7795075],[-122.4139861,37.7793172],[-122.4140083,37.7793347],[-122.414063,37.7792908],[-122.4140411,37.7792734],[-122.414065,37.7792546],[-122.4141487,37.7791887],[-122.4141694,37.7791724],[-122.4141909,37.7791894],[-122.4143118,37.7790941],[-122.4143029,37.7790869],[-122.4142905,37.779077],[-122.4144185,37.778976],[-122.4144397,37.7789927],[-122.4144526,37.7789825],[-122.4144109,37.7789496],[-122.4130431,37.7800339],[-122.41306,37.7800473],[-122.4130848,37.7800669],[-122.4069498,37.7849016],[-122.4071306,37.7847588],[-122.407111,37.7847433],[-122.407352,37.7845529],[-122.4073717,37.7845685],[-122.4075523,37.7844258],[-122.4075324,37.7844101],[-122.4077735,37.7842196],[-122.4077935,37.7842354],[-122.4078782,37.7841684],[-122.4078728,37.7841641],[-122.4078582,37.7841526],[-122.4079866,37.7840511],[-122.4080067,37.7840669],[-122.4080528,37.7840304],[-122.4080108,37.7839973],[-122.4069082,37.7848687],[-122.4069376,37.784892],[-122.4069498,37.7849016],[-122.402284,37.7885892],[-122.402241,37.7885552],[-122.4011944,37.7893818],[-122.4012286,37.7894088],[-122.4012379,37.7894161],[-122.4014098,37.7892804],[-122.4013883,37.7892634],[-122.4016415,37.7890634],[-122.4016629,37.7890803],[-122.4018018,37.7889705],[-122.4017807,37.7889538],[-122.4020291,37.7887577],[-122.40205,37.7887742],[-122.4021054,37.7887305],[-122.4020996,37.7887259],[-122.4020846,37.7887141],[-122.4022286,37.7886003],[-122.4022493,37.7886167],[-122.402284,37.7885892],[-122.3971426,37.7926201],[-122.3977088,37.7921742],[-122.3976867,37.7921567],[-122.3959729,37.7935077],[-122.3959942,37.7935245],[-122.3965836,37.7930603],[-122.3966043,37.7930768],[-122.3967343,37.7929745],[-122.3967135,37.792958],[-122.3968204,37.7928739],[-122.3968413,37.7928904],[-122.3968767,37.7928625],[-122.3968917,37.7928507],[-122.3969057,37.7928397],[-122.3969414,37.7928118],[-122.3969204,37.7927951],[-122.3970239,37.7927136],[-122.3970446,37.7927299],[-122.3971631,37.7926363],[-122.3971426,37.7926201],[-122.4470327,37.7202485],[-122.447047,37.7202317],[-122.447047,37.7202317],[-122.4470951,37.7201756],[-122.4471523,37.7201069],[-122.44739,37.7198218],[-122.4475035,37.7196845],[-122.4475547,37.7196235],[-122.4475928,37.7195657],[-122.4476312,37.719508],[-122.4476353,37.7195018],[-122.4476608,37.719462],[-122.4476731,37.7194426],[-122.4478711,37.7191383],[-122.4479731,37.7189783],[-122.4480065,37.7189297],[-122.4480405,37.7188849],[-122.4480813,37.7188381],[-122.4481125,37.7188041],[-122.4481476,37.7187683],[-122.4481927,37.7187265],[-122.4481927,37.7187265],[-122.4482368,37.7186897],[-122.4482851,37.7186528],[-122.448343,37.718612],[-122.4483971,37.7185767],[-122.4486158,37.7184369],[-122.4486424,37.7184201],[-122.4486669,37.7184039],[-122.4486907,37.7183877],[-122.4487183,37.7183685],[-122.448746,37.718348],[-122.4487715,37.7183286],[-122.4487715,37.7183286],[-122.4487995,37.7183058],[-122.4488283,37.718281],[-122.4488592,37.7182528],[-122.4489063,37.7182012],[-122.4489606,37.7181346],[-122.4490155,37.7180657],[-122.4490623,37.7179945],[-122.4491106,37.7179112],[-122.4492822,37.7175899],[-122.4493249,37.7175208],[-122.4493713,37.7174439],[-122.4494243,37.7173675],[-122.4494833,37.7172898],[-122.4495438,37.7172162],[-122.4499204,37.7167677],[-122.4499716,37.7167072],[-122.450343,37.7162681],[-122.4503577,37.7162516],[-122.4504001,37.7162028],[-122.4504174,37.7161829],[-122.4504765,37.7161124],[-122.4509692,37.715525],[-122.45159,37.7147824],[-122.451666,37.7146959],[-122.4517173,37.7146399],[-122.452158,37.7141583],[-122.4522025,37.7141101],[-122.4522393,37.7140699],[-122.4522548,37.7140529],[-122.4523087,37.7139924],[-122.4524018,37.7138925],[-122.4524635,37.7138289],[-122.4525191,37.7137739],[-122.4525751,37.7137304],[-122.4526364,37.7136865],[-122.4527096,37.7136423],[-122.4533395,37.7133029],[-122.4533395,37.7133029],[-122.4534128,37.7132687],[-122.4534629,37.713253],[-122.4535275,37.7132403],[-122.4536012,37.713235],[-122.4537479,37.7132344],[-122.4537866,37.7132343],[-122.4539111,37.7132339],[-122.4549682,37.7132267],[-122.4549878,37.7132266],[-122.4558662,37.7132206],[-122.4559426,37.7132198],[-122.4559825,37.7132195],[-122.4560735,37.7132189],[-122.4561679,37.7132182],[-122.458932,37.7131987],[-122.4589591,37.7131985],[-122.4590467,37.7131979],[-122.4591412,37.7131973],[-122.4610203,37.7131845],[-122.4618572,37.7131788],[-122.4622298,37.7131755],[-122.462342,37.713178],[-122.4623787,37.7131798],[-122.4624136,37.7131862],[-122.4624499,37.7131952],[-122.4624687,37.7132046],[-122.4624876,37.713216],[-122.4625152,37.7132425],[-122.4625342,37.7132747],[-122.4625429,37.713318],[-122.4625475,37.7133828],[-122.4625529,37.7137994],[-122.4625567,37.7138569],[-122.4625671,37.7139105],[-122.4625798,37.7139585],[-122.4626102,37.7140308],[-122.4626409,37.7141038],[-122.4626835,37.714205],[-122.4626996,37.7142413],[-122.4627111,37.7142592],[-122.4627299,37.7142811],[-122.4627475,37.714297],[-122.4627904,37.7143129],[-122.462845,37.7143243],[-122.4629095,37.7143261],[-122.463416,37.7143236],[-122.4634347,37.7143235],[-122.4635189,37.7143231],[-122.4635954,37.7143225],[-122.4644226,37.7143159],[-122.4652437,37.7143112],[-122.4653151,37.7143108],[-122.4653906,37.7143103],[-122.4658747,37.714307],[-122.4660299,37.714306],[-122.466149,37.7143052],[-122.4662199,37.7143047],[-122.4662805,37.7143042],[-122.4670123,37.7142988],[-122.4670413,37.7142984],[-122.4671133,37.7142974],[-122.4671837,37.7142968],[-122.4673227,37.714297],[-122.4680134,37.71429],[-122.4689153,37.7142829],[-122.4694165,37.7142827],[-122.4694989,37.7142816],[-122.4695673,37.7142829],[-122.4696492,37.714289],[-122.4696964,37.7142993],[-122.469752,37.7143165],[-122.469784,37.7143295],[-122.4697986,37.7143367],[-122.4698544,37.7143649],[-122.4699016,37.7143983],[-122.4699425,37.7144365],[-122.4699661,37.7144593],[-122.4699961,37.7144882],[-122.470268,37.7147762],[-122.4708115,37.7153446],[-122.471472,37.7160341],[-122.4717423,37.7163143],[-122.4718667,37.7164469],[-122.472293,37.716895],[-122.4723172,37.7169202],[-122.4723739,37.716979],[-122.4724749,37.7170849],[-122.4726943,37.7173155],[-122.472767,37.7173911],[-122.472767,37.7173911],[-122.4728223,37.7174491],[-122.4747887,37.7195095],[-122.4748964,37.719622],[-122.4749452,37.7196758],[-122.4749893,37.7197305],[-122.4750232,37.7197765],[-122.4750559,37.7198244],[-122.4750817,37.7198668],[-122.4751115,37.7199176],[-122.4751576,37.7200149],[-122.4751794,37.7200701],[-122.4751999,37.7201345],[-122.4752109,37.7201783],[-122.4752202,37.7202276],[-122.4752391,37.720338],[-122.4752433,37.7203939],[-122.4752431,37.7204677],[-122.4752379,37.7205625],[-122.4752204,37.7209156],[-122.4752126,37.7210012],[-122.4752065,37.7210556],[-122.475193,37.721162],[-122.4751838,37.721266],[-122.475151,37.7218851],[-122.4751353,37.7221722],[-122.4751232,37.7224029],[-122.4751193,37.7227217],[-122.4751055,37.7230205],[-122.4750772,37.7235257],[-122.4750467,37.7241006],[-122.4750067,37.7248447],[-122.4749464,37.7259832],[-122.474914,37.7265845],[-122.4749082,37.7266876],[-122.4749017,37.7267804],[-122.4748935,37.7268845],[-122.4748876,37.7269542],[-122.4748844,37.7270359],[-122.474873,37.7272121],[-122.4748522,37.7276249],[-122.4748466,37.7277213],[-122.4748424,37.7278297],[-122.4748394,37.727936],[-122.4748333,37.728081],[-122.4748266,37.7282077],[-122.4748095,37.7285184],[-122.4747758,37.7291049],[-122.4747582,37.7294338],[-122.4747463,37.7296502],[-122.4747323,37.7299187],[-122.4747287,37.7299891],[-122.4747214,37.7300569],[-122.4747142,37.7301155],[-122.4747062,37.7301649],[-122.4746971,37.7302161],[-122.4746873,37.7302599],[-122.4746772,37.7303032],[-122.4746662,37.7303466],[-122.4746662,37.7303466],[-122.4746493,37.7304093],[-122.47463,37.7304809],[-122.4746049,37.7305618],[-122.4745743,37.7306472],[-122.4745177,37.7307708],[-122.4744534,37.7309036],[-122.4743932,37.7310127],[-122.4743805,37.7310364],[-122.4743461,37.7311025],[-122.4743038,37.7311675],[-122.4742931,37.7311846],[-122.474225,37.7312894],[-122.4741421,37.731411],[-122.4738306,37.7318146],[-122.473817,37.7318323],[-122.4737539,37.7319137],[-122.4736883,37.7319985],[-122.4736623,37.7320319],[-122.4730516,37.7328203],[-122.4720774,37.7340822],[-122.4720246,37.7341521],[-122.4719755,37.7342208],[-122.4719322,37.7342833],[-122.4719106,37.7343119],[-122.471888,37.7343545],[-122.47186,37.7344005],[-122.471749,37.7345934],[-122.4717004,37.7346873],[-122.4716537,37.7347678],[-122.471626,37.7348107],[-122.4716161,37.7348276],[-122.471504,37.7350233],[-122.471504,37.7350233],[-122.4714668,37.7350867],[-122.4712066,37.7355359],[-122.471122,37.7356795],[-122.4710689,37.7357539],[-122.4710188,37.7358446],[-122.4709265,37.7360343],[-122.4709002,37.7360887],[-122.4708381,37.7361923],[-122.4707753,37.736294],[-122.4707201,37.7363776],[-122.4706691,37.7364516],[-122.4706098,37.7365324],[-122.4705667,37.7365897],[-122.4705234,37.7366455],[-122.4704376,37.7367451],[-122.4703481,37.7368459],[-122.4702589,37.7369389],[-122.4701721,37.7370244],[-122.4700848,37.7371101],[-122.4699931,37.7371912],[-122.469141,37.7379037],[-122.4691087,37.7379304],[-122.4690453,37.7379829],[-122.4689872,37.7380309],[-122.467957,37.7389015],[-122.4670591,37.7396568],[-122.4669821,37.7397217],[-122.466919,37.7397748],[-122.4668227,37.7398564],[-122.4667108,37.739955],[-122.4666198,37.7400398],[-122.4664995,37.7401473],[-122.4663841,37.7402585],[-122.4662585,37.7403882],[-122.4661308,37.740526],[-122.466026,37.7406427],[-122.4659257,37.740761],[-122.4658961,37.7407952],[-122.4658181,37.7408891],[-122.4657196,37.7410058],[-122.4657196,37.7410058],[-122.4656937,37.7410395],[-122.4656702,37.74107],[-122.4654263,37.7413639],[-122.4654263,37.7413639],[-122.4652846,37.7415351],[-122.4652846,37.7415351],[-122.4648945,37.7420014],[-122.4620611,37.7453792],[-122.4615251,37.7459473],[-122.4609587,37.7464702],[-122.4604002,37.7469521],[-122.459814,37.7474332],[-122.4594481,37.7477261],[-122.4587263,37.7482533],[-122.4584806,37.7484215],[-122.4584638,37.748433],[-122.4584435,37.7484469],[-122.4569342,37.7494802],[-122.4553867,37.7505467],[-122.4540408,37.7514743],[-122.449529,37.7545836],[-122.4453505,37.7574632],[-122.440614,37.7607272],[-122.4404289,37.7608522],[-122.4402261,37.7609845],[-122.4400282,37.7611035],[-122.4398208,37.761217],[-122.4396082,37.7613248],[-122.4393872,37.7614277],[-122.4391822,37.7615025],[-122.4389494,37.7615704],[-122.4387492,37.7616197],[-122.4385512,37.7616633],[-122.438037,37.7617586],[-122.438037,37.7617586],[-122.4368392,37.7619707],[-122.4368392,37.7619707],[-122.4366437,37.7620106],[-122.4364495,37.762055],[-122.4364495,37.762055],[-122.4363016,37.7621044],[-122.436168,37.7621561],[-122.4360244,37.7622205],[-122.4356906,37.7623824],[-122.4354813,37.762486],[-122.4352829,37.7625891],[-122.4352829,37.7625891],[-122.4350766,37.7627039],[-122.434882,37.7628216],[-122.4346838,37.7629585],[-122.4344844,37.763109],[-122.4334929,37.7639001],[-122.432189,37.7649329],[-122.4321283,37.7649802],[-122.4318067,37.7652334],[-122.4292486,37.7672568],[-122.4274684,37.7686722],[-122.4262839,37.7696],[-122.4261263,37.7697235],[-122.4261263,37.7697235],[-122.4254589,37.7701942],[-122.4245507,37.7709038],[-122.4245507,37.7709038],[-122.4232032,37.7719691],[-122.4228291,37.7722648],[-122.422668,37.7723921],[-122.4216219,37.7732193],[-122.4204854,37.7741178],[-122.4202834,37.7742775],[-122.4201699,37.7743672],[-122.419931,37.774556],[-122.4198179,37.7746455],[-122.4193457,37.775027],[-122.4188561,37.7754058],[-122.4173298,37.7766124],[-122.414399,37.7789422],[-122.4130305,37.7800293],[-122.4068922,37.7848631],[-122.405562,37.7859146],[-122.4011881,37.7893717],[-122.3983992,37.791576],[-122.3978634,37.7919995],[-122.3970947,37.792607],[-122.3968407,37.7928078],[-122.3965892,37.7930066]]}},{"type":"Feature","properties":{"id":"line-PH","name":"Muni Powell/Hyde Cable Car outbound: Powell & Market => Fisherman's Wharf","ref":"PH","mode":"tram"},"geometry":{"type":"LineString","coordinates":[[-122.4076835,37.7848042],[-122.4076998,37.7848956],[-122.4077192,37.7848933],[-122.4077024,37.784802],[-122.4076944,37.7848029],[-122.4076835,37.7848042],[-122.4083556,37.7881377],[-122.4083501,37.7881746],[-122.4083548,37.7881956],[-122.4083659,37.788194],[-122.408382,37.7881917],[-122.4083534,37.7880659],[-122.4083398,37.7880678],[-122.4083556,37.7881377],[-122.40773,37.7848858],[-122.4078365,37.7854237],[-122.4078365,37.7854237],[-122.4078521,37.7855024],[-122.4078676,37.7855809],[-122.408011,37.7863076],[-122.4080177,37.7863433],[-122.408023,37.7863665],[-122.4080355,37.7864365],[-122.4080525,37.7865124],[-122.4080605,37.7865486],[-122.408198,37.7872216],[-122.4082128,37.7872965],[-122.4082287,37.7873737],[-122.4082467,37.7874608],[-122.4083263,37.7878601],[-122.4083653,37.788056],[-122.408386,37.7881636],[-122.4084003,37.7882174],[-122.4084113,37.7882712],[-122.4084149,37.7882888],[-122.4084163,37.7882953],[-122.4084335,37.7883787],[-122.40857,37.7890828],[-122.4085835,37.789146],[-122.4085992,37.789231],[-122.4086056,37.7892619],[-122.4086181,37.7893236],[-122.4087736,37.7900887],[-122.4087875,37.7901645],[-122.408793,37.7901938],[-122.4088059,37.7902546],[-122.4089641,37.7910204],[-122.4089774,37.7910951],[-122.408978,37.7911016],[-122.4089951,37.7911869],[-122.4091471,37.7919549],[-122.4091526,37.7919826],[-122.4091526,37.7919826],[-122.4091636,37.7920392],[-122.4091665,37.7920525],[-122.4091691,37.7920662],[-122.4091785,37.7921136],[-122.4091785,37.7921136],[-122.4091882,37.7921625],[-122.409204,37.7922478],[-122.409331,37.7928842],[-122.4093396,37.7929254],[-122.4093468,37.7929633],[-122.40935,37.7929809],[-122.4093611,37.7930385],[-122.4094466,37.7934827],[-122.409504,37.7937638],[-122.4095142,37.7938157],[-122.4095197,37.7938393],[-122.4095248,37.7938625],[-122.4095355,37.7939213],[-122.4096222,37.7943139],[-122.4096748,37.7945585],[-122.4096748,37.7945585],[-122.409702,37.7946836],[-122.4097108,37.7947244],[-122.4097149,37.7947433],[-122.4097297,37.7948103],[-122.409756,37.7949295],[-122.409756,37.7949295],[-122.409798,37.7951465],[-122.4098021,37.7951661],[-122.4098021,37.7951661],[-122.4098067,37.7951803],[-122.4098157,37.795203],[-122.4098285,37.7952291],[-122.4098354,37.7952503],[-122.4098407,37.7952801],[-122.4098407,37.7952801],[-122.4098648,37.7954183],[-122.4098658,37.7954237],[-122.4098712,37.7954547],[-122.4098803,37.7954894],[-122.4098889,37.7955086],[-122.4098997,37.7955246],[-122.4099143,37.795542],[-122.4099351,37.7955613],[-122.4099422,37.7955659],[-122.4099558,37.7955747],[-122.4099801,37.795586],[-122.4100047,37.7955942],[-122.4100229,37.795598],[-122.4100326,37.7956],[-122.4100456,37.7956006],[-122.410065,37.7956009],[-122.410098,37.7955984],[-122.4102947,37.795573],[-122.4110802,37.7954714],[-122.4113571,37.7954355],[-122.4113571,37.7954355],[-122.4114171,37.7954285],[-122.4114719,37.7954223],[-122.4115139,37.7954175],[-122.4115438,37.7954138],[-122.4115438,37.7954138],[-122.4115608,37.7954118],[-122.4115697,37.7954108],[-122.4116479,37.7954014],[-122.4116479,37.7954014],[-122.4116569,37.7954003],[-122.411698,37.7953953],[-122.4123532,37.7953136],[-122.412522,37.7952915],[-122.4131096,37.7952155],[-122.413188,37.7952054],[-122.413196,37.7952046],[-122.4132978,37.7951917],[-122.4138846,37.795117],[-122.4147635,37.7950051],[-122.4148425,37.7949951],[-122.414851,37.794994],[-122.4149419,37.7949824],[-122.4149961,37.7949755],[-122.4151972,37.7949498],[-122.416339,37.7948038],[-122.416395,37.7947967],[-122.4164892,37.7947846],[-122.4165916,37.7947715],[-122.4175507,37.79465],[-122.4179112,37.7946028],[-122.4179159,37.7946023],[-122.4179449,37.7945997],[-122.4179743,37.7946],[-122.4180006,37.794603],[-122.4180283,37.7946097],[-122.4180471,37.7946166],[-122.4180521,37.7946184],[-122.418074,37.7946309],[-122.4180799,37.7946357],[-122.4180963,37.794649],[-122.418114,37.7946686],[-122.4181275,37.7946892],[-122.4181379,37.7947158],[-122.418145,37.7947438],[-122.418162,37.7948332],[-122.4182118,37.7950764],[-122.4182745,37.7953784],[-122.4182837,37.7954226],[-122.4182915,37.7954692],[-122.4183031,37.7955355],[-122.418344,37.7957329],[-122.4184362,37.7961882],[-122.4184417,37.796218],[-122.4184417,37.796218],[-122.418473,37.796374],[-122.4184784,37.7964046],[-122.4184784,37.7964046],[-122.4184797,37.7964108],[-122.4184872,37.7964473],[-122.418503,37.7965139],[-122.418504,37.7965182],[-122.41852,37.7965995],[-122.418659,37.7972763],[-122.4186732,37.7973452],[-122.4186901,37.7974292],[-122.418704,37.7974999],[-122.418842,37.7981874],[-122.4188473,37.7982101],[-122.4188606,37.7982755],[-122.4188784,37.7983606],[-122.4189197,37.7985685],[-122.4189895,37.798915],[-122.4190342,37.7991367],[-122.4190484,37.7992072],[-122.419059,37.799263],[-122.4190651,37.79929],[-122.4191099,37.7995125],[-122.4192222,37.8000694],[-122.4192368,37.8001419],[-122.419251,37.8002125],[-122.4192537,37.800222],[-122.4193038,37.8004745],[-122.41941,37.8010022],[-122.4194124,37.8010122],[-122.4194239,37.8010707],[-122.4194396,37.8011511],[-122.4195928,37.8019305],[-122.419601,37.8019701],[-122.4196077,37.8019959],[-122.419625,37.8020773],[-122.4197855,37.8028673],[-122.4197925,37.802902],[-122.4197969,37.8029217],[-122.4198164,37.8030183],[-122.4199919,37.8038891],[-122.4201601,37.804724],[-122.4201739,37.8047924],[-122.4201762,37.8048037],[-122.4201942,37.8048929],[-122.420342,37.8056262],[-122.4203482,37.8056564],[-122.4203633,37.8057302],[-122.4203804,37.805816],[-122.420526,37.8065456]]}},{"type":"Feature","properties":{"id":"line-PM","name":"Muni Powell/Mason Cable Car outbound: Powell & Market => Fisherman's Wharf","ref":"PM","mode":"tram"},"geometry":{"type":"LineString","coordinates":[[-122.4076835,37.7848042],[-122.4076998,37.7848956],[-122.4077192,37.7848933],[-122.4077024,37.784802],[-122.4076944,37.7848029],[-122.4076835,37.7848042],[-122.4083556,37.7881377],[-122.4083501,37.7881746],[-122.4083548,37.7881956],[-122.4083659,37.788194],[-122.408382,37.7881917],[-122.4083534,37.7880659],[-122.4083398,37.7880678],[-122.4083556,37.7881377],[-122.40773,37.7848858],[-122.4078365,37.7854237],[-122.4078365,37.7854237],[-122.4078521,37.7855024],[-122.4078676,37.7855809],[-122.408011,37.7863076],[-122.4080177,37.7863433],[-122.408023,37.7863665],[-122.4080355,37.7864365],[-122.4080525,37.7865124],[-122.4080605,37.7865486],[-122.408198,37.7872216],[-122.4082128,37.7872965],[-122.4082287,37.7873737],[-122.4082467,37.7874608],[-122.4083263,37.7878601],[-122.4083653,37.788056],[-122.408386,37.7881636],[-122.4084003,37.7882174],[-122.4084113,37.7882712],[-122.4084149,37.7882888],[-122.4084163,37.7882953],[-122.4084335,37.7883787],[-122.40857,37.7890828],[-122.4085835,37.789146],[-122.4085992,37.789231],[-122.4086056,37.7892619],[-122.4086181,37.7893236],[-122.4087736,37.7900887],[-122.4087875,37.7901645],[-122.408793,37.7901938],[-122.4088059,37.7902546],[-122.4089641,37.7910204],[-122.4089774,37.7910951],[-122.408978,37.7911016],[-122.4089951,37.7911869],[-122.4091471,37.7919549],[-122.4091526,37.7919826],[-122.4091526,37.7919826],[-122.4091636,37.7920392],[-122.4091665,37.7920525],[-122.4091691,37.7920662],[-122.4091785,37.7921136],[-122.4091785,37.7921136],[-122.4091882,37.7921625],[-122.409204,37.7922478],[-122.409331,37.7928842],[-122.4093396,37.7929254],[-122.4093468,37.7929633],[-122.40935,37.7929809],[-122.4093611,37.7930385],[-122.4094466,37.7934827],[-122.409504,37.7937638],[-122.4095142,37.7938157],[-122.4095197,37.7938393],[-122.4095248,37.7938625],[-122.4095355,37.7939213],[-122.4096222,37.7943139],[-122.4096748,37.7945585],[-122.4096748,37.7945585],[-122.409702,37.7946836],[-122.4097108,37.7947244],[-122.4097149,37.7947433],[-122.4097297,37.7948103],[-122.409756,37.7949295],[-122.409756,37.7949295],[-122.409798,37.7951465],[-122.4098021,37.7951661],[-122.4098021,37.7951661],[-122.4098258,37.7952806],[-122.4098258,37.7952806],[-122.409852,37.7954262],[-122.4098586,37.7954626],[-122.4098655,37.7954897],[-122.4098809,37.7955251],[-122.4098975,37.7955452],[-122.4099056,37.7955532],[-122.4099117,37.7955592],[-122.4099233,37.7955683],[-122.4099287,37.7955726],[-122.409948,37.7955839],[-122.4099697,37.7955934],[-122.4100005,37.7956039],[-122.4100096,37.7956059],[-122.410025,37.7956084],[-122.4100313,37.7956094],[-122.4100674,37.7956108],[-122.410107,37.7956069],[-122.4102971,37.7955816],[-122.4113571,37.7954408],[-122.4113571,37.7954408],[-122.4113947,37.7954405],[-122.4114295,37.7954446],[-122.4114601,37.7954537],[-122.4114793,37.7954613],[-122.411487,37.7954644],[-122.4115096,37.7954779],[-122.4115137,37.7954803],[-122.4115366,37.7955024],[-122.4115551,37.7955305],[-122.4115655,37.7955612],[-122.4115738,37.7955954],[-122.411597,37.7957206],[-122.4116223,37.795858],[-122.411694,37.7962221],[-122.4117,37.7962458],[-122.4117117,37.7962979],[-122.4117117,37.7962979],[-122.411725,37.7963641],[-122.4118467,37.796972],[-122.4118544,37.7970104],[-122.4118632,37.7970532],[-122.4118853,37.7971601],[-122.4118953,37.7972087],[-122.411899,37.7972281],[-122.4119082,37.7972731],[-122.4119232,37.7973469],[-122.412038,37.7979289],[-122.4120742,37.7981086],[-122.4120873,37.7981737],[-122.4120948,37.7982109],[-122.4121038,37.7982546],[-122.4122632,37.7990356],[-122.4122778,37.7991073],[-122.4122808,37.7991225],[-122.4122931,37.7991892],[-122.412393,37.7997307],[-122.4124468,37.7999674],[-122.4124615,37.8000342],[-122.4124625,37.8000394],[-122.4124793,37.8001191],[-122.4125291,37.8003414],[-122.4126414,37.8009006],[-122.4126551,37.8009687],[-122.4126578,37.8009804],[-122.4126723,37.8010562],[-122.412744,37.8014298],[-122.4128239,37.8018369],[-122.4128357,37.801892],[-122.4128459,37.8019423],[-122.4128625,37.8020091],[-122.4128792,37.8020873],[-122.4128895,37.8021206],[-122.4129023,37.802153],[-122.4129294,37.8021987],[-122.4129729,37.8022628],[-122.4130418,37.8023339],[-122.4131134,37.8023886],[-122.4135039,37.802657],[-122.4135633,37.802698],[-122.4136556,37.8027594],[-122.4137036,37.8027912],[-122.413815,37.8028651],[-122.414623,37.8034333],[-122.4146558,37.8034578],[-122.4147145,37.8034983],[-122.4147792,37.8035547],[-122.4148279,37.8036122],[-122.4148699,37.8036837],[-122.4148917,37.8037325],[-122.4149109,37.803796],[-122.415,37.8042141],[-122.415031,37.8043645],[-122.4150415,37.804416],[-122.4150561,37.8044805],[-122.4150717,37.8045622],[-122.4151083,37.8047775],[-122.4151299,37.8048824]]}},{"type":"Feature","properties":{"id":"line-F","name":"Muni Streetcar F inbound: The Castro => Fisherman's Wharf","ref":"F","mode":"tram"},"geometry":{"type":"LineString","coordinates":[[-122.4346239,37.7625269],[-122.4345964,37.7625284],[-122.4345981,37.7625474],[-122.4346256,37.7625458],[-122.4346252,37.7625408],[-122.4346239,37.7625269],[-122.4346274,37.762537],[-122.4346264,37.7625258],[-122.4348027,37.7625158],[-122.434836,37.7625151],[-122.4348737,37.7625195],[-122.4348749,37.7625323],[-122.4348755,37.7625389],[-122.4346848,37.7625496],[-122.4346838,37.7625375],[-122.4346834,37.7625338],[-122.4346274,37.762537],[-122.4335653,37.7637997],[-122.4335524,37.7637895],[-122.4335353,37.763803],[-122.4335418,37.7638081],[-122.4335482,37.7638132],[-122.4335653,37.7637997],[-122.4334647,37.7638583],[-122.4334715,37.7638636],[-122.4334794,37.7638699],[-122.4333681,37.7639577],[-122.4333603,37.7639515],[-122.4333535,37.7639461],[-122.4334647,37.7638583],[-122.4314343,37.7654872],[-122.4314213,37.7654769],[-122.4314043,37.7654904],[-122.4314091,37.7654943],[-122.4314173,37.7655007],[-122.4314343,37.7654872],[-122.4313247,37.7655508],[-122.4313313,37.765556],[-122.4313394,37.7655624],[-122.4312282,37.7656505],[-122.4312201,37.7656442],[-122.4312135,37.7656389],[-122.4313247,37.7655508],[-122.4292917,37.7671782],[-122.429277,37.7671666],[-122.429259,37.7671808],[-122.4292737,37.7671924],[-122.4292917,37.7671782],[-122.429259,37.7671808],[-122.4292737,37.7671924],[-122.4291654,37.7672803],[-122.4291588,37.7672751],[-122.4291508,37.7672688],[-122.429259,37.7671808],[-122.427301,37.7687522],[-122.4272881,37.7687419],[-122.4272711,37.7687553],[-122.4272772,37.7687602],[-122.427284,37.7687656],[-122.427301,37.7687522],[-122.4272356,37.7688049],[-122.4271263,37.768891],[-122.4271188,37.7688851],[-122.4271117,37.7688794],[-122.4272209,37.7687933],[-122.4272281,37.768799],[-122.4272356,37.7688049],[-122.4252632,37.7703655],[-122.4252503,37.7703552],[-122.4252332,37.7703686],[-122.425238,37.7703725],[-122.4252461,37.7703789],[-122.4252632,37.7703655],[-122.425111,37.7704608],[-122.4251182,37.7704665],[-122.4251256,37.7704725],[-122.4250111,37.7705623],[-122.4250037,37.7705565],[-122.4249964,37.7705507],[-122.425111,37.7704608],[-122.4222225,37.7727304],[-122.4222096,37.7727201],[-122.4221925,37.7727335],[-122.4221983,37.7727382],[-122.4222054,37.7727438],[-122.4222225,37.7727304],[-122.4220099,37.772874],[-122.4221298,37.7727804],[-122.422137,37.772786],[-122.4221444,37.772792],[-122.4220245,37.7728856],[-122.422017,37.7728796],[-122.4220099,37.772874],[-122.4198252,37.7746829],[-122.4198121,37.7746727],[-122.4197952,37.7746862],[-122.4198,37.7746899],[-122.4198083,37.7746964],[-122.4198252,37.7746829],[-122.4195132,37.7749092],[-122.4197237,37.7747411],[-122.4197299,37.774746],[-122.4197384,37.7747527],[-122.419528,37.7749207],[-122.4195187,37.7749135],[-122.4195132,37.7749092],[-122.4164647,37.7773372],[-122.4167252,37.777131],[-122.4167272,37.7771267],[-122.4167269,37.7771236],[-122.4167245,37.7771209],[-122.4167205,37.7771196],[-122.4167161,37.7771204],[-122.4165928,37.7772118],[-122.4164486,37.7773252],[-122.4164564,37.777331],[-122.4164647,37.7773372],[-122.4151859,37.7783471],[-122.4151876,37.7783439],[-122.4151873,37.7783407],[-122.4151849,37.7783386],[-122.4151806,37.7783378],[-122.4151769,37.7783383],[-122.414912,37.7785474],[-122.4149164,37.7785508],[-122.4149224,37.7785554],[-122.4151859,37.7783471],[-122.4129702,37.780102],[-122.4129573,37.7800917],[-122.4129402,37.7801051],[-122.4129455,37.7801094],[-122.4129531,37.7801154],[-122.4129702,37.780102],[-122.4128784,37.7801762],[-122.4128695,37.7801691],[-122.412863,37.7801639],[-122.4126574,37.7803254],[-122.4126639,37.7803306],[-122.4126728,37.7803376],[-122.4128784,37.7801762],[-122.4108458,37.7817792],[-122.4108471,37.7817755],[-122.4108461,37.7817723],[-122.4108434,37.7817692],[-122.4108391,37.7817681],[-122.4108344,37.7817692],[-122.4107348,37.7818402],[-122.4105779,37.7819655],[-122.4105857,37.7819716],[-122.4105933,37.7819775],[-122.4108458,37.7817792],[-122.408538,37.783604],[-122.4085239,37.7835929],[-122.4085069,37.7836063],[-122.408521,37.7836174],[-122.408538,37.783604],[-122.4085069,37.7836063],[-122.408521,37.7836174],[-122.4082143,37.7838606],[-122.4082071,37.783855],[-122.4082002,37.7838495],[-122.4085069,37.7836063],[-122.4064839,37.7852208],[-122.4064859,37.7852168],[-122.4064855,37.7852131],[-122.4064822,37.7852105],[-122.4064778,37.7852105],[-122.4064728,37.785212],[-122.4062086,37.785419],[-122.4062173,37.7854257],[-122.4062213,37.7854288],[-122.4064839,37.7852208],[-122.4039954,37.7871863],[-122.4039824,37.7871761],[-122.4039654,37.7871896],[-122.4039706,37.7871936],[-122.4039784,37.7871998],[-122.4039954,37.7871863],[-122.4039001,37.7872618],[-122.4038923,37.7872556],[-122.4038845,37.7872495],[-122.4036683,37.7874207],[-122.4036757,37.7874265],[-122.4036839,37.787433],[-122.4039001,37.7872618],[-122.402429,37.7884113],[-122.4023469,37.7884719],[-122.4021542,37.7886244],[-122.4021603,37.7886293],[-122.4021658,37.7886338],[-122.4024377,37.7884189],[-122.4024404,37.788415],[-122.4024401,37.7884121],[-122.4024374,37.7884099],[-122.402433,37.7884094],[-122.402429,37.7884113],[-122.3995933,37.7906639],[-122.399579,37.7906524],[-122.3995618,37.7906659],[-122.3995761,37.7906774],[-122.3995933,37.7906639],[-122.3995761,37.7906774],[-122.3995618,37.7906659],[-122.3993168,37.7908581],[-122.3993239,37.7908637],[-122.3993312,37.7908695],[-122.3995761,37.7906774],[-122.3968848,37.7928054],[-122.3968717,37.7927952],[-122.3968548,37.7928087],[-122.3968595,37.7928124],[-122.3968679,37.7928189],[-122.3968848,37.7928054],[-122.3967873,37.7928814],[-122.3967801,37.7928758],[-122.3967719,37.7928693],[-122.3966255,37.7929861],[-122.396634,37.7929927],[-122.396641,37.7929982],[-122.3967873,37.7928814],[-122.39346,37.7940575],[-122.3934506,37.7940502],[-122.393442,37.7940433],[-122.3934249,37.7940568],[-122.3934429,37.794071],[-122.39346,37.7940575],[-122.3941003,37.7953377],[-122.3940802,37.7953493],[-122.3942351,37.7955171],[-122.3942476,37.7955099],[-122.3942619,37.7955017],[-122.3941003,37.7953377],[-122.3943361,37.7955794],[-122.3943202,37.7955886],[-122.3943119,37.7955934],[-122.3943288,37.7956118],[-122.3943531,37.7955979],[-122.3943361,37.7955794],[-122.3955645,37.7969292],[-122.3955794,37.7969209],[-122.3957294,37.7970907],[-122.3957098,37.7971015],[-122.3957009,37.7971064],[-122.3955508,37.7969367],[-122.3955645,37.7969292],[-122.3957946,37.7971693],[-122.3957778,37.7971785],[-122.39577,37.7971828],[-122.3957865,37.7972014],[-122.395811,37.7971879],[-122.3957946,37.7971693],[-122.3977525,37.7994055],[-122.3977403,37.7994123],[-122.39789,37.7995801],[-122.3978987,37.7995752],[-122.3979222,37.7995621],[-122.3977726,37.7993943],[-122.3977525,37.7994055],[-122.3979921,37.7996446],[-122.3979711,37.7996563],[-122.3979629,37.7996609],[-122.3979794,37.7996795],[-122.3980087,37.7996632],[-122.3979921,37.7996446],[-122.3992491,37.8011155],[-122.3992697,37.801104],[-122.3994208,37.8012719],[-122.3993968,37.8012853],[-122.3993863,37.8012912],[-122.3992352,37.8011233],[-122.3992491,37.8011155],[-122.3994871,37.8013553],[-122.399469,37.8013655],[-122.3994627,37.801369],[-122.3994794,37.8013875],[-122.3995038,37.8013738],[-122.3994871,37.8013553],[-122.4009977,37.8030784],[-122.4010221,37.8030648],[-122.4011704,37.8032307],[-122.4011453,37.8032447],[-122.4011363,37.8032497],[-122.4009881,37.8030838],[-122.4009977,37.8030784],[-122.4012365,37.8033087],[-122.4012138,37.8033214],[-122.4012065,37.8033254],[-122.4012232,37.803344],[-122.4012532,37.8033273],[-122.4012365,37.8033087],[-122.4028878,37.804828],[-122.4028657,37.8048121],[-122.4028463,37.8048289],[-122.4028684,37.8048449],[-122.4028755,37.8048387],[-122.4028878,37.804828],[-122.403147,37.8050321],[-122.4031605,37.8050204],[-122.4029804,37.8048908],[-122.4029657,37.8049036],[-122.4029565,37.8049115],[-122.4031367,37.8050411],[-122.403147,37.8050321],[-122.4061074,37.8068463],[-122.4061177,37.8068332],[-122.4063344,37.8069405],[-122.40632,37.8069586],[-122.406313,37.8069676],[-122.4060963,37.8068603],[-122.4061074,37.8068463],[-122.4064633,37.8070084],[-122.4064379,37.8069958],[-122.4064259,37.807011],[-122.4064226,37.8070151],[-122.406448,37.8070277],[-122.4064633,37.8070084],[-122.4102891,37.8083738],[-122.4102902,37.8083673],[-122.4102933,37.8083481],[-122.4100034,37.8083187],[-122.4099992,37.8083444],[-122.4102121,37.808366],[-122.4102891,37.8083738],[-122.4104246,37.8083647],[-122.4103949,37.8083617],[-122.4103923,37.8083776],[-122.4103913,37.8083843],[-122.410421,37.8083873],[-122.4104246,37.8083647],[-122.4134293,37.8085797],[-122.4133998,37.8085835],[-122.4134044,37.808606],[-122.4134339,37.8086022],[-122.4134324,37.8085947],[-122.4134293,37.8085797],[-122.4154039,37.8083299],[-122.4153745,37.8083337],[-122.4153791,37.8083562],[-122.4154085,37.8083524],[-122.4154074,37.8083471],[-122.4154039,37.8083299],[-122.4174151,37.8073146],[-122.4174106,37.8072913],[-122.4173973,37.8072928],[-122.4173867,37.8072941],[-122.4173911,37.8073175],[-122.4174151,37.8073146],[-122.4346305,37.7625139],[-122.4348085,37.7625029],[-122.4348085,37.7625029],[-122.43485,37.7625005],[-122.43485,37.7625005],[-122.4348687,37.7625],[-122.4348851,37.7625006],[-122.4349005,37.7625028],[-122.4349137,37.762506],[-122.43493,37.7625119],[-122.4349421,37.762517],[-122.434955,37.7625233],[-122.4349662,37.7625304],[-122.4349769,37.7625385],[-122.4349874,37.762548],[-122.4349949,37.7625563],[-122.4350027,37.7625666],[-122.4350097,37.7625779],[-122.4350149,37.7625884],[-122.4350188,37.7625993],[-122.4350211,37.7626108],[-122.4350219,37.7626212],[-122.4350216,37.762632],[-122.4350212,37.7626368],[-122.4350203,37.7626438],[-122.4350187,37.7626502],[-122.4350158,37.7626588],[-122.4350126,37.7626667],[-122.4350087,37.7626746],[-122.4350038,37.7626827],[-122.4349987,37.76269],[-122.4349913,37.7626993],[-122.4349836,37.762708],[-122.4349749,37.7627167],[-122.4349578,37.7627334],[-122.4349378,37.7627511],[-122.4349187,37.7627668],[-122.4348341,37.762831],[-122.434589,37.7630171],[-122.4336353,37.7637612],[-122.4335594,37.7638224],[-122.4333806,37.7639654],[-122.4333472,37.7639904],[-122.4331149,37.7641694],[-122.4330981,37.7641828],[-122.4330859,37.7641925],[-122.4330311,37.7642361],[-122.4327855,37.7644322],[-122.4322202,37.7648814],[-122.4321735,37.7649186],[-122.4314316,37.7655081],[-122.4312414,37.7656599],[-122.4311796,37.7657088],[-122.4310364,37.7658131],[-122.4307747,37.7660213],[-122.4306343,37.7661309],[-122.4302729,37.766421],[-122.4302627,37.7664291],[-122.4300039,37.7666331],[-122.429284,37.7672],[-122.4291718,37.7672887],[-122.4291018,37.7673401],[-122.4290383,37.7673922],[-122.4289814,37.7674392],[-122.4289636,37.7674535],[-122.4289495,37.7674656],[-122.4288912,37.7675119],[-122.4288196,37.7675701],[-122.4286029,37.7677363],[-122.4285678,37.7677625],[-122.4278831,37.7683243],[-122.4275389,37.7685925],[-122.4272991,37.76878],[-122.4271335,37.7689089],[-122.4270964,37.7689392],[-122.4269112,37.7690818],[-122.4261949,37.769646],[-122.4261334,37.7696945],[-122.4260929,37.7697262],[-122.4260515,37.7697619],[-122.4254519,37.7702289],[-122.4253409,37.7703163],[-122.4252541,37.7703853],[-122.425028,37.770563],[-122.4249684,37.7706098],[-122.424881,37.7706795],[-122.4248047,37.7707398],[-122.4247441,37.7707871],[-122.4247155,37.7708097],[-122.4235444,37.7717356],[-122.4235043,37.7717667],[-122.42343,37.7718331],[-122.423349,37.771902],[-122.423277,37.7719534],[-122.423244,37.771977],[-122.4229176,37.7721968],[-122.4228291,37.7722648],[-122.4226383,37.7724162],[-122.4226133,37.7724365],[-122.4222167,37.7727506],[-122.422035,37.7728943],[-122.4219959,37.772926],[-122.4219332,37.7729747],[-122.4218863,37.7730115],[-122.4218658,37.7730279],[-122.4217969,37.7730822],[-122.4212377,37.773528],[-122.4206437,37.7739988],[-122.4205673,37.7740677],[-122.420514,37.7741171],[-122.420433,37.7742003],[-122.4203426,37.7742851],[-122.420282,37.7743372],[-122.420261,37.7743553],[-122.4202088,37.7743966],[-122.420168,37.7744283],[-122.4198163,37.7747035],[-122.419532,37.7749251],[-122.41948,37.7749659],[-122.4193375,37.775081],[-122.4192463,37.7751497],[-122.4191642,37.7752115],[-122.4190681,37.7752901],[-122.4189092,37.7754184],[-122.4187126,37.7755748],[-122.418602,37.7756608],[-122.4178473,37.7762636],[-122.4176767,37.7763992],[-122.4175221,37.7765224],[-122.4174973,37.7765414],[-122.4174435,37.7765847],[-122.4173705,37.7766431],[-122.4173487,37.7766603],[-122.416478,37.7773469],[-122.4164455,37.7773727],[-122.416297,37.7774891],[-122.4161216,37.7776273],[-122.414937,37.7785608],[-122.4149113,37.7785812],[-122.4147492,37.7787088],[-122.414678,37.7787651],[-122.4146108,37.7788182],[-122.413723,37.7795203],[-122.4129628,37.780123],[-122.412685,37.7803418],[-122.412638,37.7803786],[-122.4125713,37.7804312],[-122.4125136,37.7804767],[-122.4123462,37.7806091],[-122.4119371,37.7809326],[-122.4117957,37.7810444],[-122.410615,37.7819794],[-122.4105723,37.7820119],[-122.4103663,37.7821748],[-122.4103367,37.7821982],[-122.4101531,37.7823434],[-122.4091807,37.7831123],[-122.4089261,37.7833137],[-122.4088679,37.7833597],[-122.4085316,37.7836265],[-122.408231,37.7838635],[-122.4081938,37.7838929],[-122.4080943,37.7839715],[-122.4080567,37.7840012],[-122.4079305,37.7841001],[-122.4073426,37.784565],[-122.4068089,37.784987],[-122.406242,37.785435],[-122.4062085,37.7854614],[-122.4059758,37.785645],[-122.4058892,37.7857134],[-122.405728,37.7858406],[-122.4050634,37.7863649],[-122.404854,37.7865301],[-122.4048094,37.7865654],[-122.4044742,37.7868311],[-122.403993,37.7872121],[-122.4037109,37.7874343],[-122.4036382,37.7874924],[-122.4034802,37.787617],[-122.4034339,37.7876536],[-122.4032937,37.7877667],[-122.4028392,37.7881211],[-122.4021789,37.788642],[-122.4021246,37.7886843],[-122.4020229,37.7887652],[-122.4019894,37.7887917],[-122.4018601,37.7888944],[-122.4014811,37.7891941],[-122.4014319,37.7892329],[-122.4013831,37.7892716],[-122.4013355,37.789309],[-122.4013034,37.7893346],[-122.4004061,37.7900442],[-122.4000538,37.7903228],[-122.3995906,37.7906899],[-122.3993646,37.7908679],[-122.3993016,37.7909176],[-122.399185,37.7910099],[-122.3991482,37.791039],[-122.3990274,37.7911345],[-122.3983924,37.7916366],[-122.3982886,37.7917187],[-122.3982818,37.7917241],[-122.3981687,37.7918135],[-122.3978798,37.7920345],[-122.3975254,37.7923145],[-122.3974735,37.7923556],[-122.3973935,37.7924207],[-122.3973822,37.7924299],[-122.3973391,37.792465],[-122.3972252,37.7925576],[-122.3971999,37.7925782],[-122.3968825,37.7928312],[-122.3966589,37.7930086],[-122.3966097,37.7930466],[-122.3964503,37.7931697],[-122.3963745,37.7932306],[-122.3957709,37.7937102],[-122.3956596,37.7937982],[-122.3955535,37.7938832],[-122.3949204,37.7943722],[-122.394891,37.7943913],[-122.3948595,37.794408],[-122.3948304,37.7944178],[-122.394786,37.7944224],[-122.3947454,37.794417],[-122.394688,37.7943904],[-122.3946662,37.7943794],[-122.3940187,37.7938537],[-122.393969,37.7938273],[-122.3939237,37.7938109],[-122.3938886,37.7938063],[-122.3938411,37.793808],[-122.393828,37.7938111],[-122.3938148,37.7938142],[-122.393781,37.7938286],[-122.393776,37.7938318],[-122.393745,37.7938506],[-122.39354,37.7940092],[-122.3934558,37.7940779],[-122.3933794,37.7941402],[-122.3933731,37.7941453],[-122.3933731,37.7941453],[-122.3933316,37.7941789],[-122.3933206,37.7941879],[-122.3932675,37.7942298],[-122.39325,37.7942468],[-122.3932446,37.794252],[-122.3932271,37.7942739],[-122.3932224,37.7942852],[-122.3932209,37.7942889],[-122.3932146,37.7943041],[-122.3932108,37.7943268],[-122.3932099,37.7943377],[-122.3932114,37.7943586],[-122.3932173,37.7943957],[-122.3932263,37.7944171],[-122.3932456,37.7944455],[-122.3932456,37.7944455],[-122.3932732,37.7944711],[-122.3934806,37.7946408],[-122.393551,37.7947079],[-122.3936241,37.7947824],[-122.3940043,37.7951937],[-122.3940808,37.795278],[-122.394276,37.7954898],[-122.394368,37.7955882],[-122.394685,37.7959284],[-122.3947102,37.7959559],[-122.3947813,37.7960275],[-122.3948231,37.796068],[-122.3953181,37.7966038],[-122.3954196,37.7967168],[-122.3955614,37.7968728],[-122.3957331,37.7970714],[-122.3958305,37.7971791],[-122.3965399,37.7979719],[-122.3965512,37.7979847],[-122.3970901,37.7986067],[-122.397387,37.7989456],[-122.3975661,37.7991394],[-122.3976091,37.799188],[-122.3976635,37.7992505],[-122.3977442,37.7993424],[-122.3979262,37.7995443],[-122.3980219,37.7996544],[-122.3983359,37.8000154],[-122.3990581,37.8008378],[-122.3991307,37.8009221],[-122.3992093,37.8010137],[-122.3994239,37.801251],[-122.3995215,37.8013609],[-122.3998567,37.8017404],[-122.4008686,37.8028722],[-122.400951,37.8029645],[-122.4009679,37.8029833],[-122.4011746,37.8032156],[-122.4012653,37.8033164],[-122.4018012,37.8039121],[-122.4019085,37.8040294],[-122.4021575,37.8042671],[-122.4022816,37.8043721],[-122.4023316,37.8044105],[-122.4028944,37.8048162],[-122.4031647,37.8050108],[-122.4032226,37.8050534],[-122.4033357,37.805136],[-122.4034369,37.8052095],[-122.404353,37.8058767],[-122.4046275,37.8060546],[-122.4047904,37.806147],[-122.4055465,37.8065301],[-122.4058016,37.8066572],[-122.4059114,37.8067129],[-122.4060647,37.8067906],[-122.4063265,37.8069219],[-122.4064735,37.8069936],[-122.4070019,37.8072528],[-122.4070633,37.8072838],[-122.4072435,37.8073805],[-122.4072821,37.8074034],[-122.4073685,37.8074582],[-122.4073848,37.8074672],[-122.4075789,37.8075835],[-122.4075789,37.8075835],[-122.4075994,37.8075958],[-122.4076614,37.8076263],[-122.4078038,37.8076912],[-122.4078038,37.8076912],[-122.4080185,37.8077818],[-122.4080185,37.8077818],[-122.4080517,37.8077958],[-122.4082464,37.807871],[-122.4082464,37.807871],[-122.4082859,37.8078862],[-122.4088041,37.8081041],[-122.408884,37.8081353],[-122.4090038,37.8081742],[-122.4090038,37.8081742],[-122.4090729,37.8081954],[-122.4091436,37.8082119],[-122.4092029,37.8082225],[-122.4092246,37.8082263],[-122.4092953,37.808236],[-122.4093869,37.8082472],[-122.410287,37.8083328],[-122.4104266,37.8083474],[-122.4105053,37.8083555],[-122.4106773,37.8083713],[-122.4107593,37.8083823],[-122.410853,37.8083958],[-122.4109728,37.8084133],[-122.411617,37.8085097],[-122.4123826,37.8086238],[-122.4124235,37.8086271],[-122.4124292,37.8086276],[-122.4124663,37.8086306],[-122.4125395,37.8086354],[-122.4126326,37.8086353],[-122.4126817,37.8086352],[-122.4127981,37.8086321],[-122.4129116,37.8086276],[-122.4129566,37.808622],[-122.4130511,37.8086141],[-122.413357,37.808574],[-122.4134247,37.8085657],[-122.4140995,37.8084809],[-122.4141946,37.808469],[-122.4142748,37.8084589],[-122.415318,37.8083258],[-122.4153986,37.8083156],[-122.4155897,37.8082904],[-122.4157265,37.8082615],[-122.4158001,37.8082463],[-122.4159182,37.8082243],[-122.4160721,37.8082017],[-122.4164177,37.8081611],[-122.4166277,37.8081517],[-122.4168855,37.8081361],[-122.4172124,37.8080946],[-122.417256,37.8080835],[-122.4172957,37.8080712],[-122.4173462,37.8080503],[-122.4173786,37.8080313],[-122.4173915,37.8080207],[-122.4174111,37.8080047],[-122.4174291,37.8079857],[-122.4174531,37.8079463],[-122.4174564,37.8079368],[-122.4174712,37.8078945],[-122.4174784,37.8078556],[-122.4174724,37.8078119],[-122.417377,37.8073311],[-122.417377,37.8073311],[-122.41737,37.8072971]]}},{"type":"Feature","properties":{"id":"line-L","name":"Muni Metro L inbound: SF Zoo => Embarcadero","ref":"L","mode":"light_rail"},"geometry":{"type":"LineString","coordinates":[[-122.5046858,37.7361006],[-122.5046576,37.7361016],[-122.5046586,37.7361197],[-122.5046868,37.7361187],[-122.5046862,37.7361075],[-122.5046858,37.7361006],[-122.4953317,37.7421471],[-122.495297,37.7421487],[-122.4952978,37.7421589],[-122.4952986,37.7421704],[-122.4953333,37.7421689],[-122.4953317,37.7421471],[-122.495201,37.7421502],[-122.4952018,37.7421626],[-122.4952024,37.742172],[-122.4950826,37.7421768],[-122.4949055,37.7421838],[-122.494642,37.7421944],[-122.4946413,37.7421843],[-122.4946406,37.7421726],[-122.4949039,37.742162],[-122.4950811,37.742155],[-122.495201,37.7421502],[-122.4787947,37.7428784],[-122.4787952,37.7428858],[-122.4787957,37.742892],[-122.4785266,37.7429041],[-122.478526,37.742895],[-122.4785253,37.7428847],[-122.4787401,37.7428751],[-122.4787947,37.7428784],[-122.4784132,37.7428922],[-122.4783844,37.7428935],[-122.4783857,37.7429116],[-122.4784145,37.7429103],[-122.4784137,37.7429001],[-122.4784132,37.7428922],[-122.4758391,37.7429995],[-122.47584,37.7430119],[-122.4758409,37.7430241],[-122.4763572,37.7430008],[-122.4763554,37.7429762],[-122.4758391,37.7429995],[-122.4654142,37.7413577],[-122.4651387,37.7416932],[-122.4651155,37.7416813],[-122.4653911,37.7413456],[-122.4654142,37.7413577],[-122.4594176,37.7477],[-122.4594364,37.7477161],[-122.4587145,37.7482433],[-122.4586957,37.7482272],[-122.4594176,37.7477],[-122.4344538,37.7630829],[-122.4346535,37.7629322],[-122.4348535,37.762794],[-122.43505,37.7626751],[-122.4352561,37.7625604],[-122.4352721,37.7625783],[-122.4350664,37.7626928],[-122.4348711,37.762811],[-122.4346722,37.7629484],[-122.4344729,37.7630987],[-122.4344538,37.7630829],[-122.4299187,37.7666784],[-122.4299373,37.7666932],[-122.4292014,37.7672733],[-122.4291828,37.7672586],[-122.4299187,37.7666784],[-122.4196205,37.7748864],[-122.4193432,37.7751063],[-122.4188849,37.7754667],[-122.4188433,37.7754337],[-122.4195789,37.7748534],[-122.4196205,37.7748864],[-122.4130848,37.7800669],[-122.413158,37.7800074],[-122.4131345,37.7799887],[-122.4131562,37.7799716],[-122.4132398,37.7799058],[-122.4132628,37.7798877],[-122.413286,37.7799062],[-122.4133376,37.7798665],[-122.4133137,37.7798476],[-122.4135549,37.7796573],[-122.4135782,37.7796757],[-122.4135931,37.7796639],[-122.4135699,37.7796455],[-122.4136982,37.7795443],[-122.413721,37.7795626],[-122.4137677,37.7795255],[-122.4137449,37.7795075],[-122.4139861,37.7793172],[-122.4140083,37.7793347],[-122.414063,37.7792908],[-122.4140411,37.7792734],[-122.414065,37.7792546],[-122.4141487,37.7791887],[-122.4141694,37.7791724],[-122.4141909,37.7791894],[-122.4143118,37.7790941],[-122.4143029,37.7790869],[-122.4142905,37.779077],[-122.4144185,37.778976],[-122.4144397,37.7789927],[-122.4144526,37.7789825],[-122.4144109,37.7789496],[-122.4130431,37.7800339],[-122.41306,37.7800473],[-122.4130848,37.7800669],[-122.4069498,37.7849016],[-122.4071306,37.7847588],[-122.407111,37.7847433],[-122.407352,37.7845529],[-122.4073717,37.7845685],[-122.4075523,37.7844258],[-122.4075324,37.7844101],[-122.4077735,37.7842196],[-122.4077935,37.7842354],[-122.4078782,37.7841684],[-122.4078728,37.7841641],[-122.4078582,37.7841526],[-122.4079866,37.7840511],[-122.4080067,37.7840669],[-122.4080528,37.7840304],[-122.4080108,37.7839973],[-122.4069082,37.7848687],[-122.4069376,37.784892],[-122.4069498,37.7849016],[-122.402284,37.7885892],[-122.402241,37.7885552],[-122.4011944,37.7893818],[-122.4012286,37.7894088],[-122.4012379,37.7894161],[-122.4014098,37.7892804],[-122.4013883,37.7892634],[-122.4016415,37.7890634],[-122.4016629,37.7890803],[-122.4018018,37.7889705],[-122.4017807,37.7889538],[-122.4020291,37.7887577],[-122.40205,37.7887742],[-122.4021054,37.7887305],[-122.4020996,37.7887259],[-122.4020846,37.7887141],[-122.4022286,37.7886003],[-122.4022493,37.7886167],[-122.402284,37.7885892],[-122.3971426,37.7926201],[-122.3977088,37.7921742],[-122.3976867,37.7921567],[-122.3959729,37.7935077],[-122.3959942,37.7935245],[-122.3965836,37.7930603],[-122.3966043,37.7930768],[-122.3967343,37.7929745],[-122.3967135,37.792958],[-122.3968204,37.7928739],[-122.3968413,37.7928904],[-122.3968767,37.7928625],[-122.3968917,37.7928507],[-122.3969057,37.7928397],[-122.3969414,37.7928118],[-122.3969204,37.7927951],[-122.3970239,37.7927136],[-122.3970446,37.7927299],[-122.3971631,37.7926363],[-122.3971426,37.7926201],[-122.5046617,37.7361341],[-122.5045074,37.7361406],[-122.5045074,37.7361406],[-122.5044668,37.7361423],[-122.5044061,37.7361471],[-122.504362,37.7361571],[-122.5043428,37.7361662],[-122.5043199,37.7361771],[-122.5043155,37.7361809],[-122.504282,37.7362099],[-122.5042626,37.7362426],[-122.5042552,37.7362762],[-122.5042543,37.7362996],[-122.5042538,37.7363215],[-122.5042538,37.7363215],[-122.5043452,37.7376473],[-122.5043491,37.737725],[-122.5043441,37.7378426],[-122.5043441,37.7378426],[-122.504346,37.7378861],[-122.5043488,37.7379261],[-122.5043514,37.7379636],[-122.5043576,37.7380514],[-122.504364,37.7381419],[-122.5044808,37.7398094],[-122.5044825,37.7398301],[-122.5044885,37.7399145],[-122.5044943,37.739996],[-122.504603,37.7415378],[-122.5046037,37.7415771],[-122.5046018,37.7416142],[-122.5045987,37.7416427],[-122.5045935,37.741669],[-122.5045878,37.7416841],[-122.5045694,37.7417132],[-122.5045393,37.7417379],[-122.504532,37.7417425],[-122.5045021,37.7417575],[-122.5044562,37.7417697],[-122.5043626,37.7417777],[-122.5036735,37.741808],[-122.5035675,37.7418127],[-122.5035258,37.7418145],[-122.503462,37.7418174],[-122.5026268,37.7418542],[-122.5026056,37.741855],[-122.5025123,37.7418592],[-122.5024948,37.74186],[-122.5023849,37.7418648],[-122.5015256,37.7419027],[-122.5014228,37.7419072],[-122.5013975,37.7419083],[-122.5013303,37.7419113],[-122.5004849,37.7419484],[-122.5004604,37.7419492],[-122.5003499,37.7419544],[-122.5002518,37.7419587],[-122.4996778,37.741984],[-122.4993919,37.7419969],[-122.4992789,37.7420016],[-122.4992565,37.7420025],[-122.4991811,37.7420059],[-122.4983438,37.7420428],[-122.4983203,37.7420435],[-122.4982261,37.7420479],[-122.4982079,37.7420488],[-122.4981028,37.7420535],[-122.4975626,37.7420772],[-122.4972435,37.7420912],[-122.4971378,37.7420959],[-122.497035,37.7421004],[-122.4961702,37.7421385],[-122.4960671,37.742143],[-122.4959603,37.7421477],[-122.4958006,37.7421547],[-122.4952673,37.7421782],[-122.4950833,37.7421863],[-122.4949063,37.7421941],[-122.494679,37.7422041],[-122.4946403,37.7422058],[-122.4945365,37.7422104],[-122.4944206,37.7422155],[-122.4943821,37.7422172],[-122.4942739,37.742222],[-122.494033,37.7422329],[-122.4938335,37.7422414],[-122.4934198,37.7422616],[-122.4933315,37.7422637],[-122.4932632,37.7422666],[-122.4932632,37.7422666],[-122.4929538,37.7422806],[-122.4928516,37.7422846],[-122.4927542,37.7422888],[-122.4926444,37.7422937],[-122.4925238,37.742299],[-122.4925238,37.742299],[-122.4918829,37.7423273],[-122.4917844,37.7423316],[-122.4916828,37.7423361],[-122.4908138,37.7423743],[-122.4907081,37.742379],[-122.4906081,37.7423834],[-122.4897758,37.7424201],[-122.4897415,37.7424216],[-122.4896406,37.7424261],[-122.4895368,37.7424307],[-122.4886701,37.7424688],[-122.4885661,37.7424734],[-122.4884728,37.7424775],[-122.4876223,37.7425149],[-122.4876051,37.7425157],[-122.4874947,37.7425205],[-122.4873912,37.7425251],[-122.4865285,37.7425631],[-122.4864238,37.7425677],[-122.4863273,37.7425719],[-122.4862046,37.7425773],[-122.4859889,37.7425868],[-122.4854621,37.7426101],[-122.48535,37.742615],[-122.4852547,37.7426192],[-122.484379,37.7426577],[-122.4842791,37.7426621],[-122.4841853,37.7426662],[-122.4833442,37.7427033],[-122.483314,37.7427046],[-122.4832118,37.7427091],[-122.483111,37.7427135],[-122.482241,37.7427519],[-122.4821411,37.7427563],[-122.48204,37.7427607],[-122.4812,37.7427977],[-122.4811568,37.7428],[-122.4810659,37.7428041],[-122.4809495,37.7428101],[-122.4800831,37.742847],[-122.4799989,37.7428506],[-122.4798701,37.7428563],[-122.479469,37.7428742],[-122.4793157,37.742881],[-122.4790224,37.7428937],[-122.4789257,37.7428979],[-122.4788092,37.7429035],[-122.4785573,37.7429155],[-122.4783885,37.7429228],[-122.478141,37.7429336],[-122.4779528,37.7429418],[-122.4778552,37.7429461],[-122.4777555,37.7429504],[-122.4768865,37.7429882],[-122.476784,37.7429927],[-122.4766768,37.7429974],[-122.4758491,37.7430334],[-122.4758187,37.7430347],[-122.4757219,37.743039],[-122.4756067,37.7430444],[-122.475502,37.7430487],[-122.4747297,37.7430826],[-122.47464,37.7430867],[-122.4745413,37.743091],[-122.4737019,37.743128],[-122.4736744,37.7431292],[-122.4735569,37.7431346],[-122.4734698,37.7431382],[-122.4725985,37.7431765],[-122.472499,37.7431809],[-122.4723974,37.7431854],[-122.4717114,37.7432156],[-122.4717114,37.7432156],[-122.4716487,37.743217],[-122.4715863,37.7432164],[-122.4715413,37.7432139],[-122.4715039,37.7432097],[-122.4714787,37.7432002],[-122.4714653,37.743196],[-122.4714339,37.7431746],[-122.4714112,37.7431493],[-122.471408,37.7431446],[-122.471397,37.7431201],[-122.4713892,37.7430872],[-122.4713824,37.7430477],[-122.4713824,37.7430477],[-122.4713776,37.7430061],[-122.4713718,37.7429142],[-122.4712751,37.7415291],[-122.4712751,37.7415291],[-122.4712691,37.741491],[-122.4712638,37.7414743],[-122.4712568,37.7414602],[-122.471249,37.7414466],[-122.4712388,37.7414347],[-122.4712122,37.7414108],[-122.4711682,37.7413883],[-122.4711529,37.741385],[-122.4711427,37.7413829],[-122.4711136,37.7413766],[-122.4710539,37.7413744],[-122.4710539,37.7413744],[-122.4702189,37.7414111],[-122.4701125,37.7414159],[-122.4700344,37.7414192],[-122.468861,37.7414708],[-122.4685984,37.7414824],[-122.4682408,37.7414981],[-122.4680937,37.7415051],[-122.4679791,37.741507],[-122.4678499,37.741505],[-122.4677218,37.7415003],[-122.4676408,37.7414952],[-122.4675195,37.7414852],[-122.4673818,37.7414684],[-122.4672329,37.7414437],[-122.4670865,37.7414143],[-122.4669494,37.7413785],[-122.46682,37.7413386],[-122.4667136,37.741304],[-122.4666171,37.7412692],[-122.4665266,37.7412339],[-122.4664151,37.7411824],[-122.4662934,37.7411226],[-122.4661523,37.7410494],[-122.4660767,37.7410094],[-122.4660767,37.7410094],[-122.4660155,37.7409761],[-122.4659731,37.7409549],[-122.4659407,37.7409439],[-122.4659242,37.740941],[-122.4659021,37.7409364],[-122.4658727,37.7409367],[-122.4658498,37.7409385],[-122.4658163,37.7409461],[-122.4657903,37.7409561],[-122.4657659,37.7409679],[-122.4657414,37.7409855],[-122.4657196,37.7410058],[-122.4657196,37.7410058],[-122.4656937,37.7410395],[-122.4656702,37.74107],[-122.4654263,37.7413639],[-122.4654263,37.7413639],[-122.4652846,37.7415351],[-122.4652846,37.7415351],[-122.4648945,37.7420014],[-122.4620611,37.7453792],[-122.4615251,37.7459473],[-122.4609587,37.7464702],[-122.4604002,37.7469521],[-122.459814,37.7474332],[-122.4594481,37.7477261],[-122.4587263,37.7482533],[-122.4584806,37.7484215],[-122.4584638,37.748433],[-122.4584435,37.7484469],[-122.4569342,37.7494802],[-122.4553867,37.7505467],[-122.4540408,37.7514743],[-122.449529,37.7545836],[-122.4453505,37.7574632],[-122.440614,37.7607272],[-122.4404289,37.7608522],[-122.4402261,37.7609845],[-122.4400282,37.7611035],[-122.4398208,37.761217],[-122.4396082,37.7613248],[-122.4393872,37.7614277],[-122.4391822,37.7615025],[-122.4389494,37.7615704],[-122.4387492,37.7616197],[-122.4385512,37.7616633],[-122.438037,37.7617586],[-122.438037,37.7617586],[-122.4368392,37.7619707],[-122.4368392,37.7619707],[-122.4366437,37.7620106],[-122.4364495,37.762055],[-122.4364495,37.762055],[-122.4363016,37.7621044],[-122.436168,37.7621561],[-122.4360244,37.7622205],[-122.4356906,37.7623824],[-122.4354813,37.762486],[-122.4352829,37.7625891],[-122.4352829,37.7625891],[-122.4350766,37.7627039],[-122.434882,37.7628216],[-122.4346838,37.7629585],[-122.4344844,37.763109],[-122.4334929,37.7639001],[-122.432189,37.7649329],[-122.4321283,37.7649802],[-122.4318067,37.7652334],[-122.4292486,37.7672568],[-122.4274684,37.7686722],[-122.4262839,37.7696],[-122.4261263,37.7697235],[-122.4261263,37.7697235],[-122.4254589,37.7701942],[-122.4245507,37.7709038],[-122.4245507,37.7709038],[-122.4232032,37.7719691],[-122.4228291,37.7722648],[-122.422668,37.7723921],[-122.4216219,37.7732193],[-122.4204854,37.7741178],[-122.4202834,37.7742775],[-122.4201699,37.7743672],[-122.419931,37.774556],[-122.4198179,37.7746455],[-122.4193457,37.775027],[-122.4188561,37.7754058],[-122.4173298,37.7766124],[-122.414399,37.7789422],[-122.4130305,37.7800293],[-122.4068922,37.7848631],[-122.405562,37.7859146],[-122.4011881,37.7893717],[-122.3983992,37.791576],[-122.3978634,37.7919995],[-122.3970947,37.792607],[-122.3968407,37.7928078],[-122.3965892,37.7930066]]}},{"type":"Feature","properties":{"id":"line-6XX","name":"Local Weekend","ref":"6XX","mode":"train"},"geometry":{"type":"LineString","coordinates":[[-121.9030538,37.3298716],[-121.9030357,37.3296351],[-121.9028704,37.3274393],[-121.9029403,37.3274361],[-121.9031707,37.3303686],[-121.9031801,37.3305531],[-121.9031844,37.3306256],[-121.9031908,37.3307219],[-121.9031423,37.3307271],[-121.9031237,37.3306254],[-121.9031111,37.3305411],[-121.9030993,37.3304274],[-121.9030538,37.3298716],[-121.9365177,37.3535398],[-121.9362594,37.3534219],[-121.9359369,37.3532706],[-121.9356318,37.3531213],[-121.9353864,37.3529977],[-121.935151,37.3528761],[-121.9348345,37.3527099],[-121.9345295,37.3525424],[-121.9345033,37.3525708],[-121.9344794,37.3525966],[-121.9347882,37.3527685],[-121.935102,37.3529444],[-121.9353367,37.3530718],[-121.9355767,37.3531982],[-121.9358752,37.3533463],[-121.9362077,37.3535011],[-121.936467,37.3536141],[-121.9364845,37.3535885],[-121.9365005,37.353565],[-121.9365177,37.3535398],[-121.9967397,37.3707216],[-121.9960692,37.3706926],[-121.9959231,37.3706863],[-121.9957187,37.3706775],[-121.9957216,37.3706344],[-121.9957222,37.3706255],[-121.9957234,37.3706085],[-121.9967444,37.3706526],[-121.9981272,37.3707123],[-121.9981235,37.3707665],[-121.9979861,37.3707606],[-121.9978474,37.3707546],[-121.9978478,37.3707483],[-121.9978483,37.3707411],[-121.9974879,37.3707255],[-121.9974888,37.3707122],[-121.9967425,37.37068],[-121.9967416,37.3706936],[-121.9967397,37.3707216],[-122.0324036,37.3792709],[-122.0308624,37.3787657],[-122.0306266,37.3786885],[-122.0304773,37.3786395],[-122.0304826,37.3786292],[-122.030497,37.3786016],[-122.0324232,37.3792333],[-122.032408,37.3792625],[-122.0324036,37.3792709],[-122.0746689,37.3940138],[-122.0746762,37.3940021],[-122.0746904,37.3939795],[-122.0765618,37.3947211],[-122.0765497,37.3947404],[-122.0765403,37.3947554],[-122.0746689,37.3940138],[-122.1082573,37.4080959],[-122.1082334,37.4081197],[-122.108224,37.4081291],[-122.1078561,37.4078971],[-122.1078435,37.4079098],[-122.1077795,37.4078695],[-122.1077928,37.4078562],[-122.1075896,37.4077282],[-122.1075771,37.4077408],[-122.1075302,37.4077112],[-122.1075431,37.4076983],[-122.1074433,37.4076353],[-122.107432,37.4076466],[-122.1073674,37.4076059],[-122.1073781,37.4075951],[-122.1065761,37.407089],[-122.106586,37.4070791],[-122.1066092,37.407056],[-122.1082573,37.4080959],[-122.140215,37.4282853],[-122.1419592,37.4293818],[-122.1419466,37.4293944],[-122.1419156,37.4294254],[-122.141348,37.4290687],[-122.1413556,37.4290611],[-122.1413635,37.4290532],[-122.1409875,37.4288169],[-122.1409808,37.4288236],[-122.140972,37.4288324],[-122.1407993,37.4287239],[-122.1408087,37.4287145],[-122.1408171,37.4287061],[-122.1407816,37.4286837],[-122.1406743,37.4286164],[-122.1406664,37.4286244],[-122.1406582,37.4286326],[-122.1405566,37.4285687],[-122.1405677,37.4285576],[-122.140184,37.4283164],[-122.1402037,37.4282966],[-122.140215,37.4282853],[-122.1655614,37.4440354],[-122.1655536,37.4440432],[-122.1655324,37.4440643],[-122.1653884,37.4439731],[-122.1653794,37.4439822],[-122.1653743,37.4439873],[-122.1653126,37.4439483],[-122.1653187,37.4439425],[-122.1653341,37.4439269],[-122.1651135,37.4437877],[-122.1650998,37.4438014],[-122.1650921,37.4438091],[-122.1650829,37.4438036],[-122.1646944,37.4435579],[-122.1646746,37.4435455],[-122.1646961,37.4435241],[-122.1642612,37.4432495],[-122.1638279,37.442976],[-122.1638158,37.4429881],[-122.1638064,37.4429974],[-122.1637766,37.4429785],[-122.1636683,37.4429102],[-122.1636736,37.4429048],[-122.163679,37.4428994],[-122.1635057,37.4427901],[-122.1635275,37.4427683],[-122.1635379,37.4427579],[-122.1655614,37.4440354],[-122.183086,37.4553636],[-122.1831042,37.4553456],[-122.18143,37.4542834],[-122.1814148,37.4542985],[-122.1814038,37.4543094],[-122.1814153,37.4543167],[-122.1814392,37.4543318],[-122.1826722,37.4551149],[-122.1827337,37.4551539],[-122.1830777,37.4553719],[-122.183086,37.4553636],[-122.2305794,37.4853093],[-122.2305725,37.4853162],[-122.2305674,37.4853215],[-122.2305538,37.4853349],[-122.2305471,37.4853416],[-122.2305602,37.4853499],[-122.2305892,37.4853682],[-122.2307194,37.4854503],[-122.231033,37.4856482],[-122.23103,37.4856512],[-122.231019,37.4856622],[-122.2310493,37.4856813],[-122.2310544,37.4856845],[-122.2310947,37.4857099],[-122.2310984,37.4857122],[-122.2311383,37.4857374],[-122.2311495,37.4857262],[-122.2311523,37.4857234],[-122.2311604,37.4857284],[-122.2311669,37.4857326],[-122.2311737,37.4857368],[-122.2318171,37.4861429],[-122.2321249,37.4863372],[-122.2321341,37.486343],[-122.2321899,37.4863783],[-122.2322048,37.4863635],[-122.2322105,37.4863578],[-122.2322175,37.4863508],[-122.2322223,37.486346],[-122.2305794,37.4853093],[-122.2594949,37.5074346],[-122.2609151,37.508675],[-122.2608965,37.5086884],[-122.2608757,37.5087034],[-122.2603733,37.5082649],[-122.2603366,37.5082328],[-122.2597036,37.5076802],[-122.259588,37.5075793],[-122.259484,37.5074885],[-122.2594747,37.5074952],[-122.2594629,37.5075037],[-122.2594341,37.5074785],[-122.25947,37.5074526],[-122.2594949,37.5074346],[-122.2769096,37.5218008],[-122.2769678,37.5217566],[-122.2755181,37.5205571],[-122.2754906,37.520578],[-122.2754599,37.5206014],[-122.2769096,37.5218008],[-122.3003922,37.5410352],[-122.301773,37.5426666],[-122.309103,37.5524028],[-122.309086,37.5524078],[-122.3091303,37.5525067],[-122.309231,37.5527181],[-122.3093246,37.5529204],[-122.3094134,37.5531122],[-122.309811,37.5539712],[-122.3098259,37.5539668],[-122.3098469,37.5539607],[-122.3098614,37.5539565],[-122.309136,37.5523932],[-122.309103,37.5524028],[-122.3248426,37.5690734],[-122.324812,37.569096],[-122.3239754,37.5683319],[-122.323806,37.5681772],[-122.3233828,37.5677908],[-122.3233929,37.5677834],[-122.3234206,37.5677632],[-122.3238455,37.5681519],[-122.3239301,37.5682292],[-122.3240141,37.5683061],[-122.3241351,37.5684167],[-122.3244914,37.5687435],[-122.3246681,37.5689083],[-122.3248426,37.5690734],[-122.3450735,37.5802364],[-122.345065,37.5802491],[-122.3450491,37.5802729],[-122.3450168,37.5802593],[-122.3449888,37.5802476],[-122.3448203,37.5801769],[-122.344788,37.5801633],[-122.3446684,37.5801131],[-122.3445416,37.5800599],[-122.3445355,37.5800691],[-122.3444395,37.5800281],[-122.3444452,37.5800194],[-122.3442233,37.5799263],[-122.3441772,37.579907],[-122.3440522,37.5798545],[-122.3440062,37.5798352],[-122.3440004,37.5798328],[-122.3438752,37.5797802],[-122.3438713,37.5797786],[-122.3438253,37.5797593],[-122.3438187,37.5797565],[-122.3431398,37.5794716],[-122.3431445,37.5794647],[-122.3431526,37.5794526],[-122.3431585,37.5794438],[-122.343164,37.5794355],[-122.3450735,37.5802364],[-122.3626831,37.5876041],[-122.362696,37.587585],[-122.3625054,37.5875045],[-122.3622122,37.5873805],[-122.3617755,37.5871958],[-122.3611599,37.5869355],[-122.3611473,37.5869543],[-122.3617626,37.5872147],[-122.3621997,37.5873996],[-122.3624923,37.5875234],[-122.3626831,37.5876041],[-122.4108672,37.6292147],[-122.4108788,37.6292348],[-122.4110413,37.6295182],[-122.4110545,37.629541],[-122.4112038,37.6298012],[-122.4113364,37.6300323],[-122.4116331,37.6305492],[-122.411825,37.6308837],[-122.4118488,37.6309252],[-122.4119148,37.6310402],[-122.4119305,37.6310675],[-122.4050868,37.6558124],[-122.4066534,37.6541915],[-122.4017345,37.7085541],[-122.4017178,37.7085541],[-122.4016662,37.7085545],[-122.4016673,37.7077369],[-122.4016666,37.7076254],[-122.4016665,37.7067117],[-122.4017093,37.7067114],[-122.4017357,37.7067111],[-122.4017345,37.7085541],[-122.3923287,37.756542],[-122.3923449,37.7571249],[-122.3923584,37.757381],[-122.3923697,37.7575945],[-122.3924073,37.7581312],[-122.3948913,37.7764459],[-122.3951912,37.7762097],[-122.3963581,37.7752904],[-122.3963753,37.7753041],[-122.3963968,37.7753211],[-122.3952299,37.7762404],[-122.3949302,37.7764766],[-122.3949122,37.7764624],[-122.3948913,37.7764459],[-121.903264,37.3314326],[-121.9032293,37.3310023],[-121.9032233,37.3308973],[-121.9032104,37.3307383],[-121.9032026,37.3306437],[-121.9031997,37.3305925],[-121.903187,37.3303528],[-121.9032887,37.3317766],[-121.903264,37.3314326],[-121.9032946,37.3318404],[-121.9032887,37.3317766],[-121.9033086,37.3319982],[-121.9032946,37.3318404],[-121.9033175,37.3321125],[-121.9033086,37.3319982],[-121.9033175,37.3321125],[-121.9033409,37.3324328],[-121.9033672,37.3326962],[-121.9033806,37.3327645],[-121.9033806,37.3327645],[-121.9034205,37.3329277],[-121.903461,37.3330491],[-121.9035106,37.333165],[-121.9035965,37.3333234],[-121.9036953,37.3334753],[-121.9037536,37.3335564],[-121.9037536,37.3335564],[-121.9038499,37.3336851],[-121.904064,37.3339442],[-121.904064,37.3339442],[-121.9042299,37.3341269],[-121.9044475,37.334337],[-121.9046791,37.3345515],[-121.9046791,37.3345515],[-121.9047702,37.3346342],[-121.9047702,37.3346342],[-121.9057779,37.335559],[-121.9060008,37.3357648],[-121.9068314,37.3365245],[-121.9070764,37.3367549],[-121.9071615,37.3368327],[-121.9073392,37.3370129],[-121.9075016,37.3372018],[-121.9076121,37.3373484],[-121.9077146,37.3374983],[-121.9077951,37.3376334],[-121.9078688,37.3377698],[-121.908161,37.3383638],[-121.9083144,37.3386553],[-121.9083907,37.3387827],[-121.9084753,37.3389098],[-121.9085629,37.3390267],[-121.9086529,37.3391415],[-121.9088042,37.3393139],[-121.9090134,37.3395179],[-121.9095218,37.3399784],[-121.9096393,37.3400793],[-121.9097639,37.3401824],[-121.9098906,37.340275],[-121.910019,37.3403649],[-121.9101509,37.3404509],[-121.9102928,37.3405366],[-121.9104281,37.3406133],[-121.9105661,37.3406869],[-121.9107161,37.3407607],[-121.9108696,37.3408298],[-121.9110198,37.3408937],[-121.9111745,37.3409515],[-121.9114939,37.3410565],[-121.9119918,37.3412023],[-121.9122874,37.3412927],[-121.912637,37.3414125],[-121.9126949,37.3414358],[-121.9128753,37.3415103],[-121.9130506,37.34159],[-121.9134299,37.3417803],[-121.9138778,37.3420064],[-121.9122874,37.3412927],[-121.9123873,37.3413237],[-121.9124863,37.3413567],[-121.9125893,37.3413938],[-121.912637,37.3414125],[-121.9138778,37.3420064],[-121.9139424,37.3420382],[-121.9139424,37.3420382],[-121.9142694,37.342206],[-121.9142694,37.342206],[-121.9151355,37.3426409],[-121.9152744,37.3427115],[-121.915896,37.3430274],[-121.9160994,37.3431319],[-121.9160994,37.3431319],[-121.9165532,37.3433591],[-121.9174764,37.3438268],[-121.9182693,37.3442281],[-121.9196426,37.344922],[-121.9205199,37.345365],[-121.9216673,37.3459445],[-121.922244,37.3462355],[-121.9237283,37.3469842],[-121.9260957,37.3481833],[-121.9278691,37.3490781],[-121.9294329,37.3498675],[-121.9311985,37.3507651],[-121.9313405,37.3508368],[-121.9316218,37.3509788],[-121.9316218,37.3509788],[-121.9325885,37.3514692],[-121.9329436,37.3516537],[-121.9331188,37.3517479],[-121.9333545,37.3518774],[-121.9337367,37.3520876],[-121.9342727,37.3523836],[-121.9342727,37.3523836],[-121.9342987,37.3523975],[-121.9344142,37.352461],[-121.9344759,37.352495],[-121.9350765,37.3528176],[-121.9353367,37.352952],[-121.9357821,37.353177],[-121.9361207,37.3533384],[-121.9363883,37.3534645],[-121.9367048,37.3536072],[-121.936887,37.3536854],[-121.9372447,37.3538441],[-121.9375845,37.3539913],[-121.9378196,37.3540934],[-121.9381566,37.3542398],[-121.9381566,37.3542398],[-121.9387985,37.3545222],[-121.9392183,37.3547038],[-121.9408721,37.3554232],[-121.9410472,37.3555013],[-121.9410472,37.3555013],[-121.9412589,37.3555925],[-121.9412589,37.3555925],[-121.9420174,37.3559203],[-121.9423221,37.3560545],[-121.9432021,37.356438],[-121.9432021,37.356438],[-121.943371,37.3565118],[-121.9435632,37.3565957],[-121.9439048,37.3567424],[-121.9455094,37.3574392],[-121.9472855,37.3582091],[-121.9472855,37.3582091],[-121.9475047,37.3583092],[-121.9475047,37.3583092],[-121.9503495,37.3595482],[-121.9503495,37.3595482],[-121.9519471,37.3602357],[-121.9524542,37.3604539],[-121.9582279,37.3629699],[-121.9584415,37.363063],[-121.9595266,37.3635339],[-121.9608145,37.3640924],[-121.9662013,37.3664487],[-121.9673377,37.3669391],[-121.9684629,37.3674247],[-121.9684629,37.3674247],[-121.9687632,37.3675569],[-121.9687632,37.3675569],[-121.9708369,37.3684728],[-121.9720432,37.3689941],[-121.9724045,37.3691422],[-121.9727022,37.3692546],[-121.9732146,37.3694448],[-121.9737825,37.3696284],[-121.9743324,37.3697871],[-121.9745491,37.3698497],[-121.9755806,37.3700968],[-121.9764774,37.3702647],[-121.9764774,37.3702647],[-121.9771389,37.3703585],[-121.9771389,37.3703585],[-121.9771985,37.3703664],[-121.9776989,37.3704267],[-121.9783383,37.3704831],[-121.9786376,37.3705007],[-121.9789913,37.3705181],[-121.979469,37.3705362],[-121.9803594,37.3705352],[-121.9811401,37.3705311],[-121.9812993,37.3705307],[-121.9812993,37.3705307],[-121.9817304,37.3705342],[-121.9819424,37.3705388],[-121.9819991,37.3705408],[-121.9821932,37.3705466],[-121.9824449,37.3705563],[-121.9826945,37.3705595],[-121.9829959,37.3705592],[-121.9838034,37.3705544],[-121.9854136,37.3705456],[-121.9854136,37.3705456],[-121.9861844,37.3705398],[-121.9876309,37.3705311],[-121.9889613,37.3705214],[-121.9900631,37.3705045],[-121.9902905,37.370501],[-121.9914829,37.3704854],[-121.9925677,37.3704806],[-121.9931077,37.3704874],[-121.9935976,37.370501],[-121.9940299,37.3705193],[-121.9956371,37.3705838],[-121.9970415,37.3706466],[-121.9978992,37.370681],[-121.9982025,37.3706931],[-121.9984464,37.3707029],[-121.9990548,37.370735],[-121.9994568,37.3707554],[-121.9996364,37.3707709],[-122.0000102,37.3708029],[-122.0006296,37.3708796],[-122.0012087,37.370966],[-122.0019759,37.3711107],[-122.0051828,37.3717651],[-122.0075625,37.3722491],[-122.0102276,37.3727912],[-122.011202,37.3729894],[-122.0142476,37.3736097],[-122.0152641,37.3738097],[-122.0157124,37.3739059],[-122.0162793,37.374033],[-122.0166715,37.3741369],[-122.0168926,37.3741952],[-122.0171516,37.3742631],[-122.0176366,37.3744058],[-122.0180678,37.3745379],[-122.0182657,37.3746039],[-122.0194399,37.3749919],[-122.0198307,37.3751146],[-122.0201447,37.3752087],[-122.020477,37.3753039],[-122.0209383,37.3754469],[-122.0209383,37.3754469],[-122.021096,37.3754986],[-122.0218636,37.3757502],[-122.0236482,37.3763289],[-122.0250174,37.3767627],[-122.0257291,37.3769879],[-122.0275446,37.3775912],[-122.0282778,37.3778348],[-122.0283579,37.3778614],[-122.0284512,37.3778918],[-122.028529,37.3779179],[-122.0286169,37.3779473],[-122.0304634,37.378566],[-122.0322423,37.3791536],[-122.0326739,37.3792953],[-122.0342546,37.3798137],[-122.0383149,37.3811595],[-122.0385398,37.381234],[-122.0385398,37.381234],[-122.0399487,37.381701],[-122.0399487,37.381701],[-122.040423,37.3818546],[-122.040423,37.3818546],[-122.0417403,37.3822888],[-122.0417403,37.3822888],[-122.0420707,37.3823976],[-122.043112,37.3827405],[-122.0440241,37.383035],[-122.0445341,37.3832045],[-122.044721,37.383266],[-122.0448901,37.3833218],[-122.0451556,37.3834095],[-122.0455109,37.3835248],[-122.0460914,37.3837142],[-122.0463505,37.3837993],[-122.0499017,37.3849665],[-122.0525107,37.3858258],[-122.0563771,37.3870977],[-122.0573693,37.3874285],[-122.0578143,37.3875752],[-122.0604473,37.3884442],[-122.0606401,37.3885078],[-122.0620674,37.3889536],[-122.0628462,37.3892195],[-122.0635073,37.3894704],[-122.0635073,37.3894704],[-122.0656719,37.390368],[-122.0656719,37.390368],[-122.0661042,37.3905424],[-122.0661042,37.3905424],[-122.0670701,37.3909249],[-122.0693878,37.3918427],[-122.0696181,37.3919339],[-122.0696181,37.3919339],[-122.0697891,37.3920028],[-122.0697891,37.3920028],[-122.0746089,37.3939209],[-122.0753562,37.3942189],[-122.0763049,37.3945973],[-122.076672,37.3947437],[-122.077877,37.3952247],[-122.0779506,37.3952535],[-122.0780957,37.3953119],[-122.0782044,37.3953555],[-122.0783093,37.3953989],[-122.0817958,37.3967705],[-122.0836498,37.3975048],[-122.0853275,37.3981747],[-122.086591,37.398671],[-122.0879128,37.399197],[-122.0898281,37.3999535],[-122.0910898,37.4004589],[-122.0934534,37.4013923],[-122.0934682,37.4013982],[-122.0972171,37.4028883],[-122.0973567,37.4029438],[-122.0974508,37.4029809],[-122.0975681,37.4030273],[-122.0976729,37.4030688],[-122.1009762,37.4043751],[-122.1020022,37.404786],[-122.1029206,37.405147],[-122.1035298,37.4054022],[-122.1040403,37.4056284],[-122.1046069,37.4059026],[-122.1050764,37.4061418],[-122.1054915,37.4063656],[-122.1059873,37.4066543],[-122.1076411,37.4076913],[-122.1080651,37.4079602],[-122.1084156,37.4081825],[-122.1091652,37.4086568],[-122.1108377,37.409715],[-122.1110037,37.4098192],[-122.1123973,37.4106939],[-122.1123973,37.4106939],[-122.1127613,37.4109299],[-122.1129367,37.4110426],[-122.1129367,37.4110426],[-122.1143222,37.4119164],[-122.1155075,37.4126639],[-122.1185159,37.4145617],[-122.118624,37.4146299],[-122.1187332,37.4146988],[-122.1232192,37.4175312],[-122.1232634,37.4175588],[-122.1233172,37.4175966],[-122.1234302,37.417665],[-122.1237453,37.4178651],[-122.126676,37.4197148],[-122.1278237,37.4204417],[-122.1292438,37.4213352],[-122.129496,37.4214939],[-122.1315019,37.4227611],[-122.1335242,37.4240331],[-122.1336187,37.4240929],[-122.1336187,37.4240929],[-122.1336748,37.4241285],[-122.1336748,37.4241285],[-122.134572,37.4246968],[-122.1351223,37.4250483],[-122.1352842,37.4251416],[-122.1354437,37.4252486],[-122.1361824,37.4257124],[-122.1366931,37.4260337],[-122.1372351,37.4263775],[-122.1376844,37.4266566],[-122.1377455,37.4266945],[-122.1384177,37.427121],[-122.1397667,37.4279846],[-122.1397667,37.4279846],[-122.1400499,37.4281616],[-122.1401572,37.4282283],[-122.1401572,37.4282283],[-122.1405201,37.428458],[-122.1412063,37.4288916],[-122.1416643,37.4291785],[-122.1421316,37.4294746],[-122.1427324,37.4298525],[-122.1449712,37.4312512],[-122.1468948,37.4324661],[-122.1516162,37.4354409],[-122.1517144,37.4355023],[-122.1518033,37.4355585],[-122.1519634,37.435659],[-122.1560623,37.4382424],[-122.1560623,37.4382424],[-122.1562496,37.4383612],[-122.1562496,37.4383612],[-122.1564273,37.4384668],[-122.1569334,37.4387861],[-122.1579113,37.4394071],[-122.1586806,37.4398957],[-122.1592384,37.4402354],[-122.1596614,37.440491],[-122.1601129,37.4407416],[-122.1607402,37.4410897],[-122.1615599,37.4415432],[-122.1621811,37.4418931],[-122.1627633,37.4422477],[-122.1642787,37.4432035],[-122.1650002,37.4436574],[-122.1653956,37.4439063],[-122.1658912,37.4442183],[-122.1663229,37.4444994],[-122.1666792,37.4447313],[-122.1671428,37.4450551],[-122.1675163,37.4453214],[-122.1678795,37.4455857],[-122.1681269,37.4457668],[-122.168779,37.4462318],[-122.1691346,37.4464698],[-122.1694282,37.4466637],[-122.1694942,37.4467011],[-122.1696008,37.4467724],[-122.1702438,37.4471763],[-122.1702438,37.4471763],[-122.1705192,37.447351],[-122.1705192,37.447351],[-122.1710985,37.4477223],[-122.175522,37.4505296],[-122.1758718,37.4507516],[-122.1769315,37.451419],[-122.1769315,37.451419],[-122.1774633,37.4517548],[-122.1774633,37.4517548],[-122.1788038,37.4525978],[-122.1792317,37.4528649],[-122.1800305,37.4533725],[-122.1804837,37.4536671],[-122.1804947,37.4536747],[-122.1805513,37.453711],[-122.1806469,37.4537736],[-122.180728,37.4538258],[-122.1813789,37.4542394],[-122.1827044,37.4550828],[-122.1829827,37.4552573],[-122.1833404,37.4554826],[-122.1834251,37.4555355],[-122.183509,37.4555888],[-122.1842056,37.4560308],[-122.1845912,37.4562667],[-122.1861385,37.4572287],[-122.1862575,37.4573027],[-122.1863291,37.4573472],[-122.1864078,37.4573971],[-122.187574,37.4581362],[-122.1893494,37.4592599],[-122.1904016,37.4599338],[-122.1913599,37.4605626],[-122.1920779,37.4610273],[-122.1938724,37.4621638],[-122.1946778,37.462673],[-122.1964992,37.4638246],[-122.1981524,37.464867],[-122.1981937,37.4648931],[-122.1982643,37.4649369],[-122.1983759,37.4650057],[-122.1995557,37.4657564],[-122.2010545,37.4666725],[-122.2022894,37.4674431],[-122.2031867,37.4680083],[-122.2042613,37.4686868],[-122.2052,37.4692795],[-122.2056006,37.4695307],[-122.2056006,37.4695307],[-122.2058015,37.4696575],[-122.2058015,37.4696575],[-122.2062467,37.4699396],[-122.2062467,37.4699396],[-122.2063332,37.4699932],[-122.2064124,37.4700429],[-122.2064124,37.4700429],[-122.2066972,37.4702213],[-122.2068329,37.4703119],[-122.2071986,37.470536],[-122.2076379,37.4708143],[-122.2093281,37.4718836],[-122.2102822,37.4724872],[-122.2127013,37.4740072],[-122.2146601,37.4752509],[-122.2166653,37.4765117],[-122.218984,37.4779805],[-122.2201904,37.4787333],[-122.2206807,37.4790412],[-122.2210477,37.4792746],[-122.2210477,37.4792746],[-122.2213204,37.4794453],[-122.2213204,37.4794453],[-122.2226939,37.4803176],[-122.2228596,37.4804195],[-122.2229272,37.4804615],[-122.2232954,37.4806962],[-122.223346,37.4807291],[-122.2233628,37.48074],[-122.2233628,37.48074],[-122.2240112,37.4811467],[-122.2246952,37.4815772],[-122.2251181,37.4818426],[-122.2252635,37.4819339],[-122.22545,37.4820511],[-122.2262128,37.4825303],[-122.2262885,37.4825778],[-122.2263819,37.4826391],[-122.2271504,37.4831258],[-122.2280887,37.4837191],[-122.2285617,37.4840137],[-122.2285617,37.4840137],[-122.2289921,37.4842878],[-122.2289921,37.4842878],[-122.229212,37.4844262],[-122.2297157,37.4847455],[-122.230513,37.4852509],[-122.2315866,37.4859284],[-122.2319881,37.4861814],[-122.2324347,37.4864627],[-122.2324645,37.4864822],[-122.2325399,37.4865304],[-122.2326297,37.4865852],[-122.2347906,37.4879397],[-122.2348261,37.4879626],[-122.2349186,37.488021],[-122.2350319,37.4880922],[-122.2350817,37.4881229],[-122.2350817,37.4881229],[-122.237205,37.4894692],[-122.2374726,37.4896377],[-122.238468,37.4902645],[-122.2392569,37.4907561],[-122.2393287,37.4908004],[-122.2394547,37.4908828],[-122.2395826,37.490962],[-122.2396175,37.4909837],[-122.2396175,37.4909837],[-122.2397512,37.4910685],[-122.2417839,37.492358],[-122.2423159,37.492708],[-122.2428784,37.4930946],[-122.2436126,37.4936318],[-122.2441289,37.4940299],[-122.2441567,37.4940528],[-122.2441567,37.4940528],[-122.2442556,37.494134],[-122.2442556,37.494134],[-122.2447198,37.4945179],[-122.2459206,37.4955578],[-122.2471129,37.4966067],[-122.2471129,37.4966067],[-122.2497443,37.4988847],[-122.2497443,37.4988847],[-122.250006,37.4991117],[-122.250006,37.4991117],[-122.2506657,37.4996885],[-122.2520283,37.5008771],[-122.2520283,37.5008771],[-122.2522881,37.5011049],[-122.2522881,37.5011049],[-122.2548052,37.5033059],[-122.255456,37.503875],[-122.2567802,37.5050472],[-122.2576524,37.505827],[-122.2581175,37.506219],[-122.258652,37.5066816],[-122.2595068,37.5074264],[-122.2597983,37.5076823],[-122.2608252,37.5085764],[-122.261162,37.5088731],[-122.261162,37.5088731],[-122.261441,37.5091155],[-122.261441,37.5091155],[-122.2621522,37.5097439],[-122.2628114,37.5103031],[-122.2632122,37.5106431],[-122.2634799,37.5108794],[-122.2642572,37.5115657],[-122.2646448,37.5119094],[-122.2666365,37.5136431],[-122.2671653,37.5140917],[-122.2678505,37.5146653],[-122.268415,37.5151065],[-122.2687975,37.5153925],[-122.2702304,37.5164243],[-122.2708243,37.5168537],[-122.2712256,37.5171452],[-122.2712256,37.5171452],[-122.2717658,37.5175653],[-122.2717658,37.5175653],[-122.2733121,37.5188404],[-122.2740461,37.5194472],[-122.2746993,37.5199894],[-122.2749841,37.5202265],[-122.275252,37.5204488],[-122.275252,37.5204488],[-122.2754153,37.5205866],[-122.275545,37.520696],[-122.27583,37.5209366],[-122.27583,37.5209366],[-122.2761212,37.5211805],[-122.2761212,37.5211805],[-122.2762731,37.5213],[-122.2764828,37.5214779],[-122.2764828,37.5214779],[-122.276793,37.5217323],[-122.276928,37.5218476],[-122.2772488,37.5221139],[-122.2777432,37.5225249],[-122.2788295,37.5234191],[-122.2788295,37.5234191],[-122.2789834,37.5235499],[-122.2789834,37.5235499],[-122.2800411,37.5244327],[-122.2807546,37.5250238],[-122.2811414,37.5253407],[-122.2811414,37.5253407],[-122.2812714,37.5254501],[-122.2814894,37.5256337],[-122.2820435,37.5260808],[-122.2826174,37.5265144],[-122.2831847,37.5269014],[-122.2874536,37.5297804],[-122.2884179,37.530428],[-122.2884179,37.530428],[-122.2887463,37.5306488],[-122.2890872,37.5308779],[-122.2890872,37.5308779],[-122.2902826,37.5316805],[-122.2910284,37.5322071],[-122.2913924,37.532471],[-122.2917459,37.5327371],[-122.2934268,37.5340186],[-122.2939858,37.5344591],[-122.2944656,37.5348757],[-122.2949219,37.5352925],[-122.2953581,37.5357301],[-122.2955977,37.5359712],[-122.2957777,37.5361758],[-122.296864,37.5373325],[-122.296864,37.5373325],[-122.29711,37.5375891],[-122.29711,37.5375891],[-122.2975228,37.5380078],[-122.2975228,37.5380078],[-122.2980157,37.5385292],[-122.2984283,37.5389141],[-122.2988302,37.5393235],[-122.2990508,37.5395346],[-122.2990508,37.5395346],[-122.2992768,37.5397757],[-122.2992768,37.5397757],[-122.2995897,37.5401402],[-122.3002603,37.5409115],[-122.3003724,37.5410441],[-122.3003724,37.5410441],[-122.3005363,37.5412365],[-122.3005363,37.5412365],[-122.3008063,37.5415574],[-122.3013047,37.542144],[-122.3014508,37.5423174],[-122.3014508,37.5423174],[-122.3016273,37.5425262],[-122.3016273,37.5425262],[-122.302097,37.5430834],[-122.3026907,37.5437826],[-122.3032238,37.5444201],[-122.3035581,37.5448154],[-122.3041174,37.5454725],[-122.3041174,37.5454725],[-122.304302,37.5457001],[-122.304302,37.5457001],[-122.3043288,37.5457312],[-122.3046936,37.5461544],[-122.3051806,37.5467165],[-122.3057945,37.54745],[-122.3062066,37.5479458],[-122.3068032,37.5486427],[-122.3070881,37.5490005],[-122.3072898,37.5492724],[-122.3075377,37.5496174],[-122.3077684,37.5499663],[-122.3077684,37.5499663],[-122.3081688,37.550561],[-122.3084715,37.5511015],[-122.3086943,37.5514976],[-122.3088874,37.551869],[-122.3091301,37.5523395],[-122.3095103,37.5531517],[-122.3097748,37.5537316],[-122.309912,37.5540185],[-122.3099714,37.5541597],[-122.3101829,37.554639],[-122.3103615,37.5550024],[-122.3105422,37.5553334],[-122.3107462,37.5556802],[-122.3109918,37.5560643],[-122.3112342,37.5564065],[-122.3115066,37.5567515],[-122.3116836,37.5569595],[-122.3117591,37.5570481],[-122.3120592,37.5573718],[-122.3123921,37.5577064],[-122.3127228,37.5580209],[-122.3127228,37.5580209],[-122.3152291,37.5603174],[-122.3157612,37.5607852],[-122.3163149,37.5612574],[-122.3171503,37.5620055],[-122.3173741,37.562206],[-122.3187094,37.5634379],[-122.3187094,37.5634379],[-122.3187491,37.5634738],[-122.3187491,37.5634738],[-122.319263,37.5639459],[-122.3200874,37.5646959],[-122.3201685,37.5647701],[-122.3203466,37.5649325],[-122.3207602,37.565302],[-122.3210326,37.5655513],[-122.321532,37.5660108],[-122.3215913,37.5660738],[-122.3216791,37.566154],[-122.3223717,37.5667866],[-122.3224389,37.5668481],[-122.3225199,37.5669216],[-122.3232211,37.567559],[-122.3232852,37.5676177],[-122.3233562,37.5676828],[-122.3246609,37.5688845],[-122.3247101,37.5689298],[-122.32474,37.5689577],[-122.3248505,37.5690595],[-122.325347,37.5695279],[-122.3255389,37.5697075],[-122.3257358,37.5698852],[-122.3257358,37.5698852],[-122.3258451,37.5699856],[-122.3258451,37.5699856],[-122.3272036,37.571242],[-122.3272036,37.571242],[-122.3273152,37.5713462],[-122.3273152,37.5713462],[-122.3279638,37.5719378],[-122.3282761,37.572204],[-122.3285058,37.5723957],[-122.3286505,37.5725115],[-122.3286505,37.5725115],[-122.3287785,37.572612],[-122.3287785,37.572612],[-122.3291512,37.5728941],[-122.3296383,37.5732398],[-122.3300781,37.5735397],[-122.3305979,37.5738713],[-122.3305979,37.5738713],[-122.330736,37.5739545],[-122.330736,37.5739545],[-122.3312856,37.5742749],[-122.331723,37.5745132],[-122.3322207,37.5747662],[-122.332272,37.5747923],[-122.332322,37.5748163],[-122.3323799,37.5748443],[-122.3326869,37.5749926],[-122.3330648,37.5751615],[-122.3338732,37.5755005],[-122.3345851,37.5758015],[-122.3346371,37.5758236],[-122.3346918,37.5758473],[-122.3347555,37.5758741],[-122.3348858,37.5759288],[-122.338605,37.5774918],[-122.338677,37.5775221],[-122.3387519,37.5775525],[-122.3388311,37.5775861],[-122.3407044,37.5783711],[-122.34076,37.5783944],[-122.3408204,37.578423],[-122.3408761,37.5784467],[-122.3427223,37.579232],[-122.3427779,37.5792553],[-122.3428538,37.5792877],[-122.3429154,37.5793142],[-122.3443887,37.5799393],[-122.3449707,37.5801851],[-122.3452805,37.5803111],[-122.3453642,37.5803487],[-122.3454225,37.5803746],[-122.3454753,37.5804009],[-122.348136,37.5815132],[-122.3504622,37.5824733],[-122.3504932,37.5824861],[-122.3506253,37.5825409],[-122.3507028,37.5825727],[-122.3508143,37.5826208],[-122.3509578,37.582682],[-122.3554355,37.5845681],[-122.3577284,37.5855269],[-122.3577284,37.5855269],[-122.3578714,37.5855871],[-122.3578714,37.5855871],[-122.3599463,37.5864599],[-122.3611334,37.5869677],[-122.3618413,37.5872705],[-122.3624831,37.5875386],[-122.3631195,37.5878055],[-122.3631893,37.5878347],[-122.3632888,37.5878779],[-122.3634097,37.5879285],[-122.3635348,37.5879805],[-122.3660543,37.5890277],[-122.3670009,37.5894213],[-122.3725489,37.5917493],[-122.374682,37.5926496],[-122.3752256,37.592879],[-122.3762078,37.5932957],[-122.3762078,37.5932957],[-122.3765163,37.5934259],[-122.3765163,37.5934259],[-122.3779493,37.5940245],[-122.3779493,37.5940245],[-122.3791622,37.5945279],[-122.3799009,37.5948394],[-122.3807997,37.5952184],[-122.38138,37.5954774],[-122.3818872,37.5957297],[-122.3823047,37.5959634],[-122.3823625,37.5959957],[-122.3828434,37.596297],[-122.3832837,37.5966006],[-122.3837316,37.5969471],[-122.3840983,37.5972652],[-122.3844749,37.5976218],[-122.3856698,37.5988246],[-122.386102,37.5992507],[-122.386102,37.5992507],[-122.3875878,37.6007142],[-122.3877285,37.6008501],[-122.3877285,37.6008501],[-122.3902738,37.6033552],[-122.3916991,37.6047558],[-122.3933597,37.6063876],[-122.3937716,37.6067927],[-122.3948351,37.6078384],[-122.3948351,37.6078384],[-122.3948879,37.6078919],[-122.3948879,37.6078919],[-122.3963698,37.6093488],[-122.396448,37.6094257],[-122.3965127,37.6094887],[-122.3965764,37.6095522],[-122.398256,37.6112077],[-122.3985948,37.6115525],[-122.3988925,37.6118712],[-122.3991945,37.6122194],[-122.3994882,37.6125747],[-122.3997805,37.6129513],[-122.4018645,37.6157086],[-122.4040331,37.6185801],[-122.4041126,37.6186855],[-122.4047654,37.619551],[-122.4054629,37.620443],[-122.4061051,37.621301],[-122.4064282,37.6217264],[-122.4065785,37.6219346],[-122.406783,37.622222],[-122.406989,37.6225221],[-122.4073187,37.6230348],[-122.4076381,37.6235619],[-122.4077233,37.6237099],[-122.4077233,37.6237099],[-122.407918,37.6240482],[-122.4091398,37.6261648],[-122.4092532,37.6263612],[-122.4092532,37.6263612],[-122.4093809,37.6265834],[-122.4093809,37.6265834],[-122.410091,37.6278382],[-122.4110343,37.6294802],[-122.4110343,37.6294802],[-122.4110633,37.6295301],[-122.4112116,37.6297831],[-122.4112238,37.6298052],[-122.4112238,37.6298052],[-122.4116513,37.6305431],[-122.4116652,37.6305678],[-122.4116652,37.6305678],[-122.4118362,37.6308655],[-122.4118362,37.6308655],[-122.4118436,37.6308772],[-122.4118786,37.6309389],[-122.4120808,37.6312897],[-122.4121383,37.6313894],[-122.4121383,37.6313894],[-122.4122845,37.6316581],[-122.4124293,37.6319375],[-122.4125808,37.6322529],[-122.4126988,37.6325609],[-122.4127981,37.632871],[-122.412884,37.6332024],[-122.412884,37.6332024],[-122.4129456,37.6335019],[-122.4129978,37.6338513],[-122.4130355,37.6345692],[-122.4130355,37.6345692],[-122.4130671,37.6371172],[-122.4130686,37.6371932],[-122.4130725,37.6378456],[-122.4130736,37.6380224],[-122.4130736,37.6380224],[-122.4131085,37.6406056],[-122.4131085,37.6406056],[-122.41311,37.640783],[-122.4131194,37.6418474],[-122.4131169,37.6421293],[-122.4131162,37.6422422],[-122.4131105,37.6423455],[-122.4130965,37.642615],[-122.413068,37.6428712],[-122.4130316,37.6432043],[-122.4129918,37.643532],[-122.4129458,37.6438499],[-122.4128862,37.6441787],[-122.4128205,37.6445079],[-122.4127485,37.6448269],[-122.412653,37.6452007],[-122.4125518,37.6455439],[-122.4124371,37.6458923],[-122.4123,37.6462813],[-122.4121997,37.6465244],[-122.4121583,37.6466246],[-122.4119988,37.6469952],[-122.4118513,37.6473138],[-122.4116541,37.6477067],[-122.4114583,37.6480571],[-122.4112773,37.6483693],[-122.4110788,37.6486921],[-122.4108817,37.6489926],[-122.4106778,37.6492899],[-122.4104874,37.6495437],[-122.4103884,37.6496866],[-122.4100341,37.6501149],[-122.4096575,37.6505815],[-122.4096575,37.6505815],[-122.4087316,37.6517213],[-122.4082529,37.6523099],[-122.4077979,37.6528631],[-122.4073003,37.6534451],[-122.4068023,37.6539919],[-122.4063507,37.6544836],[-122.4058004,37.655053],[-122.4052069,37.6556647],[-122.4044631,37.6564343],[-122.4042181,37.6566878],[-122.4038347,37.6570845],[-122.403744,37.6571801],[-122.403744,37.6571801],[-122.4031759,37.6577638],[-122.4031093,37.6578322],[-122.4029279,37.6580215],[-122.4007616,37.6602478],[-122.3987531,37.6623373],[-122.397785,37.6633424],[-122.3967573,37.6644024],[-122.3958139,37.6653829],[-122.3942087,37.667035],[-122.3937819,37.6674743],[-122.3935439,37.6677227],[-122.3935288,37.6677383],[-122.3935288,37.6677383],[-122.3923267,37.668982],[-122.3920663,37.6692434],[-122.3920663,37.6692434],[-122.3919577,37.6693583],[-122.3913474,37.6700038],[-122.3912057,37.6701632],[-122.3909869,37.6704237],[-122.3909869,37.6704237],[-122.3907487,37.6707339],[-122.3904866,37.6711227],[-122.390262,37.6715116],[-122.3900722,37.6718997],[-122.3899056,37.672295],[-122.389794,37.6726517],[-122.3896897,37.67306],[-122.3896078,37.6734636],[-122.3895764,37.6738236],[-122.3895639,37.6742209],[-122.3895742,37.6746515],[-122.3896087,37.6749496],[-122.389624,37.6750522],[-122.3896391,37.6751462],[-122.3896973,37.6754511],[-122.3897985,37.6758405],[-122.3899402,37.6762649],[-122.3900966,37.6766374],[-122.3902828,37.6770084],[-122.3905056,37.6773852],[-122.3907749,37.6777808],[-122.3910427,37.6781321],[-122.3910427,37.6781321],[-122.3913506,37.6785089],[-122.3928537,37.6802997],[-122.3935154,37.6810796],[-122.3948298,37.6825818],[-122.3948298,37.6825818],[-122.3949708,37.6827483],[-122.3951233,37.6829284],[-122.3951233,37.6829284],[-122.3955369,37.6834668],[-122.3956652,37.6836338],[-122.3958987,37.6839226],[-122.3984587,37.6869871],[-122.3986328,37.687198],[-122.3989536,37.6876155],[-122.3992253,37.6880003],[-122.3994686,37.6883517],[-122.3996739,37.6886765],[-122.3998726,37.6890057],[-122.4001026,37.6894109],[-122.4003016,37.6897935],[-122.4004875,37.6901757],[-122.4006631,37.6905657],[-122.4008502,37.6910342],[-122.4010496,37.6915684],[-122.4011783,37.6919686],[-122.4012819,37.6923301],[-122.4014069,37.6928105],[-122.4015089,37.6932851],[-122.401579,37.6936717],[-122.4016457,37.6940938],[-122.4016929,37.694518],[-122.4017242,37.694926],[-122.4017444,37.6952873],[-122.4017582,37.6956534],[-122.4017706,37.6966824],[-122.4017614,37.6988934],[-122.4017641,37.6991722],[-122.4017567,37.7037532],[-122.4017571,37.7039923],[-122.4017572,37.7066411],[-122.4017531,37.7076365],[-122.4017504,37.7084942],[-122.401753,37.7087008],[-122.401753,37.7087008],[-122.4017528,37.708919],[-122.4017465,37.7091282],[-122.4017308,37.7093632],[-122.401721,37.7094451],[-122.401701,37.7096329],[-122.4016664,37.7098685],[-122.4016081,37.7101189],[-122.4015589,37.7103289],[-122.4015072,37.7105549],[-122.4014819,37.7106554],[-122.401441,37.7108445],[-122.4014042,37.7109964],[-122.4013826,37.7110944],[-122.4013642,37.7111779],[-122.4012443,37.7116317],[-122.4012443,37.7116317],[-122.401207,37.7117708],[-122.401207,37.7117708],[-122.4010323,37.7123309],[-122.3978462,37.721167],[-122.3978462,37.721167],[-122.3972925,37.7226781],[-122.3972925,37.7226781],[-122.397034,37.7233985],[-122.3969189,37.7237574],[-122.3969189,37.7237574],[-122.3968987,37.7238204],[-122.3967752,37.7242575],[-122.396685,37.7246228],[-122.3966046,37.7250064],[-122.3965929,37.7250701],[-122.3965389,37.7253625],[-122.3964775,37.7257773],[-122.396435,37.7260669],[-122.396414,37.7262026],[-122.3961312,37.7282816],[-122.3961029,37.728517],[-122.3961029,37.728517],[-122.3959519,37.7295847],[-122.395866,37.7302254],[-122.395866,37.7302254],[-122.3949673,37.7367021],[-122.3949673,37.7367021],[-122.3948355,37.7375955],[-122.3947506,37.7382536],[-122.3947506,37.7382536],[-122.3947269,37.7384199],[-122.3945451,37.7396965],[-122.394541,37.7397268],[-122.3943263,37.741343],[-122.3943263,37.741343],[-122.3942629,37.7417887],[-122.3942629,37.7417887],[-122.3939137,37.7443038],[-122.3936821,37.7458099],[-122.3936821,37.7458099],[-122.3936516,37.746094],[-122.3936516,37.746094],[-122.3934566,37.7474811],[-122.3933877,37.7479487],[-122.393323,37.7484561],[-122.393323,37.7484561],[-122.3932933,37.7486743],[-122.3932933,37.7486743],[-122.3931562,37.74965],[-122.3931562,37.74965],[-122.3930934,37.7500976],[-122.3930934,37.7500976],[-122.3930871,37.750144],[-122.3929822,37.7509157],[-122.3929822,37.7509157],[-122.3929756,37.7509643],[-122.3929756,37.7509643],[-122.3928728,37.7517207],[-122.3928627,37.7517953],[-122.3928627,37.7517953],[-122.3925895,37.7537409],[-122.3924665,37.7547435],[-122.3924665,37.7547435],[-122.3924198,37.7552037],[-122.3924184,37.7552178],[-122.3923911,37.7556004],[-122.3923845,37.7556928],[-122.3923648,37.7561684],[-122.3923594,37.7566442],[-122.3923683,37.75712],[-122.3923914,37.7575954],[-122.3924288,37.7580703],[-122.3924479,37.7582617],[-122.3924693,37.758453],[-122.3924693,37.758453],[-122.3929533,37.7634228],[-122.3929533,37.7634228],[-122.3929603,37.763491],[-122.3930328,37.7642013],[-122.3930822,37.7645342],[-122.3931819,37.76486],[-122.3933306,37.7651738],[-122.393526,37.7654713],[-122.3937654,37.7657479],[-122.3940451,37.7659998],[-122.3946247,37.7664587],[-122.3946864,37.7665072],[-122.3948219,37.7666156],[-122.3949255,37.7666972],[-122.3949688,37.7667304],[-122.3958052,37.7673844],[-122.3959492,37.767497],[-122.3967438,37.7681201],[-122.399727,37.7704988],[-122.3994673,37.7702973],[-122.3988988,37.769841],[-122.398541,37.7695543],[-122.3984446,37.7694762],[-122.3983878,37.7694312],[-122.397574,37.768786],[-122.3974606,37.7686924],[-122.3967438,37.7681201],[-122.3997929,37.7725605],[-122.3999655,37.7723909],[-122.4000833,37.7722349],[-122.4001743,37.7720735],[-122.4002525,37.7718676],[-122.4002893,37.7716766],[-122.4002893,37.7714721],[-122.4002573,37.7712686],[-122.400185,37.7710631],[-122.4000823,37.7708752],[-122.3999297,37.7706846],[-122.399727,37.7704988],[-122.3991622,37.7730649],[-122.3995825,37.772726],[-122.3997929,37.7725605],[-122.398642,37.7734764],[-122.3991622,37.7730649],[-122.3949244,37.7764016],[-122.3963508,37.7752757],[-122.3968713,37.7748642],[-122.3974359,37.7744189],[-122.3975728,37.774311],[-122.3980713,37.7739211],[-122.3982064,37.7738154],[-122.398642,37.7734764]]}},{"type":"Feature","properties":{"id":"line-Yellow","name":"BART Yellow Line: Antioch => SFO Airport","ref":"Yellow","mode":"subway"},"geometry":{"type":"LineString","coordinates":[[-121.9340144,38.0189613],[-121.9313885,38.0189672],[-121.943021,38.0189479],[-121.9454581,38.0189458],[-121.9454576,38.0188798],[-121.9451506,38.0188801],[-121.9430209,38.0188818],[-121.9430359,38.0189045],[-121.9430371,38.0189439],[-121.943021,38.0189479],[-122.0252192,38.0026061],[-122.0251491,38.0025704],[-122.0238112,38.0042004],[-122.0238813,38.0042361],[-122.0252192,38.0026061],[-122.0294857,37.9728547],[-122.0292854,37.973308],[-122.0292854,37.973308],[-122.028963,37.9740376],[-122.028963,37.9740376],[-122.0286795,37.974679],[-122.0551545,37.9291426],[-122.056869,37.9277787],[-122.0568974,37.9278009],[-122.0562177,37.9283416],[-122.0560524,37.928473],[-122.0558879,37.9286039],[-122.0551829,37.9291648],[-122.0551545,37.9291426],[-122.0679326,37.9049567],[-122.067897,37.9049435],[-122.066867,37.9066776],[-122.0669026,37.9066908],[-122.0679326,37.9049567],[-122.1234908,37.8935003],[-122.1258081,37.8929368],[-122.1257965,37.8929076],[-122.1257824,37.8928709],[-122.1234651,37.8934344],[-122.1234784,37.8934697],[-122.1234908,37.8935003],[-122.1842665,37.8776523],[-122.1843418,37.877688],[-122.1830954,37.8793237],[-122.1830202,37.879288],[-122.1842665,37.8776523],[-122.2523733,37.8443661],[-122.2501858,37.8452198],[-122.2501413,37.8451487],[-122.2523288,37.844295],[-122.2523733,37.8443661],[-122.2673627,37.8278649],[-122.2671799,37.8287485],[-122.2671205,37.8290358],[-122.2671098,37.8290877],[-122.2670942,37.8291628],[-122.2670358,37.8294455],[-122.2669713,37.8297573],[-122.2669967,37.8297606],[-122.267072,37.8297703],[-122.2671363,37.8294595],[-122.2671948,37.8291765],[-122.2672105,37.8291006],[-122.2672211,37.8290495],[-122.2672807,37.8287617],[-122.2674635,37.8278779],[-122.2674387,37.8278748],[-122.2673627,37.8278649],[-122.2681357,37.8091374],[-122.2693327,37.8072191],[-122.2710665,37.8044376],[-122.2722653,37.8025274],[-122.2940236,37.8044752],[-122.2962506,37.8053722],[-122.3960107,37.7935439],[-122.396051,37.7935758],[-122.3977696,37.7922201],[-122.3977293,37.7921882],[-122.3974982,37.7923737],[-122.3975199,37.7923909],[-122.397364,37.7925138],[-122.3973531,37.7925052],[-122.3973422,37.7924965],[-122.3973208,37.7925135],[-122.3973425,37.7925308],[-122.3971876,37.7926529],[-122.3971767,37.7926443],[-122.3971658,37.7926357],[-122.3969057,37.7928397],[-122.3968917,37.7928507],[-122.3968767,37.7928625],[-122.3966025,37.7930798],[-122.3966133,37.7930884],[-122.3966242,37.7930971],[-122.3964673,37.7932208],[-122.3964456,37.7932035],[-122.3964267,37.7932184],[-122.3964376,37.793227],[-122.3964485,37.7932356],[-122.3962934,37.7933579],[-122.3962716,37.7933407],[-122.3960107,37.7935439],[-122.400629,37.7898954],[-122.4006696,37.7899273],[-122.4023252,37.7886197],[-122.4022849,37.7885878],[-122.4020412,37.7887803],[-122.4020559,37.788792],[-122.4020625,37.7887971],[-122.4019036,37.7889226],[-122.4018825,37.788906],[-122.4015846,37.7891412],[-122.4016054,37.7891576],[-122.4014481,37.7892819],[-122.4014414,37.7892767],[-122.4014272,37.7892654],[-122.400936,37.7896534],[-122.4009466,37.7896617],[-122.4009565,37.7896696],[-122.4007966,37.7897959],[-122.400776,37.7897796],[-122.400629,37.7898954],[-122.4080541,37.7840294],[-122.4077836,37.7842427],[-122.4077869,37.7842454],[-122.4078017,37.784257],[-122.40781,37.7842636],[-122.4076523,37.7843883],[-122.4076257,37.7843673],[-122.4072963,37.7846271],[-122.4073233,37.7846484],[-122.4071678,37.7847713],[-122.4071594,37.7847646],[-122.4071446,37.7847529],[-122.4071407,37.7847498],[-122.4066216,37.7851593],[-122.4066261,37.7851629],[-122.4066408,37.7851745],[-122.4066493,37.7851812],[-122.4064934,37.7853044],[-122.4064655,37.7852824],[-122.4063372,37.7853836],[-122.4063777,37.7854156],[-122.4080945,37.7840614],[-122.4080541,37.7840294],[-122.4145693,37.7788897],[-122.4141701,37.7792057],[-122.4141924,37.7792233],[-122.4141088,37.7792892],[-122.4140867,37.7792717],[-122.4139323,37.779394],[-122.4139542,37.7794114],[-122.4137986,37.7795342],[-122.4137898,37.7795272],[-122.4137769,37.779517],[-122.4135672,37.779683],[-122.413577,37.7796909],[-122.4135885,37.7796999],[-122.4134324,37.7798231],[-122.4134115,37.7798062],[-122.4132628,37.779924],[-122.4132839,37.7799407],[-122.4132003,37.7800065],[-122.4131794,37.77999],[-122.4129242,37.780192],[-122.4129647,37.7802239],[-122.4146098,37.7789217],[-122.4145693,37.7788897],[-122.4198343,37.7663064],[-122.4197769,37.7657024],[-122.4197565,37.7654879],[-122.4197342,37.7652525],[-122.4196534,37.7644026],[-122.418612,37.7535287],[-122.4184282,37.7516137],[-122.4326694,37.733873],[-122.4345322,37.732642],[-122.447687,37.7209131],[-122.4477133,37.7207968],[-122.4474334,37.7220334],[-122.447687,37.7209131],[-122.4472866,37.7226871],[-122.4474334,37.7220334],[-122.4696582,37.7055012],[-122.4685803,37.7068164],[-122.4685803,37.7068164],[-122.4683532,37.7070935],[-122.4656281,37.6842741],[-122.4652667,37.6840308],[-122.4667442,37.6850303],[-122.4656281,37.6842741],[-122.4670875,37.6852675],[-122.4667442,37.6850303],[-122.444849,37.6647297],[-122.4429351,37.6635227],[-122.4158129,37.636954],[-122.4156212,37.6366327],[-122.4159358,37.6371614],[-122.4158129,37.636954],[-122.4166117,37.6383009],[-122.4165168,37.6381411],[-122.4164679,37.6380585],[-122.4159358,37.6371614],[-122.4166639,37.6383888],[-122.4166117,37.6383009],[-122.3907963,37.6164698],[-122.3932602,37.6158664],[-121.9340141,38.0189849],[-121.9342168,38.018984],[-121.9342168,38.018984],[-121.9369797,38.0189794],[-121.9390302,38.0189745],[-121.940951,38.0189673],[-121.9417337,38.0189695],[-121.9417337,38.0189695],[-121.9421896,38.0189685],[-121.9421896,38.0189685],[-121.943027,38.018965],[-121.9454469,38.0189602],[-121.9467074,38.0189589],[-121.9470633,38.018966],[-121.9474237,38.0189807],[-121.9477955,38.0190028],[-121.9481628,38.0190401],[-121.9485524,38.0190897],[-121.9489099,38.0191527],[-121.9492912,38.0192331],[-121.9496595,38.0193184],[-121.9500571,38.0194242],[-121.9504275,38.019535],[-121.9529606,38.0203206],[-121.9534827,38.0204736],[-121.954006,38.0206186],[-121.954447,38.0207321],[-121.9548963,38.0208446],[-121.9553478,38.0209482],[-121.9557924,38.0210431],[-121.956207,38.021128],[-121.9654502,38.0228931],[-121.9654502,38.0228931],[-121.9660687,38.0230111],[-121.9660687,38.0230111],[-121.96895,38.0235427],[-121.9693729,38.0236157],[-121.9698154,38.0236891],[-121.9702428,38.0237434],[-121.9707043,38.0237912],[-121.9711353,38.023825],[-121.9715805,38.0238509],[-121.9720395,38.0238632],[-121.9724631,38.0238632],[-121.9729175,38.0238502],[-121.9733721,38.023831],[-121.9738057,38.0237998],[-121.9742523,38.0237514],[-121.9746981,38.0236954],[-121.9751134,38.023633],[-121.9755198,38.0235615],[-121.97595,38.0234731],[-121.9763374,38.0233838],[-121.976717,38.0232876],[-121.9771261,38.0231739],[-121.9775081,38.0230559],[-121.9778888,38.0229277],[-121.9782701,38.0227884],[-121.9786013,38.0226588],[-121.978964,38.0225095],[-121.9825781,38.0209399],[-121.9859902,38.0194594],[-121.9869263,38.0190483],[-121.9877655,38.0186853],[-121.9881876,38.0184927],[-121.9885585,38.018315],[-121.9889095,38.018139],[-121.9892395,38.0179655],[-121.9895665,38.0177837],[-121.9899252,38.017572],[-121.9902898,38.0173553],[-121.9906502,38.0171329],[-121.9923933,38.0160305],[-121.9927728,38.0157962],[-121.993143,38.0155793],[-121.9935617,38.0153433],[-121.9939838,38.0151235],[-121.9944451,38.0148994],[-121.9949408,38.0146727],[-121.9954024,38.0144779],[-121.9957756,38.0143327],[-121.9961583,38.0141884],[-121.9965983,38.0140367],[-121.9971151,38.0138735],[-121.9971151,38.0138735],[-121.9974507,38.0137766],[-121.9977932,38.0136797],[-121.9977932,38.0136797],[-121.9983069,38.0135482],[-121.9987877,38.0134386],[-121.9992885,38.0133381],[-121.9997769,38.013252],[-122.0003388,38.0131608],[-122.0104735,38.0115958],[-122.0104735,38.0115958],[-122.012663,38.0112664],[-122.012663,38.0112664],[-122.0163031,38.0106993],[-122.0166744,38.0106334],[-122.0170381,38.0105606],[-122.0170381,38.0105606],[-122.0174073,38.0104674],[-122.0177533,38.0103597],[-122.018081,38.0102365],[-122.0183884,38.0101019],[-122.0187059,38.0099388],[-122.0190121,38.0097616],[-122.0191287,38.0096878],[-122.0191287,38.0096878],[-122.0194026,38.0094911],[-122.0196187,38.0093145],[-122.0198065,38.009147],[-122.0199807,38.008978],[-122.0201416,38.0088046],[-122.0202923,38.0086285],[-122.020435,38.0084501],[-122.0217299,38.0068793],[-122.0220223,38.0065231],[-122.0223289,38.006155],[-122.0226895,38.0057202],[-122.0228073,38.0055757],[-122.0233105,38.0049581],[-122.023652,38.0045398],[-122.0252356,38.0026129],[-122.0255737,38.0021995],[-122.0259277,38.0017607],[-122.0263264,38.0012691],[-122.0266067,38.0009168],[-122.0269406,38.0004782],[-122.0273297,37.9999518],[-122.0294521,37.9970186],[-122.0294521,37.9970186],[-122.0304721,37.9956089],[-122.0304721,37.9956089],[-122.0308083,37.9951431],[-122.0308083,37.9951431],[-122.0318168,37.9937489],[-122.0318168,37.9937489],[-122.0321335,37.9933111],[-122.0323562,37.9930046],[-122.0325788,37.9926706],[-122.03278,37.9923345],[-122.0329516,37.9920111],[-122.0331045,37.9916877],[-122.033252,37.9913262],[-122.0333674,37.9909774],[-122.0333674,37.9909774],[-122.0334612,37.9906477],[-122.0335471,37.9902651],[-122.0336114,37.9898381],[-122.0336114,37.9898381],[-122.0336392,37.9895447],[-122.0336513,37.9892341],[-122.0336513,37.9892341],[-122.0336491,37.9888667],[-122.0336259,37.98849],[-122.0335805,37.9881438],[-122.0335805,37.9881438],[-122.0335261,37.9878325],[-122.0334504,37.9875227],[-122.0334504,37.9875227],[-122.0333788,37.9872576],[-122.0332818,37.9869592],[-122.0331714,37.9866517],[-122.0330509,37.9863352],[-122.0329104,37.9859969],[-122.0305677,37.9804945],[-122.0304487,37.9802256],[-122.0303114,37.9799415],[-122.0301525,37.979647],[-122.0301185,37.9795897],[-122.0299858,37.9793659],[-122.0298577,37.9791742],[-122.0298035,37.9790931],[-122.0296163,37.9788354],[-122.0290013,37.9780169],[-122.0288506,37.9778009],[-122.0287218,37.9775933],[-122.0286042,37.9773732],[-122.0285065,37.9771485],[-122.0284282,37.9769155],[-122.0283699,37.9766637],[-122.0283366,37.9764047],[-122.028326,37.9761504],[-122.028342,37.9759085],[-122.0283858,37.9756578],[-122.0284436,37.975429],[-122.02853,37.9751762],[-122.0286295,37.9749324],[-122.0286295,37.9749324],[-122.0287394,37.9746839],[-122.0290197,37.9740537],[-122.0290197,37.9740537],[-122.029344,37.9733246],[-122.029344,37.9733246],[-122.0295466,37.9728692],[-122.0296228,37.9726944],[-122.0300568,37.9716984],[-122.0300859,37.9716317],[-122.0300859,37.9716317],[-122.0304711,37.9707456],[-122.0306048,37.9704261],[-122.0307301,37.9701153],[-122.030858,37.9697935],[-122.0309798,37.9694659],[-122.0310782,37.9691794],[-122.0311705,37.9688752],[-122.0312575,37.9685637],[-122.0313278,37.968264],[-122.0313801,37.9679728],[-122.0314193,37.9676788],[-122.0314472,37.9673834],[-122.0314642,37.967094],[-122.0314662,37.9668059],[-122.031452,37.966513],[-122.0314285,37.9662331],[-122.0313922,37.9659488],[-122.0313475,37.9656792],[-122.0312944,37.9654157],[-122.0312215,37.9651266],[-122.0312215,37.9651266],[-122.0310965,37.9647277],[-122.0309569,37.9643397],[-122.0309569,37.9643397],[-122.0307908,37.9639357],[-122.0307908,37.9639357],[-122.0307479,37.9638387],[-122.0286933,37.9586899],[-122.0274601,37.9555994],[-122.0272896,37.9551861],[-122.0271049,37.9547369],[-122.0269334,37.9543276],[-122.0267617,37.9539301],[-122.0262501,37.9527646],[-122.0262501,37.9527646],[-122.0261751,37.9525938],[-122.0261751,37.9525938],[-122.0259312,37.9520047],[-122.0255524,37.9510624],[-122.025339,37.9504983],[-122.0252155,37.9501572],[-122.0251095,37.9498234],[-122.0250243,37.9495025],[-122.0249625,37.9491786],[-122.0249252,37.948854],[-122.0249086,37.9485347],[-122.0249108,37.9482347],[-122.0249407,37.9479069],[-122.0249897,37.9476107],[-122.0250647,37.9472955],[-122.0251597,37.9469946],[-122.0252743,37.9466763],[-122.0254332,37.9463407],[-122.0256158,37.946017],[-122.025812,37.9457118],[-122.0260278,37.9454272],[-122.0262497,37.9451718],[-122.0264979,37.9449135],[-122.0264979,37.9449135],[-122.0267611,37.9446722],[-122.0270408,37.9444404],[-122.0273313,37.9442251],[-122.0276327,37.9440273],[-122.0279349,37.9438448],[-122.0282182,37.9436855],[-122.0285194,37.9435203],[-122.0289345,37.9433077],[-122.0289345,37.9433077],[-122.0294329,37.943054],[-122.0294329,37.943054],[-122.0332323,37.9410969],[-122.0332323,37.9410969],[-122.0360268,37.9396547],[-122.041438,37.9368699],[-122.041438,37.9368699],[-122.046638,37.934191],[-122.046638,37.934191],[-122.0471395,37.9339319],[-122.0471395,37.9339319],[-122.0473467,37.9338248],[-122.0473467,37.9338248],[-122.0480252,37.9334741],[-122.0480252,37.9334741],[-122.0488122,37.9330685],[-122.0500938,37.9324081],[-122.0509147,37.931985],[-122.0509147,37.931985],[-122.0513474,37.9317576],[-122.0517672,37.9315306],[-122.0520849,37.9313417],[-122.0524173,37.9311446],[-122.052724,37.9309544],[-122.0530352,37.9307492],[-122.0533341,37.9305336],[-122.0536346,37.9303145],[-122.0539406,37.9300801],[-122.0551417,37.9291365],[-122.0568677,37.9277655],[-122.0575857,37.9271884],[-122.0579639,37.9268855],[-122.0582623,37.9266377],[-122.0585855,37.9263281],[-122.0588778,37.9260446],[-122.0588778,37.9260446],[-122.0591167,37.9257842],[-122.059349,37.9255172],[-122.0595808,37.9252116],[-122.0597862,37.9248993],[-122.0599821,37.9245567],[-122.0601608,37.9242037],[-122.0601608,37.9242037],[-122.0603122,37.9238601],[-122.0604653,37.9234709],[-122.0606966,37.9228202],[-122.0612668,37.92119],[-122.0613428,37.920972],[-122.0614891,37.9205889],[-122.0616317,37.9202045],[-122.0617893,37.9198345],[-122.0618664,37.9196678],[-122.0619623,37.9194603],[-122.0623271,37.9187465],[-122.0624568,37.9184928],[-122.0627954,37.9178303],[-122.0629504,37.9174924],[-122.0630876,37.9171644],[-122.0632119,37.9168111],[-122.0633223,37.9164667],[-122.0634178,37.9161042],[-122.0634993,37.915748],[-122.0635605,37.915403],[-122.0636227,37.915018],[-122.0637665,37.9137826],[-122.0638182,37.9133377],[-122.063863,37.9130227],[-122.0639203,37.9126885],[-122.0639787,37.9123866],[-122.0640449,37.9120769],[-122.0640449,37.9120769],[-122.0640836,37.9119182],[-122.0641322,37.9117444],[-122.0641827,37.9115828],[-122.0642364,37.9114172],[-122.0643094,37.9112207],[-122.0643935,37.9110135],[-122.064486,37.9107999],[-122.0645913,37.9105692],[-122.0647123,37.9103442],[-122.0648298,37.9101202],[-122.0649511,37.9098972],[-122.0650709,37.9096786],[-122.0652067,37.9094415],[-122.0654235,37.9090673],[-122.0661592,37.9078322],[-122.0668513,37.9066754],[-122.0678842,37.9049372],[-122.0693114,37.9025339],[-122.0695438,37.9021476],[-122.0695994,37.9020567],[-122.0696566,37.9019649],[-122.0697077,37.9018819],[-122.0697711,37.9017819],[-122.0698272,37.9016953],[-122.0698901,37.9016007],[-122.0699588,37.9014995],[-122.0700223,37.9014073],[-122.0700924,37.9013102],[-122.07016,37.9012171],[-122.0702327,37.9011205],[-122.0703026,37.9010304],[-122.070381,37.9009334],[-122.0704529,37.9008459],[-122.0705333,37.9007528],[-122.0706125,37.9006624],[-122.0706965,37.9005701],[-122.0707674,37.9004935],[-122.0708383,37.9004192],[-122.0709138,37.9003425],[-122.070992,37.9002656],[-122.0710751,37.9001854],[-122.0711586,37.9001071],[-122.0712377,37.9000345],[-122.0713118,37.8999682],[-122.0713915,37.8998989],[-122.0714869,37.8998176],[-122.0715892,37.8997333],[-122.0716926,37.8996501],[-122.0716926,37.8996501],[-122.071782,37.8995811],[-122.0718896,37.8995006],[-122.0720012,37.8994187],[-122.072115,37.8993381],[-122.0722215,37.8992646],[-122.0723307,37.8991919],[-122.0724424,37.8991196],[-122.0725474,37.899054],[-122.0726512,37.8989906],[-122.072758,37.8989273],[-122.0728688,37.8988636],[-122.0729756,37.8988041],[-122.0730889,37.8987424],[-122.0732142,37.8986764],[-122.0733644,37.8985991],[-122.073504,37.8985307],[-122.0736474,37.8984633],[-122.0736474,37.8984633],[-122.0739645,37.8983129],[-122.0742576,37.8981912],[-122.0745493,37.8980811],[-122.074865,37.8979765],[-122.0751904,37.8978812],[-122.0751904,37.8978812],[-122.0755747,37.8977827],[-122.075969,37.8976911],[-122.0763683,37.8976098],[-122.0767666,37.8975485],[-122.0771843,37.8974978],[-122.0775816,37.8974613],[-122.0780073,37.897437],[-122.0784642,37.8974306],[-122.078918,37.897435],[-122.078918,37.897435],[-122.0793253,37.8974538],[-122.0797521,37.8974859],[-122.0797521,37.8974859],[-122.0840388,37.8979636],[-122.0844581,37.8979969],[-122.0848957,37.8980308],[-122.0848957,37.8980308],[-122.0851854,37.8980368],[-122.085461,37.898039],[-122.0857697,37.8980378],[-122.0860621,37.8980328],[-122.0863894,37.8980254],[-122.0893076,37.8979411],[-122.0919414,37.8978651],[-122.0954121,37.8977649],[-122.0954121,37.8977649],[-122.0964081,37.8977356],[-122.0964081,37.8977356],[-122.0966211,37.8977279],[-122.0969529,37.8977158],[-122.0972677,37.8977018],[-122.0976237,37.897681],[-122.097938,37.8976595],[-122.098256,37.8976328],[-122.0985837,37.8976008],[-122.0989153,37.8975648],[-122.0992328,37.8975268],[-122.0995485,37.8974849],[-122.0998788,37.8974367],[-122.1002034,37.8973857],[-122.1005204,37.8973357],[-122.102909,37.896945],[-122.1075152,37.8961912],[-122.1103066,37.8957345],[-122.1103066,37.8957345],[-122.1116636,37.8955118],[-122.1118657,37.8954795],[-122.1120491,37.8954507],[-122.1122214,37.8954242],[-122.1123953,37.8953989],[-122.1125674,37.8953745],[-122.1125674,37.8953745],[-122.1133089,37.8952724],[-122.1136328,37.8952271],[-122.1139647,37.8951791],[-122.1142865,37.8951306],[-122.114616,37.8950776],[-122.1149372,37.8950244],[-122.1151799,37.8949856],[-122.1163671,37.8947914],[-122.1163671,37.8947914],[-122.1169284,37.8946996],[-122.1169284,37.8946996],[-122.1202369,37.8941568],[-122.1208475,37.8940567],[-122.1208475,37.8940567],[-122.1211165,37.8940123],[-122.1213864,37.893967],[-122.1216316,37.8939228],[-122.1216316,37.8939228],[-122.1218936,37.8938748],[-122.1221899,37.8938166],[-122.1225132,37.8937475],[-122.122823,37.8936776],[-122.1231366,37.8936031],[-122.1234939,37.8935166],[-122.1257964,37.8929555],[-122.1258374,37.8929456],[-122.1258374,37.8929456],[-122.1264665,37.8927926],[-122.1264665,37.8927926],[-122.1270963,37.8926384],[-122.1275858,37.8925187],[-122.1277248,37.8924832],[-122.128042,37.8924044],[-122.128361,37.8923222],[-122.128361,37.8923222],[-122.1285077,37.8922832],[-122.1286631,37.8922422],[-122.1288105,37.8922027],[-122.1288105,37.8922027],[-122.1294903,37.8920169],[-122.1299384,37.8918973],[-122.1304158,37.8917734],[-122.1308302,37.8916689],[-122.1312166,37.8915731],[-122.133044,37.8911275],[-122.1332054,37.8910887],[-122.1333655,37.8910506],[-122.1335293,37.8910125],[-122.1336833,37.890977],[-122.1338472,37.8909408],[-122.134009,37.8909062],[-122.1341676,37.8908737],[-122.1343208,37.8908437],[-122.1344948,37.8908127],[-122.1346585,37.8907848],[-122.1348198,37.8907601],[-122.1349869,37.8907372],[-122.1351584,37.890717],[-122.1353247,37.8906991],[-122.1354903,37.8906848],[-122.1356548,37.8906717],[-122.1358237,37.8906622],[-122.1359958,37.8906549],[-122.136165,37.8906509],[-122.1363308,37.890648],[-122.1365041,37.8906489],[-122.1366673,37.8906524],[-122.1368358,37.8906589],[-122.1369985,37.8906674],[-122.1371686,37.8906789],[-122.1373391,37.8906926],[-122.1375055,37.8907095],[-122.1376667,37.8907272],[-122.1378318,37.8907487],[-122.1380007,37.8907714],[-122.1381678,37.8907954],[-122.1383326,37.890821],[-122.1384935,37.8908467],[-122.1386531,37.8908737],[-122.138976,37.8909302],[-122.1396887,37.8910594],[-122.1404316,37.8911916],[-122.1409317,37.8912701],[-122.1413555,37.8913342],[-122.1417539,37.8913859],[-122.1421427,37.8914259],[-122.142515,37.8914536],[-122.1428608,37.8914689],[-122.1432242,37.8914742],[-122.1435876,37.89147],[-122.1439362,37.8914573],[-122.1439362,37.8914573],[-122.1442749,37.8914373],[-122.1446061,37.8914137],[-122.1449439,37.8913858],[-122.1460932,37.8912822],[-122.1460932,37.8912822],[-122.1467838,37.8912282],[-122.1472471,37.8912036],[-122.1476738,37.8911934],[-122.1480986,37.8911957],[-122.1485309,37.8912104],[-122.1489776,37.8912408],[-122.1494861,37.891292],[-122.1499406,37.8913497],[-122.1503924,37.8914113],[-122.1542898,37.8920022],[-122.1542898,37.8920022],[-122.1546072,37.8920503],[-122.1546072,37.8920503],[-122.1587944,37.8926858],[-122.1593266,37.8927612],[-122.1597655,37.8928152],[-122.1602039,37.892862],[-122.1606398,37.8929014],[-122.1610755,37.8929348],[-122.161526,37.8929595],[-122.1619857,37.8929805],[-122.1624052,37.8929893],[-122.1628614,37.8929924],[-122.163374,37.8929883],[-122.1638336,37.8929738],[-122.1642691,37.8929546],[-122.1647216,37.8929253],[-122.1651758,37.8928881],[-122.165631,37.892843],[-122.1661327,37.8927854],[-122.1666294,37.892719],[-122.1671361,37.8926383],[-122.1676343,37.8925494],[-122.1681322,37.8924495],[-122.1685866,37.8923544],[-122.1690496,37.8922436],[-122.1694876,37.8921306],[-122.1699486,37.8920025],[-122.1704349,37.8918572],[-122.1708855,37.8917142],[-122.1713468,37.8915574],[-122.1718208,37.8913809],[-122.1722781,37.8911988],[-122.1727615,37.8909854],[-122.1732049,37.8907711],[-122.1736226,37.8905536],[-122.1740717,37.8903008],[-122.1744847,37.8900489],[-122.1748685,37.8897965],[-122.17527,37.889514],[-122.1756673,37.889208],[-122.1760405,37.8888973],[-122.176386,37.8885867],[-122.1767037,37.8882812],[-122.176983,37.8879936],[-122.1773026,37.8876384],[-122.1775845,37.8872963],[-122.1778573,37.8869349],[-122.1780905,37.886603],[-122.1783721,37.8861732],[-122.1787404,37.885578],[-122.1790443,37.8850779],[-122.1797143,37.8839801],[-122.1800361,37.8834636],[-122.1801857,37.8832311],[-122.1803412,37.8829961],[-122.1805022,37.8827633],[-122.1806685,37.8825304],[-122.1808509,37.8822869],[-122.1813568,37.8816336],[-122.1831128,37.8793303],[-122.1831128,37.8793303],[-122.1843542,37.8777022],[-122.184368,37.877684],[-122.184368,37.877684],[-122.1847209,37.8772224],[-122.18486,37.8770458],[-122.1849242,37.8769661],[-122.1850601,37.8768038],[-122.1852391,37.8766031],[-122.1854304,37.8764085],[-122.1856203,37.8762323],[-122.1858163,37.8760581],[-122.186047,37.8758803],[-122.1862797,37.8757091],[-122.1864174,37.8756158],[-122.1868097,37.8753578],[-122.1877709,37.8747245],[-122.1877709,37.8747245],[-122.1882077,37.8744438],[-122.1886381,37.8742025],[-122.1890667,37.873982],[-122.1894688,37.8737839],[-122.2372302,37.8519149],[-122.2375538,37.8517588],[-122.2378878,37.8515909],[-122.2382006,37.8514363],[-122.2382006,37.8514363],[-122.2384487,37.8512977],[-122.2384487,37.8512977],[-122.2388113,37.8510949],[-122.2388113,37.8510949],[-122.2392168,37.8508676],[-122.2393044,37.8508188],[-122.2394453,37.8507393],[-122.2396422,37.8506293],[-122.2396422,37.8506293],[-122.240005,37.8504251],[-122.240005,37.8504251],[-122.2405298,37.850129],[-122.2405298,37.850129],[-122.2423276,37.849121],[-122.2423276,37.849121],[-122.2423593,37.8491034],[-122.2431208,37.8486763],[-122.2431208,37.8486763],[-122.2446001,37.8478463],[-122.2446001,37.8478463],[-122.2455992,37.8472853],[-122.2459443,37.8470931],[-122.2461609,37.8469734],[-122.2463696,37.8468615],[-122.2465777,37.846753],[-122.2467882,37.8466461],[-122.2470131,37.8465366],[-122.2470131,37.8465366],[-122.2471145,37.8464878],[-122.2472118,37.8464417],[-122.2473033,37.8463993],[-122.2473947,37.8463578],[-122.2473947,37.8463578],[-122.2476925,37.8462245],[-122.247932,37.8461232],[-122.2481477,37.8460343],[-122.2483482,37.8459529],[-122.2485425,37.8458762],[-122.2489609,37.8457137],[-122.2501921,37.8452316],[-122.2501921,37.8452316],[-122.2523804,37.8443801],[-122.2531461,37.8440805],[-122.2537004,37.8438653],[-122.2539066,37.8437845],[-122.2541015,37.8437101],[-122.2542914,37.8436387],[-122.2544989,37.843562],[-122.2544989,37.843562],[-122.2546431,37.8435104],[-122.2547732,37.8434638],[-122.2549237,37.84341],[-122.2550815,37.8433551],[-122.2552368,37.8433022],[-122.2553931,37.8432498],[-122.2555533,37.8431972],[-122.2557016,37.8431496],[-122.2558534,37.8431008],[-122.256569,37.8428754],[-122.256569,37.8428754],[-122.2584071,37.8423],[-122.2584071,37.8423],[-122.2609759,37.8414943],[-122.2611235,37.8414464],[-122.2612756,37.8413972],[-122.2614224,37.8413485],[-122.2614224,37.8413485],[-122.2615603,37.841301],[-122.261683,37.841257],[-122.2618201,37.8412072],[-122.2619604,37.8411548],[-122.2621163,37.8410933],[-122.2622562,37.841035],[-122.2624018,37.8409723],[-122.2625183,37.8409192],[-122.2626282,37.8408665],[-122.2626282,37.8408665],[-122.2627724,37.8407944],[-122.2629082,37.8407216],[-122.2630509,37.8406408],[-122.2631938,37.8405552],[-122.2631938,37.8405552],[-122.2633441,37.8404587],[-122.263475,37.8403693],[-122.2636081,37.8402741],[-122.2637295,37.8401818],[-122.2637295,37.8401818],[-122.263854,37.8400815],[-122.2639662,37.8399866],[-122.2640805,37.8398837],[-122.2641831,37.8397865],[-122.2641831,37.8397865],[-122.2642801,37.8396893],[-122.2643747,37.8395898],[-122.2644669,37.8394879],[-122.264556,37.839384],[-122.2646378,37.8392846],[-122.2647054,37.839195],[-122.2647054,37.839195],[-122.2648008,37.8390659],[-122.2648807,37.8389495],[-122.2649501,37.83884],[-122.2650224,37.8387198],[-122.265089,37.8386002],[-122.2651473,37.8384866],[-122.265207,37.8383636],[-122.2652594,37.8382446],[-122.2652911,37.8381681],[-122.2652911,37.8381681],[-122.265328,37.8380723],[-122.265364,37.8379738],[-122.2653982,37.8378716],[-122.2654325,37.8377619],[-122.2654652,37.837652],[-122.2654976,37.8375346],[-122.2655346,37.8373937],[-122.2655346,37.8373937],[-122.2655684,37.8372451],[-122.265599,37.8371022],[-122.2656286,37.8369547],[-122.2656907,37.8366199],[-122.2657617,37.8362248],[-122.2658239,37.8358737],[-122.2658239,37.8358737],[-122.2659028,37.8353515],[-122.2659028,37.8353515],[-122.2659679,37.8348982],[-122.2659679,37.8348982],[-122.2661119,37.8339288],[-122.2661692,37.8336034],[-122.2661692,37.8336034],[-122.2662524,37.8331565],[-122.2662524,37.8331565],[-122.26634,37.8327221],[-122.2665851,37.8315079],[-122.2665983,37.8314431],[-122.2665983,37.8314431],[-122.2666682,37.831106],[-122.2666682,37.831106],[-122.2668485,37.8302409],[-122.2668485,37.8302409],[-122.2669464,37.8297872],[-122.2669464,37.8297872],[-122.2669548,37.8297466],[-122.2669548,37.8297466],[-122.267044,37.8293162],[-122.267044,37.8293162],[-122.2673454,37.8278603],[-122.2673454,37.8278603],[-122.2674799,37.8272078],[-122.2674799,37.8272078],[-122.2675929,37.8267081],[-122.2675929,37.8267081],[-122.267647,37.826486],[-122.26771,37.8262621],[-122.2677813,37.8260222],[-122.2678101,37.8259312],[-122.2678101,37.8259312],[-122.2680684,37.8252346],[-122.2684241,37.8242685],[-122.2684241,37.8242685],[-122.2686133,37.8235991],[-122.2686911,37.8233067],[-122.2688333,37.8227368],[-122.2689137,37.8224042],[-122.2690049,37.8220482],[-122.2691645,37.821459],[-122.2692054,37.8213027],[-122.2694609,37.8203702],[-122.2696704,37.8196093],[-122.2696704,37.8196093],[-122.269759,37.8192877],[-122.269759,37.8192877],[-122.2698372,37.8190034],[-122.2698372,37.8190034],[-122.2699276,37.8186751],[-122.2699276,37.8186751],[-122.2701282,37.8179853],[-122.2701483,37.8179194],[-122.2702191,37.8176874],[-122.2703101,37.8174043],[-122.2704284,37.817051],[-122.2704284,37.817051],[-122.2705983,37.8165443],[-122.2707322,37.8161451],[-122.2707747,37.8160087],[-122.270808,37.8159018],[-122.2708398,37.8157961],[-122.270862,37.815705],[-122.2708709,37.8156578],[-122.2708878,37.8155735],[-122.270906,37.8154603],[-122.2709228,37.8153411],[-122.2709228,37.8153411],[-122.2709549,37.8151088],[-122.2709682,37.8149082],[-122.2709664,37.8147012],[-122.2709548,37.814498],[-122.2709306,37.8143193],[-122.2708916,37.814131],[-122.2708321,37.8139124],[-122.2707482,37.8136841],[-122.2706448,37.8134487],[-122.2705276,37.8132247],[-122.270425,37.813054],[-122.270425,37.813054],[-122.2702169,37.8127692],[-122.2700614,37.8125884],[-122.2698899,37.8124198],[-122.2682138,37.8109331],[-122.2680668,37.8107829],[-122.267947,37.8106183],[-122.2678567,37.8104423],[-122.2677976,37.8102582],[-122.2677707,37.8100695],[-122.2677766,37.8098797],[-122.2678152,37.8096923],[-122.2678857,37.8095107],[-122.2679869,37.8093385],[-122.2681138,37.809129],[-122.2693076,37.8072112],[-122.2722398,37.8025155],[-122.2726596,37.8018269],[-122.2726596,37.8018269],[-122.2738283,37.7999559],[-122.2738283,37.7999559],[-122.2742776,37.7992902],[-122.2745644,37.7990308],[-122.2749094,37.7988203],[-122.2749424,37.7988073],[-122.2752996,37.7986668],[-122.2754544,37.7986271],[-122.2755977,37.7985995],[-122.2757256,37.7985782],[-122.2758192,37.7985663],[-122.2759367,37.7985559],[-122.2760064,37.7985511],[-122.2760969,37.7985499],[-122.2762019,37.7985509],[-122.2763094,37.7985529],[-122.2766211,37.7985698],[-122.2768288,37.7985835],[-122.2772358,37.798611],[-122.2772358,37.798611],[-122.2773365,37.7986209],[-122.2774189,37.7986297],[-122.2774947,37.798638],[-122.2775593,37.798648],[-122.2776399,37.7986608],[-122.2777194,37.7986744],[-122.2777922,37.7986892],[-122.2778866,37.7987116],[-122.2779573,37.7987294],[-122.2780472,37.7987549],[-122.2781677,37.7987929],[-122.2782613,37.7988276],[-122.2783275,37.7988531],[-122.2784125,37.7988873],[-122.2785276,37.7989352],[-122.2785276,37.7989352],[-122.2786317,37.7989841],[-122.2787969,37.7990649],[-122.2787969,37.7990649],[-122.2790583,37.7991891],[-122.2798194,37.7995535],[-122.279934,37.7996104],[-122.279934,37.7996104],[-122.2812116,37.8002222],[-122.2812116,37.8002222],[-122.2817825,37.8004956],[-122.2824294,37.8008062],[-122.2829216,37.801038],[-122.2831298,37.8011335],[-122.2833489,37.8012289],[-122.283556,37.8013149],[-122.283769,37.801397],[-122.28401,37.801485],[-122.2842456,37.8015637],[-122.2844942,37.8016404],[-122.2847438,37.8017093],[-122.2850742,37.8017956],[-122.2855954,37.8019198],[-122.2860072,37.8020136],[-122.2860072,37.8020136],[-122.2888006,37.8026499],[-122.2898627,37.8028952],[-122.2903818,37.8030394],[-122.290742,37.8031538],[-122.2911832,37.8033097],[-122.291601,37.8034776],[-122.2920609,37.8036609],[-122.2920609,37.8036609],[-122.2940364,37.8044593],[-122.2962618,37.8053539],[-122.2965551,37.8054723],[-122.2965551,37.8054723],[-122.2968483,37.8055906],[-122.2972375,37.8057393],[-122.2974604,37.8058194],[-122.297621,37.8058733],[-122.2977777,37.8059241],[-122.2979331,37.8059727],[-122.2980684,37.8060133],[-122.2982236,37.8060566],[-122.2983641,37.8060936],[-122.2985707,37.8061468],[-122.2987872,37.8061988],[-122.2989989,37.8062484],[-122.2992105,37.8062965],[-122.3014538,37.8067934],[-122.3022292,37.8069644],[-122.3025488,37.8070349],[-122.303246,37.8071886],[-122.3039192,37.8073379],[-122.3041524,37.8073892],[-122.304383,37.8074402],[-122.30462,37.8074912],[-122.304854,37.8075416],[-122.3050897,37.8075893],[-122.3054113,37.8076521],[-122.3056309,37.8076924],[-122.3058484,37.807731],[-122.3060665,37.8077686],[-122.3062856,37.8078034],[-122.3065912,37.8078513],[-122.3069159,37.8078988],[-122.3071502,37.8079294],[-122.3073831,37.8079584],[-122.3076165,37.8079861],[-122.3076165,37.8079861],[-122.307848,37.8080111],[-122.3080834,37.8080357],[-122.3083836,37.8080651],[-122.3093143,37.808156],[-122.3133514,37.8085501],[-122.3143583,37.808649],[-122.3143583,37.808649],[-122.3144983,37.8086633],[-122.3153179,37.8087465],[-122.3160342,37.8088127],[-122.3160342,37.8088127],[-122.3262187,37.8097419],[-122.328085,37.8098452],[-122.3283638,37.8098606],[-122.3304834,37.8099043],[-122.3324242,37.809847],[-122.3341251,37.809757],[-122.3357382,37.8096446],[-122.3374786,37.8094758],[-122.3392258,37.8092647],[-122.3409912,37.8090032],[-122.3712858,37.8038101],[-122.3725153,37.80357],[-122.3736204,37.8033353],[-122.3747361,37.8030613],[-122.3758091,37.8027589],[-122.3768712,37.8024001],[-122.3778948,37.8019926],[-122.3914415,37.7960017],[-122.3914415,37.7960017],[-122.3942967,37.7947458],[-122.3945225,37.7946417],[-122.3947418,37.7945293],[-122.3949542,37.7944089],[-122.3951593,37.7942807],[-122.3953565,37.7941452],[-122.3955454,37.7940024],[-122.3966967,37.793093],[-122.3977783,37.7922361],[-122.3981428,37.79195],[-122.3981428,37.79195],[-122.3991498,37.791154],[-122.4012913,37.7894612],[-122.4023387,37.7886346],[-122.4066925,37.7851915],[-122.4081069,37.7840734],[-122.4118007,37.7811533],[-122.4129797,37.7802369],[-122.4146294,37.7789342],[-122.4163652,37.7775446],[-122.4176499,37.776529],[-122.4184221,37.7759184],[-122.4187475,37.7756528],[-122.4190423,37.7753756],[-122.4193106,37.7750822],[-122.4195511,37.774774],[-122.4197625,37.7744528],[-122.4199436,37.7741202],[-122.4200936,37.773778],[-122.4202115,37.7734281],[-122.4202967,37.7730723],[-122.4203489,37.7727126],[-122.4203676,37.7723508],[-122.4203529,37.7719889],[-122.4203529,37.7719889],[-122.4203245,37.7713351],[-122.420118,37.7689902],[-122.4200138,37.7678685],[-122.4199157,37.7668122],[-122.4198686,37.7663048],[-122.4196822,37.7644026],[-122.4186415,37.753525],[-122.4184554,37.7516259],[-122.4181801,37.7488397],[-122.4181587,37.7485767],[-122.4181694,37.7484665],[-122.4181989,37.7483562],[-122.4182525,37.7482438],[-122.4183813,37.7480359],[-122.4221689,37.7421567],[-122.4225146,37.7416201],[-122.4228946,37.7411126],[-122.4237216,37.7400081],[-122.4253041,37.7386909],[-122.4326805,37.7338838],[-122.4335277,37.7333179],[-122.433854,37.7331157],[-122.4354938,37.7320218],[-122.4377951,37.7305559],[-122.4394474,37.7297625],[-122.4408583,37.7291754],[-122.4408583,37.7291754],[-122.4411494,37.7290621],[-122.4414286,37.7289511],[-122.4417061,37.7288371],[-122.4419889,37.7287129],[-122.442263,37.7285878],[-122.4425283,37.728459],[-122.4427829,37.7283303],[-122.4430421,37.728192],[-122.4432863,37.7280527],[-122.4435333,37.7279051],[-122.4437617,37.7277611],[-122.4439907,37.7276099],[-122.4442222,37.7274452],[-122.4444509,37.7272732],[-122.4446658,37.7271011],[-122.4448606,37.7269329],[-122.4450605,37.7267483],[-122.4452751,37.7265423],[-122.4455005,37.726308],[-122.4456963,37.7260865],[-122.4458806,37.7258621],[-122.4460318,37.7256665],[-122.4461697,37.7254719],[-122.4462843,37.7253005],[-122.4464155,37.725092],[-122.4464155,37.725092],[-122.4465703,37.7247792],[-122.4467526,37.7244206],[-122.4469082,37.7240494],[-122.4469082,37.7240494],[-122.4470504,37.7236378],[-122.4471818,37.7232029],[-122.4473032,37.7226895],[-122.4473032,37.7226895],[-122.4474577,37.7220367],[-122.4474577,37.7220367],[-122.4477068,37.7209161],[-122.4477068,37.7209161],[-122.4477309,37.7208077],[-122.4477326,37.7207998],[-122.4477326,37.7207998],[-122.4478351,37.7203324],[-122.4478351,37.7203324],[-122.4479816,37.7195547],[-122.448045,37.7192539],[-122.4480978,37.7189351],[-122.448135,37.7186941],[-122.4481586,37.7184708],[-122.4481734,37.718217],[-122.4481961,37.7179637],[-122.4482286,37.7177322],[-122.4482856,37.7175065],[-122.4482856,37.7175065],[-122.4483328,37.7173371],[-122.4483833,37.717164],[-122.4484425,37.7169924],[-122.448507,37.7168275],[-122.4485768,37.7166662],[-122.4486613,37.7164941],[-122.4487501,37.7163273],[-122.4488461,37.7161657],[-122.4489444,37.7160129],[-122.4490593,37.7158517],[-122.4491695,37.7157065],[-122.4492864,37.7155556],[-122.449416,37.7154014],[-122.449567,37.7152301],[-122.449713,37.7150696],[-122.449713,37.7150696],[-122.4499092,37.7148653],[-122.4500948,37.7146772],[-122.4502841,37.7144902],[-122.4504643,37.7143195],[-122.4506376,37.7141626],[-122.4508243,37.7139977],[-122.451018,37.7138311],[-122.4512323,37.7136536],[-122.451622,37.7133393],[-122.4527217,37.7124524],[-122.4533679,37.7119311],[-122.4535414,37.7117957],[-122.4537274,37.711653],[-122.4539205,37.7115123],[-122.4541234,37.7113701],[-122.4543338,37.7112316],[-122.4545444,37.7111022],[-122.4547522,37.7109854],[-122.4549641,37.7108756],[-122.4551644,37.7107801],[-122.4554023,37.7106778],[-122.4556319,37.7105892],[-122.4558595,37.7105101],[-122.456077,37.7104411],[-122.456077,37.7104411],[-122.4563136,37.7103748],[-122.4565235,37.7103222],[-122.4567475,37.710276],[-122.4569706,37.7102352],[-122.4572024,37.710201],[-122.457443,37.7101725],[-122.4576853,37.7101502],[-122.4579305,37.7101344],[-122.4581347,37.7101245],[-122.4584055,37.7101167],[-122.4586536,37.710114],[-122.4589067,37.7101131],[-122.4608601,37.7101275],[-122.4613977,37.7101314],[-122.4613977,37.7101314],[-122.4637474,37.7101487],[-122.4639597,37.7101463],[-122.4641562,37.7101383],[-122.4643533,37.7101223],[-122.4645453,37.7100954],[-122.4647309,37.7100626],[-122.4649119,37.7100217],[-122.4650919,37.7099731],[-122.4652746,37.7099151],[-122.4654528,37.7098458],[-122.4656271,37.7097708],[-122.4658117,37.7096789],[-122.4659977,37.7095713],[-122.4661742,37.7094572],[-122.4663447,37.7093275],[-122.4664942,37.7091995],[-122.4666288,37.7090668],[-122.4667458,37.7089392],[-122.4668251,37.7088487],[-122.4668251,37.7088487],[-122.467165,37.7084598],[-122.4673594,37.7082561],[-122.4675552,37.7080291],[-122.468199,37.707245],[-122.4685596,37.7068058],[-122.4685596,37.7068058],[-122.4689066,37.7063831],[-122.4689066,37.7063831],[-122.4696392,37.7054906],[-122.4696392,37.7054906],[-122.4705955,37.7043346],[-122.4707283,37.7041521],[-122.4708463,37.7039717],[-122.4709496,37.703768],[-122.4710327,37.7035653],[-122.4710904,37.7033828],[-122.4711333,37.7032099],[-122.4711615,37.7030168],[-122.4711722,37.7028194],[-122.4711735,37.702621],[-122.4711685,37.7022407],[-122.4711685,37.7022407],[-122.4711601,37.7016859],[-122.4711601,37.7016859],[-122.4711443,37.700727],[-122.4711199,37.6997393],[-122.4711199,37.6997393],[-122.4710957,37.6987562],[-122.471096,37.6985111],[-122.4710879,37.6982503],[-122.4710703,37.6980212],[-122.4710378,37.6978046],[-122.4709944,37.6975987],[-122.4709362,37.6973962],[-122.4708701,37.6971975],[-122.4708,37.6970097],[-122.4707242,37.6968323],[-122.470464,37.6961712],[-122.470464,37.6961712],[-122.4702539,37.6956588],[-122.4701398,37.6953564],[-122.4700603,37.6950667],[-122.4700036,37.694807],[-122.4699716,37.6945357],[-122.4699716,37.6945357],[-122.4699549,37.6943284],[-122.4699481,37.6940672],[-122.4699394,37.6935211],[-122.4699394,37.6935211],[-122.469933,37.6932393],[-122.469933,37.6932393],[-122.4699057,37.6920607],[-122.4699035,37.6919814],[-122.4699035,37.6919814],[-122.4698827,37.6917533],[-122.4698676,37.6916318],[-122.4698502,37.6915079],[-122.4698404,37.6913925],[-122.4691612,37.6880854],[-122.4693801,37.6884778],[-122.4694752,37.6886794],[-122.469519,37.6887804],[-122.4695738,37.6889156],[-122.4696202,37.689041],[-122.4696503,37.689126],[-122.4696816,37.6892364],[-122.4697138,37.6893518],[-122.4697466,37.689493],[-122.4697657,37.6896011],[-122.4697895,37.6897753],[-122.4698104,37.6899715],[-122.4698208,37.6901673],[-122.4698377,37.6913135],[-122.4698404,37.6913925],[-122.4691612,37.6880854],[-122.4688945,37.6875822],[-122.4688045,37.6874125],[-122.468697,37.6872068],[-122.468697,37.6872068],[-122.4684246,37.6867108],[-122.4683019,37.6865085],[-122.4682519,37.6864279],[-122.4681936,37.6863255],[-122.4681386,37.6862385],[-122.4680863,37.6861559],[-122.4680863,37.6861559],[-122.4680305,37.686071],[-122.4679578,37.685976],[-122.4679042,37.6859134],[-122.4678255,37.685824],[-122.4677433,37.6857447],[-122.4676659,37.6856699],[-122.4675834,37.6856014],[-122.4674929,37.6855274],[-122.4674929,37.6855274],[-122.4673346,37.6854133],[-122.4670842,37.6852411],[-122.4670842,37.6852411],[-122.4664945,37.6848402],[-122.4664945,37.6848402],[-122.4659024,37.6844381],[-122.4659024,37.6844381],[-122.4652764,37.684008],[-122.465105,37.683891],[-122.4645344,37.6835037],[-122.4640989,37.6832104],[-122.4640989,37.6832104],[-122.4636875,37.6829159],[-122.4632995,37.6826239],[-122.4632995,37.6826239],[-122.4627542,37.6822346],[-122.4627542,37.6822346],[-122.4626184,37.6821371],[-122.4626184,37.6821371],[-122.4623444,37.6819469],[-122.4620782,37.6817444],[-122.4618147,37.6815166],[-122.461578,37.6813017],[-122.4613433,37.6810653],[-122.4611017,37.680805],[-122.4611017,37.680805],[-122.4593825,37.6787739],[-122.4585805,37.6778632],[-122.4580762,37.6773473],[-122.4575425,37.676857],[-122.4569491,37.6763559],[-122.4562631,37.6758952],[-122.4554879,37.6754304],[-122.45482,37.6750461],[-122.4542487,37.6746852],[-122.4536908,37.6742818],[-122.4531892,37.67387],[-122.4526608,37.673352],[-122.4521888,37.6728149],[-122.4518079,37.6723032],[-122.4504856,37.6702354],[-122.449402,37.6685878],[-122.4490989,37.6681632],[-122.4487502,37.6677216],[-122.448321,37.667246],[-122.448321,37.667246],[-122.4479053,37.6668532],[-122.447452,37.6664902],[-122.4469558,37.6661377],[-122.4461445,37.6655895],[-122.4448549,37.6647183],[-122.4448549,37.6647183],[-122.4429522,37.6635157],[-122.4422463,37.6631186],[-122.4422463,37.6631186],[-122.4415429,37.6627115],[-122.4410442,37.6623796],[-122.4405319,37.6619952],[-122.4400384,37.6615982],[-122.4396092,37.6612117],[-122.4396092,37.6612117],[-122.4391962,37.6608147],[-122.4388341,37.6604325],[-122.4384881,37.6600312],[-122.4370236,37.6582008],[-122.4367044,37.6578271],[-122.4363986,37.6575128],[-122.4360151,37.6571433],[-122.4355457,37.6567399],[-122.4350414,37.6563513],[-122.4344245,37.6559414],[-122.4337352,37.6555061],[-122.433019,37.6550899],[-122.4322063,37.6546397],[-122.4289528,37.6529324],[-122.4283037,37.6525608],[-122.4276439,37.652136],[-122.42726,37.6518669],[-122.4270806,37.6517411],[-122.4265925,37.6513609],[-122.4260828,37.6509065],[-122.4255866,37.6504265],[-122.4251172,37.6499317],[-122.4226966,37.6471656],[-122.4212924,37.6454538],[-122.4212924,37.6454538],[-122.4204268,37.6444402],[-122.4200561,37.6440061],[-122.4196905,37.6435732],[-122.4194441,37.6432546],[-122.4192177,37.6429359],[-122.4190124,37.6426305],[-122.4188322,37.6423329],[-122.4186086,37.6419042],[-122.4177734,37.6403003],[-122.4170538,37.639024],[-122.4170538,37.639024],[-122.4168346,37.6386353],[-122.4166908,37.6383802],[-122.4166908,37.6383802],[-122.4166378,37.6382906],[-122.4166378,37.6382906],[-122.4165439,37.6381317],[-122.4164942,37.6380488],[-122.4159577,37.6371533],[-122.4159577,37.6371533],[-122.4158326,37.6369446],[-122.4158326,37.6369446],[-122.4156499,37.6366413],[-122.4156499,37.6366413],[-122.4150643,37.6356466],[-122.414098,37.6341275],[-122.414098,37.6341275],[-122.4130436,37.6324699],[-122.4089433,37.6254778],[-122.4085424,37.6248478],[-122.4081491,37.6242794],[-122.4075966,37.6235483],[-122.4070189,37.6227804],[-122.4070189,37.6227804],[-122.4064569,37.6220334],[-122.406408,37.6219683],[-122.4054918,37.6207487],[-122.4054918,37.6207487],[-122.4054334,37.6206717],[-122.4045651,37.6195277],[-122.4045651,37.6195277],[-122.4031476,37.6176436],[-122.4029944,37.617454],[-122.4028496,37.6172736],[-122.4026864,37.6170997],[-122.4025103,37.6169244],[-122.4023852,37.6168118],[-122.4022951,37.6167361],[-122.4022108,37.6166739],[-122.4021101,37.6165997],[-122.4020425,37.6165529],[-122.4019846,37.6165139],[-122.4019028,37.6164616],[-122.4016847,37.6163291],[-122.4015346,37.6162506],[-122.4013812,37.6161753],[-122.4012622,37.6161213],[-122.4011266,37.6160656],[-122.4010358,37.6160301],[-122.4009367,37.6159938],[-122.4008163,37.6159543],[-122.4007015,37.6159175],[-122.4005941,37.6158862],[-122.4004551,37.6158493],[-122.4003281,37.6158203],[-122.4001934,37.6157914],[-122.4000618,37.6157683],[-122.3999271,37.6157478],[-122.3997933,37.6157296],[-122.3996101,37.6157101],[-122.3994922,37.6156993],[-122.3993794,37.615692],[-122.3992129,37.6156828],[-122.3989385,37.6156745],[-122.3987123,37.6156693],[-122.3986099,37.6156651],[-122.3986099,37.6156651],[-122.3962736,37.6156509],[-122.3948223,37.6156593],[-122.3948223,37.6156593],[-122.3943471,37.6156718],[-122.3940943,37.6156994],[-122.3938525,37.6157374],[-122.3934809,37.6158317],[-122.3934809,37.6158317],[-122.3908342,37.6164793]]}},{"type":"Feature","properties":{"id":"line-Red","name":"BART Red Line: Richmond => SFO Airport => Millbrae","ref":"Red","mode":"subway"},"geometry":{"type":"LineString","coordinates":[[-122.3538347,37.9375015],[-122.3523978,37.9359604],[-122.3522903,37.9360227],[-122.3537272,37.9375639],[-122.3538347,37.9375015],[-122.3163118,37.9243418],[-122.3167013,37.9248403],[-122.316759,37.9249141],[-122.3168274,37.9250016],[-122.317028,37.9252583],[-122.3175909,37.9259786],[-122.29832,37.9017684],[-122.2996351,37.9034158],[-122.2846873,37.8744699],[-122.2837164,37.8740628],[-122.2835748,37.8740034],[-122.2833295,37.8739006],[-122.2831876,37.8738411],[-122.2825712,37.8735826],[-122.2825548,37.8735757],[-122.2825438,37.8735711],[-122.2683129,37.8712184],[-122.2682875,37.87101],[-122.2682566,37.8707558],[-122.2682056,37.8703367],[-122.2681797,37.8701232],[-122.2681729,37.8700678],[-122.268103,37.8694931],[-122.2680803,37.869306],[-122.270092,37.8519977],[-122.2693441,37.8539668],[-122.2673627,37.8278649],[-122.2671799,37.8287485],[-122.2671205,37.8290358],[-122.2671098,37.8290877],[-122.2670942,37.8291628],[-122.2670358,37.8294455],[-122.2669713,37.8297573],[-122.2669967,37.8297606],[-122.267072,37.8297703],[-122.2671363,37.8294595],[-122.2671948,37.8291765],[-122.2672105,37.8291006],[-122.2672211,37.8290495],[-122.2672807,37.8287617],[-122.2674635,37.8278779],[-122.2674387,37.8278748],[-122.2673627,37.8278649],[-122.2681357,37.8091374],[-122.2693327,37.8072191],[-122.2710665,37.8044376],[-122.2722653,37.8025274],[-122.2940236,37.8044752],[-122.2962506,37.8053722],[-122.3960107,37.7935439],[-122.396051,37.7935758],[-122.3977696,37.7922201],[-122.3977293,37.7921882],[-122.3974982,37.7923737],[-122.3975199,37.7923909],[-122.397364,37.7925138],[-122.3973531,37.7925052],[-122.3973422,37.7924965],[-122.3973208,37.7925135],[-122.3973425,37.7925308],[-122.3971876,37.7926529],[-122.3971767,37.7926443],[-122.3971658,37.7926357],[-122.3969057,37.7928397],[-122.3968917,37.7928507],[-122.3968767,37.7928625],[-122.3966025,37.7930798],[-122.3966133,37.7930884],[-122.3966242,37.7930971],[-122.3964673,37.7932208],[-122.3964456,37.7932035],[-122.3964267,37.7932184],[-122.3964376,37.793227],[-122.3964485,37.7932356],[-122.3962934,37.7933579],[-122.3962716,37.7933407],[-122.3960107,37.7935439],[-122.400629,37.7898954],[-122.4006696,37.7899273],[-122.4023252,37.7886197],[-122.4022849,37.7885878],[-122.4020412,37.7887803],[-122.4020559,37.788792],[-122.4020625,37.7887971],[-122.4019036,37.7889226],[-122.4018825,37.788906],[-122.4015846,37.7891412],[-122.4016054,37.7891576],[-122.4014481,37.7892819],[-122.4014414,37.7892767],[-122.4014272,37.7892654],[-122.400936,37.7896534],[-122.4009466,37.7896617],[-122.4009565,37.7896696],[-122.4007966,37.7897959],[-122.400776,37.7897796],[-122.400629,37.7898954],[-122.4080541,37.7840294],[-122.4077836,37.7842427],[-122.4077869,37.7842454],[-122.4078017,37.784257],[-122.40781,37.7842636],[-122.4076523,37.7843883],[-122.4076257,37.7843673],[-122.4072963,37.7846271],[-122.4073233,37.7846484],[-122.4071678,37.7847713],[-122.4071594,37.7847646],[-122.4071446,37.7847529],[-122.4071407,37.7847498],[-122.4066216,37.7851593],[-122.4066261,37.7851629],[-122.4066408,37.7851745],[-122.4066493,37.7851812],[-122.4064934,37.7853044],[-122.4064655,37.7852824],[-122.4063372,37.7853836],[-122.4063777,37.7854156],[-122.4080945,37.7840614],[-122.4080541,37.7840294],[-122.4145693,37.7788897],[-122.4141701,37.7792057],[-122.4141924,37.7792233],[-122.4141088,37.7792892],[-122.4140867,37.7792717],[-122.4139323,37.779394],[-122.4139542,37.7794114],[-122.4137986,37.7795342],[-122.4137898,37.7795272],[-122.4137769,37.779517],[-122.4135672,37.779683],[-122.413577,37.7796909],[-122.4135885,37.7796999],[-122.4134324,37.7798231],[-122.4134115,37.7798062],[-122.4132628,37.779924],[-122.4132839,37.7799407],[-122.4132003,37.7800065],[-122.4131794,37.77999],[-122.4129242,37.780192],[-122.4129647,37.7802239],[-122.4146098,37.7789217],[-122.4145693,37.7788897],[-122.4198343,37.7663064],[-122.4197769,37.7657024],[-122.4197565,37.7654879],[-122.4197342,37.7652525],[-122.4196534,37.7644026],[-122.418612,37.7535287],[-122.4184282,37.7516137],[-122.4326694,37.733873],[-122.4345322,37.732642],[-122.4472866,37.7226871],[-122.4474334,37.7220334],[-122.4474334,37.7220334],[-122.447687,37.7209131],[-122.447687,37.7209131],[-122.4477133,37.7207968],[-122.4696582,37.7055012],[-122.4685803,37.7068164],[-122.4685803,37.7068164],[-122.4683532,37.7070935],[-122.4670875,37.6852675],[-122.4667442,37.6850303],[-122.4667442,37.6850303],[-122.4656281,37.6842741],[-122.4656281,37.6842741],[-122.4652667,37.6840308],[-122.444849,37.6647297],[-122.4429351,37.6635227],[-122.4166639,37.6383888],[-122.4166117,37.6383009],[-122.4166117,37.6383009],[-122.4165168,37.6381411],[-122.4164679,37.6380585],[-122.4159358,37.6371614],[-122.4159358,37.6371614],[-122.4158129,37.636954],[-122.4158129,37.636954],[-122.4156212,37.6366327],[-122.3932424,37.6158207],[-122.3907777,37.6164242],[-122.3524152,37.9359516],[-122.3523797,37.935912],[-122.3523797,37.935912],[-122.3521884,37.9357049],[-122.3519847,37.9354967],[-122.3519847,37.9354967],[-122.351736,37.9352435],[-122.3514711,37.9349906],[-122.3511853,37.9347408],[-122.3509239,37.9345231],[-122.3506685,37.9343192],[-122.3503533,37.9340743],[-122.3498915,37.9337101],[-122.3498915,37.9337101],[-122.3489361,37.9329608],[-122.3485836,37.9326977],[-122.3482708,37.9324807],[-122.3479867,37.9323015],[-122.3476969,37.9321455],[-122.3474051,37.932007],[-122.3471025,37.9318749],[-122.3467886,37.9317575],[-122.3464801,37.9316572],[-122.3461331,37.9315644],[-122.3457715,37.9314936],[-122.3453982,37.9314393],[-122.3450125,37.9314051],[-122.3446429,37.931388],[-122.3442929,37.9313801],[-122.3442929,37.9313801],[-122.3436281,37.9313782],[-122.334865,37.9313915],[-122.334865,37.9313915],[-122.3345914,37.931392],[-122.3345914,37.931392],[-122.3320493,37.9313958],[-122.3312804,37.931389],[-122.330513,37.9313752],[-122.3262166,37.9312252],[-122.3258785,37.9312077],[-122.325525,37.931188],[-122.325525,37.931188],[-122.3251899,37.9311625],[-122.3248704,37.9311318],[-122.3245273,37.9310872],[-122.3245273,37.9310872],[-122.3242161,37.931037],[-122.3242161,37.931037],[-122.3238419,37.9309657],[-122.3234893,37.9308833],[-122.3231203,37.9307795],[-122.3227222,37.9306461],[-122.3223313,37.9304944],[-122.3219759,37.9303352],[-122.3216063,37.9301451],[-122.3212309,37.9299204],[-122.3208263,37.9296436],[-122.3204823,37.929372],[-122.3201327,37.9290636],[-122.3197903,37.9287255],[-122.3194989,37.9283985],[-122.3191584,37.9280229],[-122.3188033,37.9275714],[-122.3175657,37.9259901],[-122.3162842,37.9243544],[-122.3160424,37.9240431],[-122.3159603,37.9239385],[-122.3152506,37.9230348],[-122.3152164,37.9229913],[-122.314387,37.9219282],[-122.3136312,37.92096],[-122.3130453,37.9202064],[-122.312852,37.9199584],[-122.3099584,37.9162408],[-122.3086194,37.9145375],[-122.3076855,37.9133576],[-122.3051899,37.910302],[-122.3037861,37.9085689],[-122.3009829,37.9051275],[-122.2996094,37.9034292],[-122.2982985,37.9017831],[-122.2976103,37.9009239],[-122.2973044,37.9005346],[-122.2970382,37.9001756],[-122.2967822,37.8998077],[-122.2965439,37.8994335],[-122.2963251,37.899049],[-122.2963251,37.899049],[-122.2961273,37.8986707],[-122.2959495,37.8982759],[-122.2957892,37.8978764],[-122.2956353,37.8974507],[-122.2955014,37.8970506],[-122.2941142,37.8927566],[-122.2918446,37.8857057],[-122.2917023,37.8852766],[-122.2915289,37.8848213],[-122.291351,37.8843913],[-122.2911833,37.8840072],[-122.290448,37.882369],[-122.2899873,37.8813448],[-122.2897466,37.8807992],[-122.2897466,37.8807992],[-122.289303,37.8798116],[-122.289303,37.8798116],[-122.2889397,37.8790046],[-122.2889397,37.8790046],[-122.2879942,37.8769537],[-122.2877401,37.8765343],[-122.2874592,37.8761708],[-122.2871759,37.8758699],[-122.2867827,37.8755262],[-122.2861802,37.875116],[-122.2856396,37.8748354],[-122.2846958,37.8744573],[-122.2846958,37.8744573],[-122.2825519,37.8735592],[-122.2825519,37.8735592],[-122.2815878,37.873174],[-122.2809419,37.8729592],[-122.2802264,37.8728047],[-122.27963,37.8727363],[-122.2790275,37.87272],[-122.2782881,37.8727718],[-122.2754239,37.8731539],[-122.2742785,37.8733065],[-122.2714496,37.8736846],[-122.270988,37.8737376],[-122.2706618,37.8737447],[-122.270182,37.8736877],[-122.2697681,37.8735679],[-122.269403,37.8733949],[-122.2691668,37.8732375],[-122.2689311,37.8730275],[-122.2687586,37.8728188],[-122.2685554,37.8724326],[-122.2684738,37.8720749],[-122.2683301,37.871217],[-122.2680976,37.8693047],[-122.2679963,37.868433],[-122.2675102,37.8647326],[-122.2673814,37.8637096],[-122.2670573,37.8611277],[-122.2670324,37.8608042],[-122.2670443,37.8604548],[-122.267082,37.8601811],[-122.2671722,37.8598161],[-122.2672857,37.8594941],[-122.2674476,37.859035],[-122.2693613,37.8539707],[-122.2701063,37.8520041],[-122.2710483,37.8497233],[-122.271191,37.8492195],[-122.2712637,37.8488389],[-122.2712971,37.8485495],[-122.2713034,37.8484658],[-122.2713095,37.8483605],[-122.2713095,37.8483605],[-122.2713166,37.848236],[-122.2713204,37.8481167],[-122.2713205,37.8479902],[-122.2713167,37.8478652],[-122.2713092,37.8477299],[-122.2713092,37.8477299],[-122.2713002,37.8476004],[-122.2712881,37.8474608],[-122.2712726,37.8473257],[-122.2712531,37.8471913],[-122.2712531,37.8471913],[-122.2712362,37.8470774],[-122.2712196,37.8469737],[-122.2711906,37.8468078],[-122.2711633,37.8466557],[-122.2711368,37.846519],[-122.2710922,37.8462968],[-122.2697536,37.8398917],[-122.2697261,37.8397658],[-122.269695,37.8396368],[-122.2696651,37.8395101],[-122.269629,37.8393659],[-122.2695911,37.8392216],[-122.2695541,37.8390919],[-122.2695113,37.8389503],[-122.2694631,37.8388055],[-122.2694123,37.8386616],[-122.2693485,37.8385001],[-122.2692849,37.838354],[-122.2692138,37.8382009],[-122.2691363,37.8380511],[-122.2690566,37.8379051],[-122.2689703,37.8377611],[-122.2688667,37.8375982],[-122.268765,37.8374501],[-122.268646,37.8372892],[-122.2685301,37.8371413],[-122.268407,37.836992],[-122.2682843,37.8368479],[-122.2681485,37.8366951],[-122.2680156,37.8365465],[-122.2676112,37.8361037],[-122.2674704,37.835945],[-122.2673497,37.8358023],[-122.2672332,37.8356588],[-122.2671302,37.8355222],[-122.267038,37.8353928],[-122.2669465,37.8352518],[-122.2668648,37.8351134],[-122.2667938,37.8349852],[-122.2667136,37.83482],[-122.2667136,37.83482],[-122.2666595,37.8346964],[-122.2666096,37.8345723],[-122.2665588,37.8344332],[-122.2665588,37.8344332],[-122.2664994,37.8342229],[-122.2664547,37.8340201],[-122.2664252,37.8338359],[-122.2663968,37.8336243],[-122.2663968,37.8336243],[-122.2663832,37.8334141],[-122.266378,37.8331727],[-122.266378,37.8331727],[-122.2663843,37.8329661],[-122.2663993,37.832774],[-122.2663993,37.832774],[-122.266475,37.832326],[-122.2665534,37.8319504],[-122.2665534,37.8319504],[-122.2666685,37.8314526],[-122.2666685,37.8314526],[-122.2667546,37.831119],[-122.2667546,37.831119],[-122.2670085,37.8301673],[-122.2670085,37.8301673],[-122.2670834,37.8298057],[-122.2670834,37.8298057],[-122.2671783,37.8293466],[-122.2671783,37.8293466],[-122.2674814,37.8278803],[-122.2676162,37.8272295],[-122.2676162,37.8272295],[-122.267725,37.8267264],[-122.267725,37.8267264],[-122.2677779,37.8265075],[-122.2678396,37.826285],[-122.2679312,37.8259634],[-122.2681475,37.8252294],[-122.2682888,37.8247474],[-122.2684241,37.8242685],[-122.2684241,37.8242685],[-122.2686133,37.8235991],[-122.2686911,37.8233067],[-122.2688333,37.8227368],[-122.2689137,37.8224042],[-122.2690049,37.8220482],[-122.2691645,37.821459],[-122.2692054,37.8213027],[-122.2694609,37.8203702],[-122.2696704,37.8196093],[-122.2696704,37.8196093],[-122.269759,37.8192877],[-122.269759,37.8192877],[-122.2698372,37.8190034],[-122.2698372,37.8190034],[-122.2699276,37.8186751],[-122.2699276,37.8186751],[-122.2701282,37.8179853],[-122.2701483,37.8179194],[-122.2702191,37.8176874],[-122.2703101,37.8174043],[-122.2704284,37.817051],[-122.2704284,37.817051],[-122.2705983,37.8165443],[-122.2707322,37.8161451],[-122.2707747,37.8160087],[-122.270808,37.8159018],[-122.2708398,37.8157961],[-122.270862,37.815705],[-122.2708709,37.8156578],[-122.2708878,37.8155735],[-122.270906,37.8154603],[-122.2709228,37.8153411],[-122.2709228,37.8153411],[-122.2709549,37.8151088],[-122.2709682,37.8149082],[-122.2709664,37.8147012],[-122.2709548,37.814498],[-122.2709306,37.8143193],[-122.2708916,37.814131],[-122.2708321,37.8139124],[-122.2707482,37.8136841],[-122.2706448,37.8134487],[-122.2705276,37.8132247],[-122.270425,37.813054],[-122.270425,37.813054],[-122.2702169,37.8127692],[-122.2700614,37.8125884],[-122.2698899,37.8124198],[-122.2682138,37.8109331],[-122.2680668,37.8107829],[-122.267947,37.8106183],[-122.2678567,37.8104423],[-122.2677976,37.8102582],[-122.2677707,37.8100695],[-122.2677766,37.8098797],[-122.2678152,37.8096923],[-122.2678857,37.8095107],[-122.2679869,37.8093385],[-122.2681138,37.809129],[-122.2693076,37.8072112],[-122.2722398,37.8025155],[-122.2726596,37.8018269],[-122.2726596,37.8018269],[-122.2738283,37.7999559],[-122.2738283,37.7999559],[-122.2742776,37.7992902],[-122.2745644,37.7990308],[-122.2749094,37.7988203],[-122.2749424,37.7988073],[-122.2752996,37.7986668],[-122.2754544,37.7986271],[-122.2755977,37.7985995],[-122.2757256,37.7985782],[-122.2758192,37.7985663],[-122.2759367,37.7985559],[-122.2760064,37.7985511],[-122.2760969,37.7985499],[-122.2762019,37.7985509],[-122.2763094,37.7985529],[-122.2766211,37.7985698],[-122.2768288,37.7985835],[-122.2772358,37.798611],[-122.2772358,37.798611],[-122.2773365,37.7986209],[-122.2774189,37.7986297],[-122.2774947,37.798638],[-122.2775593,37.798648],[-122.2776399,37.7986608],[-122.2777194,37.7986744],[-122.2777922,37.7986892],[-122.2778866,37.7987116],[-122.2779573,37.7987294],[-122.2780472,37.7987549],[-122.2781677,37.7987929],[-122.2782613,37.7988276],[-122.2783275,37.7988531],[-122.2784125,37.7988873],[-122.2785276,37.7989352],[-122.2785276,37.7989352],[-122.2786317,37.7989841],[-122.2787969,37.7990649],[-122.2787969,37.7990649],[-122.2790583,37.7991891],[-122.2798194,37.7995535],[-122.279934,37.7996104],[-122.279934,37.7996104],[-122.2812116,37.8002222],[-122.2812116,37.8002222],[-122.2817825,37.8004956],[-122.2824294,37.8008062],[-122.2829216,37.801038],[-122.2831298,37.8011335],[-122.2833489,37.8012289],[-122.283556,37.8013149],[-122.283769,37.801397],[-122.28401,37.801485],[-122.2842456,37.8015637],[-122.2844942,37.8016404],[-122.2847438,37.8017093],[-122.2850742,37.8017956],[-122.2855954,37.8019198],[-122.2860072,37.8020136],[-122.2860072,37.8020136],[-122.2888006,37.8026499],[-122.2898627,37.8028952],[-122.2903818,37.8030394],[-122.290742,37.8031538],[-122.2911832,37.8033097],[-122.291601,37.8034776],[-122.2920609,37.8036609],[-122.2920609,37.8036609],[-122.2940364,37.8044593],[-122.2962618,37.8053539],[-122.2965551,37.8054723],[-122.2965551,37.8054723],[-122.2968483,37.8055906],[-122.2972375,37.8057393],[-122.2974604,37.8058194],[-122.297621,37.8058733],[-122.2977777,37.8059241],[-122.2979331,37.8059727],[-122.2980684,37.8060133],[-122.2982236,37.8060566],[-122.2983641,37.8060936],[-122.2985707,37.8061468],[-122.2987872,37.8061988],[-122.2989989,37.8062484],[-122.2992105,37.8062965],[-122.3014538,37.8067934],[-122.3022292,37.8069644],[-122.3025488,37.8070349],[-122.303246,37.8071886],[-122.3039192,37.8073379],[-122.3041524,37.8073892],[-122.304383,37.8074402],[-122.30462,37.8074912],[-122.304854,37.8075416],[-122.3050897,37.8075893],[-122.3054113,37.8076521],[-122.3056309,37.8076924],[-122.3058484,37.807731],[-122.3060665,37.8077686],[-122.3062856,37.8078034],[-122.3065912,37.8078513],[-122.3069159,37.8078988],[-122.3071502,37.8079294],[-122.3073831,37.8079584],[-122.3076165,37.8079861],[-122.3076165,37.8079861],[-122.307848,37.8080111],[-122.3080834,37.8080357],[-122.3083836,37.8080651],[-122.3093143,37.808156],[-122.3133514,37.8085501],[-122.3143583,37.808649],[-122.3143583,37.808649],[-122.3144983,37.8086633],[-122.3153179,37.8087465],[-122.3160342,37.8088127],[-122.3160342,37.8088127],[-122.3262187,37.8097419],[-122.328085,37.8098452],[-122.3283638,37.8098606],[-122.3304834,37.8099043],[-122.3324242,37.809847],[-122.3341251,37.809757],[-122.3357382,37.8096446],[-122.3374786,37.8094758],[-122.3392258,37.8092647],[-122.3409912,37.8090032],[-122.3712858,37.8038101],[-122.3725153,37.80357],[-122.3736204,37.8033353],[-122.3747361,37.8030613],[-122.3758091,37.8027589],[-122.3768712,37.8024001],[-122.3778948,37.8019926],[-122.3914415,37.7960017],[-122.3914415,37.7960017],[-122.3942967,37.7947458],[-122.3945225,37.7946417],[-122.3947418,37.7945293],[-122.3949542,37.7944089],[-122.3951593,37.7942807],[-122.3953565,37.7941452],[-122.3955454,37.7940024],[-122.3966967,37.793093],[-122.3977783,37.7922361],[-122.3981428,37.79195],[-122.3981428,37.79195],[-122.3991498,37.791154],[-122.4012913,37.7894612],[-122.4023387,37.7886346],[-122.4066925,37.7851915],[-122.4081069,37.7840734],[-122.4118007,37.7811533],[-122.4129797,37.7802369],[-122.4146294,37.7789342],[-122.4163652,37.7775446],[-122.4176499,37.776529],[-122.4184221,37.7759184],[-122.4187475,37.7756528],[-122.4190423,37.7753756],[-122.4193106,37.7750822],[-122.4195511,37.774774],[-122.4197625,37.7744528],[-122.4199436,37.7741202],[-122.4200936,37.773778],[-122.4202115,37.7734281],[-122.4202967,37.7730723],[-122.4203489,37.7727126],[-122.4203676,37.7723508],[-122.4203529,37.7719889],[-122.4203529,37.7719889],[-122.4203245,37.7713351],[-122.420118,37.7689902],[-122.4200138,37.7678685],[-122.4199157,37.7668122],[-122.4198686,37.7663048],[-122.4196822,37.7644026],[-122.4186415,37.753525],[-122.4184554,37.7516259],[-122.4181801,37.7488397],[-122.4181587,37.7485767],[-122.4181694,37.7484665],[-122.4181989,37.7483562],[-122.4182525,37.7482438],[-122.4183813,37.7480359],[-122.4221689,37.7421567],[-122.4225146,37.7416201],[-122.4228946,37.7411126],[-122.4237216,37.7400081],[-122.4253041,37.7386909],[-122.4326805,37.7338838],[-122.4335277,37.7333179],[-122.433854,37.7331157],[-122.4354938,37.7320218],[-122.4377951,37.7305559],[-122.4394474,37.7297625],[-122.4408583,37.7291754],[-122.4408583,37.7291754],[-122.4411494,37.7290621],[-122.4414286,37.7289511],[-122.4417061,37.7288371],[-122.4419889,37.7287129],[-122.442263,37.7285878],[-122.4425283,37.728459],[-122.4427829,37.7283303],[-122.4430421,37.728192],[-122.4432863,37.7280527],[-122.4435333,37.7279051],[-122.4437617,37.7277611],[-122.4439907,37.7276099],[-122.4442222,37.7274452],[-122.4444509,37.7272732],[-122.4446658,37.7271011],[-122.4448606,37.7269329],[-122.4450605,37.7267483],[-122.4452751,37.7265423],[-122.4455005,37.726308],[-122.4456963,37.7260865],[-122.4458806,37.7258621],[-122.4460318,37.7256665],[-122.4461697,37.7254719],[-122.4462843,37.7253005],[-122.4464155,37.725092],[-122.4464155,37.725092],[-122.4465703,37.7247792],[-122.4467526,37.7244206],[-122.4469082,37.7240494],[-122.4469082,37.7240494],[-122.4470504,37.7236378],[-122.4471818,37.7232029],[-122.4473032,37.7226895],[-122.4473032,37.7226895],[-122.4474577,37.7220367],[-122.4474577,37.7220367],[-122.4477068,37.7209161],[-122.4477068,37.7209161],[-122.4477309,37.7208077],[-122.4477326,37.7207998],[-122.4477326,37.7207998],[-122.4478351,37.7203324],[-122.4478351,37.7203324],[-122.4479816,37.7195547],[-122.448045,37.7192539],[-122.4480978,37.7189351],[-122.448135,37.7186941],[-122.4481586,37.7184708],[-122.4481734,37.718217],[-122.4481961,37.7179637],[-122.4482286,37.7177322],[-122.4482856,37.7175065],[-122.4482856,37.7175065],[-122.4483328,37.7173371],[-122.4483833,37.717164],[-122.4484425,37.7169924],[-122.448507,37.7168275],[-122.4485768,37.7166662],[-122.4486613,37.7164941],[-122.4487501,37.7163273],[-122.4488461,37.7161657],[-122.4489444,37.7160129],[-122.4490593,37.7158517],[-122.4491695,37.7157065],[-122.4492864,37.7155556],[-122.449416,37.7154014],[-122.449567,37.7152301],[-122.449713,37.7150696],[-122.449713,37.7150696],[-122.4499092,37.7148653],[-122.4500948,37.7146772],[-122.4502841,37.7144902],[-122.4504643,37.7143195],[-122.4506376,37.7141626],[-122.4508243,37.7139977],[-122.451018,37.7138311],[-122.4512323,37.7136536],[-122.451622,37.7133393],[-122.4527217,37.7124524],[-122.4533679,37.7119311],[-122.4535414,37.7117957],[-122.4537274,37.711653],[-122.4539205,37.7115123],[-122.4541234,37.7113701],[-122.4543338,37.7112316],[-122.4545444,37.7111022],[-122.4547522,37.7109854],[-122.4549641,37.7108756],[-122.4551644,37.7107801],[-122.4554023,37.7106778],[-122.4556319,37.7105892],[-122.4558595,37.7105101],[-122.456077,37.7104411],[-122.456077,37.7104411],[-122.4563136,37.7103748],[-122.4565235,37.7103222],[-122.4567475,37.710276],[-122.4569706,37.7102352],[-122.4572024,37.710201],[-122.457443,37.7101725],[-122.4576853,37.7101502],[-122.4579305,37.7101344],[-122.4581347,37.7101245],[-122.4584055,37.7101167],[-122.4586536,37.710114],[-122.4589067,37.7101131],[-122.4608601,37.7101275],[-122.4613977,37.7101314],[-122.4613977,37.7101314],[-122.4637474,37.7101487],[-122.4639597,37.7101463],[-122.4641562,37.7101383],[-122.4643533,37.7101223],[-122.4645453,37.7100954],[-122.4647309,37.7100626],[-122.4649119,37.7100217],[-122.4650919,37.7099731],[-122.4652746,37.7099151],[-122.4654528,37.7098458],[-122.4656271,37.7097708],[-122.4658117,37.7096789],[-122.4659977,37.7095713],[-122.4661742,37.7094572],[-122.4663447,37.7093275],[-122.4664942,37.7091995],[-122.4666288,37.7090668],[-122.4667458,37.7089392],[-122.4668251,37.7088487],[-122.4668251,37.7088487],[-122.467165,37.7084598],[-122.4673594,37.7082561],[-122.4675552,37.7080291],[-122.468199,37.707245],[-122.4685596,37.7068058],[-122.4685596,37.7068058],[-122.4689066,37.7063831],[-122.4689066,37.7063831],[-122.4696392,37.7054906],[-122.4696392,37.7054906],[-122.4705955,37.7043346],[-122.4707283,37.7041521],[-122.4708463,37.7039717],[-122.4709496,37.703768],[-122.4710327,37.7035653],[-122.4710904,37.7033828],[-122.4711333,37.7032099],[-122.4711615,37.7030168],[-122.4711722,37.7028194],[-122.4711735,37.702621],[-122.4711685,37.7022407],[-122.4711685,37.7022407],[-122.4711601,37.7016859],[-122.4711601,37.7016859],[-122.4711443,37.700727],[-122.4711199,37.6997393],[-122.4711199,37.6997393],[-122.4710957,37.6987562],[-122.471096,37.6985111],[-122.4710879,37.6982503],[-122.4710703,37.6980212],[-122.4710378,37.6978046],[-122.4709944,37.6975987],[-122.4709362,37.6973962],[-122.4708701,37.6971975],[-122.4708,37.6970097],[-122.4707242,37.6968323],[-122.470464,37.6961712],[-122.470464,37.6961712],[-122.4702539,37.6956588],[-122.4701398,37.6953564],[-122.4700603,37.6950667],[-122.4700036,37.694807],[-122.4699716,37.6945357],[-122.4699716,37.6945357],[-122.4699549,37.6943284],[-122.4699481,37.6940672],[-122.4699394,37.6935211],[-122.4699394,37.6935211],[-122.469933,37.6932393],[-122.469933,37.6932393],[-122.4699057,37.6920607],[-122.4699035,37.6919814],[-122.4699035,37.6919814],[-122.4698827,37.6917533],[-122.4698676,37.6916318],[-122.4698502,37.6915079],[-122.4698404,37.6913925],[-122.4691612,37.6880854],[-122.4693801,37.6884778],[-122.4694752,37.6886794],[-122.469519,37.6887804],[-122.4695738,37.6889156],[-122.4696202,37.689041],[-122.4696503,37.689126],[-122.4696816,37.6892364],[-122.4697138,37.6893518],[-122.4697466,37.689493],[-122.4697657,37.6896011],[-122.4697895,37.6897753],[-122.4698104,37.6899715],[-122.4698208,37.6901673],[-122.4698377,37.6913135],[-122.4698404,37.6913925],[-122.4691612,37.6880854],[-122.4688945,37.6875822],[-122.4688045,37.6874125],[-122.468697,37.6872068],[-122.468697,37.6872068],[-122.4684246,37.6867108],[-122.4683019,37.6865085],[-122.4682519,37.6864279],[-122.4681936,37.6863255],[-122.4681386,37.6862385],[-122.4680863,37.6861559],[-122.4680863,37.6861559],[-122.4680305,37.686071],[-122.4679578,37.685976],[-122.4679042,37.6859134],[-122.4678255,37.685824],[-122.4677433,37.6857447],[-122.4676659,37.6856699],[-122.4675834,37.6856014],[-122.4674929,37.6855274],[-122.4674929,37.6855274],[-122.4673346,37.6854133],[-122.4670842,37.6852411],[-122.4670842,37.6852411],[-122.4664945,37.6848402],[-122.4664945,37.6848402],[-122.4659024,37.6844381],[-122.4659024,37.6844381],[-122.4652764,37.684008],[-122.465105,37.683891],[-122.4645344,37.6835037],[-122.4640989,37.6832104],[-122.4640989,37.6832104],[-122.4636875,37.6829159],[-122.4632995,37.6826239],[-122.4632995,37.6826239],[-122.4627542,37.6822346],[-122.4627542,37.6822346],[-122.4626184,37.6821371],[-122.4626184,37.6821371],[-122.4623444,37.6819469],[-122.4620782,37.6817444],[-122.4618147,37.6815166],[-122.461578,37.6813017],[-122.4613433,37.6810653],[-122.4611017,37.680805],[-122.4611017,37.680805],[-122.4593825,37.6787739],[-122.4585805,37.6778632],[-122.4580762,37.6773473],[-122.4575425,37.676857],[-122.4569491,37.6763559],[-122.4562631,37.6758952],[-122.4554879,37.6754304],[-122.45482,37.6750461],[-122.4542487,37.6746852],[-122.4536908,37.6742818],[-122.4531892,37.67387],[-122.4526608,37.673352],[-122.4521888,37.6728149],[-122.4518079,37.6723032],[-122.4504856,37.6702354],[-122.449402,37.6685878],[-122.4490989,37.6681632],[-122.4487502,37.6677216],[-122.448321,37.667246],[-122.448321,37.667246],[-122.4479053,37.6668532],[-122.447452,37.6664902],[-122.4469558,37.6661377],[-122.4461445,37.6655895],[-122.4448549,37.6647183],[-122.4448549,37.6647183],[-122.4429522,37.6635157],[-122.4422463,37.6631186],[-122.4422463,37.6631186],[-122.4415429,37.6627115],[-122.4410442,37.6623796],[-122.4405319,37.6619952],[-122.4400384,37.6615982],[-122.4396092,37.6612117],[-122.4396092,37.6612117],[-122.4391962,37.6608147],[-122.4388341,37.6604325],[-122.4384881,37.6600312],[-122.4370236,37.6582008],[-122.4367044,37.6578271],[-122.4363986,37.6575128],[-122.4360151,37.6571433],[-122.4355457,37.6567399],[-122.4350414,37.6563513],[-122.4344245,37.6559414],[-122.4337352,37.6555061],[-122.433019,37.6550899],[-122.4322063,37.6546397],[-122.4289528,37.6529324],[-122.4283037,37.6525608],[-122.4276439,37.652136],[-122.42726,37.6518669],[-122.4270806,37.6517411],[-122.4265925,37.6513609],[-122.4260828,37.6509065],[-122.4255866,37.6504265],[-122.4251172,37.6499317],[-122.4226966,37.6471656],[-122.4212924,37.6454538],[-122.4212924,37.6454538],[-122.4204268,37.6444402],[-122.4200561,37.6440061],[-122.4196905,37.6435732],[-122.4194441,37.6432546],[-122.4192177,37.6429359],[-122.4190124,37.6426305],[-122.4188322,37.6423329],[-122.4186086,37.6419042],[-122.4177734,37.6403003],[-122.4170538,37.639024],[-122.4170538,37.639024],[-122.4168346,37.6386353],[-122.4166908,37.6383802],[-122.4166908,37.6383802],[-122.4166378,37.6382906],[-122.4166378,37.6382906],[-122.4165439,37.6381317],[-122.4164942,37.6380488],[-122.4159577,37.6371533],[-122.4159577,37.6371533],[-122.4158326,37.6369446],[-122.4158326,37.6369446],[-122.4156499,37.6366413],[-122.4156499,37.6366413],[-122.4150643,37.6356466],[-122.414098,37.6341275],[-122.414098,37.6341275],[-122.4130436,37.6324699],[-122.4089433,37.6254778],[-122.4085424,37.6248478],[-122.4081491,37.6242794],[-122.4075966,37.6235483],[-122.4070189,37.6227804],[-122.4070189,37.6227804],[-122.4064569,37.6220334],[-122.406408,37.6219683],[-122.4054918,37.6207487],[-122.4054918,37.6207487],[-122.4054334,37.6206717],[-122.4045651,37.6195277],[-122.4045651,37.6195277],[-122.4031476,37.6176436],[-122.4029944,37.617454],[-122.4028496,37.6172736],[-122.4026864,37.6170997],[-122.4025103,37.6169244],[-122.4023852,37.6168118],[-122.4022951,37.6167361],[-122.4022108,37.6166739],[-122.4021101,37.6165997],[-122.4020425,37.6165529],[-122.4019846,37.6165139],[-122.4019028,37.6164616],[-122.4016847,37.6163291],[-122.4015346,37.6162506],[-122.4013812,37.6161753],[-122.4012622,37.6161213],[-122.4011266,37.6160656],[-122.4010358,37.6160301],[-122.4009367,37.6159938],[-122.4008163,37.6159543],[-122.4007015,37.6159175],[-122.4005941,37.6158862],[-122.4004551,37.6158493],[-122.4003281,37.6158203],[-122.4001934,37.6157914],[-122.4000618,37.6157683],[-122.3999271,37.6157478],[-122.3997933,37.6157296],[-122.3996101,37.6157101],[-122.3994922,37.6156993],[-122.3993794,37.615692],[-122.3992129,37.6156828],[-122.3989385,37.6156745],[-122.3987123,37.6156693],[-122.3986099,37.6156651],[-122.3986099,37.6156651],[-122.398362,37.6156561],[-122.398156,37.6156474],[-122.3977375,37.6156303],[-122.3975181,37.6156213],[-122.3970115,37.6156137],[-122.3975181,37.6156213],[-122.3970115,37.6156137],[-122.3966685,37.6156071],[-122.3966685,37.6156071],[-122.3955721,37.6156243],[-122.3955721,37.6156243],[-122.3953508,37.6156216],[-122.3953508,37.6156216],[-122.3945417,37.6156262],[-122.3943684,37.6156268],[-122.3941847,37.615635],[-122.3940124,37.6156491],[-122.3938422,37.6156712],[-122.3936874,37.6156984],[-122.393532,37.6157341],[-122.3934507,37.6157552],[-122.3934507,37.6157552],[-122.3907989,37.6163989],[-122.3934507,37.6157552],[-122.3907989,37.6163989],[-122.3953508,37.6156216],[-122.3945417,37.6156262],[-122.3943684,37.6156268],[-122.3941847,37.615635],[-122.3940124,37.6156491],[-122.3938422,37.6156712],[-122.3936874,37.6156984],[-122.393532,37.6157341],[-122.3934507,37.6157552],[-122.3955721,37.6156243],[-122.3953508,37.6156216],[-122.3966685,37.6156071],[-122.3955721,37.6156243],[-122.3970115,37.6156137],[-122.3966685,37.6156071],[-122.3970115,37.6156137],[-122.3975929,37.6155994],[-122.3977464,37.6155941],[-122.3978598,37.6155884],[-122.3979927,37.6155792],[-122.3981182,37.6155667],[-122.398223,37.6155521],[-122.3983248,37.6155337],[-122.3984203,37.615513],[-122.3985256,37.6154858],[-122.3986346,37.6154519],[-122.398742,37.6154131],[-122.3988454,37.6153709],[-122.39894,37.6153269],[-122.3990365,37.6152754],[-122.3991287,37.6152201],[-122.3992172,37.615161],[-122.3993013,37.6150993],[-122.3993712,37.6150417],[-122.3994352,37.6149842],[-122.3994992,37.614921],[-122.3995573,37.6148574],[-122.39961,37.6147939],[-122.3996618,37.6147253],[-122.3997072,37.6146577],[-122.3997495,37.6145872],[-122.3997895,37.6145116],[-122.3998241,37.6144352],[-122.3998539,37.6143573],[-122.399879,37.6142826],[-122.3998993,37.614204],[-122.3999141,37.6141367],[-122.399924,37.6140721],[-122.3999308,37.6140066],[-122.3999344,37.6139469],[-122.3999348,37.6138853],[-122.3999329,37.6138165],[-122.399927,37.6137402],[-122.3999176,37.6136685],[-122.3999029,37.6135868],[-122.399885,37.613514],[-122.3998658,37.6134523],[-122.3998425,37.6133914],[-122.3998081,37.6133163],[-122.3997728,37.6132443],[-122.3997277,37.6131616],[-122.3996756,37.613073],[-122.3996207,37.6129873],[-122.3995591,37.6128976],[-122.3994875,37.6127974],[-122.3994194,37.6127076],[-122.3993403,37.6126054],[-122.3992415,37.6124799],[-122.399116,37.6123273],[-122.398992,37.6121812],[-122.3988225,37.6119889],[-122.3986514,37.6118009],[-122.3986514,37.6118009],[-122.3984626,37.6116011],[-122.398265,37.6113939],[-122.3980852,37.6112156],[-122.3975079,37.6106476],[-122.3973165,37.6104542],[-122.3973165,37.6104542],[-122.3966,37.6097544],[-122.396496,37.6096608],[-122.3960766,37.6091982],[-122.3960766,37.6091982],[-122.3938783,37.6070236],[-122.3898195,37.6031028],[-122.3892447,37.6025471],[-122.3888328,37.6021446],[-122.3888328,37.6021446],[-122.3885497,37.601868],[-122.3878536,37.6011808],[-122.3878536,37.6011808],[-122.3875931,37.6009368],[-122.3875931,37.6009368],[-122.3860641,37.5994841]]}},{"type":"Feature","properties":{"id":"line-Blue","name":"BART Blue Line: Dublin/Pleasanton => Daly City","ref":"Blue","mode":"subway"},"geometry":{"type":"LineString","coordinates":[[-121.9004469,37.7017039],[-121.8984592,37.7016824],[-121.8980329,37.7016778],[-121.8980338,37.7016264],[-121.8980343,37.7015964],[-121.8983478,37.7015998],[-121.9004483,37.7016224],[-121.9004476,37.7016627],[-121.9004469,37.7017039],[-121.9271392,37.7000163],[-121.9294683,37.6995004],[-121.9294444,37.6994327],[-121.9271152,37.6999487],[-121.9271392,37.7000163],[-122.0767927,37.690726],[-122.0757074,37.6907318],[-122.0743868,37.6907388],[-122.125508,37.6962997],[-122.1262314,37.696797],[-122.1263345,37.6968678],[-122.1267348,37.697143],[-122.127361,37.6975734],[-122.1601207,37.7209588],[-122.1612884,37.7226537],[-122.1959251,37.7528631],[-122.1959217,37.7528656],[-122.1958981,37.7528832],[-122.1958764,37.7528993],[-122.1958735,37.7529015],[-122.197538,37.7542988],[-122.1975893,37.7542606],[-122.1959251,37.7528631],[-122.2230825,37.7743096],[-122.2250427,37.7754438],[-122.2642414,37.7967548],[-122.2651671,37.797272],[-122.2652884,37.7973397],[-122.2653851,37.7973904],[-122.2663624,37.7979392],[-122.2940236,37.8044752],[-122.2962506,37.8053722],[-122.3960107,37.7935439],[-122.396051,37.7935758],[-122.3977696,37.7922201],[-122.3977293,37.7921882],[-122.3974982,37.7923737],[-122.3975199,37.7923909],[-122.397364,37.7925138],[-122.3973531,37.7925052],[-122.3973422,37.7924965],[-122.3973208,37.7925135],[-122.3973425,37.7925308],[-122.3971876,37.7926529],[-122.3971767,37.7926443],[-122.3971658,37.7926357],[-122.3969057,37.7928397],[-122.3968917,37.7928507],[-122.3968767,37.7928625],[-122.3966025,37.7930798],[-122.3966133,37.7930884],[-122.3966242,37.7930971],[-122.3964673,37.7932208],[-122.3964456,37.7932035],[-122.3964267,37.7932184],[-122.3964376,37.793227],[-122.3964485,37.7932356],[-122.3962934,37.7933579],[-122.3962716,37.7933407],[-122.3960107,37.7935439],[-122.400629,37.7898954],[-122.4006696,37.7899273],[-122.4023252,37.7886197],[-122.4022849,37.7885878],[-122.4020412,37.7887803],[-122.4020559,37.788792],[-122.4020625,37.7887971],[-122.4019036,37.7889226],[-122.4018825,37.788906],[-122.4015846,37.7891412],[-122.4016054,37.7891576],[-122.4014481,37.7892819],[-122.4014414,37.7892767],[-122.4014272,37.7892654],[-122.400936,37.7896534],[-122.4009466,37.7896617],[-122.4009565,37.7896696],[-122.4007966,37.7897959],[-122.400776,37.7897796],[-122.400629,37.7898954],[-122.4080541,37.7840294],[-122.4077836,37.7842427],[-122.4077869,37.7842454],[-122.4078017,37.784257],[-122.40781,37.7842636],[-122.4076523,37.7843883],[-122.4076257,37.7843673],[-122.4072963,37.7846271],[-122.4073233,37.7846484],[-122.4071678,37.7847713],[-122.4071594,37.7847646],[-122.4071446,37.7847529],[-122.4071407,37.7847498],[-122.4066216,37.7851593],[-122.4066261,37.7851629],[-122.4066408,37.7851745],[-122.4066493,37.7851812],[-122.4064934,37.7853044],[-122.4064655,37.7852824],[-122.4063372,37.7853836],[-122.4063777,37.7854156],[-122.4080945,37.7840614],[-122.4080541,37.7840294],[-122.4145693,37.7788897],[-122.4141701,37.7792057],[-122.4141924,37.7792233],[-122.4141088,37.7792892],[-122.4140867,37.7792717],[-122.4139323,37.779394],[-122.4139542,37.7794114],[-122.4137986,37.7795342],[-122.4137898,37.7795272],[-122.4137769,37.779517],[-122.4135672,37.779683],[-122.413577,37.7796909],[-122.4135885,37.7796999],[-122.4134324,37.7798231],[-122.4134115,37.7798062],[-122.4132628,37.779924],[-122.4132839,37.7799407],[-122.4132003,37.7800065],[-122.4131794,37.77999],[-122.4129242,37.780192],[-122.4129647,37.7802239],[-122.4146098,37.7789217],[-122.4145693,37.7788897],[-122.4198343,37.7663064],[-122.4197769,37.7657024],[-122.4197565,37.7654879],[-122.4197342,37.7652525],[-122.4196534,37.7644026],[-122.418612,37.7535287],[-122.4184282,37.7516137],[-122.4326694,37.733873],[-122.4345322,37.732642],[-122.447687,37.7209131],[-122.4477133,37.7207968],[-122.4474334,37.7220334],[-122.447687,37.7209131],[-122.4472866,37.7226871],[-122.4474334,37.7220334],[-122.468259,37.7070585],[-122.4684935,37.7067719],[-122.4684935,37.7067719],[-122.4695728,37.7054526],[-121.9004437,37.7017176],[-121.9014295,37.7017207],[-121.9022529,37.7017207],[-121.903189,37.7017207],[-121.9038488,37.7017292],[-121.9065176,37.7017611],[-121.9090335,37.7017908],[-121.910777,37.701812],[-121.9160716,37.7018757],[-121.9160716,37.7018757],[-121.9166501,37.7018818],[-121.917208,37.7018755],[-121.9177203,37.7018564],[-121.918364,37.7018075],[-121.9190024,37.7017396],[-121.9196407,37.701642],[-121.9196407,37.701642],[-121.9201745,37.701538],[-121.9201745,37.701538],[-121.9208769,37.7013995],[-121.9223006,37.7010853],[-121.9231379,37.7008996],[-121.9236664,37.7007824],[-121.9239764,37.7007141],[-121.9242669,37.7006514],[-121.9245502,37.7005902],[-121.9257336,37.7003372],[-121.9259165,37.7002979],[-121.9262369,37.7002292],[-121.9265604,37.7001592],[-121.9268778,37.7000892],[-121.9271458,37.7000295],[-121.9276334,37.6999217],[-121.9276334,37.6999217],[-121.9287194,37.699682],[-121.9287194,37.699682],[-121.9294736,37.6995141],[-121.9296291,37.6994799],[-121.9299452,37.69941],[-121.9302673,37.6993375],[-121.9305895,37.6992637],[-121.93091,37.6991872],[-121.9312316,37.6991068],[-121.9321928,37.6988685],[-121.9325144,37.698791],[-121.9328407,37.6987172],[-121.9331643,37.6986478],[-121.9334891,37.6985874],[-121.933823,37.6985316],[-121.9341555,37.6984832],[-121.9344898,37.6984412],[-121.9348225,37.6984069],[-121.9351575,37.6983784],[-121.9354956,37.6983556],[-121.9358311,37.6983406],[-121.9361651,37.6983325],[-121.936504,37.69833],[-121.9368399,37.6983302],[-121.9408595,37.6983596],[-121.9489377,37.6984198],[-121.9516608,37.6984399],[-121.9549596,37.6984641],[-121.956248,37.6984735],[-121.956248,37.6984735],[-121.9565685,37.6984752],[-121.9567236,37.6984755],[-121.9568969,37.698475],[-121.9570581,37.6984736],[-121.9572223,37.6984708],[-121.9573881,37.6984676],[-121.9575614,37.6984623],[-121.9577305,37.6984545],[-121.9578951,37.6984453],[-121.9580602,37.6984343],[-121.9582234,37.6984215],[-121.9583938,37.6984062],[-121.9585535,37.6983899],[-121.9587201,37.6983708],[-121.9588845,37.69835],[-121.9590465,37.6983283],[-121.9592028,37.6983055],[-121.9593761,37.6982779],[-121.959536,37.6982518],[-121.9597018,37.6982247],[-121.9598473,37.6981997],[-121.962112,37.6977961],[-121.962435,37.6977408],[-121.9627332,37.697692],[-121.9630475,37.6976439],[-121.96337,37.6975967],[-121.9636899,37.6975532],[-121.9640113,37.6975127],[-121.9643252,37.6974759],[-121.9646514,37.6974416],[-121.964976,37.6974102],[-121.9652901,37.6973818],[-121.965619,37.6973566],[-121.9659367,37.6973351],[-121.9662572,37.6973154],[-121.9665874,37.6972989],[-121.966913,37.6972857],[-121.967236,37.6972756],[-121.9675615,37.6972689],[-121.9678892,37.6972646],[-121.9682229,37.6972637],[-121.9685525,37.6972658],[-121.9688808,37.6972721],[-121.9692009,37.6972798],[-121.9695263,37.6972909],[-121.9698451,37.6973056],[-121.9701792,37.6973236],[-121.9705065,37.6973445],[-121.9708305,37.6973681],[-121.9711617,37.6973956],[-121.9714919,37.6974263],[-121.9718049,37.697459],[-121.9721274,37.6974949],[-121.9724514,37.6975337],[-121.9727838,37.6975771],[-121.9730825,37.6976193],[-121.9734181,37.6976699],[-121.9737355,37.697721],[-121.9740168,37.6977684],[-121.9743958,37.697833],[-121.9747491,37.6978946],[-121.9781076,37.6984745],[-121.9791814,37.6986599],[-121.9791814,37.6986599],[-121.979693,37.6987484],[-121.979693,37.6987484],[-121.9810463,37.6989823],[-121.9813862,37.6990407],[-121.9817031,37.6990944],[-121.9820235,37.6991464],[-121.9823151,37.6991921],[-121.9826377,37.6992386],[-121.9829536,37.6992833],[-121.9832895,37.6993273],[-121.9835989,37.6993658],[-121.983934,37.6994045],[-121.9842374,37.6994379],[-121.984614,37.6994778],[-121.9857113,37.6995961],[-121.9860394,37.6996333],[-121.9863615,37.6996733],[-121.9866749,37.6997136],[-121.9870047,37.6997636],[-121.9873318,37.6998195],[-121.9876399,37.69988],[-121.9879593,37.6999536],[-121.9882708,37.700033],[-121.9885757,37.7001209],[-121.9888885,37.7002205],[-121.9891889,37.7003252],[-121.9894991,37.700442],[-121.9897925,37.7005595],[-121.9900805,37.7006805],[-121.9903794,37.7008092],[-121.9915762,37.701335],[-121.9923625,37.70168],[-121.9926507,37.701804],[-121.9929428,37.7019264],[-121.9932348,37.7020416],[-121.993517,37.7021493],[-121.9938113,37.7022566],[-121.9941111,37.7023609],[-121.9944072,37.7024594],[-121.9947103,37.7025549],[-121.9950103,37.7026455],[-121.9953159,37.7027328],[-121.9956224,37.7028165],[-121.9959288,37.7028953],[-121.9962361,37.7029689],[-121.9965487,37.7030394],[-121.9968612,37.703106],[-121.9971759,37.7031684],[-121.9974904,37.7032259],[-121.9977943,37.7032772],[-121.9981112,37.7033264],[-121.9981112,37.7033264],[-121.9984294,37.7033718],[-121.9987483,37.703411],[-121.9990754,37.7034488],[-121.9993963,37.7034805],[-121.9997229,37.7035083],[-122.0000495,37.7035325],[-122.0003665,37.703551],[-122.0006888,37.7035657],[-122.0010113,37.7035765],[-122.0013416,37.7035816],[-122.0016638,37.7035833],[-122.0019745,37.7035798],[-122.0023008,37.7035734],[-122.002625,37.7035614],[-122.0029562,37.7035471],[-122.0033004,37.7035315],[-122.0144466,37.7030046],[-122.0146436,37.7029944],[-122.0148579,37.7029835],[-122.0150548,37.7029724],[-122.0152343,37.7029598],[-122.0153954,37.7029487],[-122.0155745,37.7029339],[-122.0157451,37.7029179],[-122.0159154,37.7028992],[-122.0160766,37.702879],[-122.0162542,37.7028556],[-122.0164145,37.702832],[-122.0165817,37.7028049],[-122.0167393,37.7027762],[-122.0169084,37.7027439],[-122.0170736,37.7027101],[-122.0172475,37.7026709],[-122.0174106,37.7026316],[-122.0175839,37.702588],[-122.0177544,37.7025435],[-122.0179228,37.7024948],[-122.0180921,37.7024436],[-122.018243,37.7023964],[-122.0183929,37.7023468],[-122.0185503,37.7022936],[-122.0186907,37.7022436],[-122.0188554,37.7021851],[-122.0190048,37.7021304],[-122.0190048,37.7021304],[-122.0198171,37.7018225],[-122.0199626,37.701768],[-122.0201232,37.7017093],[-122.0202791,37.7016522],[-122.020438,37.7015961],[-122.0206001,37.7015407],[-122.0207594,37.701487],[-122.0209025,37.7014424],[-122.0209025,37.7014424],[-122.0210445,37.7013991],[-122.0211826,37.701359],[-122.0213313,37.7013174],[-122.0214758,37.7012784],[-122.0214758,37.7012784],[-122.0215317,37.7012638],[-122.0216744,37.7012284],[-122.0218424,37.7011889],[-122.0220189,37.7011501],[-122.0221769,37.7011182],[-122.0223404,37.7010866],[-122.0225117,37.7010562],[-122.0226709,37.7010302],[-122.0228361,37.7010053],[-122.0230026,37.700982],[-122.0231667,37.7009614],[-122.0233161,37.7009444],[-122.0234826,37.7009279],[-122.0236448,37.7009137],[-122.0238108,37.700901],[-122.0239899,37.7008904],[-122.0241509,37.700882],[-122.0243126,37.7008771],[-122.0244891,37.700872],[-122.0246512,37.70087],[-122.0248153,37.7008699],[-122.0249922,37.7008737],[-122.0249922,37.7008737],[-122.0251399,37.7008777],[-122.0252977,37.7008832],[-122.0254708,37.7008919],[-122.0256339,37.7009033],[-122.0257935,37.7009155],[-122.0259692,37.7009312],[-122.0261275,37.7009475],[-122.026304,37.7009677],[-122.0264729,37.7009892],[-122.0266252,37.7010115],[-122.0267842,37.7010361],[-122.0269423,37.7010623],[-122.0271048,37.7010921],[-122.0272646,37.7011228],[-122.0274174,37.7011541],[-122.0275682,37.7011874],[-122.0277386,37.7012273],[-122.0279034,37.7012685],[-122.028059,37.701309],[-122.0282237,37.7013521],[-122.0283834,37.7013956],[-122.0285343,37.7014372],[-122.0292943,37.7016514],[-122.0294453,37.7016926],[-122.0295929,37.7017326],[-122.0297509,37.7017737],[-122.0299118,37.7018135],[-122.0300571,37.7018482],[-122.0302155,37.7018838],[-122.0303625,37.7019163],[-122.0305304,37.7019496],[-122.0306807,37.7019775],[-122.030847,37.7020065],[-122.031002,37.7020307],[-122.0311583,37.7020543],[-122.0313136,37.7020752],[-122.0314685,37.7020938],[-122.031626,37.7021117],[-122.0317885,37.7021277],[-122.0319476,37.7021413],[-122.0321073,37.7021541],[-122.0322567,37.702163],[-122.0324261,37.7021725],[-122.0325874,37.7021783],[-122.0327541,37.7021822],[-122.0329141,37.7021846],[-122.0330785,37.7021845],[-122.0332269,37.7021828],[-122.0333847,37.7021792],[-122.0335482,37.7021735],[-122.0337041,37.7021668],[-122.0338614,37.7021569],[-122.0340171,37.7021465],[-122.0341862,37.7021333],[-122.03435,37.7021172],[-122.0344961,37.7021007],[-122.0346585,37.7020814],[-122.0348117,37.7020611],[-122.0349038,37.7020488],[-122.0349038,37.7020488],[-122.0349813,37.7020378],[-122.0351425,37.7020126],[-122.035286,37.7019882],[-122.0354496,37.701959],[-122.0356006,37.7019296],[-122.0357531,37.7018976],[-122.0359061,37.7018643],[-122.0360614,37.701829],[-122.0362169,37.7017904],[-122.0363774,37.7017476],[-122.0365286,37.7017062],[-122.0366881,37.7016601],[-122.0368378,37.7016147],[-122.0369896,37.7015667],[-122.0370568,37.7015444],[-122.0370568,37.7015444],[-122.0371393,37.7015167],[-122.0372573,37.7014758],[-122.0373821,37.7014312],[-122.0375037,37.7013866],[-122.0376386,37.701335],[-122.0377811,37.701278],[-122.0379262,37.701218],[-122.038076,37.7011541],[-122.0382355,37.7010831],[-122.0383913,37.7010107],[-122.0385397,37.7009398],[-122.0386716,37.7008738],[-122.0388092,37.7008031],[-122.0389382,37.7007344],[-122.039088,37.7006521],[-122.0392065,37.7005841],[-122.0393328,37.7005104],[-122.0394634,37.7004311],[-122.0395908,37.7003511],[-122.0397172,37.7002696],[-122.0398431,37.7001852],[-122.0399675,37.7000999],[-122.0400768,37.7000225],[-122.0401968,37.6999351],[-122.0403148,37.6998465],[-122.0404317,37.699755],[-122.0405342,37.6996729],[-122.0406472,37.6995805],[-122.0407594,37.699485],[-122.0408697,37.6993897],[-122.0409801,37.6992916],[-122.0410818,37.6992001],[-122.0411847,37.6991069],[-122.0425358,37.697856],[-122.0425358,37.697856],[-122.04406,37.6964462],[-122.0441704,37.6963455],[-122.0442789,37.6962482],[-122.0444016,37.6961409],[-122.0445072,37.69605],[-122.0446124,37.6959618],[-122.0447319,37.6958659],[-122.0448476,37.6957754],[-122.0449667,37.6956841],[-122.045081,37.6956007],[-122.0451996,37.6955153],[-122.045314,37.6954354],[-122.0454334,37.6953555],[-122.0454334,37.6953555],[-122.0455319,37.6952899],[-122.0456598,37.6952087],[-122.0457998,37.6951227],[-122.0459302,37.6950444],[-122.0460654,37.6949672],[-122.0462018,37.6948907],[-122.0463276,37.6948229],[-122.046458,37.6947542],[-122.0466033,37.6946809],[-122.0467438,37.6946127],[-122.0468855,37.6945466],[-122.0470213,37.6944843],[-122.047165,37.6944218],[-122.0473188,37.6943567],[-122.0474652,37.694298],[-122.0476167,37.6942385],[-122.0477686,37.694182],[-122.0479122,37.6941299],[-122.0480626,37.6940778],[-122.0482158,37.6940277],[-122.0483802,37.6939758],[-122.0485405,37.6939279],[-122.0486983,37.6938839],[-122.0488469,37.6938428],[-122.0490126,37.6937995],[-122.0491573,37.693764],[-122.0493207,37.6937271],[-122.0494714,37.6936946],[-122.0496337,37.693662],[-122.049783,37.6936336],[-122.0499502,37.6936033],[-122.0501164,37.6935758],[-122.0502855,37.6935499],[-122.0504434,37.6935287],[-122.0506109,37.6935075],[-122.0507709,37.6934898],[-122.0509382,37.6934725],[-122.051095,37.6934588],[-122.0512628,37.693447],[-122.0514336,37.6934361],[-122.0516103,37.6934268],[-122.0517741,37.6934209],[-122.0519383,37.6934177],[-122.0520915,37.6934161],[-122.0522586,37.6934162],[-122.0524178,37.6934179],[-122.052585,37.6934222],[-122.0527404,37.693428],[-122.052912,37.6934368],[-122.0530755,37.6934468],[-122.053246,37.6934604],[-122.0534034,37.6934741],[-122.0535681,37.6934908],[-122.0535681,37.6934908],[-122.053757,37.6935116],[-122.0539402,37.6935338],[-122.0544205,37.6935973],[-122.0545967,37.6936222],[-122.0549188,37.6936671],[-122.0550468,37.6936845],[-122.0551846,37.6937023],[-122.0553317,37.6937203],[-122.0554917,37.6937384],[-122.0556457,37.6937546],[-122.0558149,37.6937708],[-122.0559834,37.6937837],[-122.0561518,37.6937949],[-122.0563203,37.6938035],[-122.0564416,37.6938098],[-122.0565202,37.6938128],[-122.0565202,37.6938128],[-122.0566353,37.6938163],[-122.0567537,37.6938188],[-122.0568629,37.69382],[-122.0569788,37.6938202],[-122.0570993,37.6938192],[-122.0572222,37.6938172],[-122.0573371,37.6938144],[-122.0574573,37.6938106],[-122.0574573,37.6938106],[-122.0575676,37.6938063],[-122.0577306,37.6937976],[-122.0578986,37.6937861],[-122.0580537,37.6937737],[-122.0582099,37.6937599],[-122.0583665,37.6937432],[-122.0585183,37.6937253],[-122.0586899,37.6937037],[-122.0588425,37.6936824],[-122.0589948,37.6936595],[-122.0591427,37.6936355],[-122.0592955,37.6936081],[-122.0594171,37.6935855],[-122.0594171,37.6935855],[-122.0595366,37.6935617],[-122.0596903,37.6935296],[-122.0598448,37.693495],[-122.0600031,37.6934573],[-122.0601543,37.6934204],[-122.0603056,37.6933813],[-122.0603056,37.6933813],[-122.0605385,37.6933187],[-122.0607132,37.6932713],[-122.0628776,37.6926682],[-122.0650476,37.6920634],[-122.0658776,37.6918321],[-122.0661879,37.691745],[-122.0664907,37.6916632],[-122.0668047,37.691582],[-122.067472,37.6914095],[-122.0680997,37.6912779],[-122.0687488,37.691159],[-122.0694756,37.6910487],[-122.0701891,37.6909574],[-122.0708999,37.6908916],[-122.0717341,37.6908322],[-122.0724851,37.6908067],[-122.0732745,37.6908069],[-122.0732745,37.6908069],[-122.0739535,37.6908023],[-122.0740265,37.6908023],[-122.0740265,37.6908023],[-122.0744105,37.6907996],[-122.0768315,37.6907817],[-122.0777536,37.6907761],[-122.0780635,37.6907724],[-122.0792517,37.6907574],[-122.080702,37.6907354],[-122.0820571,37.6907209],[-122.0837055,37.69071],[-122.0864239,37.6906866],[-122.0885525,37.6906721],[-122.0885525,37.6906721],[-122.0895184,37.6906654],[-122.0895184,37.6906654],[-122.0905095,37.690639],[-122.0913732,37.6906135],[-122.0920759,37.6905838],[-122.0927465,37.6905456],[-122.0927465,37.6905456],[-122.093417,37.6905074],[-122.0940179,37.6904628],[-122.0940179,37.6904628],[-122.094903,37.6903886],[-122.0957718,37.6903167],[-122.0957718,37.6903167],[-122.0963741,37.6902502],[-122.0970412,37.6901716],[-122.0970412,37.6901716],[-122.1000846,37.6898135],[-122.1011652,37.6896909],[-122.1023154,37.6895587],[-122.1033865,37.6894365],[-122.1052511,37.6892232],[-122.1052511,37.6892232],[-122.106063,37.6891301],[-122.106063,37.6891301],[-122.1063368,37.6890979],[-122.1074085,37.6889755],[-122.1090642,37.6887859],[-122.1095437,37.6887185],[-122.1101257,37.6886569],[-122.1106916,37.6886145],[-122.1112469,37.688589],[-122.111791,37.6885901],[-122.1119908,37.6885915],[-122.1122029,37.6885952],[-122.1124122,37.6886],[-122.1126049,37.6886088],[-122.1128005,37.6886201],[-122.1128005,37.6886201],[-122.1131858,37.6886551],[-122.1135855,37.6887251],[-122.1139691,37.68881],[-122.1143151,37.6889162],[-122.1146423,37.6890414],[-122.1149895,37.6891944],[-122.1149895,37.6891944],[-122.1150923,37.6892462],[-122.1151862,37.6892948],[-122.1153014,37.6893586],[-122.1154114,37.6894226],[-122.1155321,37.6894967],[-122.1156635,37.689581],[-122.1158064,37.6896767],[-122.115933,37.689763],[-122.1163254,37.6900365],[-122.1164409,37.690116],[-122.1165526,37.6901919],[-122.1166571,37.6902619],[-122.1167709,37.6903365],[-122.1168601,37.6903939],[-122.1169483,37.6904491],[-122.1170517,37.6905144],[-122.1171573,37.6905815],[-122.1172927,37.6906691],[-122.1174208,37.6907551],[-122.1175321,37.6908316],[-122.1175321,37.6908316],[-122.1179444,37.6911193],[-122.1183962,37.6914255],[-122.1189646,37.6918006],[-122.1189646,37.6918006],[-122.1192272,37.691977],[-122.1192272,37.691977],[-122.119939,37.6924706],[-122.1209984,37.6931966],[-122.1236737,37.6950576],[-122.1247488,37.6958055],[-122.1252474,37.6961458],[-122.1254855,37.696308],[-122.1254855,37.696308],[-122.1273405,37.6975821],[-122.1278658,37.6979425],[-122.1283298,37.6982396],[-122.1287751,37.6985049],[-122.1292311,37.6987851],[-122.1296924,37.6990928],[-122.1329674,37.701353],[-122.1338418,37.7019429],[-122.1346786,37.7025053],[-122.1356389,37.7031526],[-122.1390372,37.7054847],[-122.1422291,37.7076832],[-122.1453511,37.709837],[-122.1485054,37.7120332],[-122.1485054,37.7120332],[-122.152868,37.7150406],[-122.1540256,37.7158124],[-122.155201,37.7166175],[-122.1565417,37.7175408],[-122.1578954,37.7184775],[-122.1583377,37.7188027],[-122.1587071,37.7191082],[-122.1590284,37.7194259],[-122.159316,37.719767],[-122.159591,37.7201394],[-122.1601421,37.7209466],[-122.1613143,37.7226466],[-122.1623154,37.7241184],[-122.1625759,37.7244671],[-122.1628351,37.724822],[-122.1631053,37.7251746],[-122.1633913,37.7255128],[-122.1636961,37.7258501],[-122.1640668,37.7262282],[-122.1645,37.7266335],[-122.1649319,37.7270137],[-122.1653811,37.7273966],[-122.1677758,37.7294045],[-122.1706866,37.7318531],[-122.1739803,37.7346256],[-122.1765606,37.7367999],[-122.1776635,37.7377119],[-122.1776635,37.7377119],[-122.1811155,37.7405054],[-122.1837306,37.7427113],[-122.1888992,37.7470592],[-122.1894464,37.7475491],[-122.1920731,37.7497658],[-122.1920731,37.7497658],[-122.1934527,37.7509303],[-122.1942483,37.7515917],[-122.1952401,37.7524061],[-122.1958496,37.7529151],[-122.1975196,37.7543148],[-122.198603,37.7552198],[-122.2003584,37.7566708],[-122.2017169,37.7578301],[-122.2027933,37.7587271],[-122.204135,37.7598452],[-122.2053259,37.7608482],[-122.2083273,37.7633991],[-122.2094296,37.7643279],[-122.2101163,37.7649025],[-122.2108566,37.7655026],[-122.2119751,37.7664058],[-122.2123425,37.7667027],[-122.2126885,37.7670101],[-122.2130694,37.7673663],[-122.2134235,37.7677225],[-122.214086,37.7684137],[-122.2150569,37.7694209],[-122.2153922,37.7697537],[-122.2157167,37.7700612],[-122.2160708,37.7703686],[-122.2164302,37.7706612],[-122.2168781,37.7709835],[-122.2172885,37.7712591],[-122.2176774,37.7714881],[-122.2180985,37.771717],[-122.2185331,37.771946],[-122.2189649,37.7721559],[-122.2210275,37.7731354],[-122.2214567,37.7733517],[-122.2219019,37.7735955],[-122.2223127,37.7738356],[-122.2223127,37.7738356],[-122.2230944,37.7742911],[-122.2250575,37.7754251],[-122.225924,37.7759249],[-122.2262767,37.7761231],[-122.2266281,37.7763139],[-122.2269821,37.7764984],[-122.2298977,37.7779887],[-122.2303134,37.7782092],[-122.2307157,37.7784297],[-122.2310966,37.7786481],[-122.2314346,37.7788558],[-122.2317833,37.7790869],[-122.2321534,37.7793455],[-122.2325155,37.779619],[-122.2328615,37.7798903],[-122.2336474,37.7805263],[-122.2340685,37.780857],[-122.2343877,37.7810966],[-122.2347525,37.781351],[-122.2351253,37.7816011],[-122.2355115,37.7818428],[-122.2378906,37.7832716],[-122.2383547,37.7835344],[-122.2389179,37.7838503],[-122.2394571,37.7841704],[-122.2399667,37.7844629],[-122.2405246,37.7847639],[-122.2410262,37.7850183],[-122.2430968,37.7860422],[-122.2430968,37.7860422],[-122.2439927,37.7864831],[-122.2446391,37.7867989],[-122.2452667,37.7870914],[-122.2459078,37.7873776],[-122.2470075,37.7878566],[-122.2476539,37.7881343],[-122.2482815,37.7884056],[-122.2510308,37.7895905],[-122.2516799,37.789847],[-122.2522861,37.7900611],[-122.2529164,37.7902625],[-122.2544157,37.7907224],[-122.2550407,37.7909302],[-122.2555423,37.7911188],[-122.2560948,37.7913498],[-122.2566151,37.7915936],[-122.2571516,37.7918713],[-122.2575968,37.7921193],[-122.2580206,37.7923884],[-122.2581885,37.7924988],[-122.2581885,37.7924988],[-122.2634076,37.7962046],[-122.2642228,37.7967728],[-122.2663463,37.7979645],[-122.2678357,37.7987457],[-122.2720445,37.8004075],[-122.2720445,37.8004075],[-122.272285,37.8004908],[-122.272542,37.8005333],[-122.2728047,37.8005333],[-122.2730617,37.8004907],[-122.2730617,37.8004907],[-122.2733022,37.8004073],[-122.2735159,37.8002868],[-122.2736938,37.8001342],[-122.2738283,37.7999559],[-122.2738283,37.7999559],[-122.2742776,37.7992902],[-122.2745644,37.7990308],[-122.2749094,37.7988203],[-122.2749424,37.7988073],[-122.2752996,37.7986668],[-122.2754544,37.7986271],[-122.2755977,37.7985995],[-122.2757256,37.7985782],[-122.2758192,37.7985663],[-122.2759367,37.7985559],[-122.2760064,37.7985511],[-122.2760969,37.7985499],[-122.2762019,37.7985509],[-122.2763094,37.7985529],[-122.2766211,37.7985698],[-122.2768288,37.7985835],[-122.2772358,37.798611],[-122.2772358,37.798611],[-122.2773365,37.7986209],[-122.2774189,37.7986297],[-122.2774947,37.798638],[-122.2775593,37.798648],[-122.2776399,37.7986608],[-122.2777194,37.7986744],[-122.2777922,37.7986892],[-122.2778866,37.7987116],[-122.2779573,37.7987294],[-122.2780472,37.7987549],[-122.2781677,37.7987929],[-122.2782613,37.7988276],[-122.2783275,37.7988531],[-122.2784125,37.7988873],[-122.2785276,37.7989352],[-122.2785276,37.7989352],[-122.2786317,37.7989841],[-122.2787969,37.7990649],[-122.2787969,37.7990649],[-122.2790583,37.7991891],[-122.2798194,37.7995535],[-122.279934,37.7996104],[-122.279934,37.7996104],[-122.2812116,37.8002222],[-122.2812116,37.8002222],[-122.2817825,37.8004956],[-122.2824294,37.8008062],[-122.2829216,37.801038],[-122.2831298,37.8011335],[-122.2833489,37.8012289],[-122.283556,37.8013149],[-122.283769,37.801397],[-122.28401,37.801485],[-122.2842456,37.8015637],[-122.2844942,37.8016404],[-122.2847438,37.8017093],[-122.2850742,37.8017956],[-122.2855954,37.8019198],[-122.2860072,37.8020136],[-122.2860072,37.8020136],[-122.2888006,37.8026499],[-122.2898627,37.8028952],[-122.2903818,37.8030394],[-122.290742,37.8031538],[-122.2911832,37.8033097],[-122.291601,37.8034776],[-122.2920609,37.8036609],[-122.2920609,37.8036609],[-122.2940364,37.8044593],[-122.2962618,37.8053539],[-122.2965551,37.8054723],[-122.2965551,37.8054723],[-122.2968483,37.8055906],[-122.2972375,37.8057393],[-122.2974604,37.8058194],[-122.297621,37.8058733],[-122.2977777,37.8059241],[-122.2979331,37.8059727],[-122.2980684,37.8060133],[-122.2982236,37.8060566],[-122.2983641,37.8060936],[-122.2985707,37.8061468],[-122.2987872,37.8061988],[-122.2989989,37.8062484],[-122.2992105,37.8062965],[-122.3014538,37.8067934],[-122.3022292,37.8069644],[-122.3025488,37.8070349],[-122.303246,37.8071886],[-122.3039192,37.8073379],[-122.3041524,37.8073892],[-122.304383,37.8074402],[-122.30462,37.8074912],[-122.304854,37.8075416],[-122.3050897,37.8075893],[-122.3054113,37.8076521],[-122.3056309,37.8076924],[-122.3058484,37.807731],[-122.3060665,37.8077686],[-122.3062856,37.8078034],[-122.3065912,37.8078513],[-122.3069159,37.8078988],[-122.3071502,37.8079294],[-122.3073831,37.8079584],[-122.3076165,37.8079861],[-122.3076165,37.8079861],[-122.307848,37.8080111],[-122.3080834,37.8080357],[-122.3083836,37.8080651],[-122.3093143,37.808156],[-122.3133514,37.8085501],[-122.3143583,37.808649],[-122.3143583,37.808649],[-122.3144983,37.8086633],[-122.3153179,37.8087465],[-122.3160342,37.8088127],[-122.3160342,37.8088127],[-122.3262187,37.8097419],[-122.328085,37.8098452],[-122.3283638,37.8098606],[-122.3304834,37.8099043],[-122.3324242,37.809847],[-122.3341251,37.809757],[-122.3357382,37.8096446],[-122.3374786,37.8094758],[-122.3392258,37.8092647],[-122.3409912,37.8090032],[-122.3712858,37.8038101],[-122.3725153,37.80357],[-122.3736204,37.8033353],[-122.3747361,37.8030613],[-122.3758091,37.8027589],[-122.3768712,37.8024001],[-122.3778948,37.8019926],[-122.3914415,37.7960017],[-122.3914415,37.7960017],[-122.3942967,37.7947458],[-122.3945225,37.7946417],[-122.3947418,37.7945293],[-122.3949542,37.7944089],[-122.3951593,37.7942807],[-122.3953565,37.7941452],[-122.3955454,37.7940024],[-122.3966967,37.793093],[-122.3977783,37.7922361],[-122.3981428,37.79195],[-122.3981428,37.79195],[-122.3991498,37.791154],[-122.4012913,37.7894612],[-122.4023387,37.7886346],[-122.4066925,37.7851915],[-122.4081069,37.7840734],[-122.4118007,37.7811533],[-122.4129797,37.7802369],[-122.4146294,37.7789342],[-122.4163652,37.7775446],[-122.4176499,37.776529],[-122.4184221,37.7759184],[-122.4187475,37.7756528],[-122.4190423,37.7753756],[-122.4193106,37.7750822],[-122.4195511,37.774774],[-122.4197625,37.7744528],[-122.4199436,37.7741202],[-122.4200936,37.773778],[-122.4202115,37.7734281],[-122.4202967,37.7730723],[-122.4203489,37.7727126],[-122.4203676,37.7723508],[-122.4203529,37.7719889],[-122.4203529,37.7719889],[-122.4203245,37.7713351],[-122.420118,37.7689902],[-122.4200138,37.7678685],[-122.4199157,37.7668122],[-122.4198686,37.7663048],[-122.4196822,37.7644026],[-122.4186415,37.753525],[-122.4184554,37.7516259],[-122.4181801,37.7488397],[-122.4181587,37.7485767],[-122.4181694,37.7484665],[-122.4181989,37.7483562],[-122.4182525,37.7482438],[-122.4183813,37.7480359],[-122.4221689,37.7421567],[-122.4225146,37.7416201],[-122.4228946,37.7411126],[-122.4237216,37.7400081],[-122.4253041,37.7386909],[-122.4326805,37.7338838],[-122.4335277,37.7333179],[-122.433854,37.7331157],[-122.4354938,37.7320218],[-122.4377951,37.7305559],[-122.4394474,37.7297625],[-122.4408583,37.7291754],[-122.4408583,37.7291754],[-122.4411494,37.7290621],[-122.4414286,37.7289511],[-122.4417061,37.7288371],[-122.4419889,37.7287129],[-122.442263,37.7285878],[-122.4425283,37.728459],[-122.4427829,37.7283303],[-122.4430421,37.728192],[-122.4432863,37.7280527],[-122.4435333,37.7279051],[-122.4437617,37.7277611],[-122.4439907,37.7276099],[-122.4442222,37.7274452],[-122.4444509,37.7272732],[-122.4446658,37.7271011],[-122.4448606,37.7269329],[-122.4450605,37.7267483],[-122.4452751,37.7265423],[-122.4455005,37.726308],[-122.4456963,37.7260865],[-122.4458806,37.7258621],[-122.4460318,37.7256665],[-122.4461697,37.7254719],[-122.4462843,37.7253005],[-122.4464155,37.725092],[-122.4464155,37.725092],[-122.4465703,37.7247792],[-122.4467526,37.7244206],[-122.4469082,37.7240494],[-122.4469082,37.7240494],[-122.4470504,37.7236378],[-122.4471818,37.7232029],[-122.4473032,37.7226895],[-122.4473032,37.7226895],[-122.4474577,37.7220367],[-122.4474577,37.7220367],[-122.4477068,37.7209161],[-122.4477068,37.7209161],[-122.4477309,37.7208077],[-122.4477326,37.7207998],[-122.4477326,37.7207998],[-122.4478351,37.7203324],[-122.4478351,37.7203324],[-122.4479816,37.7195547],[-122.448045,37.7192539],[-122.4480978,37.7189351],[-122.448135,37.7186941],[-122.4481586,37.7184708],[-122.4481734,37.718217],[-122.4481961,37.7179637],[-122.4482286,37.7177322],[-122.4482856,37.7175065],[-122.4482856,37.7175065],[-122.4483328,37.7173371],[-122.4483833,37.717164],[-122.4484425,37.7169924],[-122.448507,37.7168275],[-122.4485768,37.7166662],[-122.4486613,37.7164941],[-122.4487501,37.7163273],[-122.4488461,37.7161657],[-122.4489444,37.7160129],[-122.4490593,37.7158517],[-122.4491695,37.7157065],[-122.4492864,37.7155556],[-122.449416,37.7154014],[-122.449567,37.7152301],[-122.449713,37.7150696],[-122.449713,37.7150696],[-122.4499092,37.7148653],[-122.4500948,37.7146772],[-122.4502841,37.7144902],[-122.4504643,37.7143195],[-122.4506376,37.7141626],[-122.4508243,37.7139977],[-122.451018,37.7138311],[-122.4512323,37.7136536],[-122.451622,37.7133393],[-122.4527217,37.7124524],[-122.4533679,37.7119311],[-122.4535414,37.7117957],[-122.4537274,37.711653],[-122.4539205,37.7115123],[-122.4541234,37.7113701],[-122.4543338,37.7112316],[-122.4545444,37.7111022],[-122.4547522,37.7109854],[-122.4549641,37.7108756],[-122.4551644,37.7107801],[-122.4554023,37.7106778],[-122.4556319,37.7105892],[-122.4558595,37.7105101],[-122.456077,37.7104411],[-122.456077,37.7104411],[-122.4563136,37.7103748],[-122.4565235,37.7103222],[-122.4567475,37.710276],[-122.4569706,37.7102352],[-122.4572024,37.710201],[-122.457443,37.7101725],[-122.4576853,37.7101502],[-122.4579305,37.7101344],[-122.4581347,37.7101245],[-122.4584055,37.7101167],[-122.4586536,37.710114],[-122.4589067,37.7101131],[-122.4608601,37.7101275],[-122.4613977,37.7101314],[-122.4613977,37.7101314],[-122.4637474,37.7101487],[-122.4639597,37.7101463],[-122.4641562,37.7101383],[-122.4643533,37.7101223],[-122.4645453,37.7100954],[-122.4647309,37.7100626],[-122.4649119,37.7100217],[-122.4650919,37.7099731],[-122.4652746,37.7099151],[-122.4654528,37.7098458],[-122.4656271,37.7097708],[-122.4658117,37.7096789],[-122.4659977,37.7095713],[-122.4661742,37.7094572],[-122.4663447,37.7093275],[-122.4664942,37.7091995],[-122.4666288,37.7090668],[-122.4667458,37.7089392],[-122.4668251,37.7088487],[-122.4668251,37.7088487],[-122.4671954,37.7084011],[-122.4676849,37.7077989],[-122.4677935,37.7076674],[-122.4682942,37.7070508],[-122.4685148,37.7067828],[-122.468861,37.7063621],[-122.4685148,37.7067828],[-122.4695978,37.7054668],[-122.468861,37.7063621]]}},{"type":"Feature","properties":{"id":"line-Green","name":"BART Green Line: Berryessa/North San José => Daly City","ref":"Green","mode":"subway"},"geometry":{"type":"LineString","coordinates":[[-121.8743581,37.367567],[-121.874974,37.3694185],[-121.875074,37.3693975],[-121.874458,37.367546],[-121.8743581,37.367567],[-121.8904528,37.4092943],[-121.8912554,37.410737],[-121.8912932,37.4107237],[-121.8904841,37.4092693],[-121.8904528,37.4092943],[-121.9398211,37.5031949],[-121.9399238,37.5031615],[-121.9390062,37.5013838],[-121.9389034,37.5014172],[-121.9398211,37.5031949],[-121.9757011,37.5568693],[-121.977517,37.5581302],[-122.0163383,37.5901223],[-122.0169352,37.5905642],[-122.0174922,37.5909765],[-122.0180893,37.5914185],[-122.0565188,37.6335485],[-122.0568592,37.6339822],[-122.0577969,37.6351773],[-122.0860239,37.6691157],[-122.0878264,37.6703513],[-122.125508,37.6962997],[-122.1262314,37.696797],[-122.1263345,37.6968678],[-122.1267348,37.697143],[-122.127361,37.6975734],[-122.1601207,37.7209588],[-122.1612884,37.7226537],[-122.1959251,37.7528631],[-122.1959217,37.7528656],[-122.1958981,37.7528832],[-122.1958764,37.7528993],[-122.1958735,37.7529015],[-122.197538,37.7542988],[-122.1975893,37.7542606],[-122.1959251,37.7528631],[-122.2230825,37.7743096],[-122.2250427,37.7754438],[-122.2642414,37.7967548],[-122.2651671,37.797272],[-122.2652884,37.7973397],[-122.2653851,37.7973904],[-122.2663624,37.7979392],[-122.2940236,37.8044752],[-122.2962506,37.8053722],[-122.3960107,37.7935439],[-122.396051,37.7935758],[-122.3977696,37.7922201],[-122.3977293,37.7921882],[-122.3974982,37.7923737],[-122.3975199,37.7923909],[-122.397364,37.7925138],[-122.3973531,37.7925052],[-122.3973422,37.7924965],[-122.3973208,37.7925135],[-122.3973425,37.7925308],[-122.3971876,37.7926529],[-122.3971767,37.7926443],[-122.3971658,37.7926357],[-122.3969057,37.7928397],[-122.3968917,37.7928507],[-122.3968767,37.7928625],[-122.3966025,37.7930798],[-122.3966133,37.7930884],[-122.3966242,37.7930971],[-122.3964673,37.7932208],[-122.3964456,37.7932035],[-122.3964267,37.7932184],[-122.3964376,37.793227],[-122.3964485,37.7932356],[-122.3962934,37.7933579],[-122.3962716,37.7933407],[-122.3960107,37.7935439],[-122.400629,37.7898954],[-122.4006696,37.7899273],[-122.4023252,37.7886197],[-122.4022849,37.7885878],[-122.4020412,37.7887803],[-122.4020559,37.788792],[-122.4020625,37.7887971],[-122.4019036,37.7889226],[-122.4018825,37.788906],[-122.4015846,37.7891412],[-122.4016054,37.7891576],[-122.4014481,37.7892819],[-122.4014414,37.7892767],[-122.4014272,37.7892654],[-122.400936,37.7896534],[-122.4009466,37.7896617],[-122.4009565,37.7896696],[-122.4007966,37.7897959],[-122.400776,37.7897796],[-122.400629,37.7898954],[-122.4080541,37.7840294],[-122.4077836,37.7842427],[-122.4077869,37.7842454],[-122.4078017,37.784257],[-122.40781,37.7842636],[-122.4076523,37.7843883],[-122.4076257,37.7843673],[-122.4072963,37.7846271],[-122.4073233,37.7846484],[-122.4071678,37.7847713],[-122.4071594,37.7847646],[-122.4071446,37.7847529],[-122.4071407,37.7847498],[-122.4066216,37.7851593],[-122.4066261,37.7851629],[-122.4066408,37.7851745],[-122.4066493,37.7851812],[-122.4064934,37.7853044],[-122.4064655,37.7852824],[-122.4063372,37.7853836],[-122.4063777,37.7854156],[-122.4080945,37.7840614],[-122.4080541,37.7840294],[-122.4145693,37.7788897],[-122.4141701,37.7792057],[-122.4141924,37.7792233],[-122.4141088,37.7792892],[-122.4140867,37.7792717],[-122.4139323,37.779394],[-122.4139542,37.7794114],[-122.4137986,37.7795342],[-122.4137898,37.7795272],[-122.4137769,37.779517],[-122.4135672,37.779683],[-122.413577,37.7796909],[-122.4135885,37.7796999],[-122.4134324,37.7798231],[-122.4134115,37.7798062],[-122.4132628,37.779924],[-122.4132839,37.7799407],[-122.4132003,37.7800065],[-122.4131794,37.77999],[-122.4129242,37.780192],[-122.4129647,37.7802239],[-122.4146098,37.7789217],[-122.4145693,37.7788897],[-122.4198343,37.7663064],[-122.4197769,37.7657024],[-122.4197565,37.7654879],[-122.4197342,37.7652525],[-122.4196534,37.7644026],[-122.418612,37.7535287],[-122.4184282,37.7516137],[-122.4326694,37.733873],[-122.4345322,37.732642],[-122.447687,37.7209131],[-122.4477133,37.7207968],[-122.4474334,37.7220334],[-122.447687,37.7209131],[-122.4472866,37.7226871],[-122.4474334,37.7220334],[-122.468259,37.7070585],[-122.4684935,37.7067719],[-122.4684935,37.7067719],[-122.4695728,37.7054526],[-121.8749563,37.3694254],[-121.8750444,37.3696901],[-121.8752171,37.3701954],[-121.8755651,37.3712476],[-121.8758395,37.3720686],[-121.8758395,37.3720686],[-121.876034,37.3726471],[-121.8762236,37.3731913],[-121.8765291,37.3740545],[-121.8768829,37.3750576],[-121.8769164,37.3751512],[-121.8771364,37.3757832],[-121.8782559,37.3791504],[-121.8782559,37.3791504],[-121.878357,37.379448],[-121.878357,37.379448],[-121.8783713,37.3794834],[-121.8783713,37.3794834],[-121.8786174,37.3802461],[-121.8786174,37.3802461],[-121.8786463,37.3803315],[-121.8786463,37.3803315],[-121.8788026,37.3807932],[-121.8788026,37.3807932],[-121.8788318,37.3808796],[-121.8788318,37.3808796],[-121.8789616,37.3812629],[-121.8789616,37.3812629],[-121.8793235,37.3823513],[-121.8799648,37.3842412],[-121.8803651,37.3854386],[-121.8808516,37.3869163],[-121.8815153,37.3889043],[-121.882448,37.3917005],[-121.8829833,37.3933377],[-121.8843581,37.3974625],[-121.8845416,37.3980086],[-121.884734,37.398553],[-121.8848538,37.3988553],[-121.8849802,37.3991575],[-121.885122,37.3994686],[-121.8852682,37.3997779],[-121.8855129,37.4002696],[-121.8858231,37.4008247],[-121.886317,37.4017234],[-121.8864612,37.4019831],[-121.8864612,37.4019831],[-121.8871243,37.4031778],[-121.8877236,37.4042537],[-121.8877236,37.4042537],[-121.8886453,37.4059081],[-121.8894315,37.4073193],[-121.8894315,37.4073193],[-121.8897034,37.4078074],[-121.8897034,37.4078074],[-121.890227,37.4087607],[-121.890227,37.4087607],[-121.8904996,37.4092569],[-121.8904996,37.4092569],[-121.8910012,37.4101701],[-121.8912613,37.4106313],[-121.8912613,37.4106313],[-121.891308,37.4107152],[-121.8913286,37.4107513],[-121.8913286,37.4107513],[-121.891522,37.4110946],[-121.8916299,37.4112861],[-121.8916299,37.4112861],[-121.8918067,37.4115998],[-121.8918067,37.4115998],[-121.8920788,37.4120829],[-121.8920788,37.4120829],[-121.892279,37.4124517],[-121.8925488,37.4129272],[-121.8923415,37.4125619],[-121.892279,37.4124517],[-121.9083305,37.4414385],[-121.9077392,37.4403209],[-121.9069063,37.4388109],[-121.9057792,37.4367803],[-121.9048616,37.4351253],[-121.9037726,37.4331578],[-121.9024586,37.4307955],[-121.901913,37.4298117],[-121.9001154,37.4265702],[-121.8961726,37.4194785],[-121.8946472,37.4167187],[-121.8925488,37.4129272],[-121.9083305,37.4414385],[-121.9087791,37.4423295],[-121.9087791,37.4423295],[-121.9093966,37.443529],[-121.9107309,37.446115],[-121.911824,37.4482404],[-121.9128854,37.4503121],[-121.9133213,37.4511255],[-121.9135185,37.4514946],[-121.9137086,37.4518609],[-121.9143098,37.4530359],[-121.915156,37.4546792],[-121.9170948,37.4584587],[-121.9182123,37.4606365],[-121.918709,37.4616068],[-121.9189496,37.4620868],[-121.9189496,37.4620868],[-121.9190704,37.4623244],[-121.9190704,37.4623244],[-121.919261,37.4626941],[-121.9200135,37.4641463],[-121.9202949,37.4646993],[-121.9218388,37.4677027],[-121.923176,37.4703114],[-121.9234921,37.4709383],[-121.9237947,37.4715682],[-121.9256212,37.4753035],[-121.9265372,37.4771733],[-121.9269978,37.4781082],[-121.9274424,37.4790388],[-121.9301654,37.4845999],[-121.9308049,37.4858271],[-121.9308049,37.4858271],[-121.9309295,37.486049],[-121.9309295,37.486049],[-121.9316184,37.4873152],[-121.9316184,37.4873152],[-121.9320717,37.4881708],[-121.9320717,37.4881708],[-121.934889,37.4934069],[-121.934889,37.4934069],[-121.9361607,37.4961078],[-121.9372534,37.4982766],[-121.9373923,37.4985309],[-121.9373923,37.4985309],[-121.9378421,37.4994101],[-121.9387282,37.5011169],[-121.9387282,37.5011169],[-121.9388871,37.5014248],[-121.939803,37.5032005],[-121.9399208,37.5034263],[-121.9401684,37.5038988],[-121.9403538,37.5042288],[-121.9404846,37.5044568],[-121.9404846,37.5044568],[-121.9406166,37.5046771],[-121.9407539,37.5048974],[-121.9407539,37.5048974],[-121.9410103,37.5052952],[-121.9415795,37.5061548],[-121.9419162,37.5067425],[-121.9423819,37.5076312],[-121.9429832,37.5087936],[-121.9431123,37.5090463],[-121.9436869,37.5101564],[-121.945177,37.5130416],[-121.9470288,37.5166264],[-121.9492966,37.5210137],[-121.9513544,37.5249956],[-121.9522514,37.5267292],[-121.9525789,37.5273643],[-121.952654,37.5275104],[-121.9527298,37.5276563],[-121.9528083,37.527809],[-121.952886,37.5279622],[-121.952963,37.5281204],[-121.9530397,37.5282855],[-121.9531082,37.528447],[-121.9531738,37.5286112],[-121.9532364,37.5287865],[-121.9532849,37.5289324],[-121.9533329,37.5290908],[-121.9533778,37.5292564],[-121.9534175,37.529423],[-121.9534537,37.5295962],[-121.9534851,37.5297799],[-121.9535124,37.529972],[-121.9535321,37.5301484],[-121.9535451,37.5302932],[-121.9535577,37.530458],[-121.953588,37.5308748],[-121.9537277,37.5328145],[-121.9538706,37.5347898],[-121.9540108,37.5367534],[-121.9540471,37.537182],[-121.9540853,37.5376831],[-121.9541885,37.5384565],[-121.9547773,37.5410714],[-121.9548695,37.5414658],[-121.9548695,37.5414658],[-121.9549426,37.5417742],[-121.9549426,37.5417742],[-121.9552266,37.5429837],[-121.955312,37.5433473],[-121.9555009,37.5441539],[-121.9556138,37.5446329],[-121.9556977,37.5449703],[-121.9557775,37.5452745],[-121.9558418,37.5455219],[-121.9558418,37.5455219],[-121.9559656,37.5458883],[-121.9560665,37.5461481],[-121.9561947,37.5464402],[-121.9563477,37.5467529],[-121.9563477,37.5467529],[-121.9566035,37.547159],[-121.9567546,37.547401],[-121.9569295,37.5476555],[-121.9570898,37.5478673],[-121.9572731,37.5481012],[-121.9574562,37.5483152],[-121.9576379,37.5485189],[-121.9578378,37.5487285],[-121.9607014,37.5515254],[-121.9609359,37.5517465],[-121.9611785,37.5519669],[-121.9614364,37.5521897],[-121.9616847,37.5523953],[-121.9619298,37.5525814],[-121.9621901,37.552767],[-121.9624429,37.5529333],[-121.9627071,37.5530891],[-121.962971,37.5532336],[-121.9632486,37.5533747],[-121.9635138,37.5535015],[-121.9638126,37.5536307],[-121.96412,37.5537488],[-121.9644072,37.5538499],[-121.9647378,37.5539577],[-121.9650629,37.5540498],[-121.9653672,37.5541301],[-121.9656751,37.5542],[-121.9659936,37.5542618],[-121.9663261,37.5543161],[-121.9666384,37.5543581],[-121.9669726,37.5543995],[-121.9672813,37.5544418],[-121.9680278,37.5545324],[-121.9680278,37.5545324],[-121.9700919,37.5547027],[-121.9703224,37.5547228],[-121.9705737,37.5547455],[-121.9708321,37.5547738],[-121.9708321,37.5547738],[-121.9710936,37.5548094],[-121.9713243,37.5548474],[-121.9715472,37.5548902],[-121.9717799,37.5549403],[-121.9720085,37.5549963],[-121.9722386,37.5550575],[-121.9724698,37.5551271],[-121.9726957,37.5552011],[-121.9729057,37.5552764],[-121.9731144,37.5553585],[-121.9733143,37.5554417],[-121.9735171,37.5555335],[-121.973703,37.5556222],[-121.9738941,37.5557212],[-121.9740776,37.5558215],[-121.9742594,37.5559274],[-121.9743994,37.5560131],[-121.9743994,37.5560131],[-121.9745912,37.5561378],[-121.9747457,37.5562427],[-121.9747457,37.5562427],[-121.9749302,37.5563693],[-121.9755743,37.5568136],[-121.9755743,37.5568136],[-121.9774979,37.5581449],[-121.9776338,37.5582385],[-121.9787342,37.5590075],[-121.978803,37.5590546],[-121.978803,37.5590546],[-121.9799576,37.5598443],[-121.9803747,37.5601499],[-121.9807444,37.5604278],[-121.9807444,37.5604278],[-121.9810731,37.5606878],[-121.9815264,37.5610748],[-121.9839029,37.5631627],[-121.9839029,37.5631627],[-121.9844634,37.5636836],[-121.9844634,37.5636836],[-121.984914,37.5641173],[-121.9853942,37.5646191],[-121.985775,37.5650507],[-121.9861371,37.5654823],[-121.9861371,37.5654823],[-121.98651,37.5659394],[-121.98651,37.5659394],[-121.9882775,37.5680654],[-121.9882775,37.5680654],[-121.9885377,37.5683673],[-121.9888086,37.5686713],[-121.9890742,37.5689605],[-121.9890742,37.5689605],[-121.9894148,37.5693134],[-121.989734,37.5696259],[-121.9901122,37.5699703],[-121.9905091,37.5703083],[-121.990941,37.5706548],[-121.9914479,37.5710503],[-122.003561,37.5803554],[-122.0045934,37.581154],[-122.0061744,37.5823522],[-122.0076069,37.5834508],[-122.0125301,37.5871919],[-122.0125301,37.5871919],[-122.0163656,37.590097],[-122.0163656,37.590097],[-122.0181148,37.5913965],[-122.0192421,37.5922334],[-122.0192421,37.5922334],[-122.0198203,37.5926613],[-122.0201958,37.5929652],[-122.0205418,37.5932627],[-122.0208691,37.5935815],[-122.0212017,37.5939428],[-122.0215155,37.5943105],[-122.0218588,37.5947228],[-122.0222879,37.5952328],[-122.0226179,37.5956111],[-122.022937,37.5959575],[-122.0233045,37.5963295],[-122.0237149,37.5967162],[-122.0251365,37.5979722],[-122.0260055,37.5987373],[-122.0264711,37.5991704],[-122.0264711,37.5991704],[-122.0267219,37.5994095],[-122.0269673,37.5996517],[-122.0271819,37.5998706],[-122.027387,37.6000831],[-122.0292128,37.6019762],[-122.0292128,37.6019762],[-122.0293363,37.6021025],[-122.0293363,37.6021025],[-122.0329684,37.6059111],[-122.0343171,37.6073214],[-122.0348315,37.6078456],[-122.0363939,37.6094255],[-122.0367547,37.6097973],[-122.037153,37.6101776],[-122.0375016,37.6104985],[-122.0378705,37.6108321],[-122.0390652,37.6118684],[-122.0406821,37.6132881],[-122.0411937,37.6137451],[-122.0416524,37.6141467],[-122.0426823,37.6150401],[-122.0436882,37.6159261],[-122.0464409,37.6183417],[-122.047096,37.6189164],[-122.0473682,37.6191777],[-122.0475961,37.6193891],[-122.0478241,37.6196111],[-122.0480548,37.6198501],[-122.0482774,37.620086],[-122.048496,37.6203377],[-122.0487186,37.620615],[-122.0489238,37.6208816],[-122.0491438,37.6211896],[-122.0493262,37.6214584],[-122.0494965,37.6217324],[-122.0496695,37.6220331],[-122.0498197,37.6223177],[-122.0499605,37.6225854],[-122.0507024,37.6240544],[-122.0514424,37.6255673],[-122.0514424,37.6255673],[-122.0517647,37.6262271],[-122.0517647,37.6262271],[-122.0527004,37.6281701],[-122.052982,37.6287118],[-122.0532529,37.6291897],[-122.053556,37.6296698],[-122.0538618,37.6301095],[-122.054181,37.6305429],[-122.0544786,37.6309153],[-122.0544786,37.6309153],[-122.0555733,37.6323106],[-122.0565381,37.6335404],[-122.0574317,37.6346797],[-122.0578159,37.6351687],[-122.0580533,37.6354699],[-122.0580533,37.6354699],[-122.058439,37.6359629],[-122.058439,37.6359629],[-122.0592234,37.6369576],[-122.0598055,37.6376816],[-122.0606668,37.63877],[-122.0623923,37.640968],[-122.0670588,37.6469119],[-122.0685769,37.6488445],[-122.0686391,37.6489248],[-122.0696866,37.6502771],[-122.0696866,37.6502771],[-122.0700326,37.6507145],[-122.0700326,37.6507145],[-122.0763814,37.6588158],[-122.0763814,37.6588158],[-122.0767488,37.6592808],[-122.0767488,37.6592808],[-122.0790375,37.662185],[-122.0806783,37.6642812],[-122.0815044,37.6653237],[-122.0817914,37.6656804],[-122.0819845,37.6659012],[-122.0820814,37.6660056],[-122.0820814,37.6660056],[-122.0821696,37.6661008],[-122.0823872,37.6663194],[-122.0823872,37.6663194],[-122.0825718,37.6665054],[-122.082778,37.6667105],[-122.082985,37.6669012],[-122.0832666,37.6671348],[-122.0836072,37.6673981],[-122.083964,37.6676592],[-122.0845543,37.6680636],[-122.0845543,37.6680636],[-122.0846489,37.6681284],[-122.0849768,37.6683529],[-122.0849768,37.6683529],[-122.0859358,37.6690094],[-122.0860507,37.6690881],[-122.0860507,37.6690881],[-122.087861,37.670332],[-122.0893201,37.6713256],[-122.0900014,37.6717693],[-122.0905646,37.672145],[-122.0947569,37.6750429],[-122.0952263,37.6753656],[-122.0972862,37.6767943],[-122.1007825,37.6791903],[-122.1028625,37.6805878],[-122.1049278,37.6820143],[-122.1080124,37.6841455],[-122.1080124,37.6841455],[-122.1088128,37.6847047],[-122.1088128,37.6847047],[-122.1144174,37.688564],[-122.1144174,37.688564],[-122.1148441,37.6888637],[-122.1149965,37.6889744],[-122.1151535,37.6890896],[-122.1152955,37.689198],[-122.1154973,37.6893545],[-122.1156758,37.6894931],[-122.1158469,37.6896255],[-122.1159756,37.689724],[-122.1161176,37.689832],[-122.1162409,37.689923],[-122.1163537,37.6900058],[-122.1164692,37.6900877],[-122.116861,37.6903646],[-122.1175321,37.6908316],[-122.1175321,37.6908316],[-122.1179444,37.6911193],[-122.1183962,37.6914255],[-122.1189646,37.6918006],[-122.1189646,37.6918006],[-122.1192272,37.691977],[-122.1192272,37.691977],[-122.119939,37.6924706],[-122.1209984,37.6931966],[-122.1236737,37.6950576],[-122.1247488,37.6958055],[-122.1252474,37.6961458],[-122.1254855,37.696308],[-122.1254855,37.696308],[-122.1273405,37.6975821],[-122.1278658,37.6979425],[-122.1283298,37.6982396],[-122.1287751,37.6985049],[-122.1292311,37.6987851],[-122.1296924,37.6990928],[-122.1329674,37.701353],[-122.1338418,37.7019429],[-122.1346786,37.7025053],[-122.1356389,37.7031526],[-122.1390372,37.7054847],[-122.1422291,37.7076832],[-122.1453511,37.709837],[-122.1485054,37.7120332],[-122.1485054,37.7120332],[-122.152868,37.7150406],[-122.1540256,37.7158124],[-122.155201,37.7166175],[-122.1565417,37.7175408],[-122.1578954,37.7184775],[-122.1583377,37.7188027],[-122.1587071,37.7191082],[-122.1590284,37.7194259],[-122.159316,37.719767],[-122.159591,37.7201394],[-122.1601421,37.7209466],[-122.1613143,37.7226466],[-122.1623154,37.7241184],[-122.1625759,37.7244671],[-122.1628351,37.724822],[-122.1631053,37.7251746],[-122.1633913,37.7255128],[-122.1636961,37.7258501],[-122.1640668,37.7262282],[-122.1645,37.7266335],[-122.1649319,37.7270137],[-122.1653811,37.7273966],[-122.1677758,37.7294045],[-122.1706866,37.7318531],[-122.1739803,37.7346256],[-122.1765606,37.7367999],[-122.1776635,37.7377119],[-122.1776635,37.7377119],[-122.1811155,37.7405054],[-122.1837306,37.7427113],[-122.1888992,37.7470592],[-122.1894464,37.7475491],[-122.1920731,37.7497658],[-122.1920731,37.7497658],[-122.1934527,37.7509303],[-122.1942483,37.7515917],[-122.1952401,37.7524061],[-122.1958496,37.7529151],[-122.1975196,37.7543148],[-122.198603,37.7552198],[-122.2003584,37.7566708],[-122.2017169,37.7578301],[-122.2027933,37.7587271],[-122.204135,37.7598452],[-122.2053259,37.7608482],[-122.2083273,37.7633991],[-122.2094296,37.7643279],[-122.2101163,37.7649025],[-122.2108566,37.7655026],[-122.2119751,37.7664058],[-122.2123425,37.7667027],[-122.2126885,37.7670101],[-122.2130694,37.7673663],[-122.2134235,37.7677225],[-122.214086,37.7684137],[-122.2150569,37.7694209],[-122.2153922,37.7697537],[-122.2157167,37.7700612],[-122.2160708,37.7703686],[-122.2164302,37.7706612],[-122.2168781,37.7709835],[-122.2172885,37.7712591],[-122.2176774,37.7714881],[-122.2180985,37.771717],[-122.2185331,37.771946],[-122.2189649,37.7721559],[-122.2210275,37.7731354],[-122.2214567,37.7733517],[-122.2219019,37.7735955],[-122.2223127,37.7738356],[-122.2223127,37.7738356],[-122.2230944,37.7742911],[-122.2250575,37.7754251],[-122.225924,37.7759249],[-122.2262767,37.7761231],[-122.2266281,37.7763139],[-122.2269821,37.7764984],[-122.2298977,37.7779887],[-122.2303134,37.7782092],[-122.2307157,37.7784297],[-122.2310966,37.7786481],[-122.2314346,37.7788558],[-122.2317833,37.7790869],[-122.2321534,37.7793455],[-122.2325155,37.779619],[-122.2328615,37.7798903],[-122.2336474,37.7805263],[-122.2340685,37.780857],[-122.2343877,37.7810966],[-122.2347525,37.781351],[-122.2351253,37.7816011],[-122.2355115,37.7818428],[-122.2378906,37.7832716],[-122.2383547,37.7835344],[-122.2389179,37.7838503],[-122.2394571,37.7841704],[-122.2399667,37.7844629],[-122.2405246,37.7847639],[-122.2410262,37.7850183],[-122.2430968,37.7860422],[-122.2430968,37.7860422],[-122.2439927,37.7864831],[-122.2446391,37.7867989],[-122.2452667,37.7870914],[-122.2459078,37.7873776],[-122.2470075,37.7878566],[-122.2476539,37.7881343],[-122.2482815,37.7884056],[-122.2510308,37.7895905],[-122.2516799,37.789847],[-122.2522861,37.7900611],[-122.2529164,37.7902625],[-122.2544157,37.7907224],[-122.2550407,37.7909302],[-122.2555423,37.7911188],[-122.2560948,37.7913498],[-122.2566151,37.7915936],[-122.2571516,37.7918713],[-122.2575968,37.7921193],[-122.2580206,37.7923884],[-122.2581885,37.7924988],[-122.2581885,37.7924988],[-122.2634076,37.7962046],[-122.2642228,37.7967728],[-122.2663463,37.7979645],[-122.2678357,37.7987457],[-122.2720445,37.8004075],[-122.2720445,37.8004075],[-122.272285,37.8004908],[-122.272542,37.8005333],[-122.2728047,37.8005333],[-122.2730617,37.8004907],[-122.2730617,37.8004907],[-122.2733022,37.8004073],[-122.2735159,37.8002868],[-122.2736938,37.8001342],[-122.2738283,37.7999559],[-122.2738283,37.7999559],[-122.2742776,37.7992902],[-122.2745644,37.7990308],[-122.2749094,37.7988203],[-122.2749424,37.7988073],[-122.2752996,37.7986668],[-122.2754544,37.7986271],[-122.2755977,37.7985995],[-122.2757256,37.7985782],[-122.2758192,37.7985663],[-122.2759367,37.7985559],[-122.2760064,37.7985511],[-122.2760969,37.7985499],[-122.2762019,37.7985509],[-122.2763094,37.7985529],[-122.2766211,37.7985698],[-122.2768288,37.7985835],[-122.2772358,37.798611],[-122.2772358,37.798611],[-122.2773365,37.7986209],[-122.2774189,37.7986297],[-122.2774947,37.798638],[-122.2775593,37.798648],[-122.2776399,37.7986608],[-122.2777194,37.7986744],[-122.2777922,37.7986892],[-122.2778866,37.7987116],[-122.2779573,37.7987294],[-122.2780472,37.7987549],[-122.2781677,37.7987929],[-122.2782613,37.7988276],[-122.2783275,37.7988531],[-122.2784125,37.7988873],[-122.2785276,37.7989352],[-122.2785276,37.7989352],[-122.2786317,37.7989841],[-122.2787969,37.7990649],[-122.2787969,37.7990649],[-122.2790583,37.7991891],[-122.2798194,37.7995535],[-122.279934,37.7996104],[-122.279934,37.7996104],[-122.2812116,37.8002222],[-122.2812116,37.8002222],[-122.2817825,37.8004956],[-122.2824294,37.8008062],[-122.2829216,37.801038],[-122.2831298,37.8011335],[-122.2833489,37.8012289],[-122.283556,37.8013149],[-122.283769,37.801397],[-122.28401,37.801485],[-122.2842456,37.8015637],[-122.2844942,37.8016404],[-122.2847438,37.8017093],[-122.2850742,37.8017956],[-122.2855954,37.8019198],[-122.2860072,37.8020136],[-122.2860072,37.8020136],[-122.2888006,37.8026499],[-122.2898627,37.8028952],[-122.2903818,37.8030394],[-122.290742,37.8031538],[-122.2911832,37.8033097],[-122.291601,37.8034776],[-122.2920609,37.8036609],[-122.2920609,37.8036609],[-122.2940364,37.8044593],[-122.2962618,37.8053539],[-122.2965551,37.8054723],[-122.2965551,37.8054723],[-122.2968483,37.8055906],[-122.2972375,37.8057393],[-122.2974604,37.8058194],[-122.297621,37.8058733],[-122.2977777,37.8059241],[-122.2979331,37.8059727],[-122.2980684,37.8060133],[-122.2982236,37.8060566],[-122.2983641,37.8060936],[-122.2985707,37.8061468],[-122.2987872,37.8061988],[-122.2989989,37.8062484],[-122.2992105,37.8062965],[-122.3014538,37.8067934],[-122.3022292,37.8069644],[-122.3025488,37.8070349],[-122.303246,37.8071886],[-122.3039192,37.8073379],[-122.3041524,37.8073892],[-122.304383,37.8074402],[-122.30462,37.8074912],[-122.304854,37.8075416],[-122.3050897,37.8075893],[-122.3054113,37.8076521],[-122.3056309,37.8076924],[-122.3058484,37.807731],[-122.3060665,37.8077686],[-122.3062856,37.8078034],[-122.3065912,37.8078513],[-122.3069159,37.8078988],[-122.3071502,37.8079294],[-122.3073831,37.8079584],[-122.3076165,37.8079861],[-122.3076165,37.8079861],[-122.307848,37.8080111],[-122.3080834,37.8080357],[-122.3083836,37.8080651],[-122.3093143,37.808156],[-122.3133514,37.8085501],[-122.3143583,37.808649],[-122.3143583,37.808649],[-122.3144983,37.8086633],[-122.3153179,37.8087465],[-122.3160342,37.8088127],[-122.3160342,37.8088127],[-122.3262187,37.8097419],[-122.328085,37.8098452],[-122.3283638,37.8098606],[-122.3304834,37.8099043],[-122.3324242,37.809847],[-122.3341251,37.809757],[-122.3357382,37.8096446],[-122.3374786,37.8094758],[-122.3392258,37.8092647],[-122.3409912,37.8090032],[-122.3712858,37.8038101],[-122.3725153,37.80357],[-122.3736204,37.8033353],[-122.3747361,37.8030613],[-122.3758091,37.8027589],[-122.3768712,37.8024001],[-122.3778948,37.8019926],[-122.3914415,37.7960017],[-122.3914415,37.7960017],[-122.3942967,37.7947458],[-122.3945225,37.7946417],[-122.3947418,37.7945293],[-122.3949542,37.7944089],[-122.3951593,37.7942807],[-122.3953565,37.7941452],[-122.3955454,37.7940024],[-122.3966967,37.793093],[-122.3977783,37.7922361],[-122.3981428,37.79195],[-122.3981428,37.79195],[-122.3991498,37.791154],[-122.4012913,37.7894612],[-122.4023387,37.7886346],[-122.4066925,37.7851915],[-122.4081069,37.7840734],[-122.4118007,37.7811533],[-122.4129797,37.7802369],[-122.4146294,37.7789342],[-122.4163652,37.7775446],[-122.4176499,37.776529],[-122.4184221,37.7759184],[-122.4187475,37.7756528],[-122.4190423,37.7753756],[-122.4193106,37.7750822],[-122.4195511,37.774774],[-122.4197625,37.7744528],[-122.4199436,37.7741202],[-122.4200936,37.773778],[-122.4202115,37.7734281],[-122.4202967,37.7730723],[-122.4203489,37.7727126],[-122.4203676,37.7723508],[-122.4203529,37.7719889],[-122.4203529,37.7719889],[-122.4203245,37.7713351],[-122.420118,37.7689902],[-122.4200138,37.7678685],[-122.4199157,37.7668122],[-122.4198686,37.7663048],[-122.4196822,37.7644026],[-122.4186415,37.753525],[-122.4184554,37.7516259],[-122.4181801,37.7488397],[-122.4181587,37.7485767],[-122.4181694,37.7484665],[-122.4181989,37.7483562],[-122.4182525,37.7482438],[-122.4183813,37.7480359],[-122.4221689,37.7421567],[-122.4225146,37.7416201],[-122.4228946,37.7411126],[-122.4237216,37.7400081],[-122.4253041,37.7386909],[-122.4326805,37.7338838],[-122.4335277,37.7333179],[-122.433854,37.7331157],[-122.4354938,37.7320218],[-122.4377951,37.7305559],[-122.4394474,37.7297625],[-122.4408583,37.7291754],[-122.4408583,37.7291754],[-122.4411494,37.7290621],[-122.4414286,37.7289511],[-122.4417061,37.7288371],[-122.4419889,37.7287129],[-122.442263,37.7285878],[-122.4425283,37.728459],[-122.4427829,37.7283303],[-122.4430421,37.728192],[-122.4432863,37.7280527],[-122.4435333,37.7279051],[-122.4437617,37.7277611],[-122.4439907,37.7276099],[-122.4442222,37.7274452],[-122.4444509,37.7272732],[-122.4446658,37.7271011],[-122.4448606,37.7269329],[-122.4450605,37.7267483],[-122.4452751,37.7265423],[-122.4455005,37.726308],[-122.4456963,37.7260865],[-122.4458806,37.7258621],[-122.4460318,37.7256665],[-122.4461697,37.7254719],[-122.4462843,37.7253005],[-122.4464155,37.725092],[-122.4464155,37.725092],[-122.4465703,37.7247792],[-122.4467526,37.7244206],[-122.4469082,37.7240494],[-122.4469082,37.7240494],[-122.4470504,37.7236378],[-122.4471818,37.7232029],[-122.4473032,37.7226895],[-122.4473032,37.7226895],[-122.4474577,37.7220367],[-122.4474577,37.7220367],[-122.4477068,37.7209161],[-122.4477068,37.7209161],[-122.4477309,37.7208077],[-122.4477326,37.7207998],[-122.4477326,37.7207998],[-122.4478351,37.7203324],[-122.4478351,37.7203324],[-122.4479816,37.7195547],[-122.448045,37.7192539],[-122.4480978,37.7189351],[-122.448135,37.7186941],[-122.4481586,37.7184708],[-122.4481734,37.718217],[-122.4481961,37.7179637],[-122.4482286,37.7177322],[-122.4482856,37.7175065],[-122.4482856,37.7175065],[-122.4483328,37.7173371],[-122.4483833,37.717164],[-122.4484425,37.7169924],[-122.448507,37.7168275],[-122.4485768,37.7166662],[-122.4486613,37.7164941],[-122.4487501,37.7163273],[-122.4488461,37.7161657],[-122.4489444,37.7160129],[-122.4490593,37.7158517],[-122.4491695,37.7157065],[-122.4492864,37.7155556],[-122.449416,37.7154014],[-122.449567,37.7152301],[-122.449713,37.7150696],[-122.449713,37.7150696],[-122.4499092,37.7148653],[-122.4500948,37.7146772],[-122.4502841,37.7144902],[-122.4504643,37.7143195],[-122.4506376,37.7141626],[-122.4508243,37.7139977],[-122.451018,37.7138311],[-122.4512323,37.7136536],[-122.451622,37.7133393],[-122.4527217,37.7124524],[-122.4533679,37.7119311],[-122.4535414,37.7117957],[-122.4537274,37.711653],[-122.4539205,37.7115123],[-122.4541234,37.7113701],[-122.4543338,37.7112316],[-122.4545444,37.7111022],[-122.4547522,37.7109854],[-122.4549641,37.7108756],[-122.4551644,37.7107801],[-122.4554023,37.7106778],[-122.4556319,37.7105892],[-122.4558595,37.7105101],[-122.456077,37.7104411],[-122.456077,37.7104411],[-122.4563136,37.7103748],[-122.4565235,37.7103222],[-122.4567475,37.710276],[-122.4569706,37.7102352],[-122.4572024,37.710201],[-122.457443,37.7101725],[-122.4576853,37.7101502],[-122.4579305,37.7101344],[-122.4581347,37.7101245],[-122.4584055,37.7101167],[-122.4586536,37.710114],[-122.4589067,37.7101131],[-122.4608601,37.7101275],[-122.4613977,37.7101314],[-122.4613977,37.7101314],[-122.4637474,37.7101487],[-122.4639597,37.7101463],[-122.4641562,37.7101383],[-122.4643533,37.7101223],[-122.4645453,37.7100954],[-122.4647309,37.7100626],[-122.4649119,37.7100217],[-122.4650919,37.7099731],[-122.4652746,37.7099151],[-122.4654528,37.7098458],[-122.4656271,37.7097708],[-122.4658117,37.7096789],[-122.4659977,37.7095713],[-122.4661742,37.7094572],[-122.4663447,37.7093275],[-122.4664942,37.7091995],[-122.4666288,37.7090668],[-122.4667458,37.7089392],[-122.4668251,37.7088487],[-122.4668251,37.7088487],[-122.4671954,37.7084011],[-122.4676849,37.7077989],[-122.4677935,37.7076674],[-122.4682942,37.7070508],[-122.4685148,37.7067828],[-122.468861,37.7063621],[-122.4685148,37.7067828],[-122.4695978,37.7054668],[-122.468861,37.7063621]]}},{"type":"Feature","properties":{"id":"line-C","name":"Muni California Cable Car outbound: Embarcadero => Van Ness","ref":"C","mode":"tram"},"geometry":{"type":"LineString","coordinates":[[-122.3961626,37.7937348],[-122.3962474,37.793724],[-122.3962491,37.7937325],[-122.3961643,37.7937433],[-122.3961634,37.793739],[-122.3961626,37.7937348],[-122.3961556,37.7937005],[-122.3961565,37.7937048],[-122.3961574,37.7937092],[-122.3962422,37.7936984],[-122.3962404,37.7936897],[-122.3961676,37.793699],[-122.3961556,37.7937005],[-122.4220951,37.7903873],[-122.4220977,37.7904003],[-122.4221005,37.7904143],[-122.4218651,37.7904438],[-122.4218597,37.7904168],[-122.4220951,37.7903873],[-122.3962202,37.7937113],[-122.3962597,37.7937061],[-122.3962674,37.7937051],[-122.3962674,37.7937051],[-122.3962811,37.7937006],[-122.3963539,37.7936943],[-122.3964814,37.7936781],[-122.3965619,37.793668],[-122.3974764,37.7935522],[-122.3975218,37.7935464],[-122.3976311,37.7935324],[-122.39774,37.7935187],[-122.3986691,37.7934019],[-122.3987089,37.7933965],[-122.3988048,37.7933835],[-122.3989044,37.7933708],[-122.3998155,37.7932552],[-122.3998805,37.793247],[-122.3999806,37.7932343],[-122.4000888,37.7932206],[-122.4010244,37.7931023],[-122.4010572,37.7930981],[-122.4011558,37.7930853],[-122.4012606,37.793072],[-122.4019774,37.792981],[-122.402656,37.7928936],[-122.4027071,37.7928876],[-122.4027948,37.7928773],[-122.4028912,37.7928651],[-122.4034847,37.7927898],[-122.4038343,37.7927455],[-122.4042862,37.7926888],[-122.4043316,37.7926828],[-122.4044284,37.7926701],[-122.4045662,37.7926526],[-122.4056631,37.7925135],[-122.4058914,37.7924846],[-122.4059495,37.7924773],[-122.4059572,37.7924764],[-122.4060292,37.7924674],[-122.4067347,37.7923794],[-122.4068856,37.7923605],[-122.4074584,37.7922888],[-122.4075557,37.7922766],[-122.4075668,37.792275],[-122.4081123,37.7922071],[-122.4083765,37.7921697],[-122.4088484,37.792109],[-122.4090962,37.7920753],[-122.4091451,37.7920693],[-122.4091691,37.7920662],[-122.4091868,37.7920639],[-122.4092045,37.7920616],[-122.4092375,37.7920573],[-122.4093096,37.7920488],[-122.409424,37.7920354],[-122.4107332,37.791868],[-122.4107628,37.7918642],[-122.4107628,37.7918642],[-122.4108338,37.7918552],[-122.4109503,37.7918403],[-122.4110147,37.791832],[-122.4110147,37.791832],[-122.4110282,37.7918304],[-122.4117346,37.7917406],[-122.4123528,37.7916621],[-122.4123922,37.7916572],[-122.4124829,37.7916454],[-122.4125959,37.791631],[-122.4131176,37.7915645],[-122.4139623,37.7914538],[-122.4140339,37.7914447],[-122.4141249,37.7914332],[-122.4142405,37.7914186],[-122.415597,37.7912483],[-122.4156574,37.7912408],[-122.41577,37.7912245],[-122.4158517,37.7912128],[-122.4163782,37.7911471],[-122.4164753,37.7911341],[-122.4168602,37.7910822],[-122.4171724,37.7910424],[-122.4171724,37.7910424],[-122.4173126,37.7910249],[-122.4174134,37.7910123],[-122.417522,37.7909986],[-122.4176552,37.7909818],[-122.4176716,37.79098],[-122.4176716,37.79098],[-122.4188604,37.7908312],[-122.418968,37.7908171],[-122.4190605,37.7908064],[-122.4191653,37.790794],[-122.4205699,37.7906132],[-122.4206091,37.7906082],[-122.4207039,37.7905964],[-122.4207349,37.7905926],[-122.4207982,37.7905847],[-122.4215969,37.7904856],[-122.4218431,37.7904571],[-122.4218431,37.7904571],[-122.4218697,37.790454]]}},{"type":"Feature","properties":{"id":"line-J","name":"Muni Metro J inbound: Balboa Park => Embarcadero","ref":"J","mode":"light_rail"},"geometry":{"type":"LineString","coordinates":[[-122.4462338,37.721387],[-122.4460889,37.7215616],[-122.4460948,37.7215646],[-122.4461121,37.7215736],[-122.4462569,37.721399],[-122.4462425,37.7213916],[-122.4462338,37.721387],[-122.4449079,37.7227095],[-122.4449224,37.722717],[-122.4448193,37.7228417],[-122.4448117,37.7228378],[-122.4448048,37.7228342],[-122.4449079,37.7227095],[-122.4424731,37.7256193],[-122.4424904,37.7256283],[-122.4424251,37.7257073],[-122.4424167,37.7257029],[-122.4424077,37.7256983],[-122.4424731,37.7256193],[-122.4396896,37.7291217],[-122.4397002,37.7291325],[-122.4396191,37.7291821],[-122.4396127,37.7291756],[-122.4396085,37.7291713],[-122.4396896,37.7291217],[-122.4338205,37.7323494],[-122.4333881,37.7325669],[-122.4333733,37.7325484],[-122.4338056,37.7323309],[-122.4338126,37.7323396],[-122.4338205,37.7323494],[-122.4243097,37.7391554],[-122.4243034,37.7391789],[-122.4243118,37.7391803],[-122.4243236,37.7391823],[-122.4243299,37.7391587],[-122.4243097,37.7391554],[-122.4242647,37.7393225],[-122.4242734,37.739324],[-122.424285,37.7393259],[-122.4241741,37.7397412],[-122.4241638,37.7397395],[-122.4241538,37.7397378],[-122.4242647,37.7393225],[-122.4265941,37.7430985],[-122.4265961,37.7431176],[-122.4265731,37.7431191],[-122.4265711,37.7431],[-122.4265825,37.7430993],[-122.4265941,37.7430985],[-122.4266073,37.7434415],[-122.4266315,37.74344],[-122.4266492,37.7436168],[-122.4266391,37.7436175],[-122.4266251,37.7436183],[-122.4266073,37.7434415],[-122.4273464,37.7511845],[-122.4273706,37.7511831],[-122.4274022,37.7515086],[-122.4273911,37.7515093],[-122.427378,37.7515101],[-122.4273464,37.7511845],[-122.4273832,37.7515265],[-122.4273927,37.7515259],[-122.4274039,37.7515252],[-122.4274056,37.7515429],[-122.4273933,37.7515437],[-122.4273849,37.7515442],[-122.4273832,37.7515265],[-122.4268535,37.7564526],[-122.4268706,37.7564097],[-122.426897,37.7563612],[-122.4269107,37.7563406],[-122.4269261,37.7563175],[-122.4269614,37.756276],[-122.4270085,37.7562285],[-122.427056,37.7561889],[-122.4271545,37.7561132],[-122.4271666,37.756123],[-122.4270683,37.7561985],[-122.4270216,37.7562375],[-122.4269754,37.7562841],[-122.426941,37.7563245],[-122.4269126,37.7563671],[-122.4268869,37.7564145],[-122.42687,37.7564568],[-122.4268535,37.7564526],[-122.4278095,37.7582159],[-122.4278391,37.7582147],[-122.4278437,37.758277],[-122.427844,37.758351],[-122.4278411,37.7586199],[-122.4278091,37.7586196],[-122.4278152,37.7584676],[-122.4278171,37.7583538],[-122.4278169,37.7583371],[-122.4278095,37.7582159],[-122.4281724,37.7611032],[-122.428142,37.7611135],[-122.4281368,37.7611039],[-122.4281188,37.76111],[-122.4280968,37.7611174],[-122.4280768,37.7610805],[-122.4280966,37.7610752],[-122.4280913,37.7610629],[-122.4281263,37.7610536],[-122.4281189,37.7610347],[-122.4280968,37.7609804],[-122.4280766,37.7609255],[-122.4280585,37.7608703],[-122.4280423,37.7608146],[-122.4280282,37.7607586],[-122.4280162,37.7607026],[-122.4280367,37.7606998],[-122.4280487,37.7607557],[-122.4280627,37.7608112],[-122.4280787,37.7608664],[-122.4280967,37.7609212],[-122.4281167,37.7609755],[-122.4281386,37.7610294],[-122.4281625,37.7610828],[-122.4281724,37.7611032],[-122.4282174,37.761189],[-122.428227,37.7612062],[-122.428208,37.7612128],[-122.4281984,37.7611956],[-122.4282024,37.7611942],[-122.4282174,37.761189],[-122.4286218,37.76422],[-122.4286127,37.7642221],[-122.4286073,37.7642267],[-122.4286054,37.7642333],[-122.428622,37.7644115],[-122.4286301,37.764411],[-122.4286393,37.7644105],[-122.4286218,37.76422],[-122.4288469,37.7668456],[-122.4288491,37.7668696],[-122.4288594,37.766869],[-122.4288739,37.7668682],[-122.4288716,37.7668441],[-122.4288469,37.7668456],[-122.4288561,37.7669528],[-122.4288874,37.7672811],[-122.4288987,37.7672805],[-122.4289116,37.7672797],[-122.4288803,37.7669513],[-122.4288673,37.7669521],[-122.4288561,37.7669528],[-122.4290543,37.7688178],[-122.4290933,37.7692189],[-122.4290833,37.7692195],[-122.4290723,37.7692201],[-122.4290333,37.7688191],[-122.4290543,37.7688178],[-122.4196205,37.7748864],[-122.4193432,37.7751063],[-122.4188849,37.7754667],[-122.4188433,37.7754337],[-122.4195789,37.7748534],[-122.4196205,37.7748864],[-122.4130848,37.7800669],[-122.413158,37.7800074],[-122.4131345,37.7799887],[-122.4131562,37.7799716],[-122.4132398,37.7799058],[-122.4132628,37.7798877],[-122.413286,37.7799062],[-122.4133376,37.7798665],[-122.4133137,37.7798476],[-122.4135549,37.7796573],[-122.4135782,37.7796757],[-122.4135931,37.7796639],[-122.4135699,37.7796455],[-122.4136982,37.7795443],[-122.413721,37.7795626],[-122.4137677,37.7795255],[-122.4137449,37.7795075],[-122.4139861,37.7793172],[-122.4140083,37.7793347],[-122.414063,37.7792908],[-122.4140411,37.7792734],[-122.414065,37.7792546],[-122.4141487,37.7791887],[-122.4141694,37.7791724],[-122.4141909,37.7791894],[-122.4143118,37.7790941],[-122.4143029,37.7790869],[-122.4142905,37.779077],[-122.4144185,37.778976],[-122.4144397,37.7789927],[-122.4144526,37.7789825],[-122.4144109,37.7789496],[-122.4130431,37.7800339],[-122.41306,37.7800473],[-122.4130848,37.7800669],[-122.4069498,37.7849016],[-122.4071306,37.7847588],[-122.407111,37.7847433],[-122.407352,37.7845529],[-122.4073717,37.7845685],[-122.4075523,37.7844258],[-122.4075324,37.7844101],[-122.4077735,37.7842196],[-122.4077935,37.7842354],[-122.4078782,37.7841684],[-122.4078728,37.7841641],[-122.4078582,37.7841526],[-122.4079866,37.7840511],[-122.4080067,37.7840669],[-122.4080528,37.7840304],[-122.4080108,37.7839973],[-122.4069082,37.7848687],[-122.4069376,37.784892],[-122.4069498,37.7849016],[-122.402284,37.7885892],[-122.402241,37.7885552],[-122.4011944,37.7893818],[-122.4012286,37.7894088],[-122.4012379,37.7894161],[-122.4014098,37.7892804],[-122.4013883,37.7892634],[-122.4016415,37.7890634],[-122.4016629,37.7890803],[-122.4018018,37.7889705],[-122.4017807,37.7889538],[-122.4020291,37.7887577],[-122.40205,37.7887742],[-122.4021054,37.7887305],[-122.4020996,37.7887259],[-122.4020846,37.7887141],[-122.4022286,37.7886003],[-122.4022493,37.7886167],[-122.402284,37.7885892],[-122.4461266,37.721576],[-122.4459128,37.7218358],[-122.4458436,37.7219235],[-122.4458436,37.7219235],[-122.4457816,37.7219793],[-122.4457434,37.7220076],[-122.445713,37.7220216],[-122.4456808,37.7220308],[-122.4456437,37.7220375],[-122.4455455,37.7220553],[-122.4455007,37.7220779],[-122.4454563,37.722112],[-122.445406,37.7221626],[-122.445406,37.7221626],[-122.4450217,37.7226269],[-122.4449814,37.7226756],[-122.4449627,37.7226983],[-122.444842,37.7228438],[-122.4448273,37.722864],[-122.4447712,37.7229329],[-122.4447584,37.7229486],[-122.4446863,37.7230297],[-122.4446863,37.7230297],[-122.4446759,37.7230422],[-122.4443912,37.7233843],[-122.4436332,37.7242839],[-122.4429492,37.7251004],[-122.442437,37.7257117],[-122.4424213,37.7257308],[-122.4423896,37.725769],[-122.4423775,37.7257836],[-122.4423321,37.7258386],[-122.4420381,37.7261946],[-122.4416688,37.7266333],[-122.4415935,37.726724],[-122.4415377,37.7267953],[-122.4414827,37.7268714],[-122.4414337,37.7269428],[-122.4414006,37.7269924],[-122.4410741,37.7274828],[-122.4406052,37.728185],[-122.4402734,37.7286825],[-122.4402297,37.7287437],[-122.4401768,37.7288046],[-122.440122,37.72886],[-122.440061,37.728912],[-122.4400412,37.7289254],[-122.4399958,37.7289561],[-122.4398811,37.7290305],[-122.4396331,37.7291854],[-122.4396071,37.7292016],[-122.4395619,37.7292299],[-122.4390958,37.7295211],[-122.4388855,37.7296524],[-122.4385522,37.7298607],[-122.4385522,37.7298607],[-122.4384628,37.7299155],[-122.4383704,37.7299663],[-122.4382703,37.730015],[-122.4381494,37.7300663],[-122.438039,37.7301055],[-122.4379061,37.7301437],[-122.4377759,37.7301752],[-122.4374448,37.7302495],[-122.4374068,37.7302578],[-122.4373094,37.7302771],[-122.4365294,37.7304418],[-122.4361656,37.7305115],[-122.4360482,37.7305411],[-122.4359273,37.7305832],[-122.4358027,37.7306428],[-122.435672,37.730722],[-122.4355949,37.7307845],[-122.4355266,37.7308549],[-122.4354592,37.7309337],[-122.435395,37.7310371],[-122.4353341,37.7311544],[-122.4353341,37.7311544],[-122.4351438,37.7315567],[-122.4350813,37.7316453],[-122.4350813,37.7316453],[-122.4349962,37.7317195],[-122.4349117,37.7317853],[-122.4348215,37.7318497],[-122.4347106,37.7319219],[-122.4345857,37.7319948],[-122.4334062,37.7325671],[-122.4332315,37.7326552],[-122.4329499,37.7327897],[-122.4326429,37.7329399],[-122.4326429,37.7329399],[-122.4320284,37.7332331],[-122.4320284,37.7332331],[-122.4312245,37.7336318],[-122.429642,37.7343935],[-122.4294061,37.7345135],[-122.4291648,37.7346397],[-122.4289265,37.7347728],[-122.4286972,37.7349046],[-122.428455,37.73505],[-122.4282225,37.7351943],[-122.4279893,37.7353435],[-122.4277761,37.7354846],[-122.4275398,37.7356441],[-122.4273404,37.7357825],[-122.4271278,37.7359375],[-122.4269254,37.7360882],[-122.4267411,37.7362281],[-122.4265255,37.7363956],[-122.4263177,37.7365648],[-122.4260604,37.7367824],[-122.4257958,37.7370154],[-122.4255261,37.7372531],[-122.4253865,37.7373856],[-122.4252574,37.7375143],[-122.4251416,37.7376516],[-122.4250252,37.737794],[-122.4249271,37.7379214],[-122.4248251,37.7380691],[-122.4247391,37.7382088],[-122.4246553,37.7383593],[-122.4245809,37.7385102],[-122.4245209,37.7386454],[-122.4244627,37.7387884],[-122.4244183,37.7389126],[-122.4243747,37.739055],[-122.4243397,37.7391833],[-122.4243375,37.7391924],[-122.4242033,37.7397095],[-122.4241825,37.7397818],[-122.4241636,37.7398432],[-122.4241549,37.7398705],[-122.4241348,37.739937],[-122.4240844,37.7400907],[-122.4240041,37.7403032],[-122.4239728,37.7403894],[-122.4239518,37.7404614],[-122.4238995,37.740665],[-122.4238716,37.7407633],[-122.4238427,37.7408504],[-122.4238113,37.740934],[-122.4237284,37.7411277],[-122.423347,37.742122],[-122.423347,37.742122],[-122.4233372,37.7421642],[-122.4233411,37.7422001],[-122.4233516,37.7422228],[-122.4233637,37.7422394],[-122.4233806,37.7422582],[-122.423445,37.7422914],[-122.4234729,37.7422992],[-122.4235188,37.7423024],[-122.4235188,37.7423024],[-122.4240388,37.742272],[-122.4240747,37.7422696],[-122.4241722,37.7422632],[-122.4243293,37.742253],[-122.4244336,37.7422468],[-122.4257486,37.7421683],[-122.4259102,37.7421586],[-122.4261863,37.7421421],[-122.4261863,37.7421421],[-122.4262539,37.7421381],[-122.4262954,37.7421365],[-122.4263358,37.7421368],[-122.4263893,37.7421446],[-122.4264111,37.7421517],[-122.426431,37.7421582],[-122.4264674,37.7421801],[-122.4264774,37.7421901],[-122.4264909,37.7422056],[-122.4265074,37.7422375],[-122.426527,37.742287],[-122.4265372,37.7423202],[-122.4265372,37.7423202],[-122.4265793,37.7428324],[-122.4265847,37.742898],[-122.4265868,37.7429184],[-122.4265939,37.7429853],[-122.4266078,37.7431165],[-122.4266603,37.7436148],[-122.4266615,37.7436301],[-122.4266675,37.7436883],[-122.4266694,37.7437062],[-122.4266761,37.7437832],[-122.4267354,37.7444283],[-122.426743,37.7444992],[-122.4267501,37.7445814],[-122.4268098,37.7452123],[-122.4268116,37.745231],[-122.4268186,37.7453036],[-122.4268263,37.7453839],[-122.4268929,37.7460244],[-122.4269006,37.746099],[-122.4269076,37.7461778],[-122.4269644,37.7468261],[-122.4269713,37.7469023],[-122.4269791,37.7469792],[-122.4270407,37.7476267],[-122.4270486,37.747706],[-122.4270553,37.7477797],[-122.4271156,37.7484017],[-122.427118,37.7484262],[-122.4271245,37.7484952],[-122.427132,37.7485792],[-122.427192,37.7492278],[-122.4271995,37.7493027],[-122.427207,37.7493808],[-122.427274,37.7500263],[-122.4272815,37.7501027],[-122.427289,37.7501793],[-122.427351,37.7508279],[-122.4273589,37.7508945],[-122.427361,37.7509196],[-122.4273661,37.7509823],[-122.4274188,37.7515531],[-122.427426,37.7516351],[-122.4274311,37.7516884],[-122.4274326,37.7517043],[-122.4274389,37.7517771],[-122.427502,37.7524239],[-122.4275816,37.753227],[-122.4275879,37.7533035],[-122.4275962,37.75338],[-122.4276665,37.7541312],[-122.4277199,37.7546853],[-122.4277199,37.7546853],[-122.4277219,37.754747],[-122.4277165,37.7547848],[-122.427714,37.754805],[-122.4277056,37.7548371],[-122.4276948,37.7548611],[-122.4276846,37.7548845],[-122.427673,37.7549058],[-122.427649,37.7549384],[-122.4276182,37.7549766],[-122.4276089,37.754986],[-122.4275874,37.7550079],[-122.4275874,37.7550079],[-122.4273935,37.7552048],[-122.4273551,37.7552488],[-122.4273259,37.7552889],[-122.4273026,37.7553321],[-122.4272808,37.7553812],[-122.4272669,37.7554386],[-122.4272636,37.7554959],[-122.4272666,37.7555518],[-122.427297,37.7558617],[-122.4272955,37.755913],[-122.4272883,37.7559598],[-122.427274,37.7560026],[-122.4272529,37.7560434],[-122.4272245,37.75608],[-122.4271924,37.7561143],[-122.4271554,37.7561464],[-122.4270794,37.756207],[-122.4270334,37.7562459],[-122.4269926,37.7562902],[-122.4269572,37.756332],[-122.4269305,37.7563744],[-122.4269043,37.756422],[-122.426891,37.7564535],[-122.426884,37.7564752],[-122.4268776,37.756498],[-122.4268729,37.7565146],[-122.4268672,37.7565594],[-122.4268646,37.7566068],[-122.4268652,37.7566425],[-122.4268655,37.756664],[-122.4268731,37.7567368],[-122.4269255,37.7572564],[-122.4269288,37.7572979],[-122.4269366,37.7573675],[-122.4269395,37.757418],[-122.4269421,37.7574389],[-122.4269437,37.7574516],[-122.426948,37.7574728],[-122.4269647,37.7575179],[-122.4269914,37.7575615],[-122.4270276,37.7576024],[-122.4270762,37.7576398],[-122.4271314,37.7576687],[-122.4271956,37.7576902],[-122.4272609,37.7577015],[-122.4273237,37.7577062],[-122.4274549,37.7577096],[-122.4275107,37.7577149],[-122.4275621,37.7577247],[-122.4276103,37.7577391],[-122.4276594,37.75776],[-122.4277033,37.7577848],[-122.427749,37.757814],[-122.4277826,37.7578513],[-122.4278094,37.7578906],[-122.4278257,37.7579274],[-122.4278371,37.7579638],[-122.4278439,37.758003],[-122.4278439,37.758003],[-122.4278459,37.75805],[-122.4278484,37.7581072],[-122.4278543,37.7581876],[-122.4278558,37.7582141],[-122.4278607,37.7582777],[-122.4278615,37.7583506],[-122.4278583,37.7586094],[-122.4278563,37.7586582],[-122.427856,37.7587289],[-122.4278594,37.7587897],[-122.4278668,37.758853],[-122.4280234,37.7605208],[-122.4280342,37.7606136],[-122.4280519,37.7607119],[-122.4280788,37.760818],[-122.4281108,37.7609169],[-122.4281484,37.7610155],[-122.4281862,37.7610996],[-122.4282311,37.7611809],[-122.4282443,37.7612045],[-122.4282619,37.7612328],[-122.428297,37.7612906],[-122.4283323,37.761351],[-122.4283455,37.7613742],[-122.4283546,37.7613901],[-122.4283643,37.7614195],[-122.4283697,37.7614531],[-122.4283697,37.7614531],[-122.4284284,37.7620672],[-122.4284916,37.7627293],[-122.4285005,37.7628229],[-122.4285077,37.7628979],[-122.4285148,37.7629724],[-122.4285222,37.7630501],[-122.4285741,37.7635935],[-122.4286028,37.7638939],[-122.4286077,37.7639454],[-122.4286177,37.7640504],[-122.4286516,37.7644057],[-122.4286538,37.7644288],[-122.4286613,37.7645069],[-122.4286716,37.7646119],[-122.428816,37.7660718],[-122.4288226,37.766139],[-122.428829,37.7662082],[-122.4288785,37.7667381],[-122.428891,37.7668675],[-122.428928,37.7672624],[-122.4289324,37.7673166],[-122.4289324,37.7673166],[-122.4289353,37.7673321],[-122.4289445,37.7674232],[-122.4289495,37.7674656],[-122.4289591,37.7675526],[-122.4289636,37.7675925],[-122.4289774,37.7677334],[-122.4289782,37.7677429],[-122.4289853,37.7678265],[-122.4289915,37.7679379],[-122.4290029,37.7681244],[-122.4290565,37.7686732],[-122.4290584,37.7686856],[-122.4290584,37.7686856],[-122.4291086,37.7691733],[-122.4291086,37.7691733],[-122.4291151,37.7692473],[-122.4291142,37.7693203],[-122.4291063,37.7693517],[-122.4290964,37.7693701],[-122.4290717,37.7694001],[-122.4290655,37.7694055],[-122.429047,37.7694179],[-122.4290173,37.7694311],[-122.4289795,37.7694402],[-122.4289458,37.7694463],[-122.4289053,37.7694518],[-122.4289053,37.7694518],[-122.4287913,37.7694587],[-122.4286882,37.7694636],[-122.4271746,37.7695516],[-122.4271746,37.7695516],[-122.4264831,37.7695991],[-122.4263875,37.7696136],[-122.4262973,37.7696448],[-122.4262139,37.7696861],[-122.4261263,37.7697235],[-122.4261263,37.7697235],[-122.4254589,37.7701942],[-122.4245507,37.7709038],[-122.4245507,37.7709038],[-122.4232032,37.7719691],[-122.4228291,37.7722648],[-122.422668,37.7723921],[-122.4216219,37.7732193],[-122.4204854,37.7741178],[-122.4202834,37.7742775],[-122.4201699,37.7743672],[-122.419931,37.774556],[-122.4198179,37.7746455],[-122.4193457,37.775027],[-122.4188561,37.7754058],[-122.4173298,37.7766124],[-122.414399,37.7789422],[-122.4130305,37.7800293],[-122.4068922,37.7848631],[-122.405562,37.7859146],[-122.4011881,37.7893717],[-122.3983992,37.791576],[-122.3978634,37.7919995],[-122.3970947,37.792607],[-122.3968407,37.7928078],[-122.3965892,37.7930066],[-122.3971426,37.7926201],[-122.3977088,37.7921742],[-122.3976867,37.7921567],[-122.3959729,37.7935077],[-122.3959942,37.7935245],[-122.3965836,37.7930603],[-122.3966043,37.7930768],[-122.3967343,37.7929745],[-122.3967135,37.792958],[-122.3968204,37.7928739],[-122.3968413,37.7928904],[-122.3968767,37.7928625],[-122.3968917,37.7928507],[-122.3969057,37.7928397],[-122.3969414,37.7928118],[-122.3969204,37.7927951],[-122.3970239,37.7927136],[-122.3970446,37.7927299],[-122.3971631,37.7926363],[-122.3971426,37.7926201]]}},{"type":"Feature","properties":{"id":"line-S","name":"Muni Metro S inbound: West Portal => Caltrain","ref":"S","mode":"light_rail"},"geometry":{"type":"LineString","coordinates":[[-122.4654142,37.7413577],[-122.4651387,37.7416932],[-122.4651155,37.7416813],[-122.4653911,37.7413456],[-122.4654142,37.7413577],[-122.4594176,37.7477],[-122.4594364,37.7477161],[-122.4587145,37.7482433],[-122.4586957,37.7482272],[-122.4594176,37.7477],[-122.4344538,37.7630829],[-122.4346535,37.7629322],[-122.4348535,37.762794],[-122.43505,37.7626751],[-122.4352561,37.7625604],[-122.4352721,37.7625783],[-122.4350664,37.7626928],[-122.4348711,37.762811],[-122.4346722,37.7629484],[-122.4344729,37.7630987],[-122.4344538,37.7630829],[-122.4299187,37.7666784],[-122.4299373,37.7666932],[-122.4292014,37.7672733],[-122.4291828,37.7672586],[-122.4299187,37.7666784],[-122.4196205,37.7748864],[-122.4193432,37.7751063],[-122.4188849,37.7754667],[-122.4188433,37.7754337],[-122.4195789,37.7748534],[-122.4196205,37.7748864],[-122.4130848,37.7800669],[-122.413158,37.7800074],[-122.4131345,37.7799887],[-122.4131562,37.7799716],[-122.4132398,37.7799058],[-122.4132628,37.7798877],[-122.413286,37.7799062],[-122.4133376,37.7798665],[-122.4133137,37.7798476],[-122.4135549,37.7796573],[-122.4135782,37.7796757],[-122.4135931,37.7796639],[-122.4135699,37.7796455],[-122.4136982,37.7795443],[-122.413721,37.7795626],[-122.4137677,37.7795255],[-122.4137449,37.7795075],[-122.4139861,37.7793172],[-122.4140083,37.7793347],[-122.414063,37.7792908],[-122.4140411,37.7792734],[-122.414065,37.7792546],[-122.4141487,37.7791887],[-122.4141694,37.7791724],[-122.4141909,37.7791894],[-122.4143118,37.7790941],[-122.4143029,37.7790869],[-122.4142905,37.779077],[-122.4144185,37.778976],[-122.4144397,37.7789927],[-122.4144526,37.7789825],[-122.4144109,37.7789496],[-122.4130431,37.7800339],[-122.41306,37.7800473],[-122.4130848,37.7800669],[-122.4069498,37.7849016],[-122.4071306,37.7847588],[-122.407111,37.7847433],[-122.407352,37.7845529],[-122.4073717,37.7845685],[-122.4075523,37.7844258],[-122.4075324,37.7844101],[-122.4077735,37.7842196],[-122.4077935,37.7842354],[-122.4078782,37.7841684],[-122.4078728,37.7841641],[-122.4078582,37.7841526],[-122.4079866,37.7840511],[-122.4080067,37.7840669],[-122.4080528,37.7840304],[-122.4080108,37.7839973],[-122.4069082,37.7848687],[-122.4069376,37.784892],[-122.4069498,37.7849016],[-122.402284,37.7885892],[-122.402241,37.7885552],[-122.4011944,37.7893818],[-122.4012286,37.7894088],[-122.4012379,37.7894161],[-122.4014098,37.7892804],[-122.4013883,37.7892634],[-122.4016415,37.7890634],[-122.4016629,37.7890803],[-122.4018018,37.7889705],[-122.4017807,37.7889538],[-122.4020291,37.7887577],[-122.40205,37.7887742],[-122.4021054,37.7887305],[-122.4020996,37.7887259],[-122.4020846,37.7887141],[-122.4022286,37.7886003],[-122.4022493,37.7886167],[-122.402284,37.7885892],[-122.3971426,37.7926201],[-122.3977088,37.7921742],[-122.3976867,37.7921567],[-122.3959729,37.7935077],[-122.3959942,37.7935245],[-122.3965836,37.7930603],[-122.3966043,37.7930768],[-122.3967343,37.7929745],[-122.3967135,37.792958],[-122.3968204,37.7928739],[-122.3968413,37.7928904],[-122.3968767,37.7928625],[-122.3968917,37.7928507],[-122.3969057,37.7928397],[-122.3969414,37.7928118],[-122.3969204,37.7927951],[-122.3970239,37.7927136],[-122.3970446,37.7927299],[-122.3971631,37.7926363],[-122.3971426,37.7926201],[-122.389705,37.7905621],[-122.3897236,37.7905475],[-122.3888512,37.7898513],[-122.3888312,37.7898669],[-122.3888142,37.7898802],[-122.3896866,37.7905765],[-122.389705,37.7905621],[-122.3881396,37.7835851],[-122.3881138,37.7835838],[-122.3880447,37.7844551],[-122.388071,37.7844564],[-122.3880965,37.7844577],[-122.3881657,37.7835864],[-122.3881396,37.7835851],[-122.390622,37.7790215],[-122.3906038,37.779007],[-122.3898202,37.7796229],[-122.38984,37.7796386],[-122.3898577,37.7796526],[-122.3906412,37.7790367],[-122.390622,37.7790215],[-122.3951193,37.7754708],[-122.3951353,37.7754835],[-122.3951538,37.7754981],[-122.3950479,37.7755816],[-122.3949607,37.7756502],[-122.3948678,37.7757234],[-122.3947839,37.7757895],[-122.3947352,37.7758278],[-122.3944697,37.776037],[-122.3943724,37.7761137],[-122.394356,37.7761007],[-122.3943379,37.7760863],[-122.3944353,37.7760096],[-122.3947008,37.7758005],[-122.3947494,37.7757621],[-122.3948333,37.7756961],[-122.3949262,37.7756228],[-122.3950134,37.7755542],[-122.3951193,37.7754708],[-122.4652846,37.7415351],[-122.4648945,37.7420014],[-122.4620611,37.7453792],[-122.4615251,37.7459473],[-122.4609587,37.7464702],[-122.4604002,37.7469521],[-122.459814,37.7474332],[-122.4594481,37.7477261],[-122.4587263,37.7482533],[-122.4584806,37.7484215],[-122.4584638,37.748433],[-122.4584435,37.7484469],[-122.4569342,37.7494802],[-122.4553867,37.7505467],[-122.4540408,37.7514743],[-122.449529,37.7545836],[-122.4453505,37.7574632],[-122.440614,37.7607272],[-122.4404289,37.7608522],[-122.4402261,37.7609845],[-122.4400282,37.7611035],[-122.4398208,37.761217],[-122.4396082,37.7613248],[-122.4393872,37.7614277],[-122.4391822,37.7615025],[-122.4389494,37.7615704],[-122.4387492,37.7616197],[-122.4385512,37.7616633],[-122.438037,37.7617586],[-122.438037,37.7617586],[-122.4368392,37.7619707],[-122.4368392,37.7619707],[-122.4366437,37.7620106],[-122.4364495,37.762055],[-122.4364495,37.762055],[-122.4363016,37.7621044],[-122.436168,37.7621561],[-122.4360244,37.7622205],[-122.4356906,37.7623824],[-122.4354813,37.762486],[-122.4352829,37.7625891],[-122.4352829,37.7625891],[-122.4350766,37.7627039],[-122.434882,37.7628216],[-122.4346838,37.7629585],[-122.4344844,37.763109],[-122.4334929,37.7639001],[-122.432189,37.7649329],[-122.4321283,37.7649802],[-122.4318067,37.7652334],[-122.4292486,37.7672568],[-122.4274684,37.7686722],[-122.4262839,37.7696],[-122.4261263,37.7697235],[-122.4261263,37.7697235],[-122.4254589,37.7701942],[-122.4245507,37.7709038],[-122.4245507,37.7709038],[-122.4232032,37.7719691],[-122.4228291,37.7722648],[-122.422668,37.7723921],[-122.4216219,37.7732193],[-122.4204854,37.7741178],[-122.4202834,37.7742775],[-122.4201699,37.7743672],[-122.419931,37.774556],[-122.4198179,37.7746455],[-122.4193457,37.775027],[-122.4188561,37.7754058],[-122.4173298,37.7766124],[-122.414399,37.7789422],[-122.4130305,37.7800293],[-122.4068922,37.7848631],[-122.405562,37.7859146],[-122.4011881,37.7893717],[-122.3983992,37.791576],[-122.3978634,37.7919995],[-122.3970947,37.792607],[-122.3968407,37.7928078],[-122.3965892,37.7930066],[-122.3965892,37.7930066],[-122.3959666,37.7934968],[-122.3957544,37.7936664],[-122.3957544,37.7936664],[-122.39466,37.7945319],[-122.39466,37.7945319],[-122.3945116,37.794638],[-122.3943351,37.7947126],[-122.394141,37.7947512],[-122.3939409,37.7947516],[-122.3937466,37.7947138],[-122.3935696,37.79464],[-122.3934204,37.7945346],[-122.3934204,37.7945346],[-122.3933041,37.7944296],[-122.3923181,37.7935225],[-122.3921315,37.7933582],[-122.3914961,37.7928219],[-122.3913848,37.7927221],[-122.3912821,37.7926167],[-122.3911887,37.792506],[-122.391105,37.7923906],[-122.3910312,37.7922709],[-122.3909679,37.7921477],[-122.3909152,37.7920213],[-122.3909152,37.7920213],[-122.3908572,37.7918704],[-122.3908033,37.791738],[-122.3907421,37.7916162],[-122.3906748,37.7914997],[-122.3906135,37.7913982],[-122.3905449,37.7913066],[-122.390453,37.7911952],[-122.3903681,37.7910921],[-122.3903681,37.7910921],[-122.3902745,37.7909914],[-122.3901725,37.7908927],[-122.3900716,37.7908062],[-122.3899728,37.7907316],[-122.3899312,37.7906929],[-122.3899312,37.7906929],[-122.3897501,37.7905462],[-122.3889368,37.7899008],[-122.388863,37.789843],[-122.388709,37.7897205],[-122.388667,37.7896852],[-122.3886357,37.7896525],[-122.3885337,37.7895545],[-122.3884444,37.7894526],[-122.3883994,37.7893999],[-122.3883328,37.7893067],[-122.388279,37.7892158],[-122.3882211,37.7891216],[-122.3881754,37.7890184],[-122.3881355,37.7889093],[-122.3880962,37.7887954],[-122.3879984,37.7884185],[-122.3879453,37.78821],[-122.3879159,37.7880773],[-122.3878969,37.7879557],[-122.3878771,37.787818],[-122.3878729,37.7876903],[-122.3878716,37.787567],[-122.3878771,37.7874243],[-122.3878945,37.7871903],[-122.3879009,37.7870888],[-122.3879084,37.7869884],[-122.3880815,37.7848528],[-122.388088,37.7847418],[-122.3880962,37.7846283],[-122.3881739,37.7836851],[-122.3881825,37.7835878],[-122.388192,37.783448],[-122.388194,37.7834234],[-122.3883127,37.7819164],[-122.3883225,37.7817889],[-122.3883295,37.7816846],[-122.3883325,37.781647],[-122.3883458,37.7815238],[-122.3883592,37.7814082],[-122.3883804,37.7813027],[-122.388404,37.7811991],[-122.3884383,37.7810956],[-122.3884785,37.7809991],[-122.3885263,37.7809025],[-122.388579,37.7808133],[-122.3886368,37.7807267],[-122.3887057,37.7806405],[-122.3887816,37.780556],[-122.3888586,37.7804804],[-122.3889498,37.7803956],[-122.3890391,37.7803191],[-122.3895062,37.7799451],[-122.3896058,37.7798641],[-122.3896719,37.7798111],[-122.3897018,37.7797876],[-122.3906402,37.7790503],[-122.3907858,37.7789317],[-122.3909984,37.7787639],[-122.391089,37.7786862],[-122.3911222,37.778659],[-122.3912442,37.7785606],[-122.3913965,37.778435],[-122.3915436,37.7783212],[-122.3917296,37.7781878],[-122.3917705,37.7781573],[-122.3918474,37.7780999],[-122.3919656,37.7780138],[-122.3920237,37.7779714],[-122.3921929,37.7778462],[-122.3923512,37.7777242],[-122.3929713,37.7772473],[-122.3933018,37.7769819],[-122.3937415,37.7766338],[-122.3938762,37.776527],[-122.3938762,37.776527],[-122.3939437,37.7764678],[-122.3940039,37.7764201],[-122.3940432,37.7763894],[-122.394101,37.7763443],[-122.394135,37.7763189],[-122.3942207,37.7762532],[-122.394375,37.776131],[-122.394375,37.776131],[-122.3945929,37.7759591],[-122.3945929,37.7759591],[-122.3949769,37.7756537]]}},{"type":"Feature","properties":{"id":"line-4XX","name":"Limited","ref":"4XX","mode":"train"},"geometry":{"type":"LineString","coordinates":[[-121.9030959,37.32718],[-121.9031154,37.3272876],[-121.9031309,37.3273931],[-121.9031394,37.327486],[-121.903302,37.3296129],[-121.9033217,37.3298479],[-121.903361,37.3303563],[-121.9033667,37.330452],[-121.9033707,37.3305355],[-121.9033684,37.330621],[-121.9032876,37.3306254],[-121.903286,37.3305407],[-121.9032818,37.3304488],[-121.9032759,37.3303492],[-121.9030554,37.3274668],[-121.9030471,37.327297],[-121.9030438,37.3271831],[-121.9030959,37.32718],[-121.9365177,37.3535398],[-121.9362594,37.3534219],[-121.9359369,37.3532706],[-121.9356318,37.3531213],[-121.9353864,37.3529977],[-121.935151,37.3528761],[-121.9348345,37.3527099],[-121.9345295,37.3525424],[-121.9345033,37.3525708],[-121.9344794,37.3525966],[-121.9347882,37.3527685],[-121.935102,37.3529444],[-121.9353367,37.3530718],[-121.9355767,37.3531982],[-121.9358752,37.3533463],[-121.9362077,37.3535011],[-121.936467,37.3536141],[-121.9364845,37.3535885],[-121.9365005,37.353565],[-121.9365177,37.3535398],[-121.9967397,37.3707216],[-121.9960692,37.3706926],[-121.9959231,37.3706863],[-121.9957187,37.3706775],[-121.9957216,37.3706344],[-121.9957222,37.3706255],[-121.9957234,37.3706085],[-121.9967444,37.3706526],[-121.9981272,37.3707123],[-121.9981235,37.3707665],[-121.9979861,37.3707606],[-121.9978474,37.3707546],[-121.9978478,37.3707483],[-121.9978483,37.3707411],[-121.9974879,37.3707255],[-121.9974888,37.3707122],[-121.9967425,37.37068],[-121.9967416,37.3706936],[-121.9967397,37.3707216],[-122.0324036,37.3792709],[-122.0308624,37.3787657],[-122.0306266,37.3786885],[-122.0304773,37.3786395],[-122.0304826,37.3786292],[-122.030497,37.3786016],[-122.0324232,37.3792333],[-122.032408,37.3792625],[-122.0324036,37.3792709],[-122.0746689,37.3940138],[-122.0746762,37.3940021],[-122.0746904,37.3939795],[-122.0765618,37.3947211],[-122.0765497,37.3947404],[-122.0765403,37.3947554],[-122.0746689,37.3940138],[-122.1082573,37.4080959],[-122.1082334,37.4081197],[-122.108224,37.4081291],[-122.1078561,37.4078971],[-122.1078435,37.4079098],[-122.1077795,37.4078695],[-122.1077928,37.4078562],[-122.1075896,37.4077282],[-122.1075771,37.4077408],[-122.1075302,37.4077112],[-122.1075431,37.4076983],[-122.1074433,37.4076353],[-122.107432,37.4076466],[-122.1073674,37.4076059],[-122.1073781,37.4075951],[-122.1065761,37.407089],[-122.106586,37.4070791],[-122.1066092,37.407056],[-122.1082573,37.4080959],[-122.140215,37.4282853],[-122.1419592,37.4293818],[-122.1419466,37.4293944],[-122.1419156,37.4294254],[-122.141348,37.4290687],[-122.1413556,37.4290611],[-122.1413635,37.4290532],[-122.1409875,37.4288169],[-122.1409808,37.4288236],[-122.140972,37.4288324],[-122.1407993,37.4287239],[-122.1408087,37.4287145],[-122.1408171,37.4287061],[-122.1407816,37.4286837],[-122.1406743,37.4286164],[-122.1406664,37.4286244],[-122.1406582,37.4286326],[-122.1405566,37.4285687],[-122.1405677,37.4285576],[-122.140184,37.4283164],[-122.1402037,37.4282966],[-122.140215,37.4282853],[-122.1655614,37.4440354],[-122.1655536,37.4440432],[-122.1655324,37.4440643],[-122.1653884,37.4439731],[-122.1653794,37.4439822],[-122.1653743,37.4439873],[-122.1653126,37.4439483],[-122.1653187,37.4439425],[-122.1653341,37.4439269],[-122.1651135,37.4437877],[-122.1650998,37.4438014],[-122.1650921,37.4438091],[-122.1650829,37.4438036],[-122.1646944,37.4435579],[-122.1646746,37.4435455],[-122.1646961,37.4435241],[-122.1642612,37.4432495],[-122.1638279,37.442976],[-122.1638158,37.4429881],[-122.1638064,37.4429974],[-122.1637766,37.4429785],[-122.1636683,37.4429102],[-122.1636736,37.4429048],[-122.163679,37.4428994],[-122.1635057,37.4427901],[-122.1635275,37.4427683],[-122.1635379,37.4427579],[-122.1655614,37.4440354],[-122.183086,37.4553636],[-122.1831042,37.4553456],[-122.18143,37.4542834],[-122.1814148,37.4542985],[-122.1814038,37.4543094],[-122.1814153,37.4543167],[-122.1814392,37.4543318],[-122.1826722,37.4551149],[-122.1827337,37.4551539],[-122.1830777,37.4553719],[-122.183086,37.4553636],[-122.2305794,37.4853093],[-122.2305725,37.4853162],[-122.2305674,37.4853215],[-122.2305538,37.4853349],[-122.2305471,37.4853416],[-122.2305602,37.4853499],[-122.2305892,37.4853682],[-122.2307194,37.4854503],[-122.231033,37.4856482],[-122.23103,37.4856512],[-122.231019,37.4856622],[-122.2310493,37.4856813],[-122.2310544,37.4856845],[-122.2310947,37.4857099],[-122.2310984,37.4857122],[-122.2311383,37.4857374],[-122.2311495,37.4857262],[-122.2311523,37.4857234],[-122.2311604,37.4857284],[-122.2311669,37.4857326],[-122.2311737,37.4857368],[-122.2318171,37.4861429],[-122.2321249,37.4863372],[-122.2321341,37.486343],[-122.2321899,37.4863783],[-122.2322048,37.4863635],[-122.2322105,37.4863578],[-122.2322175,37.4863508],[-122.2322223,37.486346],[-122.2305794,37.4853093],[-122.3003922,37.5410352],[-122.301773,37.5426666],[-122.3248426,37.5690734],[-122.324812,37.569096],[-122.3239754,37.5683319],[-122.323806,37.5681772],[-122.3233828,37.5677908],[-122.3233929,37.5677834],[-122.3234206,37.5677632],[-122.3238455,37.5681519],[-122.3239301,37.5682292],[-122.3240141,37.5683061],[-122.3241351,37.5684167],[-122.3244914,37.5687435],[-122.3246681,37.5689083],[-122.3248426,37.5690734],[-122.4050868,37.6558124],[-122.4066534,37.6541915],[-122.3923287,37.756542],[-122.3923449,37.7571249],[-122.3923584,37.757381],[-122.3923697,37.7575945],[-122.3924073,37.7581312],[-122.3948913,37.7764459],[-122.3951912,37.7762097],[-122.3963581,37.7752904],[-122.3963753,37.7753041],[-122.3963968,37.7753211],[-122.3952299,37.7762404],[-122.3949302,37.7764766],[-122.3949122,37.7764624],[-122.3948913,37.7764459],[-121.9033015,37.3312892],[-121.9032719,37.3308954],[-121.9032672,37.330705],[-121.9032666,37.3306397],[-121.9032551,37.330347],[-121.9033224,37.3315639],[-121.9033015,37.3312892],[-121.9033391,37.3317744],[-121.9033313,37.3316998],[-121.9033224,37.3315639],[-121.9033426,37.3318404],[-121.9033391,37.3317744],[-121.9033575,37.3319959],[-121.9033426,37.3318404],[-121.9034196,37.332664],[-121.903392,37.3324292],[-121.9033809,37.3323111],[-121.9033575,37.3319959],[-121.9034791,37.3329365],[-121.9034361,37.3327575],[-121.9034196,37.332664],[-121.9037536,37.3335564],[-121.9035385,37.3331546],[-121.9034791,37.3329365],[-121.9037536,37.3335564],[-121.9038499,37.3336851],[-121.904064,37.3339442],[-121.904064,37.3339442],[-121.9042299,37.3341269],[-121.9044475,37.334337],[-121.9046791,37.3345515],[-121.9046791,37.3345515],[-121.9047702,37.3346342],[-121.9047702,37.3346342],[-121.9057779,37.335559],[-121.9060008,37.3357648],[-121.9068314,37.3365245],[-121.9070764,37.3367549],[-121.9071615,37.3368327],[-121.9073392,37.3370129],[-121.9075016,37.3372018],[-121.9076121,37.3373484],[-121.9077146,37.3374983],[-121.9077951,37.3376334],[-121.9078688,37.3377698],[-121.908161,37.3383638],[-121.9083144,37.3386553],[-121.9083907,37.3387827],[-121.9084753,37.3389098],[-121.9085629,37.3390267],[-121.9086529,37.3391415],[-121.9088042,37.3393139],[-121.9090134,37.3395179],[-121.9095218,37.3399784],[-121.9096393,37.3400793],[-121.9097639,37.3401824],[-121.9098906,37.340275],[-121.910019,37.3403649],[-121.9101509,37.3404509],[-121.9102928,37.3405366],[-121.9104281,37.3406133],[-121.9105661,37.3406869],[-121.9107161,37.3407607],[-121.9108696,37.3408298],[-121.9110198,37.3408937],[-121.9111745,37.3409515],[-121.9114939,37.3410565],[-121.9119918,37.3412023],[-121.9122874,37.3412927],[-121.9122874,37.3412927],[-121.9123873,37.3413237],[-121.9124863,37.3413567],[-121.9125893,37.3413938],[-121.912637,37.3414125],[-121.912637,37.3414125],[-121.9126949,37.3414358],[-121.9128753,37.3415103],[-121.9130506,37.34159],[-121.9134299,37.3417803],[-121.9138778,37.3420064],[-121.9138778,37.3420064],[-121.9139424,37.3420382],[-121.9139424,37.3420382],[-121.9142694,37.342206],[-121.9142694,37.342206],[-121.9151355,37.3426409],[-121.9152744,37.3427115],[-121.915896,37.3430274],[-121.9160994,37.3431319],[-121.9160994,37.3431319],[-121.9165532,37.3433591],[-121.9174764,37.3438268],[-121.9182693,37.3442281],[-121.9196426,37.344922],[-121.9205199,37.345365],[-121.9216673,37.3459445],[-121.922244,37.3462355],[-121.9237283,37.3469842],[-121.9260957,37.3481833],[-121.9278691,37.3490781],[-121.9294329,37.3498675],[-121.9311985,37.3507651],[-121.9313405,37.3508368],[-121.9316218,37.3509788],[-121.9316218,37.3509788],[-121.9325885,37.3514692],[-121.9329436,37.3516537],[-121.9331188,37.3517479],[-121.9333545,37.3518774],[-121.9337367,37.3520876],[-121.9342727,37.3523836],[-121.9342727,37.3523836],[-121.9342987,37.3523975],[-121.9344142,37.352461],[-121.9344759,37.352495],[-121.9350765,37.3528176],[-121.9353367,37.352952],[-121.9357821,37.353177],[-121.9361207,37.3533384],[-121.9363883,37.3534645],[-121.9367048,37.3536072],[-121.936887,37.3536854],[-121.9372447,37.3538441],[-121.9375845,37.3539913],[-121.9378196,37.3540934],[-121.9381566,37.3542398],[-121.9381566,37.3542398],[-121.9387985,37.3545222],[-121.9392183,37.3547038],[-121.9408721,37.3554232],[-121.9410472,37.3555013],[-121.9410472,37.3555013],[-121.9412589,37.3555925],[-121.9412589,37.3555925],[-121.9420174,37.3559203],[-121.9423221,37.3560545],[-121.9432021,37.356438],[-121.9432021,37.356438],[-121.943371,37.3565118],[-121.9435632,37.3565957],[-121.9439048,37.3567424],[-121.9455094,37.3574392],[-121.9472855,37.3582091],[-121.9472855,37.3582091],[-121.9475047,37.3583092],[-121.9475047,37.3583092],[-121.9503495,37.3595482],[-121.9503495,37.3595482],[-121.9519471,37.3602357],[-121.9524542,37.3604539],[-121.9582279,37.3629699],[-121.9584415,37.363063],[-121.9595266,37.3635339],[-121.9608145,37.3640924],[-121.9662013,37.3664487],[-121.9673377,37.3669391],[-121.9684629,37.3674247],[-121.9684629,37.3674247],[-121.9687632,37.3675569],[-121.9687632,37.3675569],[-121.9708369,37.3684728],[-121.9720432,37.3689941],[-121.9724045,37.3691422],[-121.9727022,37.3692546],[-121.9732146,37.3694448],[-121.9737825,37.3696284],[-121.9743324,37.3697871],[-121.9745491,37.3698497],[-121.9755806,37.3700968],[-121.9764774,37.3702647],[-121.9764774,37.3702647],[-121.9771389,37.3703585],[-121.9771389,37.3703585],[-121.9771985,37.3703664],[-121.9776989,37.3704267],[-121.9783383,37.3704831],[-121.9786376,37.3705007],[-121.9789913,37.3705181],[-121.979469,37.3705362],[-121.9803594,37.3705352],[-121.9811401,37.3705311],[-121.9812993,37.3705307],[-121.9812993,37.3705307],[-121.9817304,37.3705342],[-121.9819424,37.3705388],[-121.9819991,37.3705408],[-121.9821932,37.3705466],[-121.9824449,37.3705563],[-121.9826945,37.3705595],[-121.9829959,37.3705592],[-121.9838034,37.3705544],[-121.9854136,37.3705456],[-121.9854136,37.3705456],[-121.9861844,37.3705398],[-121.9876309,37.3705311],[-121.9889613,37.3705214],[-121.9900631,37.3705045],[-121.9902905,37.370501],[-121.9914829,37.3704854],[-121.9925677,37.3704806],[-121.9931077,37.3704874],[-121.9935976,37.370501],[-121.9940299,37.3705193],[-121.9956371,37.3705838],[-121.9970415,37.3706466],[-121.9978992,37.370681],[-121.9982025,37.3706931],[-121.9984464,37.3707029],[-121.9990548,37.370735],[-121.9994568,37.3707554],[-121.9996364,37.3707709],[-122.0000102,37.3708029],[-122.0006296,37.3708796],[-122.0012087,37.370966],[-122.0019759,37.3711107],[-122.0051828,37.3717651],[-122.0075625,37.3722491],[-122.0102276,37.3727912],[-122.011202,37.3729894],[-122.0142476,37.3736097],[-122.0152641,37.3738097],[-122.0157124,37.3739059],[-122.0162793,37.374033],[-122.0166715,37.3741369],[-122.0168926,37.3741952],[-122.0171516,37.3742631],[-122.0176366,37.3744058],[-122.0180678,37.3745379],[-122.0182657,37.3746039],[-122.0194399,37.3749919],[-122.0198307,37.3751146],[-122.0201447,37.3752087],[-122.020477,37.3753039],[-122.0209383,37.3754469],[-122.0209383,37.3754469],[-122.021096,37.3754986],[-122.0218636,37.3757502],[-122.0236482,37.3763289],[-122.0250174,37.3767627],[-122.0257291,37.3769879],[-122.0275446,37.3775912],[-122.0282778,37.3778348],[-122.0283579,37.3778614],[-122.0284512,37.3778918],[-122.028529,37.3779179],[-122.0286169,37.3779473],[-122.0304634,37.378566],[-122.0322423,37.3791536],[-122.0326739,37.3792953],[-122.0342546,37.3798137],[-122.0383149,37.3811595],[-122.0385398,37.381234],[-122.0385398,37.381234],[-122.0399487,37.381701],[-122.0399487,37.381701],[-122.040423,37.3818546],[-122.040423,37.3818546],[-122.0417403,37.3822888],[-122.0417403,37.3822888],[-122.0420707,37.3823976],[-122.043112,37.3827405],[-122.0440241,37.383035],[-122.0445341,37.3832045],[-122.044721,37.383266],[-122.0448901,37.3833218],[-122.0451556,37.3834095],[-122.0455109,37.3835248],[-122.0460914,37.3837142],[-122.0463505,37.3837993],[-122.0499017,37.3849665],[-122.0525107,37.3858258],[-122.0563771,37.3870977],[-122.0573693,37.3874285],[-122.0578143,37.3875752],[-122.0604473,37.3884442],[-122.0606401,37.3885078],[-122.0620674,37.3889536],[-122.0628462,37.3892195],[-122.0635073,37.3894704],[-122.0635073,37.3894704],[-122.0656719,37.390368],[-122.0656719,37.390368],[-122.0661042,37.3905424],[-122.0661042,37.3905424],[-122.0670701,37.3909249],[-122.0693878,37.3918427],[-122.0696181,37.3919339],[-122.0696181,37.3919339],[-122.0697891,37.3920028],[-122.0697891,37.3920028],[-122.0746089,37.3939209],[-122.0753562,37.3942189],[-122.0763049,37.3945973],[-122.076672,37.3947437],[-122.077877,37.3952247],[-122.0779506,37.3952535],[-122.0780957,37.3953119],[-122.0782044,37.3953555],[-122.0783093,37.3953989],[-122.0817958,37.3967705],[-122.0836498,37.3975048],[-122.0853275,37.3981747],[-122.086591,37.398671],[-122.0879128,37.399197],[-122.0898281,37.3999535],[-122.0910898,37.4004589],[-122.0934534,37.4013923],[-122.0934682,37.4013982],[-122.0972171,37.4028883],[-122.0973567,37.4029438],[-122.0974508,37.4029809],[-122.0975681,37.4030273],[-122.0976729,37.4030688],[-122.1009762,37.4043751],[-122.1020022,37.404786],[-122.1029206,37.405147],[-122.1035298,37.4054022],[-122.1040403,37.4056284],[-122.1046069,37.4059026],[-122.1050764,37.4061418],[-122.1054915,37.4063656],[-122.1059873,37.4066543],[-122.1076411,37.4076913],[-122.1080651,37.4079602],[-122.1084156,37.4081825],[-122.1091652,37.4086568],[-122.1108377,37.409715],[-122.1110037,37.4098192],[-122.1123973,37.4106939],[-122.1123973,37.4106939],[-122.1127613,37.4109299],[-122.1129367,37.4110426],[-122.1129367,37.4110426],[-122.1143222,37.4119164],[-122.1155075,37.4126639],[-122.1185159,37.4145617],[-122.118624,37.4146299],[-122.1187332,37.4146988],[-122.1232192,37.4175312],[-122.1232634,37.4175588],[-122.1233172,37.4175966],[-122.1234302,37.417665],[-122.1237453,37.4178651],[-122.126676,37.4197148],[-122.1278237,37.4204417],[-122.1292438,37.4213352],[-122.129496,37.4214939],[-122.1315019,37.4227611],[-122.1335242,37.4240331],[-122.1336187,37.4240929],[-122.1336187,37.4240929],[-122.1336748,37.4241285],[-122.1336748,37.4241285],[-122.134572,37.4246968],[-122.1351223,37.4250483],[-122.1352842,37.4251416],[-122.1354437,37.4252486],[-122.1361824,37.4257124],[-122.1366931,37.4260337],[-122.1372351,37.4263775],[-122.1376844,37.4266566],[-122.1377455,37.4266945],[-122.1384177,37.427121],[-122.1397667,37.4279846],[-122.1397667,37.4279846],[-122.1400499,37.4281616],[-122.1401572,37.4282283],[-122.1401572,37.4282283],[-122.1405201,37.428458],[-122.1412063,37.4288916],[-122.1416643,37.4291785],[-122.1421316,37.4294746],[-122.1427324,37.4298525],[-122.1449712,37.4312512],[-122.1468948,37.4324661],[-122.1516162,37.4354409],[-122.1517144,37.4355023],[-122.1518033,37.4355585],[-122.1519634,37.435659],[-122.1560623,37.4382424],[-122.1560623,37.4382424],[-122.1562496,37.4383612],[-122.1562496,37.4383612],[-122.1564273,37.4384668],[-122.1569334,37.4387861],[-122.1579113,37.4394071],[-122.1586806,37.4398957],[-122.1592384,37.4402354],[-122.1596614,37.440491],[-122.1601129,37.4407416],[-122.1607402,37.4410897],[-122.1615599,37.4415432],[-122.1621811,37.4418931],[-122.1627633,37.4422477],[-122.1642787,37.4432035],[-122.1650002,37.4436574],[-122.1653956,37.4439063],[-122.1658912,37.4442183],[-122.1663229,37.4444994],[-122.1666792,37.4447313],[-122.1671428,37.4450551],[-122.1675163,37.4453214],[-122.1678795,37.4455857],[-122.1681269,37.4457668],[-122.168779,37.4462318],[-122.1691346,37.4464698],[-122.1694282,37.4466637],[-122.1694942,37.4467011],[-122.1696008,37.4467724],[-122.1702438,37.4471763],[-122.1702438,37.4471763],[-122.1705192,37.447351],[-122.1705192,37.447351],[-122.1710985,37.4477223],[-122.175522,37.4505296],[-122.1758718,37.4507516],[-122.1769315,37.451419],[-122.1769315,37.451419],[-122.1774633,37.4517548],[-122.1774633,37.4517548],[-122.1788038,37.4525978],[-122.1792317,37.4528649],[-122.1800305,37.4533725],[-122.1804837,37.4536671],[-122.1804947,37.4536747],[-122.1805513,37.453711],[-122.1806469,37.4537736],[-122.180728,37.4538258],[-122.1813789,37.4542394],[-122.1827044,37.4550828],[-122.1829827,37.4552573],[-122.1833404,37.4554826],[-122.1834251,37.4555355],[-122.183509,37.4555888],[-122.1842056,37.4560308],[-122.1845912,37.4562667],[-122.1861385,37.4572287],[-122.1862575,37.4573027],[-122.1863291,37.4573472],[-122.1864078,37.4573971],[-122.187574,37.4581362],[-122.1893494,37.4592599],[-122.1904016,37.4599338],[-122.1913599,37.4605626],[-122.1920779,37.4610273],[-122.1938724,37.4621638],[-122.1946778,37.462673],[-122.1964992,37.4638246],[-122.1981524,37.464867],[-122.1981937,37.4648931],[-122.1982643,37.4649369],[-122.1983759,37.4650057],[-122.1995557,37.4657564],[-122.2010545,37.4666725],[-122.2022894,37.4674431],[-122.2031867,37.4680083],[-122.2042613,37.4686868],[-122.2052,37.4692795],[-122.2056006,37.4695307],[-122.2056006,37.4695307],[-122.2058015,37.4696575],[-122.2058015,37.4696575],[-122.2062467,37.4699396],[-122.2062467,37.4699396],[-122.2063332,37.4699932],[-122.2064124,37.4700429],[-122.2064124,37.4700429],[-122.2066972,37.4702213],[-122.2068329,37.4703119],[-122.2071986,37.470536],[-122.2076379,37.4708143],[-122.2093281,37.4718836],[-122.2102822,37.4724872],[-122.2127013,37.4740072],[-122.2146601,37.4752509],[-122.2166653,37.4765117],[-122.218984,37.4779805],[-122.2201904,37.4787333],[-122.2206807,37.4790412],[-122.2210477,37.4792746],[-122.2210477,37.4792746],[-122.2213204,37.4794453],[-122.2213204,37.4794453],[-122.2226939,37.4803176],[-122.2228596,37.4804195],[-122.2229272,37.4804615],[-122.2232954,37.4806962],[-122.223346,37.4807291],[-122.2233628,37.48074],[-122.2233628,37.48074],[-122.2240112,37.4811467],[-122.2246952,37.4815772],[-122.2251181,37.4818426],[-122.2252635,37.4819339],[-122.22545,37.4820511],[-122.2262128,37.4825303],[-122.2262885,37.4825778],[-122.2263819,37.4826391],[-122.2271504,37.4831258],[-122.2280887,37.4837191],[-122.2285617,37.4840137],[-122.2285617,37.4840137],[-122.2289921,37.4842878],[-122.2289921,37.4842878],[-122.229212,37.4844262],[-122.2297157,37.4847455],[-122.230513,37.4852509],[-122.2315866,37.4859284],[-122.2319881,37.4861814],[-122.2324347,37.4864627],[-122.2324645,37.4864822],[-122.2325399,37.4865304],[-122.2326297,37.4865852],[-122.2347906,37.4879397],[-122.2348261,37.4879626],[-122.2349186,37.488021],[-122.2350319,37.4880922],[-122.2350817,37.4881229],[-122.2350817,37.4881229],[-122.237205,37.4894692],[-122.2374726,37.4896377],[-122.238468,37.4902645],[-122.2392569,37.4907561],[-122.2393287,37.4908004],[-122.2394547,37.4908828],[-122.2395826,37.490962],[-122.2396175,37.4909837],[-122.2396175,37.4909837],[-122.2397512,37.4910685],[-122.2417839,37.492358],[-122.2423159,37.492708],[-122.2428784,37.4930946],[-122.2436126,37.4936318],[-122.2441289,37.4940299],[-122.2441567,37.4940528],[-122.2441567,37.4940528],[-122.2442556,37.494134],[-122.2442556,37.494134],[-122.2447198,37.4945179],[-122.2459206,37.4955578],[-122.2471129,37.4966067],[-122.2471129,37.4966067],[-122.2497443,37.4988847],[-122.2497443,37.4988847],[-122.250006,37.4991117],[-122.250006,37.4991117],[-122.2506657,37.4996885],[-122.2520283,37.5008771],[-122.2520283,37.5008771],[-122.2522881,37.5011049],[-122.2522881,37.5011049],[-122.2548052,37.5033059],[-122.255456,37.503875],[-122.2567802,37.5050472],[-122.2576524,37.505827],[-122.2581175,37.506219],[-122.258652,37.5066816],[-122.2595068,37.5074264],[-122.2597983,37.5076823],[-122.2608252,37.5085764],[-122.261162,37.5088731],[-122.261162,37.5088731],[-122.261441,37.5091155],[-122.261441,37.5091155],[-122.2621522,37.5097439],[-122.2628114,37.5103031],[-122.2632122,37.5106431],[-122.2634799,37.5108794],[-122.2642572,37.5115657],[-122.2646448,37.5119094],[-122.2666365,37.5136431],[-122.2671653,37.5140917],[-122.2678505,37.5146653],[-122.268415,37.5151065],[-122.2687975,37.5153925],[-122.2702304,37.5164243],[-122.2708243,37.5168537],[-122.2712256,37.5171452],[-122.2712256,37.5171452],[-122.2717658,37.5175653],[-122.2717658,37.5175653],[-122.2733121,37.5188404],[-122.2740461,37.5194472],[-122.2746993,37.5199894],[-122.2749841,37.5202265],[-122.275252,37.5204488],[-122.275252,37.5204488],[-122.2754153,37.5205866],[-122.275545,37.520696],[-122.27583,37.5209366],[-122.27583,37.5209366],[-122.2761212,37.5211805],[-122.2761212,37.5211805],[-122.2762731,37.5213],[-122.2764828,37.5214779],[-122.2764828,37.5214779],[-122.276793,37.5217323],[-122.276928,37.5218476],[-122.2772488,37.5221139],[-122.2777432,37.5225249],[-122.2788295,37.5234191],[-122.2788295,37.5234191],[-122.2789834,37.5235499],[-122.2789834,37.5235499],[-122.2800411,37.5244327],[-122.2807546,37.5250238],[-122.2811414,37.5253407],[-122.2811414,37.5253407],[-122.2812714,37.5254501],[-122.2814894,37.5256337],[-122.2820435,37.5260808],[-122.2826174,37.5265144],[-122.2831847,37.5269014],[-122.2874536,37.5297804],[-122.2884179,37.530428],[-122.2884179,37.530428],[-122.2887463,37.5306488],[-122.2890872,37.5308779],[-122.2890872,37.5308779],[-122.2902826,37.5316805],[-122.2910284,37.5322071],[-122.2913924,37.532471],[-122.2917459,37.5327371],[-122.2934268,37.5340186],[-122.2939858,37.5344591],[-122.2944656,37.5348757],[-122.2949219,37.5352925],[-122.2953581,37.5357301],[-122.2955977,37.5359712],[-122.2957777,37.5361758],[-122.296864,37.5373325],[-122.296864,37.5373325],[-122.29711,37.5375891],[-122.29711,37.5375891],[-122.2975228,37.5380078],[-122.2975228,37.5380078],[-122.2980157,37.5385292],[-122.2984283,37.5389141],[-122.2988302,37.5393235],[-122.2990508,37.5395346],[-122.2990508,37.5395346],[-122.2992768,37.5397757],[-122.2992768,37.5397757],[-122.2995897,37.5401402],[-122.3002603,37.5409115],[-122.3003724,37.5410441],[-122.3003724,37.5410441],[-122.3005363,37.5412365],[-122.3005363,37.5412365],[-122.3008063,37.5415574],[-122.3013047,37.542144],[-122.3014508,37.5423174],[-122.3014508,37.5423174],[-122.3016273,37.5425262],[-122.3016273,37.5425262],[-122.302097,37.5430834],[-122.3026907,37.5437826],[-122.3032238,37.5444201],[-122.3035581,37.5448154],[-122.3041174,37.5454725],[-122.3041174,37.5454725],[-122.304302,37.5457001],[-122.304302,37.5457001],[-122.3043288,37.5457312],[-122.3046936,37.5461544],[-122.3051806,37.5467165],[-122.3057945,37.54745],[-122.3062066,37.5479458],[-122.3068032,37.5486427],[-122.3070881,37.5490005],[-122.3072898,37.5492724],[-122.3075377,37.5496174],[-122.3077684,37.5499663],[-122.3077684,37.5499663],[-122.3081688,37.550561],[-122.3084715,37.5511015],[-122.3086943,37.5514976],[-122.3088874,37.551869],[-122.3091301,37.5523395],[-122.3095103,37.5531517],[-122.3097748,37.5537316],[-122.309912,37.5540185],[-122.3099714,37.5541597],[-122.3101829,37.554639],[-122.3103615,37.5550024],[-122.3105422,37.5553334],[-122.3107462,37.5556802],[-122.3109918,37.5560643],[-122.3112342,37.5564065],[-122.3115066,37.5567515],[-122.3116836,37.5569595],[-122.3117591,37.5570481],[-122.3120592,37.5573718],[-122.3123921,37.5577064],[-122.3127228,37.5580209],[-122.3127228,37.5580209],[-122.3152291,37.5603174],[-122.3157612,37.5607852],[-122.3163149,37.5612574],[-122.3171503,37.5620055],[-122.3173741,37.562206],[-122.3187094,37.5634379],[-122.3187094,37.5634379],[-122.3187491,37.5634738],[-122.3187491,37.5634738],[-122.319263,37.5639459],[-122.3200874,37.5646959],[-122.3201685,37.5647701],[-122.3203466,37.5649325],[-122.3207602,37.565302],[-122.3210326,37.5655513],[-122.321532,37.5660108],[-122.3215913,37.5660738],[-122.3216791,37.566154],[-122.3223717,37.5667866],[-122.3224389,37.5668481],[-122.3225199,37.5669216],[-122.3232211,37.567559],[-122.3232852,37.5676177],[-122.3233562,37.5676828],[-122.3246609,37.5688845],[-122.3247101,37.5689298],[-122.32474,37.5689577],[-122.3248505,37.5690595],[-122.325347,37.5695279],[-122.3255389,37.5697075],[-122.3257358,37.5698852],[-122.3257358,37.5698852],[-122.3258451,37.5699856],[-122.3258451,37.5699856],[-122.3272036,37.571242],[-122.3272036,37.571242],[-122.3273152,37.5713462],[-122.3273152,37.5713462],[-122.3279638,37.5719378],[-122.3282761,37.572204],[-122.3285058,37.5723957],[-122.3286505,37.5725115],[-122.3286505,37.5725115],[-122.3287785,37.572612],[-122.3287785,37.572612],[-122.3291512,37.5728941],[-122.3296383,37.5732398],[-122.3300781,37.5735397],[-122.3305979,37.5738713],[-122.3305979,37.5738713],[-122.330736,37.5739545],[-122.330736,37.5739545],[-122.3312856,37.5742749],[-122.331723,37.5745132],[-122.3322207,37.5747662],[-122.332272,37.5747923],[-122.332322,37.5748163],[-122.3323799,37.5748443],[-122.3326869,37.5749926],[-122.3330648,37.5751615],[-122.3338732,37.5755005],[-122.3345851,37.5758015],[-122.3346371,37.5758236],[-122.3346918,37.5758473],[-122.3347555,37.5758741],[-122.3348858,37.5759288],[-122.338605,37.5774918],[-122.338677,37.5775221],[-122.3387519,37.5775525],[-122.3388311,37.5775861],[-122.3407044,37.5783711],[-122.34076,37.5783944],[-122.3408204,37.578423],[-122.3408761,37.5784467],[-122.3427223,37.579232],[-122.3427779,37.5792553],[-122.3428538,37.5792877],[-122.3429154,37.5793142],[-122.3443887,37.5799393],[-122.3449707,37.5801851],[-122.3452805,37.5803111],[-122.3453642,37.5803487],[-122.3454225,37.5803746],[-122.3454753,37.5804009],[-122.348136,37.5815132],[-122.3504622,37.5824733],[-122.3504932,37.5824861],[-122.3506253,37.5825409],[-122.3507028,37.5825727],[-122.3508143,37.5826208],[-122.3509578,37.582682],[-122.3554355,37.5845681],[-122.3577284,37.5855269],[-122.3577284,37.5855269],[-122.3578714,37.5855871],[-122.3578714,37.5855871],[-122.3599463,37.5864599],[-122.3611334,37.5869677],[-122.3618413,37.5872705],[-122.3624831,37.5875386],[-122.3631195,37.5878055],[-122.3631893,37.5878347],[-122.3632888,37.5878779],[-122.3634097,37.5879285],[-122.3635348,37.5879805],[-122.3660543,37.5890277],[-122.3670009,37.5894213],[-122.3725489,37.5917493],[-122.374682,37.5926496],[-122.3752256,37.592879],[-122.3762078,37.5932957],[-122.3762078,37.5932957],[-122.3765163,37.5934259],[-122.3765163,37.5934259],[-122.3779493,37.5940245],[-122.3779493,37.5940245],[-122.3791622,37.5945279],[-122.3799009,37.5948394],[-122.3807997,37.5952184],[-122.38138,37.5954774],[-122.3818872,37.5957297],[-122.3823047,37.5959634],[-122.3823625,37.5959957],[-122.3828434,37.596297],[-122.3832837,37.5966006],[-122.3837316,37.5969471],[-122.3840983,37.5972652],[-122.3844749,37.5976218],[-122.3856698,37.5988246],[-122.386102,37.5992507],[-122.386102,37.5992507],[-122.3875878,37.6007142],[-122.3877285,37.6008501],[-122.3877285,37.6008501],[-122.3902738,37.6033552],[-122.3916991,37.6047558],[-122.3933597,37.6063876],[-122.3937716,37.6067927],[-122.3948351,37.6078384],[-122.3948351,37.6078384],[-122.3948879,37.6078919],[-122.3948879,37.6078919],[-122.3963698,37.6093488],[-122.396448,37.6094257],[-122.3965127,37.6094887],[-122.3965764,37.6095522],[-122.398256,37.6112077],[-122.3985948,37.6115525],[-122.3988925,37.6118712],[-122.3991945,37.6122194],[-122.3994882,37.6125747],[-122.3997805,37.6129513],[-122.4018645,37.6157086],[-122.4040331,37.6185801],[-122.4041126,37.6186855],[-122.4047654,37.619551],[-122.4054629,37.620443],[-122.4061051,37.621301],[-122.4064282,37.6217264],[-122.4065785,37.6219346],[-122.406783,37.622222],[-122.406989,37.6225221],[-122.4073187,37.6230348],[-122.4076381,37.6235619],[-122.4077233,37.6237099],[-122.4077233,37.6237099],[-122.407918,37.6240482],[-122.4091398,37.6261648],[-122.4092532,37.6263612],[-122.4092532,37.6263612],[-122.4093809,37.6265834],[-122.4093809,37.6265834],[-122.410091,37.6278382],[-122.4110343,37.6294802],[-122.4110343,37.6294802],[-122.4110633,37.6295301],[-122.4112116,37.6297831],[-122.4112238,37.6298052],[-122.4112238,37.6298052],[-122.4116513,37.6305431],[-122.4116652,37.6305678],[-122.4116652,37.6305678],[-122.4118362,37.6308655],[-122.4118362,37.6308655],[-122.4118436,37.6308772],[-122.4118786,37.6309389],[-122.4120808,37.6312897],[-122.4121383,37.6313894],[-122.4121383,37.6313894],[-122.4122845,37.6316581],[-122.4124293,37.6319375],[-122.4125808,37.6322529],[-122.4126988,37.6325609],[-122.4127981,37.632871],[-122.412884,37.6332024],[-122.412884,37.6332024],[-122.4129456,37.6335019],[-122.4129978,37.6338513],[-122.4130355,37.6345692],[-122.4130355,37.6345692],[-122.4130671,37.6371172],[-122.4130686,37.6371932],[-122.4130725,37.6378456],[-122.4130736,37.6380224],[-122.4130736,37.6380224],[-122.4131085,37.6406056],[-122.4131085,37.6406056],[-122.41311,37.640783],[-122.4131194,37.6418474],[-122.4131169,37.6421293],[-122.4131162,37.6422422],[-122.4131105,37.6423455],[-122.4130965,37.642615],[-122.413068,37.6428712],[-122.4130316,37.6432043],[-122.4129918,37.643532],[-122.4129458,37.6438499],[-122.4128862,37.6441787],[-122.4128205,37.6445079],[-122.4127485,37.6448269],[-122.412653,37.6452007],[-122.4125518,37.6455439],[-122.4124371,37.6458923],[-122.4123,37.6462813],[-122.4121997,37.6465244],[-122.4121583,37.6466246],[-122.4119988,37.6469952],[-122.4118513,37.6473138],[-122.4116541,37.6477067],[-122.4114583,37.6480571],[-122.4112773,37.6483693],[-122.4110788,37.6486921],[-122.4108817,37.6489926],[-122.4106778,37.6492899],[-122.4104874,37.6495437],[-122.4103884,37.6496866],[-122.4100341,37.6501149],[-122.4096575,37.6505815],[-122.4096575,37.6505815],[-122.4087316,37.6517213],[-122.4082529,37.6523099],[-122.4077979,37.6528631],[-122.4073003,37.6534451],[-122.4068023,37.6539919],[-122.4063507,37.6544836],[-122.4058004,37.655053],[-122.4052069,37.6556647],[-122.4044631,37.6564343],[-122.4042181,37.6566878],[-122.4038347,37.6570845],[-122.403744,37.6571801],[-122.403744,37.6571801],[-122.4031759,37.6577638],[-122.4031093,37.6578322],[-122.4029279,37.6580215],[-122.4007616,37.6602478],[-122.3987531,37.6623373],[-122.397785,37.6633424],[-122.3967573,37.6644024],[-122.3958139,37.6653829],[-122.3942087,37.667035],[-122.3937819,37.6674743],[-122.3935439,37.6677227],[-122.3935288,37.6677383],[-122.3935288,37.6677383],[-122.3923267,37.668982],[-122.3920663,37.6692434],[-122.3920663,37.6692434],[-122.3919577,37.6693583],[-122.3913474,37.6700038],[-122.3912057,37.6701632],[-122.3909869,37.6704237],[-122.3909869,37.6704237],[-122.3907487,37.6707339],[-122.3904866,37.6711227],[-122.390262,37.6715116],[-122.3900722,37.6718997],[-122.3899056,37.672295],[-122.389794,37.6726517],[-122.3896897,37.67306],[-122.3896078,37.6734636],[-122.3895764,37.6738236],[-122.3895639,37.6742209],[-122.3895742,37.6746515],[-122.3896087,37.6749496],[-122.389624,37.6750522],[-122.3896391,37.6751462],[-122.3896973,37.6754511],[-122.3897985,37.6758405],[-122.3899402,37.6762649],[-122.3900966,37.6766374],[-122.3902828,37.6770084],[-122.3905056,37.6773852],[-122.3907749,37.6777808],[-122.3910427,37.6781321],[-122.3910427,37.6781321],[-122.3913506,37.6785089],[-122.3928537,37.6802997],[-122.3935154,37.6810796],[-122.3948298,37.6825818],[-122.3948298,37.6825818],[-122.3949708,37.6827483],[-122.3951233,37.6829284],[-122.3951233,37.6829284],[-122.3955643,37.6834524],[-122.3959414,37.6839005],[-122.3985137,37.6869754],[-122.3986836,37.6871853],[-122.3990041,37.6875979],[-122.3992742,37.6879819],[-122.3995231,37.6883375],[-122.3997241,37.6886696],[-122.3999219,37.6889926],[-122.4001546,37.6893961],[-122.4003546,37.6897915],[-122.4005359,37.690168],[-122.4007283,37.6905863],[-122.4009025,37.6910233],[-122.4011044,37.6915685],[-122.4012286,37.6919606],[-122.4013334,37.6923248],[-122.4014577,37.6928021],[-122.4015612,37.6932871],[-122.4016341,37.6936818],[-122.4016978,37.6940968],[-122.4017437,37.6945268],[-122.401776,37.6949268],[-122.4017972,37.6952928],[-122.4018081,37.6956537],[-122.40182,37.6966832],[-122.4018137,37.6988933],[-122.4018136,37.7003929],[-122.4018136,37.7003929],[-122.4018117,37.7025325],[-122.4018117,37.7025325],[-122.4018103,37.7039943],[-122.4018071,37.7066412],[-122.401804,37.7076367],[-122.4018031,37.7087009],[-122.4018031,37.7087009],[-122.4018019,37.7089137],[-122.4017954,37.7091307],[-122.4017818,37.7093829],[-122.4017746,37.7094504],[-122.4017534,37.7096494],[-122.401722,37.7098751],[-122.4016611,37.71014],[-122.4016082,37.7103486],[-122.4015606,37.7105594],[-122.4014017,37.7110981],[-122.4012443,37.7116317],[-122.4012443,37.7116317],[-122.401207,37.7117708],[-122.401207,37.7117708],[-122.4010323,37.7123309],[-122.3978462,37.721167],[-122.3978462,37.721167],[-122.3972925,37.7226781],[-122.3972925,37.7226781],[-122.397034,37.7233985],[-122.3969189,37.7237574],[-122.3969189,37.7237574],[-122.3968987,37.7238204],[-122.3967752,37.7242575],[-122.396685,37.7246228],[-122.3966046,37.7250064],[-122.3965929,37.7250701],[-122.3965389,37.7253625],[-122.3964775,37.7257773],[-122.396435,37.7260669],[-122.396414,37.7262026],[-122.3961312,37.7282816],[-122.3961029,37.728517],[-122.3961029,37.728517],[-122.3959519,37.7295847],[-122.395866,37.7302254],[-122.395866,37.7302254],[-122.3949673,37.7367021],[-122.3949673,37.7367021],[-122.3948355,37.7375955],[-122.3947506,37.7382536],[-122.3947506,37.7382536],[-122.3947269,37.7384199],[-122.3945451,37.7396965],[-122.394541,37.7397268],[-122.3943263,37.741343],[-122.3943263,37.741343],[-122.3942629,37.7417887],[-122.3942629,37.7417887],[-122.3939137,37.7443038],[-122.3936821,37.7458099],[-122.3936821,37.7458099],[-122.3936516,37.746094],[-122.3936516,37.746094],[-122.3934566,37.7474811],[-122.3933877,37.7479487],[-122.393323,37.7484561],[-122.393323,37.7484561],[-122.3932933,37.7486743],[-122.3932933,37.7486743],[-122.3931562,37.74965],[-122.3931562,37.74965],[-122.3930934,37.7500976],[-122.3930934,37.7500976],[-122.3930871,37.750144],[-122.3929822,37.7509157],[-122.3929822,37.7509157],[-122.3929756,37.7509643],[-122.3929756,37.7509643],[-122.3928728,37.7517207],[-122.3928627,37.7517953],[-122.3928627,37.7517953],[-122.3925895,37.7537409],[-122.3924665,37.7547435],[-122.3924665,37.7547435],[-122.3924198,37.7552037],[-122.3924184,37.7552178],[-122.3923911,37.7556004],[-122.3923845,37.7556928],[-122.3923648,37.7561684],[-122.3923594,37.7566442],[-122.3923683,37.75712],[-122.3923914,37.7575954],[-122.3924288,37.7580703],[-122.3924479,37.7582617],[-122.3924693,37.758453],[-122.3924693,37.758453],[-122.3929533,37.7634228],[-122.3929533,37.7634228],[-122.3929603,37.763491],[-122.3930328,37.7642013],[-122.3930822,37.7645342],[-122.3931819,37.76486],[-122.3933306,37.7651738],[-122.393526,37.7654713],[-122.3937654,37.7657479],[-122.3940451,37.7659998],[-122.3946247,37.7664587],[-122.3946864,37.7665072],[-122.3948219,37.7666156],[-122.3949255,37.7666972],[-122.3949688,37.7667304],[-122.3958052,37.7673844],[-122.3959492,37.767497],[-122.3967438,37.7681201],[-122.399727,37.7704988],[-122.3994673,37.7702973],[-122.3988988,37.769841],[-122.398541,37.7695543],[-122.3984446,37.7694762],[-122.3983878,37.7694312],[-122.397574,37.768786],[-122.3974606,37.7686924],[-122.3967438,37.7681201],[-122.3997929,37.7725605],[-122.3999655,37.7723909],[-122.4000833,37.7722349],[-122.4001743,37.7720735],[-122.4002525,37.7718676],[-122.4002893,37.7716766],[-122.4002893,37.7714721],[-122.4002573,37.7712686],[-122.400185,37.7710631],[-122.4000823,37.7708752],[-122.3999297,37.7706846],[-122.399727,37.7704988],[-122.3991622,37.7730649],[-122.3995825,37.772726],[-122.3997929,37.7725605],[-122.398642,37.7734764],[-122.3991622,37.7730649],[-122.3949244,37.7764016],[-122.3963508,37.7752757],[-122.3968713,37.7748642],[-122.3974359,37.7744189],[-122.3975728,37.774311],[-122.3980713,37.7739211],[-122.3982064,37.7738154],[-122.398642,37.7734764]]}},{"type":"Feature","properties":{"id":"line-Blue & Gold Fleet: San Francisco => Sausalito","name":"Blue & Gold Fleet: San Francisco => Sausalito","ref":"Blue & Gold Fleet: San Francisco => Sausalito","mode":"ferry"},"geometry":{"type":"LineString","coordinates":[[-122.4125845,37.8094231],[-122.4124985,37.8093332],[-122.4124268,37.8092582],[-122.412451,37.8092438],[-122.41248,37.8092266],[-122.4125516,37.8093015],[-122.4126376,37.8093915],[-122.4125845,37.8094231],[-122.47787,37.8561538],[-122.4775786,37.8561139],[-122.4774955,37.8561026],[-122.4774707,37.8562159],[-122.4775537,37.8562272],[-122.477845,37.8562671],[-122.4778574,37.8562111],[-122.47787,37.8561538],[-122.4775786,37.8561139],[-122.4775734,37.8559586],[-122.4774796,37.8557907],[-122.4773074,37.8556414],[-122.4449928,37.8343587],[-122.4360144,37.8276139],[-122.4315252,37.8242413],[-122.4180576,37.8141225],[-122.4151783,37.8119903],[-122.4141578,37.8109857],[-122.4137944,37.810655],[-122.4134679,37.8102895],[-122.4124838,37.809454],[-122.4124669,37.8094094],[-122.4124702,37.8093713],[-122.4124985,37.8093332]]}},{"type":"Feature","properties":{"id":"line-Blue & Gold Fleet: Sausalito => San Francisco","name":"Blue & Gold Fleet: Sausalito => San Francisco","ref":"Blue & Gold Fleet: Sausalito => San Francisco","mode":"ferry"},"geometry":{"type":"LineString","coordinates":[[-122.47787,37.8561538],[-122.4775786,37.8561139],[-122.4774955,37.8561026],[-122.4774707,37.8562159],[-122.4775537,37.8562272],[-122.477845,37.8562671],[-122.4778574,37.8562111],[-122.47787,37.8561538],[-122.4125845,37.8094231],[-122.4124985,37.8093332],[-122.4124268,37.8092582],[-122.412451,37.8092438],[-122.41248,37.8092266],[-122.4125516,37.8093015],[-122.4126376,37.8093915],[-122.4125845,37.8094231],[-122.4775786,37.8561139],[-122.4775734,37.8559586],[-122.4774796,37.8557907],[-122.4773074,37.8556414],[-122.4449928,37.8343587],[-122.4360144,37.8276139],[-122.4315252,37.8242413],[-122.4180576,37.8141225],[-122.4151783,37.8119903],[-122.4141578,37.8109857],[-122.4137944,37.810655],[-122.4134679,37.8102895],[-122.4124838,37.809454],[-122.4124669,37.8094094],[-122.4124702,37.8093713],[-122.4124985,37.8093332]]}},{"type":"Feature","properties":{"id":"line-San Francisco Bay Ferry: San Francisco Pier 41 => San Francisco Ferry Building","name":"San Francisco Bay Ferry: San Francisco Pier 41 => San Francisco Ferry Building","ref":"San Francisco Bay Ferry: San Francisco Pier 41 => San Francisco Ferry Building","mode":"ferry"},"geometry":{"type":"LineString","coordinates":[[-122.4122636,37.8095953],[-122.412185,37.809501],[-122.4121181,37.8094208],[-122.4121464,37.8094063],[-122.4121772,37.8093905],[-122.4122438,37.8094704],[-122.4123224,37.8095646],[-122.4122636,37.8095953],[-122.3914107,37.7945896],[-122.3912313,37.7946938],[-122.3911913,37.794717],[-122.3910922,37.7947746],[-122.3910341,37.7948084],[-122.3911207,37.7949015],[-122.391178,37.7948678],[-122.3912779,37.7948102],[-122.3913179,37.794787],[-122.3914974,37.7946828],[-122.3914533,37.7946354],[-122.3914107,37.7945896],[-122.391178,37.7948678],[-122.3911882,37.7949804],[-122.3911648,37.7950885],[-122.3911205,37.7951881],[-122.3910505,37.7953709],[-122.3894634,37.7999946],[-122.3894116,37.8001683],[-122.3894055,37.8003914],[-122.3895751,37.8008899],[-122.3897958,37.8012885],[-122.3922689,37.8052154],[-122.3942265,37.8068794],[-122.3960719,37.8083713],[-122.3978743,37.8096258],[-122.3994528,37.8106304],[-122.4014309,37.8118332],[-122.4030188,37.8126808],[-122.4054822,37.8135306],[-122.4086397,37.8139287],[-122.4091698,37.8139792],[-122.4097241,37.8139909],[-122.4104633,37.813862],[-122.4111487,37.8136569],[-122.4118487,37.813404],[-122.412508,37.8130807],[-122.4129051,37.812734],[-122.4131799,37.8123739],[-122.4134069,37.8119218],[-122.4134489,37.811652],[-122.4134446,37.811445],[-122.413403,37.8110812],[-122.4132242,37.8105633],[-122.4131006,37.8103865],[-122.4122147,37.8096773],[-122.4121597,37.8096204],[-122.4121402,37.809553],[-122.412185,37.809501]]}},{"type":"Feature","properties":{"id":"line-San Francisco Bay Ferry: San Francisco Ferry Building => San Francisco Pier 41","name":"San Francisco Bay Ferry: San Francisco Ferry Building => San Francisco Pier 41","ref":"San Francisco Bay Ferry: San Francisco Ferry Building => San Francisco Pier 41","mode":"ferry"},"geometry":{"type":"LineString","coordinates":[[-122.3914107,37.7945896],[-122.3912313,37.7946938],[-122.3911913,37.794717],[-122.3910922,37.7947746],[-122.3910341,37.7948084],[-122.3911207,37.7949015],[-122.391178,37.7948678],[-122.3912779,37.7948102],[-122.3913179,37.794787],[-122.3914974,37.7946828],[-122.3914533,37.7946354],[-122.3914107,37.7945896],[-122.4122636,37.8095953],[-122.412185,37.809501],[-122.4121181,37.8094208],[-122.4121464,37.8094063],[-122.4121772,37.8093905],[-122.4122438,37.8094704],[-122.4123224,37.8095646],[-122.4122636,37.8095953],[-122.391178,37.7948678],[-122.3911882,37.7949804],[-122.3911648,37.7950885],[-122.3911205,37.7951881],[-122.3910505,37.7953709],[-122.3894634,37.7999946],[-122.3894116,37.8001683],[-122.3894055,37.8003914],[-122.3895751,37.8008899],[-122.3897958,37.8012885],[-122.3922689,37.8052154],[-122.3942265,37.8068794],[-122.3960719,37.8083713],[-122.3978743,37.8096258],[-122.3994528,37.8106304],[-122.4014309,37.8118332],[-122.4030188,37.8126808],[-122.4054822,37.8135306],[-122.4086397,37.8139287],[-122.4091698,37.8139792],[-122.4097241,37.8139909],[-122.4104633,37.813862],[-122.4111487,37.8136569],[-122.4118487,37.813404],[-122.412508,37.8130807],[-122.4129051,37.812734],[-122.4131799,37.8123739],[-122.4134069,37.8119218],[-122.4134489,37.811652],[-122.4134446,37.811445],[-122.413403,37.8110812],[-122.4132242,37.8105633],[-122.4131006,37.8103865],[-122.4122147,37.8096773],[-122.4121597,37.8096204],[-122.4121402,37.809553],[-122.412185,37.809501]]}},{"type":"Feature","properties":{"id":"line-1XX","name":"Local","ref":"1XX","mode":"train"},"geometry":{"type":"LineString","coordinates":[[-122.3948913,37.7764459],[-122.3951912,37.7762097],[-122.3963581,37.7752904],[-122.3963753,37.7753041],[-122.3963968,37.7753211],[-122.3952299,37.7762404],[-122.3949302,37.7764766],[-122.3949122,37.7764624],[-122.3948913,37.7764459],[-122.3924271,37.756541],[-122.3924364,37.757098],[-122.3924471,37.7573717],[-122.3924534,37.7575497],[-122.3925071,37.7581243],[-122.4019355,37.7086324],[-122.4019408,37.7067116],[-122.4019696,37.7067119],[-122.4020057,37.7067121],[-122.4020056,37.7076257],[-122.4020051,37.7077361],[-122.4019941,37.7086327],[-122.4019669,37.7086326],[-122.4019355,37.7086324],[-122.4051579,37.6558523],[-122.4067224,37.6542354],[-122.4109517,37.629184],[-122.4110351,37.6293278],[-122.4110583,37.6293677],[-122.4111187,37.6294719],[-122.4112642,37.6297227],[-122.4114235,37.6299973],[-122.411724,37.6305153],[-122.4119187,37.630851],[-122.4120111,37.6310101],[-122.4120209,37.6310271],[-122.34512,37.5801675],[-122.3432159,37.5793661],[-122.3432175,37.5793596],[-122.34323,37.5793391],[-122.3432358,37.5793296],[-122.344514,37.5798661],[-122.3445276,37.5798714],[-122.3445631,37.5798477],[-122.3445722,37.5798549],[-122.3446619,37.579893],[-122.344679,37.5798995],[-122.3448579,37.579973],[-122.3448696,37.5799712],[-122.3448909,37.5799765],[-122.3449332,37.5799866],[-122.3450267,37.5800259],[-122.3451708,37.5800865],[-122.3451469,37.5801246],[-122.3451249,37.5801598],[-122.34512,37.5801675],[-122.3249388,37.569002],[-122.3247081,37.5687894],[-122.3247224,37.5687754],[-122.3247359,37.5687624],[-122.32459,37.5686595],[-122.3243169,37.5684048],[-122.3242664,37.5683577],[-122.3242107,37.5683057],[-122.3241519,37.5682508],[-122.3241139,37.5682154],[-122.3241102,37.5682112],[-122.324044,37.5681514],[-122.3236749,37.567814],[-122.3236358,37.5677784],[-122.3235307,37.5676824],[-122.3235158,37.5676926],[-122.3234911,37.5677094],[-122.3249126,37.5690199],[-122.3249388,37.569002],[-122.3093196,37.5523395],[-122.3093339,37.5523353],[-122.30943,37.5525418],[-122.3094532,37.552535],[-122.3094758,37.5525837],[-122.3094552,37.5525897],[-122.3095962,37.5528929],[-122.3096047,37.5529113],[-122.3096097,37.5529219],[-122.3100634,37.5538975],[-122.3100436,37.5539033],[-122.3100292,37.5539078],[-122.3099929,37.5539181],[-122.3092656,37.5523553],[-122.3093196,37.5523395],[-122.3018606,37.5426229],[-122.3004761,37.5409889],[-122.2769096,37.5218008],[-122.2769678,37.5217566],[-122.2755181,37.5205571],[-122.2754906,37.520578],[-122.2754599,37.5206014],[-122.2769096,37.5218008],[-122.2609907,37.5086235],[-122.2595651,37.5073835],[-122.2595817,37.5073715],[-122.2596228,37.5073418],[-122.2596569,37.5073714],[-122.2596471,37.5073785],[-122.2596372,37.5073857],[-122.2597392,37.5074744],[-122.2598534,37.5075738],[-122.2604964,37.5081333],[-122.2605228,37.5081563],[-122.2610284,37.5085962],[-122.2610118,37.5086082],[-122.2609907,37.5086235],[-122.2306404,37.4852481],[-122.232286,37.4862836],[-122.2322903,37.4862793],[-122.2322953,37.4862742],[-122.2323149,37.4862547],[-122.2323183,37.4862513],[-122.2322854,37.4862313],[-122.2322515,37.48621],[-122.2321885,37.4861695],[-122.2318152,37.4859346],[-122.2314588,37.4857102],[-122.231098,37.4854831],[-122.2310668,37.4854634],[-122.2307251,37.4852483],[-122.2307082,37.4852377],[-122.230673,37.4852155],[-122.2306588,37.4852297],[-122.2306517,37.4852368],[-122.230646,37.4852425],[-122.2306404,37.4852481],[-122.1815092,37.4542025],[-122.1815224,37.4541893],[-122.1818545,37.454399],[-122.182011,37.4544989],[-122.1822822,37.4546691],[-122.182326,37.4546968],[-122.1823416,37.4547066],[-122.1823459,37.4547023],[-122.1823553,37.4547083],[-122.1824219,37.454751],[-122.1826993,37.4549288],[-122.1827053,37.4549329],[-122.1827733,37.454975],[-122.1828582,37.4550267],[-122.182878,37.4550387],[-122.1828894,37.4550456],[-122.1832063,37.4552508],[-122.1831899,37.4552668],[-122.1831693,37.4552857],[-122.1814897,37.454222],[-122.1815092,37.4542025],[-122.1656672,37.44393],[-122.1636403,37.4426521],[-122.1636479,37.4426445],[-122.1636725,37.4426199],[-122.1639504,37.4427951],[-122.1641539,37.442924],[-122.1641971,37.4429509],[-122.164262,37.442992],[-122.1643634,37.4430558],[-122.16443,37.4431038],[-122.1645249,37.4431575],[-122.1647241,37.4432829],[-122.1647513,37.443256],[-122.1648798,37.4433375],[-122.1648912,37.4433449],[-122.1649281,37.443369],[-122.1649244,37.4433726],[-122.1653125,37.4436184],[-122.1653944,37.4436702],[-122.1654314,37.4436333],[-122.165518,37.4436881],[-122.1654805,37.4437254],[-122.1654432,37.4437018],[-122.1654366,37.4437085],[-122.1654293,37.4437153],[-122.1654469,37.4437264],[-122.1654404,37.4437328],[-122.1654331,37.4437401],[-122.1656439,37.4438733],[-122.1656714,37.443846],[-122.1657208,37.4438764],[-122.1656756,37.4439216],[-122.1656672,37.44393],[-122.1420184,37.4293222],[-122.1420283,37.4293116],[-122.1420427,37.429296],[-122.1420338,37.4292786],[-122.141984,37.4292475],[-122.1419497,37.4292267],[-122.1418863,37.4291871],[-122.1418227,37.4291473],[-122.14183,37.42914],[-122.1418236,37.4291359],[-122.1415745,37.4289788],[-122.1415669,37.4289749],[-122.1414931,37.4289369],[-122.1414838,37.4289322],[-122.1411176,37.428703],[-122.1409509,37.4285969],[-122.1409381,37.4285889],[-122.1409204,37.4285908],[-122.1408883,37.4285716],[-122.1408597,37.4285547],[-122.1408578,37.4285443],[-122.1408501,37.428539],[-122.1408258,37.4285224],[-122.1408383,37.4285089],[-122.1408202,37.4284972],[-122.1407857,37.428475],[-122.1407519,37.4284533],[-122.1407232,37.4284565],[-122.1406581,37.4284161],[-122.1406544,37.4284199],[-122.1406214,37.4284],[-122.1406256,37.4283964],[-122.1406564,37.4283935],[-122.1405559,37.4283287],[-122.1405593,37.4283541],[-122.1405562,37.4283574],[-122.1405286,37.4283397],[-122.140528,37.4283323],[-122.1403037,37.428193],[-122.1402734,37.4282244],[-122.1420184,37.4293222],[-122.1083127,37.408032],[-122.1066646,37.4069934],[-122.1066805,37.4069775],[-122.1066963,37.4069617],[-122.1070896,37.4072095],[-122.1071036,37.4071954],[-122.1071654,37.4072343],[-122.1071504,37.4072493],[-122.1071599,37.4072553],[-122.1073259,37.4073599],[-122.1074515,37.4074389],[-122.1074687,37.4074216],[-122.1075323,37.4074616],[-122.107515,37.4074789],[-122.1076665,37.4075743],[-122.1076846,37.4075561],[-122.1077283,37.4075837],[-122.1077094,37.4076026],[-122.1077378,37.4076205],[-122.1079171,37.4077334],[-122.1079336,37.4077169],[-122.1079993,37.4077582],[-122.1079849,37.4077727],[-122.1080896,37.4078387],[-122.108345,37.4079996],[-122.1083285,37.4080162],[-122.1083127,37.408032],[-122.0766039,37.3946513],[-122.0747351,37.3939063],[-122.0747499,37.3938827],[-122.0747567,37.393872],[-122.0747757,37.3938796],[-122.0758247,37.394296],[-122.0759637,37.3943513],[-122.0765498,37.394584],[-122.0766087,37.3946092],[-122.0766152,37.3946205],[-122.0766139,37.3946375],[-122.0766039,37.3946513],[-122.0324628,37.3791589],[-122.0324779,37.3791301],[-122.0324842,37.3791181],[-122.0305561,37.3784802],[-122.0305518,37.3784884],[-122.0305346,37.3785212],[-122.0324628,37.3791589],[-121.9957375,37.3703795],[-121.9957338,37.3704342],[-121.998137,37.3705352],[-121.9981406,37.3704805],[-121.9975065,37.3704538],[-121.9975047,37.3704812],[-121.996759,37.3704498],[-121.9967599,37.370436],[-121.9967608,37.3704225],[-121.9967448,37.3704218],[-121.9961907,37.3703985],[-121.9957375,37.3703795],[-121.9377784,37.3539972],[-121.9376044,37.3539168],[-121.9374105,37.3538267],[-121.9371044,37.3536778],[-121.9370755,37.3536639],[-121.9368776,37.3535674],[-121.9365693,37.3534123],[-121.935681,37.3529644],[-121.9356957,37.3529459],[-121.9363397,37.3532704],[-121.9363527,37.3532542],[-121.9365972,37.3533775],[-121.936905,37.3535326],[-121.9371022,37.3536286],[-121.9371314,37.3536428],[-121.937437,37.3537914],[-121.9376357,37.3538836],[-121.9378044,37.3539617],[-121.9377784,37.3539972],[-121.9035295,37.3306126],[-121.9034751,37.3306153],[-121.9034688,37.3305401],[-121.9034614,37.3304362],[-121.9032108,37.3271752],[-121.9032638,37.3271714],[-121.9032877,37.3272636],[-121.903306,37.3273762],[-121.9033218,37.3275045],[-121.9034835,37.329602],[-121.903502,37.3298373],[-121.9035358,37.3303182],[-121.9035411,37.3304449],[-121.903538,37.3305226],[-121.9035295,37.3306126],[-121.8857174,37.3137942],[-121.8838774,37.3115137],[-121.883797,37.3115521],[-121.885637,37.3138326],[-121.8857174,37.3137942],[-122.3949849,37.7764495],[-122.3964103,37.7753252],[-122.3969319,37.7749153],[-122.397568,37.7744135],[-122.3979028,37.7741495],[-122.3981407,37.773963],[-122.3987002,37.7735243],[-122.3987002,37.7735243],[-122.3992256,37.7731035],[-122.3992256,37.7731035],[-122.3996443,37.7727719],[-122.3997229,37.772712],[-122.3998323,37.7726232],[-122.3999151,37.7725542],[-122.3999151,37.7725542],[-122.3999905,37.7724865],[-122.4000599,37.7724117],[-122.4001309,37.7723229],[-122.40019,37.7722341],[-122.4002477,37.7721371],[-122.4002891,37.7720483],[-122.400326,37.7719478],[-122.4003511,37.7718648],[-122.400377,37.7717443],[-122.4003852,37.7716362],[-122.4003861,37.771531],[-122.4003779,37.7714345],[-122.4003641,37.7713431],[-122.3997657,37.7704732],[-122.3998776,37.7705653],[-122.3999887,37.7706647],[-122.4000768,37.7707627],[-122.4001567,37.7708679],[-122.4002347,37.7709919],[-122.4002879,37.7711037],[-122.4003283,37.7712096],[-122.4003641,37.7713431],[-122.3997657,37.7704732],[-122.3992489,37.7700669],[-122.3989307,37.7698137],[-122.3985735,37.7695295],[-122.3984773,37.7694516],[-122.3984098,37.7693978],[-122.3983383,37.769339],[-122.3977008,37.7688321],[-122.3967813,37.7680986],[-122.3967813,37.7680986],[-122.3958338,37.7673602],[-122.395151,37.7668281],[-122.3950004,37.7667081],[-122.3949719,37.7666857],[-122.3948815,37.7666133],[-122.3947384,37.7665023],[-122.3946602,37.7664403],[-122.3940747,37.765973],[-122.3937995,37.7657241],[-122.3935639,37.7654511],[-122.3933711,37.7651577],[-122.3932241,37.7648483],[-122.3931248,37.7645272],[-122.3930747,37.764199],[-122.3930034,37.7634887],[-122.3929965,37.7634195],[-122.3929965,37.7634195],[-122.3925175,37.7584504],[-122.3925175,37.7584504],[-122.3924684,37.758],[-122.3924326,37.7575487],[-122.3924101,37.7570969],[-122.392401,37.7566448],[-122.3924036,37.7562645],[-122.3924156,37.7558842],[-122.3924315,37.7556025],[-122.3924371,37.7555043],[-122.3924617,37.7552018],[-122.392468,37.7551247],[-122.3925083,37.7547457],[-122.3925083,37.7547457],[-122.3926313,37.7537259],[-122.3929137,37.751799],[-122.3929137,37.751799],[-122.3929245,37.7517257],[-122.3929321,37.7516782],[-122.3929321,37.7516782],[-122.3931314,37.7501776],[-122.3931314,37.7501776],[-122.3931354,37.7501488],[-122.3931431,37.7500935],[-122.3931431,37.7500935],[-122.3932019,37.7496552],[-122.3932019,37.7496552],[-122.393341,37.748678],[-122.393341,37.748678],[-122.393365,37.7484681],[-122.393365,37.7484681],[-122.3934898,37.7474835],[-122.3935363,37.7471841],[-122.393694,37.7461048],[-122.393694,37.7461048],[-122.3937304,37.745816],[-122.3937304,37.745816],[-122.3939597,37.7443163],[-122.3943173,37.7417923],[-122.3943173,37.7417923],[-122.394379,37.7413426],[-122.394379,37.7413426],[-122.3945845,37.7397315],[-122.3945886,37.7397004],[-122.3947731,37.7384243],[-122.3947974,37.738256],[-122.3947974,37.738256],[-122.3948814,37.7375979],[-122.3950097,37.7367115],[-122.3950097,37.7367115],[-122.3959137,37.7302309],[-122.3959137,37.7302309],[-122.3960071,37.7295925],[-122.3961491,37.728527],[-122.3961491,37.728527],[-122.3961756,37.728284],[-122.3964559,37.7262093],[-122.3965193,37.7257828],[-122.3965852,37.7253762],[-122.396637,37.7250772],[-122.3966479,37.7250142],[-122.3967348,37.7246279],[-122.3968214,37.724263],[-122.3969434,37.7238365],[-122.3969657,37.7237644],[-122.3969657,37.7237644],[-122.3970758,37.7234087],[-122.3973432,37.7226883],[-122.3973432,37.7226883],[-122.3978848,37.7211729],[-122.3978848,37.7211729],[-122.4010611,37.7123973],[-122.4012505,37.7117798],[-122.4012505,37.7117798],[-122.4012903,37.7116416],[-122.4012903,37.7116416],[-122.4014393,37.7111918],[-122.4014692,37.7111114],[-122.4015177,37.7109812],[-122.4015887,37.7107746],[-122.4016538,37.7105713],[-122.4017128,37.7103453],[-122.4017611,37.7101353],[-122.4018252,37.7098894],[-122.4018622,37.7096513],[-122.4018869,37.7094621],[-122.4018928,37.7093783],[-122.4019098,37.7091373],[-122.4019176,37.7089131],[-122.4019162,37.7087013],[-122.4019162,37.7087013],[-122.4019198,37.7076354],[-122.4019193,37.7068549],[-122.4019206,37.7066413],[-122.4019117,37.7039937],[-122.4019148,37.7037541],[-122.4019202,37.6991801],[-122.4019163,37.6988949],[-122.4019224,37.6966847],[-122.4019094,37.6956538],[-122.4019011,37.6952834],[-122.4018809,37.6949235],[-122.4018496,37.6945126],[-122.4018006,37.6940833],[-122.4017393,37.6936722],[-122.4016629,37.6932666],[-122.4015581,37.6927921],[-122.4014349,37.6923044],[-122.4013285,37.6919392],[-122.4012036,37.6915558],[-122.4011485,37.6913981],[-122.4010051,37.6910055],[-122.4008253,37.6905683],[-122.4006378,37.6901427],[-122.40045,37.6897613],[-122.4002482,37.6893707],[-122.4000174,37.6889524],[-122.3998168,37.6886282],[-122.3996124,37.6883035],[-122.3993664,37.6879418],[-122.399091,37.6875615],[-122.3987766,37.6871519],[-122.398598,37.6869294],[-122.3960251,37.6838532],[-122.3957971,37.6835966],[-122.3956334,37.6834163],[-122.3951707,37.6829063],[-122.3951707,37.6829063],[-122.3950145,37.6827235],[-122.394874,37.6825591],[-122.394874,37.6825591],[-122.3935542,37.6810569],[-122.3928901,37.6802767],[-122.3913899,37.6784906],[-122.3910845,37.6781125],[-122.3910845,37.6781125],[-122.390818,37.6777591],[-122.390556,37.6773665],[-122.3903397,37.67699],[-122.3901585,37.6766194],[-122.3900073,37.6762469],[-122.3898684,37.6758275],[-122.3897724,37.6754418],[-122.3897164,37.6751396],[-122.389701,37.6750458],[-122.3896876,37.6749444],[-122.3896503,37.674644],[-122.3896424,37.6742313],[-122.3896561,37.6738319],[-122.3896863,37.6734619],[-122.3897672,37.6730751],[-122.3898677,37.6726703],[-122.3899805,37.6722904],[-122.3901395,37.671921],[-122.3903259,37.6715317],[-122.390547,37.6711425],[-122.3908,37.6707566],[-122.3910339,37.6704491],[-122.3910339,37.6704491],[-122.3912465,37.6701842],[-122.391385,37.6700261],[-122.3920016,37.6693812],[-122.3923697,37.6689962],[-122.3929549,37.668391],[-122.3929549,37.668391],[-122.393157,37.668182],[-122.393157,37.668182],[-122.3936542,37.6676678],[-122.3942443,37.6670569],[-122.3958423,37.6654025],[-122.3967897,37.664428],[-122.3978183,37.663363],[-122.3988072,37.6623424],[-122.4008303,37.660249],[-122.4029891,37.6580202],[-122.4031534,37.6578586],[-122.4032195,37.6577922],[-122.4033477,37.6576633],[-122.4033477,37.6576633],[-122.4039004,37.65713],[-122.4042611,37.6567793],[-122.4051085,37.655933],[-122.4051666,37.6558745],[-122.4065013,37.6544886],[-122.4067989,37.6541789],[-122.4074162,37.6535089],[-122.4076697,37.6532045],[-122.4079164,37.6528966],[-122.4084095,37.6522497],[-122.408804,37.6517205],[-122.4097172,37.6505764],[-122.4097172,37.6505764],[-122.4101047,37.6501017],[-122.4103192,37.6498352],[-122.4105526,37.6495316],[-122.4107377,37.6492746],[-122.4109456,37.6489783],[-122.4111414,37.6486726],[-122.4113372,37.648355],[-122.4115222,37.6480386],[-122.4117194,37.6476903],[-122.4119085,37.6472932],[-122.41206,37.6469736],[-122.4121995,37.6466358],[-122.4122438,37.6465346],[-122.4123559,37.6462586],[-122.4124902,37.6458696],[-122.4126059,37.6455219],[-122.412708,37.6451758],[-122.4128044,37.6448027],[-122.4128773,37.6444838],[-122.4129439,37.6441553],[-122.4130007,37.643825],[-122.4130468,37.6435093],[-122.4130884,37.6431794],[-122.4131174,37.642847],[-122.4131489,37.6426212],[-122.4131616,37.6423645],[-122.413167,37.6422637],[-122.4131681,37.6421472],[-122.4131719,37.6418493],[-122.413162,37.640783],[-122.413149,37.6393864],[-122.413149,37.6393864],[-122.4131487,37.6392476],[-122.4131487,37.6392476],[-122.413129,37.6378445],[-122.4131198,37.6371933],[-122.4131181,37.6371164],[-122.4130873,37.6345688],[-122.4130873,37.6345688],[-122.413051,37.6338498],[-122.4130041,37.6334961],[-122.4129452,37.6331881],[-122.4129452,37.6331881],[-122.4128593,37.632862],[-122.4127587,37.6325498],[-122.4126353,37.6322386],[-122.4124851,37.6319147],[-122.4123435,37.6316379],[-122.4121919,37.631366],[-122.4121919,37.631366],[-122.4121347,37.63127],[-122.4118914,37.6308615],[-122.411883,37.6308475],[-122.411883,37.6308475],[-122.4117071,37.6305393],[-122.4117071,37.6305393],[-122.4116997,37.6305251],[-122.4112642,37.6297551],[-122.4112642,37.6297551],[-122.4112551,37.6297389],[-122.4111048,37.6294868],[-122.4110939,37.6294691],[-122.4110939,37.6294691],[-122.4110046,37.6293109],[-122.4101409,37.6278019],[-122.4094419,37.6265948],[-122.4094419,37.6265948],[-122.4093163,37.6263747],[-122.4093163,37.6263747],[-122.4091866,37.6261494],[-122.4079607,37.6240188],[-122.4077712,37.6236925],[-122.4077712,37.6236925],[-122.4076828,37.6235402],[-122.4073649,37.6230114],[-122.4070358,37.6224927],[-122.4068352,37.6221997],[-122.4066275,37.6219055],[-122.406482,37.6217037],[-122.4061596,37.6212783],[-122.4055101,37.6204149],[-122.4048115,37.6195193],[-122.4041506,37.6186633],[-122.4040688,37.6185573],[-122.401907,37.6156901],[-122.3998229,37.6129349],[-122.3995246,37.6125546],[-122.3992268,37.6121902],[-122.3989248,37.6118463],[-122.3986291,37.611526],[-122.3982904,37.6111828],[-122.3966236,37.6095175],[-122.39656,37.609454],[-122.3964977,37.6093929],[-122.3964196,37.609316],[-122.3960349,37.608937],[-122.3960349,37.608937],[-122.3938171,37.6067615],[-122.3937901,37.6067349],[-122.3937901,37.6067349],[-122.3934072,37.6063582],[-122.3917504,37.6047269],[-122.3903256,37.603324],[-122.3877719,37.6008184],[-122.3877719,37.6008184],[-122.3863184,37.5993937],[-122.386146,37.599214],[-122.386146,37.599214],[-122.3860743,37.5991429],[-122.3857176,37.5987997],[-122.3845214,37.5975894],[-122.3841482,37.597237],[-122.3837765,37.5969143],[-122.3833219,37.5965671],[-122.3828808,37.5962621],[-122.3823982,37.5959609],[-122.3823379,37.5959272],[-122.3819229,37.5956955],[-122.3814099,37.595438],[-122.3808354,37.5951862],[-122.3799244,37.5948027],[-122.3791937,37.594495],[-122.3781507,37.5940671],[-122.3781507,37.5940671],[-122.3778961,37.5939605],[-122.3778961,37.5939605],[-122.3748873,37.5926954],[-122.3748873,37.5926954],[-122.3747021,37.5926172],[-122.372567,37.5917156],[-122.370301,37.5907639],[-122.3670357,37.5893938],[-122.3660791,37.5889927],[-122.3635633,37.5879381],[-122.3634353,37.5878844],[-122.3633247,37.5878381],[-122.3632257,37.5877958],[-122.3631467,37.5877621],[-122.3627021,37.5875721],[-122.3625133,37.5874931],[-122.3622196,37.5873693],[-122.3618828,37.5872277],[-122.3617822,37.587186],[-122.3613061,37.586987],[-122.359982,37.586435],[-122.3578964,37.5855586],[-122.3578964,37.5855586],[-122.3577494,37.5854952],[-122.3577494,37.5854952],[-122.3554629,37.5845259],[-122.3509893,37.5826578],[-122.3508454,37.5825947],[-122.3507402,37.5825484],[-122.350658,37.582514],[-122.3505148,37.5824537],[-122.3504851,37.5824413],[-122.3455165,37.5803561],[-122.3454651,37.5803341],[-122.3454178,37.5803135],[-122.3453332,37.5802769],[-122.3443473,37.5798515],[-122.3433269,37.5794331],[-122.342963,37.5792808],[-122.3429012,37.5792548],[-122.3428253,37.5792224],[-122.3427706,37.5791996],[-122.340921,37.5784153],[-122.3408639,37.5783911],[-122.3407977,37.5783669],[-122.3407396,37.5783424],[-122.3388685,37.5775529],[-122.3387952,37.5775219],[-122.338717,37.5774924],[-122.3386406,37.5774604],[-122.3348921,37.5758889],[-122.3347825,37.575843],[-122.3347256,37.5758191],[-122.3346735,37.5757958],[-122.3346142,37.5757709],[-122.333894,37.5754683],[-122.333093,37.57513],[-122.3327085,37.5749559],[-122.3324192,37.5748108],[-122.3323665,37.5747843],[-122.3323157,37.5747612],[-122.3322587,37.5747333],[-122.3317701,37.5744945],[-122.3313397,37.5742573],[-122.3307568,37.5739156],[-122.3307568,37.5739156],[-122.3306168,37.5738325],[-122.3306168,37.5738325],[-122.3301057,37.5735073],[-122.3296581,37.573207],[-122.3291835,37.5728648],[-122.3288158,37.5725835],[-122.3288158,37.5725835],[-122.3286898,37.5724852],[-122.3286898,37.5724852],[-122.3283872,37.572241],[-122.3279028,37.5718253],[-122.3273535,37.5713223],[-122.3273535,37.5713223],[-122.3272395,37.5712158],[-122.3272395,37.5712158],[-122.3258836,37.569959],[-122.3258836,37.569959],[-122.3257745,37.5698569],[-122.3257745,37.5698569],[-122.3255793,37.5696797],[-122.3253917,37.5695035],[-122.3248978,37.5690307],[-122.3247851,37.5689269],[-122.3247059,37.568854],[-122.3235777,37.5678148],[-122.3233985,37.56765],[-122.3233299,37.567587],[-122.3232674,37.5675296],[-122.3225613,37.5668858],[-122.3224875,37.5668185],[-122.322413,37.5667501],[-122.3217234,37.5661173],[-122.3216389,37.5660398],[-122.3215749,37.5659746],[-122.3210787,37.5655183],[-122.3208086,37.5652674],[-122.320391,37.5648998],[-122.3202133,37.5647374],[-122.3201331,37.5646641],[-122.3199344,37.5644781],[-122.3199344,37.5644781],[-122.3176174,37.5623541],[-122.3176174,37.5623541],[-122.3174205,37.5621725],[-122.3171988,37.5619705],[-122.3163714,37.561217],[-122.3158455,37.560736],[-122.3153249,37.5602591],[-122.3151056,37.5600584],[-122.3128318,37.5579688],[-122.3128318,37.5579688],[-122.3125044,37.5576614],[-122.3121627,37.5573197],[-122.3118659,37.5569986],[-122.3117863,37.556907],[-122.3116079,37.556702],[-122.3113455,37.5563615],[-122.3111064,37.5560334],[-122.3108586,37.5556581],[-122.3106456,37.5552954],[-122.3104705,37.5549776],[-122.3102831,37.5546019],[-122.3100739,37.5541353],[-122.3100084,37.5539918],[-122.309602,37.5531173],[-122.3093459,37.5525875],[-122.3092181,37.5523138],[-122.3089564,37.5518336],[-122.3087667,37.5514754],[-122.3085487,37.5510783],[-122.3082295,37.5505403],[-122.3078486,37.5499448],[-122.3078486,37.5499448],[-122.3077038,37.5497428],[-122.3074168,37.549343],[-122.3071647,37.5489922],[-122.3068482,37.5486115],[-122.3063359,37.5480139],[-122.30566,37.5472122],[-122.3051262,37.5465849],[-122.3043884,37.545696],[-122.3043671,37.5456704],[-122.3043671,37.5456704],[-122.3041767,37.5454407],[-122.3041767,37.5454407],[-122.3039192,37.5451451],[-122.3035249,37.5446475],[-122.3031145,37.544118],[-122.3028812,37.5438138],[-122.3024842,37.5433396],[-122.3017598,37.5424699],[-122.3017598,37.5424699],[-122.3015741,37.5422515],[-122.3015741,37.5422515],[-122.3009297,37.5414891],[-122.3006639,37.5411766],[-122.3004983,37.5409792],[-122.3000515,37.54046],[-122.2993809,37.5397082],[-122.3006639,37.5411766],[-122.3005096,37.5409927],[-122.3004983,37.5409792],[-122.2993809,37.5397082],[-122.299161,37.5394806],[-122.299161,37.5394806],[-122.2988445,37.5391839],[-122.2984059,37.538766],[-122.2975745,37.537961],[-122.2975745,37.537961],[-122.297158,37.5375565],[-122.297158,37.5375565],[-122.2969125,37.5373013],[-122.2969125,37.5373013],[-122.2958244,37.5361486],[-122.2956453,37.5359411],[-122.2954066,37.5357014],[-122.2949657,37.5352645],[-122.2945072,37.5348505],[-122.2940242,37.5344326],[-122.2934651,37.5339921],[-122.2917842,37.5327106],[-122.2914249,37.5324421],[-122.2910674,37.5321819],[-122.2903145,37.5316526],[-122.2891272,37.530852],[-122.2891272,37.530852],[-122.2887786,37.5306179],[-122.2884563,37.5304015],[-122.2884563,37.5304015],[-122.287492,37.5297539],[-122.2832166,37.5268757],[-122.2826558,37.526488],[-122.2820819,37.5260543],[-122.2815277,37.5256072],[-122.2813044,37.5254219],[-122.280793,37.5249973],[-122.2801045,37.5244269],[-122.2801045,37.5244269],[-122.2800715,37.5243988],[-122.2800715,37.5243988],[-122.2790271,37.5235298],[-122.278872,37.5233886],[-122.278872,37.5233886],[-122.2778183,37.522462],[-122.2773386,37.5220467],[-122.2765744,37.5214128],[-122.2765744,37.5214128],[-122.27635,37.5212276],[-122.27621,37.5211147],[-122.27621,37.5211147],[-122.2759262,37.520873],[-122.2759262,37.520873],[-122.2757773,37.5207498],[-122.2756599,37.5206539],[-122.2756316,37.5206302],[-122.2754978,37.5205186],[-122.2753234,37.5203743],[-122.2753234,37.5203743],[-122.2750923,37.5201746],[-122.2747992,37.5199353],[-122.2741368,37.5194157],[-122.2733541,37.5188089],[-122.2718041,37.5175352],[-122.2718041,37.5175352],[-122.2712697,37.5171152],[-122.2712697,37.5171152],[-122.2708619,37.5168223],[-122.2702678,37.5163959],[-122.2688273,37.5153538],[-122.268456,37.5150761],[-122.2679158,37.5146522],[-122.2672063,37.514073],[-122.266676,37.5136162],[-122.2646813,37.5118826],[-122.2642923,37.5115342],[-122.2635191,37.5108484],[-122.2632547,37.5106139],[-122.2628544,37.5102713],[-122.2621917,37.5097041],[-122.2614914,37.5090856],[-122.2614914,37.5090856],[-122.2612056,37.5088408],[-122.2612056,37.5088408],[-122.2609687,37.5086296],[-122.2598127,37.5076204],[-122.259667,37.5074922],[-122.2581995,37.5062156],[-122.2568099,37.5050153],[-122.2554902,37.5038439],[-122.2548658,37.5032987],[-122.2523231,37.5010787],[-122.2523231,37.5010787],[-122.2520613,37.5008494],[-122.2520613,37.5008494],[-122.2507013,37.499663],[-122.2500441,37.4990855],[-122.2500441,37.4990855],[-122.2497783,37.4988532],[-122.2497783,37.4988532],[-122.2471539,37.4965823],[-122.2471539,37.4965823],[-122.245952,37.4955315],[-122.2447608,37.4944972],[-122.2442835,37.4941055],[-122.2442835,37.4941055],[-122.2441879,37.494027],[-122.2441879,37.494027],[-122.2441643,37.4940077],[-122.2436407,37.4936038],[-122.2429084,37.4930666],[-122.2423486,37.4926756],[-122.2418202,37.4923263],[-122.239785,37.4910358],[-122.239651,37.4909509],[-122.239651,37.4909509],[-122.2395972,37.4909168],[-122.2394872,37.4908471],[-122.2393577,37.4907653],[-122.2392821,37.4907185],[-122.2385034,37.4902314],[-122.2375071,37.4896038],[-122.237238,37.4894343],[-122.2351187,37.4880941],[-122.2350638,37.4880592],[-122.2349579,37.4879906],[-122.2348612,37.4879295],[-122.2348293,37.487909],[-122.2326665,37.4865484],[-122.2325899,37.486496],[-122.232507,37.4864451],[-122.2324687,37.4864221],[-122.2316288,37.485892],[-122.2308757,37.4854168],[-122.2305495,37.485211],[-122.2297508,37.4847126],[-122.22924,37.4843938],[-122.2290227,37.4842528],[-122.2290227,37.4842528],[-122.2285914,37.4839817],[-122.2285914,37.4839817],[-122.2281157,37.483682],[-122.2271811,37.4830917],[-122.2263822,37.4825858],[-122.2263001,37.4825304],[-122.2262256,37.4824842],[-122.2254033,37.4819746],[-122.2252255,37.4818644],[-122.2250694,37.4817657],[-122.224041,37.4811154],[-122.2233964,37.4807068],[-122.2233964,37.4807068],[-122.2233793,37.480696],[-122.2229533,37.4804239],[-122.2228901,37.48038],[-122.2227225,37.480277],[-122.2225391,37.4801616],[-122.2225391,37.4801616],[-122.2213269,37.479402],[-122.2207933,37.4790625],[-122.2204733,37.4788671],[-122.2198896,37.4784901],[-122.2194125,37.4781958],[-122.2189366,37.4778901],[-122.2189158,37.4778752],[-122.2189158,37.4778752],[-122.2181447,37.4773913],[-122.2175089,37.4769913],[-122.2167346,37.4765038],[-122.2137892,37.4746466],[-122.2119116,37.4734619],[-122.2119116,37.4734619],[-122.2112045,37.4730174],[-122.2104729,37.47255],[-122.2093622,37.4718487],[-122.2089827,37.4716091],[-122.2072306,37.4705047],[-122.2064477,37.4700105],[-122.2064477,37.4700105],[-122.2062831,37.4699097],[-122.2062831,37.4699097],[-122.205836,37.4696265],[-122.205836,37.4696265],[-122.2044409,37.4687483],[-122.2044409,37.4687483],[-122.2042923,37.4686541],[-122.2032185,37.4679741],[-122.2023111,37.4674066],[-122.1984263,37.4649504],[-122.1983212,37.4648833],[-122.1982425,37.4648328],[-122.1981922,37.4648019],[-122.1978652,37.4646003],[-122.1947362,37.4626183],[-122.1939188,37.4621028],[-122.1893777,37.459228],[-122.187881,37.458291],[-122.187601,37.458114],[-122.1864323,37.4573711],[-122.1863521,37.45732],[-122.1862787,37.4572737],[-122.1861637,37.457201],[-122.1835407,37.4555442],[-122.1834591,37.455493],[-122.183375,37.455438],[-122.1827414,37.4550307],[-122.1815968,37.4543145],[-122.1814159,37.4542013],[-122.1807701,37.4537807],[-122.1807006,37.4537349],[-122.1806021,37.4536701],[-122.1805377,37.45363],[-122.1805283,37.4536239],[-122.1788394,37.4525675],[-122.1786979,37.452479],[-122.1786979,37.452479],[-122.1757533,37.4506209],[-122.1757533,37.4506209],[-122.1755573,37.4504969],[-122.1726298,37.448645],[-122.1711267,37.4476942],[-122.1705474,37.4473221],[-122.1705474,37.4473221],[-122.170272,37.4471475],[-122.170272,37.4471475],[-122.169657,37.4467623],[-122.169559,37.4466966],[-122.169496,37.4466588],[-122.1688446,37.4462051],[-122.1681874,37.4457089],[-122.1679532,37.4455302],[-122.1676041,37.4452651],[-122.1672316,37.4449868],[-122.1667519,37.4446453],[-122.166404,37.4444193],[-122.1659659,37.4441347],[-122.165474,37.4438248],[-122.1650769,37.4435746],[-122.1643595,37.4431192],[-122.1637625,37.442744],[-122.162841,37.442165],[-122.1622547,37.4418128],[-122.1616255,37.4414677],[-122.1607906,37.4410245],[-122.1601633,37.4406893],[-122.1597058,37.4404459],[-122.159195,37.4401494],[-122.1587159,37.4398675],[-122.1579395,37.4393789],[-122.1569582,37.4387613],[-122.1564511,37.4384421],[-122.1563013,37.4383476],[-122.1563013,37.4383476],[-122.15611,37.4382289],[-122.15611,37.4382289],[-122.1555172,37.4378564],[-122.1519906,37.4356314],[-122.15183,37.4355306],[-122.1517421,37.4354746],[-122.1516428,37.4354122],[-122.1469281,37.4324362],[-122.1449984,37.4312213],[-122.142767,37.4298128],[-122.1421605,37.4294328],[-122.1416998,37.4291411],[-122.1412479,37.428855],[-122.1405581,37.4284201],[-122.1401988,37.4281942],[-122.1401988,37.4281942],[-122.1398053,37.4279497],[-122.1398053,37.4279497],[-122.1385083,37.4271292],[-122.138124,37.4268801],[-122.1377257,37.4266168],[-122.1373758,37.4263856],[-122.1368267,37.4260277],[-122.1363123,37.4257035],[-122.1355647,37.4252326],[-122.1354124,37.4251384],[-122.1352129,37.4250085],[-122.134705,37.4246865],[-122.1337318,37.4240727],[-122.1337318,37.4240727],[-122.1336744,37.4240366],[-122.1336744,37.4240366],[-122.1336435,37.4240171],[-122.1316229,37.4227436],[-122.1296099,37.4214737],[-122.1293005,37.4212811],[-122.1279287,37.4204271],[-122.1267666,37.4197229],[-122.1238286,37.4178732],[-122.1234537,37.417636],[-122.1233445,37.4175695],[-122.1232894,37.4175314],[-122.1232443,37.4175031],[-122.118765,37.4146711],[-122.118655,37.4146016],[-122.1185477,37.4145338],[-122.1155981,37.412672],[-122.1143564,37.411883],[-122.1141635,37.4117604],[-122.1141635,37.4117604],[-122.1128584,37.4109381],[-122.1119818,37.4103832],[-122.1112269,37.4099095],[-122.1112269,37.4099095],[-122.1110366,37.409789],[-122.1107861,37.4096305],[-122.1092028,37.408618],[-122.1085153,37.4081783],[-122.1077409,37.4076914],[-122.1068578,37.4071378],[-122.1060274,37.4066173],[-122.1055895,37.4063613],[-122.1051799,37.4061339],[-122.1047049,37.4058917],[-122.1041447,37.4056219],[-122.1036177,37.4053914],[-122.1029396,37.4051135],[-122.1020993,37.404784],[-122.1009861,37.4043395],[-122.0976888,37.4030298],[-122.0975899,37.4029902],[-122.0974732,37.4029439],[-122.097376,37.4029058],[-122.0972381,37.4028516],[-122.0935588,37.4014063],[-122.0934671,37.4013695],[-122.0917018,37.4006607],[-122.0911813,37.4004517],[-122.0880245,37.3992],[-122.0866789,37.398666],[-122.0854172,37.3981668],[-122.0837376,37.3974961],[-122.0818901,37.3967626],[-122.078338,37.3953552],[-122.0782337,37.3953119],[-122.0781272,37.3952677],[-122.0779827,37.3952078],[-122.0779061,37.395178],[-122.0767001,37.3946991],[-122.0753822,37.3941759],[-122.0749904,37.3940204],[-122.0746322,37.3938846],[-122.0697545,37.3919486],[-122.0697545,37.3919486],[-122.0696175,37.3918923],[-122.0696175,37.3918923],[-122.0694004,37.3918071],[-122.0671085,37.3908693],[-122.0661458,37.3904754],[-122.0661458,37.3904754],[-122.0657147,37.3903037],[-122.0657147,37.3903037],[-122.0634238,37.389402],[-122.0634238,37.389402],[-122.0627627,37.3891532],[-122.061829,37.3888234],[-122.0605728,37.3884066],[-122.0604846,37.3883775],[-122.0577449,37.3874741],[-122.0564086,37.3870419],[-122.0551617,37.3866528],[-122.0525287,37.385794],[-122.0461132,37.3836803],[-122.0449102,37.3832837],[-122.0447345,37.3832257],[-122.0445483,37.383165],[-122.0440451,37.3829993],[-122.0427949,37.3825922],[-122.0420908,37.3823584],[-122.0418635,37.382283],[-122.0418635,37.382283],[-122.040626,37.3818779],[-122.0385573,37.381196],[-122.0385573,37.381196],[-122.0383355,37.3811219],[-122.0341636,37.3797287],[-122.0326991,37.379245],[-122.0306841,37.3785792],[-122.0306841,37.3785792],[-122.03049,37.3785152],[-122.0286371,37.3779096],[-122.0285478,37.3778804],[-122.0284702,37.3778551],[-122.0283777,37.3778254],[-122.0282988,37.3777992],[-122.027562,37.3775544],[-122.0257469,37.3769514],[-122.025034,37.3767243],[-122.0236663,37.3762945],[-122.0218809,37.3757127],[-122.0211146,37.3754583],[-122.0209561,37.3754057],[-122.0209561,37.3754057],[-122.0199308,37.3750271],[-122.0195046,37.3748769],[-122.0181046,37.3744162],[-122.0176732,37.3742775],[-122.0171891,37.3741381],[-122.0167176,37.374013],[-122.0163085,37.3739099],[-122.0158037,37.3737961],[-122.0152977,37.3736899],[-122.0142713,37.3734854],[-122.0112341,37.3728669],[-122.0109542,37.3728099],[-122.010268,37.3726703],[-122.0076038,37.3721284],[-122.0052151,37.3716426],[-122.0021999,37.3710291],[-122.0012309,37.3708422],[-122.0006496,37.3707444],[-122.0000229,37.3706647],[-121.9994187,37.3706089],[-121.9984515,37.370559],[-121.9982132,37.3705483],[-121.9970389,37.3704956],[-121.9958048,37.370451],[-121.9958048,37.370451],[-121.9956483,37.3704427],[-121.9945322,37.3703953],[-121.9940478,37.3703756],[-121.9935922,37.370362],[-121.9931041,37.3703546],[-121.9925628,37.370355],[-121.991478,37.3703635],[-121.9902697,37.3703766],[-121.9900581,37.3703802],[-121.9889478,37.3703994],[-121.9876167,37.3704087],[-121.9854157,37.3704234],[-121.9829956,37.3704361],[-121.9826972,37.3704377],[-121.9812979,37.3704879],[-121.9812979,37.3704879],[-121.9811353,37.3704896],[-121.9803056,37.3704902],[-121.9794721,37.3704814],[-121.9790193,37.3704721],[-121.9785832,37.3704538],[-121.9783301,37.3704355],[-121.9777058,37.3703859],[-121.9771381,37.3703146],[-121.9771381,37.3703146],[-121.9764733,37.3702194],[-121.9764733,37.3702194],[-121.975552,37.3700437],[-121.9745206,37.3697966],[-121.9743518,37.3697479],[-121.9737539,37.3695753],[-121.9732044,37.3693988],[-121.9726736,37.3692015],[-121.9723759,37.3690892],[-121.9720146,37.368941],[-121.9708084,37.3684197],[-121.9687536,37.3675123],[-121.9687536,37.3675123],[-121.9684625,37.3673881],[-121.9684625,37.3673881],[-121.967359,37.36691],[-121.9661715,37.3663955],[-121.9607848,37.3640392],[-121.9584117,37.3630099],[-121.9582519,37.3629403],[-121.9524244,37.3604008],[-121.9519675,37.3602035],[-121.950372,37.3595145],[-121.950372,37.3595145],[-121.9474884,37.3582633],[-121.9474884,37.3582633],[-121.9472694,37.3581666],[-121.9472694,37.3581666],[-121.9455314,37.3574054],[-121.9439283,37.3567068],[-121.9435887,37.3565603],[-121.9433934,37.3564752],[-121.9423485,37.35602],[-121.9423485,37.35602],[-121.9420917,37.3559104],[-121.9420917,37.3559104],[-121.9410704,37.3554633],[-121.9410704,37.3554633],[-121.9392622,37.3546754],[-121.9388119,37.3544764],[-121.9381885,37.3541985],[-121.9375994,37.3539308],[-121.9372801,37.35378],[-121.936777,37.3535331],[-121.936029,37.3531592],[-121.936029,37.3531592],[-121.9345486,37.3524105],[-121.934484,37.3523776],[-121.9343678,37.3523188],[-121.9335747,37.3519184],[-121.9330543,37.3516541],[-121.9330543,37.3516541],[-121.9329957,37.3516244],[-121.9325094,37.3513792],[-121.9325094,37.3513792],[-121.9316547,37.3509476],[-121.9313689,37.350803],[-121.9312268,37.3507311],[-121.9294554,37.3498355],[-121.9278882,37.3490445],[-121.9261065,37.3481448],[-121.9237559,37.3469579],[-121.9222913,37.3462184],[-121.9216938,37.3459145],[-121.9205362,37.3453314],[-121.9196661,37.3448919],[-121.9183052,37.3442041],[-121.9174981,37.3437971],[-121.9166896,37.343387],[-121.9161195,37.3431008],[-121.9161195,37.3431008],[-121.915463,37.3427612],[-121.9154263,37.3427425],[-121.9152434,37.3426517],[-121.9150619,37.3425615],[-121.9145694,37.3423131],[-121.9145189,37.3422885],[-121.9145189,37.3422885],[-121.9133496,37.3416968],[-121.9133496,37.3416968],[-121.9130779,37.3415605],[-121.9129011,37.3414772],[-121.9127165,37.341401],[-121.9126784,37.3413836],[-121.9126784,37.3413836],[-121.9125668,37.3413421],[-121.912446,37.3412984],[-121.9123336,37.3412604],[-121.9123336,37.3412604],[-121.91201,37.341161],[-121.9115135,37.3410144],[-121.9112,37.3409114],[-121.9110541,37.3408579],[-121.9108925,37.3407887],[-121.9107416,37.3407207],[-121.9105947,37.3406486],[-121.9104582,37.3405763],[-121.9103249,37.3405012],[-121.9101883,37.3404182],[-121.9100568,37.3403329],[-121.9099305,37.3402436],[-121.9098064,37.340149],[-121.9096824,37.3400495],[-121.9095617,37.3399466],[-121.9090551,37.3394863],[-121.908849,37.3392861],[-121.9086988,37.3391168],[-121.9086085,37.3390033],[-121.9085235,37.3388886],[-121.9084412,37.3387641],[-121.9083635,37.3386378],[-121.9082568,37.3384371],[-121.9080481,37.3380105],[-121.9079203,37.3377527],[-121.9078442,37.3376158],[-121.9077618,37.3374794],[-121.9076602,37.3373275],[-121.9075483,37.3371795],[-121.9073821,37.3369872],[-121.9072022,37.3368045],[-121.9068711,37.3364973],[-121.9060412,37.3357388],[-121.9058181,37.3355322],[-121.9055698,37.3353056],[-121.9055698,37.3353056],[-121.9048084,37.3346076],[-121.9048084,37.3346076],[-121.9047179,37.3345244],[-121.9047179,37.3345244],[-121.9044868,37.3343117],[-121.9042709,37.3341014],[-121.9040778,37.3338886],[-121.9038941,37.3336641],[-121.9037441,37.3334565],[-121.9036468,37.3333052],[-121.9035606,37.3331488],[-121.9035148,37.3330429],[-121.9034791,37.3329365],[-121.9034791,37.3329365],[-121.9034361,37.3327575],[-121.9034196,37.332664],[-121.9034196,37.332664],[-121.903392,37.3324292],[-121.9033809,37.3323111],[-121.9033575,37.3319959],[-121.9033575,37.3319959],[-121.9033426,37.3318404],[-121.9033391,37.3317744],[-121.9033426,37.3318404],[-121.9033805,37.3312578],[-121.9033635,37.331364],[-121.9033499,37.3315169],[-121.9033397,37.3316996],[-121.9033391,37.3317744],[-121.9033805,37.3312578],[-121.9034065,37.3311122],[-121.9034437,37.3308949],[-121.9034553,37.3307653],[-121.9034557,37.3307203],[-121.9034543,37.3306152],[-121.9033391,37.3291081],[-121.9033391,37.3291081],[-121.9032,37.3272909],[-121.9031885,37.3271523],[-121.9031819,37.3270948],[-121.9031681,37.3270146],[-121.9031251,37.3268552],[-121.9030216,37.326559],[-121.9029743,37.3264167],[-121.9030216,37.326559],[-121.9029743,37.3264167],[-121.9029072,37.3261165],[-121.9029072,37.3261165],[-121.9028385,37.3257929],[-121.9028183,37.3256397],[-121.9028183,37.3256397],[-121.9028163,37.3256124],[-121.9028163,37.3256124],[-121.9027736,37.3250622],[-121.9027736,37.3250622],[-121.9027486,37.3247591],[-121.9027116,37.3243762],[-121.9026869,37.3241981],[-121.9026488,37.323983],[-121.9026211,37.3238644],[-121.9026211,37.3238644],[-121.9025726,37.3236949],[-121.9025166,37.3235249],[-121.9024649,37.3233937],[-121.9023979,37.3232411],[-121.9023979,37.3232411],[-121.902281,37.323015],[-121.9021611,37.3228169],[-121.9019766,37.3225596],[-121.9017957,37.3223414],[-121.9016361,37.3221676],[-121.901547,37.3220773],[-121.9014927,37.3220226],[-121.9014395,37.3219692],[-121.9013208,37.321867],[-121.9006856,37.3212626],[-121.9006856,37.3212626],[-121.8999066,37.320528],[-121.8978926,37.3189628],[-121.8981078,37.3190816],[-121.8982674,37.3191785],[-121.8984328,37.3192786],[-121.8986103,37.3193991],[-121.8987891,37.319536],[-121.8989536,37.3196649],[-121.8991284,37.3198111],[-121.8993086,37.3199716],[-121.89954,37.3201837],[-121.899618,37.3202552],[-121.89968,37.3203153],[-121.8999066,37.320528],[-121.8974751,37.3187709],[-121.8976536,37.3188523],[-121.8977968,37.3189171],[-121.8978926,37.3189628],[-121.8942823,37.3181728],[-121.8944024,37.318178],[-121.894694,37.3181905],[-121.8949278,37.3182032],[-121.8951728,37.3182184],[-121.8954167,37.3182408],[-121.8956447,37.3182685],[-121.8958778,37.3183049],[-121.8960989,37.3183456],[-121.896323,37.3183947],[-121.8966088,37.3184656],[-121.8968514,37.3185386],[-121.897032,37.3186008],[-121.8972409,37.3186773],[-121.8973602,37.3187241],[-121.8974751,37.3187709],[-121.893145,37.3181283],[-121.8942823,37.3181728],[-121.8929819,37.3181214],[-121.893145,37.3181283],[-121.890854,37.3179556],[-121.8910494,37.3179861],[-121.8912935,37.3180165],[-121.8916006,37.318047],[-121.891922,37.3180749],[-121.8922531,37.3180937],[-121.8928149,37.3181151],[-121.8929819,37.3181214],[-121.8906794,37.3179291],[-121.890854,37.3179556],[-121.8899432,37.3177491],[-121.8901261,37.3178021],[-121.8903526,37.3178636],[-121.8905157,37.3178974],[-121.8906794,37.3179291],[-121.8890326,37.3173694],[-121.8891944,37.317454],[-121.8893563,37.3175296],[-121.8895328,37.317605],[-121.8897146,37.3176749],[-121.8898425,37.3177184],[-121.8899432,37.3177491],[-121.8884727,37.3170303],[-121.8887097,37.3171864],[-121.8888869,37.3172918],[-121.8890326,37.3173694],[-121.8879775,37.3166208],[-121.8881384,37.3167608],[-121.8883274,37.3169181],[-121.8884727,37.3170303],[-121.887447,37.3160858],[-121.8875589,37.3162086],[-121.8876145,37.3162696],[-121.8877887,37.3164427],[-121.8878846,37.3165353],[-121.8879775,37.3166208],[-121.8871089,37.3156868],[-121.8872388,37.3158445],[-121.8873594,37.3159861],[-121.887447,37.3160858],[-121.8866608,37.3151336],[-121.8866742,37.3151508],[-121.8871089,37.3156868],[-121.8862806,37.3146621],[-121.8866608,37.3151336],[-121.8856527,37.3136785],[-121.8857663,37.3138201],[-121.8858247,37.3138985],[-121.8858742,37.3139745],[-121.8859364,37.3140847],[-121.8860414,37.3142928],[-121.8860942,37.3143846],[-121.8861755,37.3145131],[-121.8862806,37.3146621],[-121.8840028,37.3116348],[-121.8844769,37.3122192],[-121.8846605,37.3124478],[-121.8856527,37.3136785]]}},{"type":"Feature","properties":{"id":"line-5XX","name":"Express","ref":"5XX","mode":"train"},"geometry":{"type":"LineString","coordinates":[[-122.3948913,37.7764459],[-122.3951912,37.7762097],[-122.3963581,37.7752904],[-122.3963753,37.7753041],[-122.3963968,37.7753211],[-122.3952299,37.7762404],[-122.3949302,37.7764766],[-122.3949122,37.7764624],[-122.3948913,37.7764459],[-122.3924271,37.756541],[-122.3924364,37.757098],[-122.3924471,37.7573717],[-122.3924534,37.7575497],[-122.3925071,37.7581243],[-122.4051579,37.6558523],[-122.4067224,37.6542354],[-122.3249388,37.569002],[-122.3247081,37.5687894],[-122.3247224,37.5687754],[-122.3247359,37.5687624],[-122.32459,37.5686595],[-122.3243169,37.5684048],[-122.3242664,37.5683577],[-122.3242107,37.5683057],[-122.3241519,37.5682508],[-122.3241139,37.5682154],[-122.3241102,37.5682112],[-122.324044,37.5681514],[-122.3236749,37.567814],[-122.3236358,37.5677784],[-122.3235307,37.5676824],[-122.3235158,37.5676926],[-122.3234911,37.5677094],[-122.3249126,37.5690199],[-122.3249388,37.569002],[-122.3018606,37.5426229],[-122.3004761,37.5409889],[-122.2306404,37.4852481],[-122.232286,37.4862836],[-122.2322903,37.4862793],[-122.2322953,37.4862742],[-122.2323149,37.4862547],[-122.2323183,37.4862513],[-122.2322854,37.4862313],[-122.2322515,37.48621],[-122.2321885,37.4861695],[-122.2318152,37.4859346],[-122.2314588,37.4857102],[-122.231098,37.4854831],[-122.2310668,37.4854634],[-122.2307251,37.4852483],[-122.2307082,37.4852377],[-122.230673,37.4852155],[-122.2306588,37.4852297],[-122.2306517,37.4852368],[-122.230646,37.4852425],[-122.2306404,37.4852481],[-122.1656672,37.44393],[-122.1636403,37.4426521],[-122.1636479,37.4426445],[-122.1636725,37.4426199],[-122.1639504,37.4427951],[-122.1641539,37.442924],[-122.1641971,37.4429509],[-122.164262,37.442992],[-122.1643634,37.4430558],[-122.16443,37.4431038],[-122.1645249,37.4431575],[-122.1647241,37.4432829],[-122.1647513,37.443256],[-122.1648798,37.4433375],[-122.1648912,37.4433449],[-122.1649281,37.443369],[-122.1649244,37.4433726],[-122.1653125,37.4436184],[-122.1653944,37.4436702],[-122.1654314,37.4436333],[-122.165518,37.4436881],[-122.1654805,37.4437254],[-122.1654432,37.4437018],[-122.1654366,37.4437085],[-122.1654293,37.4437153],[-122.1654469,37.4437264],[-122.1654404,37.4437328],[-122.1654331,37.4437401],[-122.1656439,37.4438733],[-122.1656714,37.443846],[-122.1657208,37.4438764],[-122.1656756,37.4439216],[-122.1656672,37.44393],[-122.0766039,37.3946513],[-122.0747351,37.3939063],[-122.0747499,37.3938827],[-122.0747567,37.393872],[-122.0747757,37.3938796],[-122.0758247,37.394296],[-122.0759637,37.3943513],[-122.0765498,37.394584],[-122.0766087,37.3946092],[-122.0766152,37.3946205],[-122.0766139,37.3946375],[-122.0766039,37.3946513],[-122.0324628,37.3791589],[-122.0324779,37.3791301],[-122.0324842,37.3791181],[-122.0305561,37.3784802],[-122.0305518,37.3784884],[-122.0305346,37.3785212],[-122.0324628,37.3791589],[-121.9035295,37.3306126],[-121.9034751,37.3306153],[-121.9034688,37.3305401],[-121.9034614,37.3304362],[-121.9032108,37.3271752],[-121.9032638,37.3271714],[-121.9032877,37.3272636],[-121.903306,37.3273762],[-121.9033218,37.3275045],[-121.9034835,37.329602],[-121.903502,37.3298373],[-121.9035358,37.3303182],[-121.9035411,37.3304449],[-121.903538,37.3305226],[-121.9035295,37.3306126],[-122.3949849,37.7764495],[-122.3964103,37.7753252],[-122.3969319,37.7749153],[-122.397568,37.7744135],[-122.3979028,37.7741495],[-122.3981407,37.773963],[-122.3987002,37.7735243],[-122.3987002,37.7735243],[-122.3992256,37.7731035],[-122.3992256,37.7731035],[-122.3996443,37.7727719],[-122.3997229,37.772712],[-122.3998323,37.7726232],[-122.3999151,37.7725542],[-122.3999151,37.7725542],[-122.3999905,37.7724865],[-122.4000599,37.7724117],[-122.4001309,37.7723229],[-122.40019,37.7722341],[-122.4002477,37.7721371],[-122.4002891,37.7720483],[-122.400326,37.7719478],[-122.4003511,37.7718648],[-122.400377,37.7717443],[-122.4003852,37.7716362],[-122.4003861,37.771531],[-122.4003779,37.7714345],[-122.4003641,37.7713431],[-122.3997657,37.7704732],[-122.3998776,37.7705653],[-122.3999887,37.7706647],[-122.4000768,37.7707627],[-122.4001567,37.7708679],[-122.4002347,37.7709919],[-122.4002879,37.7711037],[-122.4003283,37.7712096],[-122.4003641,37.7713431],[-122.3997657,37.7704732],[-122.3992489,37.7700669],[-122.3989307,37.7698137],[-122.3985735,37.7695295],[-122.3984773,37.7694516],[-122.3984098,37.7693978],[-122.3983383,37.769339],[-122.3977008,37.7688321],[-122.3967813,37.7680986],[-122.3967813,37.7680986],[-122.3958338,37.7673602],[-122.395151,37.7668281],[-122.3950004,37.7667081],[-122.3949719,37.7666857],[-122.3948815,37.7666133],[-122.3947384,37.7665023],[-122.3946602,37.7664403],[-122.3940747,37.765973],[-122.3937995,37.7657241],[-122.3935639,37.7654511],[-122.3933711,37.7651577],[-122.3932241,37.7648483],[-122.3931248,37.7645272],[-122.3930747,37.764199],[-122.3930034,37.7634887],[-122.3929965,37.7634195],[-122.3929965,37.7634195],[-122.3925175,37.7584504],[-122.3925175,37.7584504],[-122.3924684,37.758],[-122.3924326,37.7575487],[-122.3924101,37.7570969],[-122.392401,37.7566448],[-122.3924036,37.7562645],[-122.3924156,37.7558842],[-122.3924315,37.7556025],[-122.3924371,37.7555043],[-122.3924617,37.7552018],[-122.392468,37.7551247],[-122.3925083,37.7547457],[-122.3925083,37.7547457],[-122.3926313,37.7537259],[-122.3929137,37.751799],[-122.3929137,37.751799],[-122.3929245,37.7517257],[-122.3929321,37.7516782],[-122.3929321,37.7516782],[-122.3931314,37.7501776],[-122.3931314,37.7501776],[-122.3931354,37.7501488],[-122.3931431,37.7500935],[-122.3931431,37.7500935],[-122.3932019,37.7496552],[-122.3932019,37.7496552],[-122.393341,37.748678],[-122.393341,37.748678],[-122.393365,37.7484681],[-122.393365,37.7484681],[-122.3934898,37.7474835],[-122.3935363,37.7471841],[-122.393694,37.7461048],[-122.393694,37.7461048],[-122.3937304,37.745816],[-122.3937304,37.745816],[-122.3939597,37.7443163],[-122.3943173,37.7417923],[-122.3943173,37.7417923],[-122.394379,37.7413426],[-122.394379,37.7413426],[-122.3945845,37.7397315],[-122.3945886,37.7397004],[-122.3947731,37.7384243],[-122.3947974,37.738256],[-122.3947974,37.738256],[-122.3948814,37.7375979],[-122.3950097,37.7367115],[-122.3950097,37.7367115],[-122.3959137,37.7302309],[-122.3959137,37.7302309],[-122.3960071,37.7295925],[-122.3961491,37.728527],[-122.3961491,37.728527],[-122.3961756,37.728284],[-122.3964559,37.7262093],[-122.3965193,37.7257828],[-122.3965852,37.7253762],[-122.396637,37.7250772],[-122.3966479,37.7250142],[-122.3967348,37.7246279],[-122.3968214,37.724263],[-122.3969434,37.7238365],[-122.3969657,37.7237644],[-122.3969657,37.7237644],[-122.3970758,37.7234087],[-122.3973432,37.7226883],[-122.3973432,37.7226883],[-122.3978848,37.7211729],[-122.3978848,37.7211729],[-122.4010611,37.7123973],[-122.4012505,37.7117798],[-122.4012505,37.7117798],[-122.4012903,37.7116416],[-122.4012903,37.7116416],[-122.4014476,37.7111072],[-122.4016072,37.710565],[-122.4016662,37.710339],[-122.4017145,37.710129],[-122.4017738,37.7098798],[-122.4018074,37.7096442],[-122.401829,37.7094563],[-122.4018393,37.7093771],[-122.4018544,37.7091321],[-122.4018618,37.7089125],[-122.4018651,37.7087011],[-122.4018651,37.7087011],[-122.4018671,37.7076343],[-122.4018691,37.7066413],[-122.4018632,37.7039947],[-122.401862,37.7037476],[-122.401862,37.7037476],[-122.4018701,37.6991769],[-122.4018701,37.6991769],[-122.4018654,37.6988949],[-122.4018708,37.6966839],[-122.4018581,37.6956541],[-122.4018508,37.6952851],[-122.4018269,37.6949172],[-122.4017984,37.6945173],[-122.4017475,37.6940865],[-122.4016881,37.6936797],[-122.4016144,37.6932756],[-122.4015059,37.6927945],[-122.4013864,37.6923134],[-122.4012773,37.6919475],[-122.4011505,37.6915626],[-122.4009557,37.6910138],[-122.4007759,37.6905729],[-122.4005884,37.6901576],[-122.4004034,37.6897746],[-122.4002007,37.6893884],[-122.3999735,37.6889752],[-122.3997766,37.6886525],[-122.3995667,37.6883241],[-122.3993179,37.687961],[-122.3990471,37.6875799],[-122.3987392,37.6871682],[-122.3985596,37.686958],[-122.3959831,37.6838768],[-122.3956085,37.6834293],[-122.3951707,37.6829063],[-122.3951707,37.6829063],[-122.3950145,37.6827235],[-122.394874,37.6825591],[-122.394874,37.6825591],[-122.3935542,37.6810569],[-122.3928901,37.6802767],[-122.3913899,37.6784906],[-122.3910845,37.6781125],[-122.3910845,37.6781125],[-122.390818,37.6777591],[-122.390556,37.6773665],[-122.3903397,37.67699],[-122.3901585,37.6766194],[-122.3900073,37.6762469],[-122.3898684,37.6758275],[-122.3897724,37.6754418],[-122.3897164,37.6751396],[-122.389701,37.6750458],[-122.3896876,37.6749444],[-122.3896503,37.674644],[-122.3896424,37.6742313],[-122.3896561,37.6738319],[-122.3896863,37.6734619],[-122.3897672,37.6730751],[-122.3898677,37.6726703],[-122.3899805,37.6722904],[-122.3901395,37.671921],[-122.3903259,37.6715317],[-122.390547,37.6711425],[-122.3908,37.6707566],[-122.3910339,37.6704491],[-122.3910339,37.6704491],[-122.3912465,37.6701842],[-122.391385,37.6700261],[-122.3920016,37.6693812],[-122.3923697,37.6689962],[-122.3929549,37.668391],[-122.3929549,37.668391],[-122.393157,37.668182],[-122.393157,37.668182],[-122.3936542,37.6676678],[-122.3942443,37.6670569],[-122.3958423,37.6654025],[-122.3967897,37.664428],[-122.3978183,37.663363],[-122.3988072,37.6623424],[-122.4008303,37.660249],[-122.4029891,37.6580202],[-122.4031534,37.6578586],[-122.4032195,37.6577922],[-122.4033477,37.6576633],[-122.4033477,37.6576633],[-122.4039004,37.65713],[-122.4042611,37.6567793],[-122.4051085,37.655933],[-122.4051666,37.6558745],[-122.4065013,37.6544886],[-122.4067989,37.6541789],[-122.4074162,37.6535089],[-122.4076697,37.6532045],[-122.4079164,37.6528966],[-122.4084095,37.6522497],[-122.408804,37.6517205],[-122.4097172,37.6505764],[-122.4097172,37.6505764],[-122.4101047,37.6501017],[-122.4103192,37.6498352],[-122.4105526,37.6495316],[-122.4107377,37.6492746],[-122.4109456,37.6489783],[-122.4111414,37.6486726],[-122.4113372,37.648355],[-122.4115222,37.6480386],[-122.4117194,37.6476903],[-122.4119085,37.6472932],[-122.41206,37.6469736],[-122.4121995,37.6466358],[-122.4122438,37.6465346],[-122.4123559,37.6462586],[-122.4124902,37.6458696],[-122.4126059,37.6455219],[-122.412708,37.6451758],[-122.4128044,37.6448027],[-122.4128773,37.6444838],[-122.4129439,37.6441553],[-122.4130007,37.643825],[-122.4130468,37.6435093],[-122.4130884,37.6431794],[-122.4131174,37.642847],[-122.4131489,37.6426212],[-122.4131616,37.6423645],[-122.413167,37.6422637],[-122.4131681,37.6421472],[-122.4131719,37.6418493],[-122.413162,37.640783],[-122.413149,37.6393864],[-122.413149,37.6393864],[-122.4131487,37.6392476],[-122.4131487,37.6392476],[-122.413129,37.6378445],[-122.4131198,37.6371933],[-122.4131181,37.6371164],[-122.4130873,37.6345688],[-122.4130873,37.6345688],[-122.413051,37.6338498],[-122.4130041,37.6334961],[-122.4129452,37.6331881],[-122.4129452,37.6331881],[-122.4128593,37.632862],[-122.4127587,37.6325498],[-122.4126353,37.6322386],[-122.4124851,37.6319147],[-122.4123435,37.6316379],[-122.4121919,37.631366],[-122.4121919,37.631366],[-122.4121347,37.63127],[-122.4118914,37.6308615],[-122.411883,37.6308475],[-122.411883,37.6308475],[-122.4117071,37.6305393],[-122.4117071,37.6305393],[-122.4116997,37.6305251],[-122.4112642,37.6297551],[-122.4112642,37.6297551],[-122.4112551,37.6297389],[-122.4111048,37.6294868],[-122.4110939,37.6294691],[-122.4110939,37.6294691],[-122.4110046,37.6293109],[-122.4101409,37.6278019],[-122.4094419,37.6265948],[-122.4094419,37.6265948],[-122.4093163,37.6263747],[-122.4093163,37.6263747],[-122.4091866,37.6261494],[-122.4079607,37.6240188],[-122.4077712,37.6236925],[-122.4077712,37.6236925],[-122.4076828,37.6235402],[-122.4073649,37.6230114],[-122.4070358,37.6224927],[-122.4068352,37.6221997],[-122.4066275,37.6219055],[-122.406482,37.6217037],[-122.4061596,37.6212783],[-122.4055101,37.6204149],[-122.4048115,37.6195193],[-122.4041506,37.6186633],[-122.4040688,37.6185573],[-122.401907,37.6156901],[-122.3998229,37.6129349],[-122.3995246,37.6125546],[-122.3992268,37.6121902],[-122.3989248,37.6118463],[-122.3986291,37.611526],[-122.3982904,37.6111828],[-122.3966236,37.6095175],[-122.39656,37.609454],[-122.3964977,37.6093929],[-122.3964196,37.609316],[-122.3960349,37.608937],[-122.3960349,37.608937],[-122.3938171,37.6067615],[-122.3937901,37.6067349],[-122.3937901,37.6067349],[-122.3934072,37.6063582],[-122.3917504,37.6047269],[-122.3903256,37.603324],[-122.3877719,37.6008184],[-122.3877719,37.6008184],[-122.3863184,37.5993937],[-122.386146,37.599214],[-122.386146,37.599214],[-122.3860743,37.5991429],[-122.3857176,37.5987997],[-122.3845214,37.5975894],[-122.3841482,37.597237],[-122.3837765,37.5969143],[-122.3833219,37.5965671],[-122.3828808,37.5962621],[-122.3823982,37.5959609],[-122.3823379,37.5959272],[-122.3819229,37.5956955],[-122.3814099,37.595438],[-122.3808354,37.5951862],[-122.3799244,37.5948027],[-122.3791937,37.594495],[-122.3781507,37.5940671],[-122.3781507,37.5940671],[-122.3778961,37.5939605],[-122.3778961,37.5939605],[-122.3748873,37.5926954],[-122.3748873,37.5926954],[-122.3747021,37.5926172],[-122.372567,37.5917156],[-122.370301,37.5907639],[-122.3670357,37.5893938],[-122.3660791,37.5889927],[-122.3635633,37.5879381],[-122.3634353,37.5878844],[-122.3633247,37.5878381],[-122.3632257,37.5877958],[-122.3631467,37.5877621],[-122.3627021,37.5875721],[-122.3625133,37.5874931],[-122.3622196,37.5873693],[-122.3618828,37.5872277],[-122.3617822,37.587186],[-122.3613061,37.586987],[-122.359982,37.586435],[-122.3578964,37.5855586],[-122.3578964,37.5855586],[-122.3577494,37.5854952],[-122.3577494,37.5854952],[-122.3554629,37.5845259],[-122.3509893,37.5826578],[-122.3508454,37.5825947],[-122.3507402,37.5825484],[-122.350658,37.582514],[-122.3505148,37.5824537],[-122.3504851,37.5824413],[-122.3455165,37.5803561],[-122.3454651,37.5803341],[-122.3454178,37.5803135],[-122.3453332,37.5802769],[-122.3443473,37.5798515],[-122.3433269,37.5794331],[-122.342963,37.5792808],[-122.3429012,37.5792548],[-122.3428253,37.5792224],[-122.3427706,37.5791996],[-122.340921,37.5784153],[-122.3408639,37.5783911],[-122.3407977,37.5783669],[-122.3407396,37.5783424],[-122.3388685,37.5775529],[-122.3387952,37.5775219],[-122.338717,37.5774924],[-122.3386406,37.5774604],[-122.3348921,37.5758889],[-122.3347825,37.575843],[-122.3347256,37.5758191],[-122.3346735,37.5757958],[-122.3346142,37.5757709],[-122.333894,37.5754683],[-122.333093,37.57513],[-122.3327085,37.5749559],[-122.3324192,37.5748108],[-122.3323665,37.5747843],[-122.3323157,37.5747612],[-122.3322587,37.5747333],[-122.3317701,37.5744945],[-122.3313397,37.5742573],[-122.3307568,37.5739156],[-122.3307568,37.5739156],[-122.3306168,37.5738325],[-122.3306168,37.5738325],[-122.3301057,37.5735073],[-122.3296581,37.573207],[-122.3291835,37.5728648],[-122.3288158,37.5725835],[-122.3288158,37.5725835],[-122.3286898,37.5724852],[-122.3286898,37.5724852],[-122.3283872,37.572241],[-122.3279028,37.5718253],[-122.3273535,37.5713223],[-122.3273535,37.5713223],[-122.3272395,37.5712158],[-122.3272395,37.5712158],[-122.3258836,37.569959],[-122.3258836,37.569959],[-122.3257745,37.5698569],[-122.3257745,37.5698569],[-122.3255793,37.5696797],[-122.3253917,37.5695035],[-122.3248978,37.5690307],[-122.3247851,37.5689269],[-122.3247059,37.568854],[-122.3235777,37.5678148],[-122.3233985,37.56765],[-122.3233299,37.567587],[-122.3232674,37.5675296],[-122.3225613,37.5668858],[-122.3224875,37.5668185],[-122.322413,37.5667501],[-122.3217234,37.5661173],[-122.3216389,37.5660398],[-122.3215749,37.5659746],[-122.3210787,37.5655183],[-122.3208086,37.5652674],[-122.320391,37.5648998],[-122.3202133,37.5647374],[-122.3201331,37.5646641],[-122.3199344,37.5644781],[-122.3199344,37.5644781],[-122.3176174,37.5623541],[-122.3176174,37.5623541],[-122.3174205,37.5621725],[-122.3171988,37.5619705],[-122.3163714,37.561217],[-122.3158455,37.560736],[-122.3153249,37.5602591],[-122.3151056,37.5600584],[-122.3128318,37.5579688],[-122.3128318,37.5579688],[-122.3125044,37.5576614],[-122.3121627,37.5573197],[-122.3118659,37.5569986],[-122.3117863,37.556907],[-122.3116079,37.556702],[-122.3113455,37.5563615],[-122.3111064,37.5560334],[-122.3108586,37.5556581],[-122.3106456,37.5552954],[-122.3104705,37.5549776],[-122.3102831,37.5546019],[-122.3100739,37.5541353],[-122.3100084,37.5539918],[-122.309602,37.5531173],[-122.3093459,37.5525875],[-122.3092181,37.5523138],[-122.3089564,37.5518336],[-122.3087667,37.5514754],[-122.3085487,37.5510783],[-122.3082295,37.5505403],[-122.3078486,37.5499448],[-122.3078486,37.5499448],[-122.3077038,37.5497428],[-122.3074168,37.549343],[-122.3071647,37.5489922],[-122.3068482,37.5486115],[-122.3063359,37.5480139],[-122.30566,37.5472122],[-122.3051262,37.5465849],[-122.3043884,37.545696],[-122.3043671,37.5456704],[-122.3043671,37.5456704],[-122.3041767,37.5454407],[-122.3041767,37.5454407],[-122.3039192,37.5451451],[-122.3035249,37.5446475],[-122.3031145,37.544118],[-122.3028812,37.5438138],[-122.3024842,37.5433396],[-122.3017598,37.5424699],[-122.3017598,37.5424699],[-122.3015741,37.5422515],[-122.3015741,37.5422515],[-122.3009297,37.5414891],[-122.3006639,37.5411766],[-122.3006639,37.5411766],[-122.3005096,37.5409927],[-122.3004983,37.5409792],[-122.3004983,37.5409792],[-122.3000515,37.54046],[-122.2993809,37.5397082],[-122.2993809,37.5397082],[-122.299161,37.5394806],[-122.299161,37.5394806],[-122.2988445,37.5391839],[-122.2984059,37.538766],[-122.2975745,37.537961],[-122.2975745,37.537961],[-122.297158,37.5375565],[-122.297158,37.5375565],[-122.2969125,37.5373013],[-122.2969125,37.5373013],[-122.2958244,37.5361486],[-122.2956453,37.5359411],[-122.2954066,37.5357014],[-122.2949657,37.5352645],[-122.2945072,37.5348505],[-122.2940242,37.5344326],[-122.2934651,37.5339921],[-122.2917842,37.5327106],[-122.2914249,37.5324421],[-122.2910674,37.5321819],[-122.2903145,37.5316526],[-122.2891272,37.530852],[-122.2891272,37.530852],[-122.2887786,37.5306179],[-122.2884563,37.5304015],[-122.2884563,37.5304015],[-122.287492,37.5297539],[-122.2832166,37.5268757],[-122.2826558,37.526488],[-122.2820819,37.5260543],[-122.2815277,37.5256072],[-122.2813044,37.5254219],[-122.280793,37.5249973],[-122.2801045,37.5244269],[-122.2801045,37.5244269],[-122.2800715,37.5243988],[-122.2800715,37.5243988],[-122.2790271,37.5235298],[-122.278872,37.5233886],[-122.278872,37.5233886],[-122.2778183,37.522462],[-122.2773386,37.5220467],[-122.2765744,37.5214128],[-122.2765744,37.5214128],[-122.27635,37.5212276],[-122.27621,37.5211147],[-122.27621,37.5211147],[-122.2759262,37.520873],[-122.2759262,37.520873],[-122.2757773,37.5207498],[-122.2756599,37.5206539],[-122.2756316,37.5206302],[-122.2754978,37.5205186],[-122.2753234,37.5203743],[-122.2753234,37.5203743],[-122.2750923,37.5201746],[-122.2747992,37.5199353],[-122.2741368,37.5194157],[-122.2733541,37.5188089],[-122.2718041,37.5175352],[-122.2718041,37.5175352],[-122.2712697,37.5171152],[-122.2712697,37.5171152],[-122.2708619,37.5168223],[-122.2702678,37.5163959],[-122.2688273,37.5153538],[-122.268456,37.5150761],[-122.2679158,37.5146522],[-122.2672063,37.514073],[-122.266676,37.5136162],[-122.2646813,37.5118826],[-122.2642923,37.5115342],[-122.2635191,37.5108484],[-122.2632547,37.5106139],[-122.2628544,37.5102713],[-122.2621917,37.5097041],[-122.2614914,37.5090856],[-122.2614914,37.5090856],[-122.2612056,37.5088408],[-122.2612056,37.5088408],[-122.2609687,37.5086296],[-122.2598127,37.5076204],[-122.259667,37.5074922],[-122.2581995,37.5062156],[-122.2568099,37.5050153],[-122.2554902,37.5038439],[-122.2548658,37.5032987],[-122.2523231,37.5010787],[-122.2523231,37.5010787],[-122.2520613,37.5008494],[-122.2520613,37.5008494],[-122.2507013,37.499663],[-122.2500441,37.4990855],[-122.2500441,37.4990855],[-122.2497783,37.4988532],[-122.2497783,37.4988532],[-122.2471539,37.4965823],[-122.2471539,37.4965823],[-122.245952,37.4955315],[-122.2447608,37.4944972],[-122.2442835,37.4941055],[-122.2442835,37.4941055],[-122.2441879,37.494027],[-122.2441879,37.494027],[-122.2441643,37.4940077],[-122.2436407,37.4936038],[-122.2429084,37.4930666],[-122.2423486,37.4926756],[-122.2418202,37.4923263],[-122.239785,37.4910358],[-122.239651,37.4909509],[-122.239651,37.4909509],[-122.2395972,37.4909168],[-122.2394872,37.4908471],[-122.2393577,37.4907653],[-122.2392821,37.4907185],[-122.2385034,37.4902314],[-122.2375071,37.4896038],[-122.237238,37.4894343],[-122.2351187,37.4880941],[-122.2350638,37.4880592],[-122.2349579,37.4879906],[-122.2348612,37.4879295],[-122.2348293,37.487909],[-122.2326665,37.4865484],[-122.2325899,37.486496],[-122.232507,37.4864451],[-122.2324687,37.4864221],[-122.2316288,37.485892],[-122.2308757,37.4854168],[-122.2305495,37.485211],[-122.2297508,37.4847126],[-122.22924,37.4843938],[-122.2290227,37.4842528],[-122.2290227,37.4842528],[-122.2285914,37.4839817],[-122.2285914,37.4839817],[-122.2281157,37.483682],[-122.2271811,37.4830917],[-122.2263822,37.4825858],[-122.2263001,37.4825304],[-122.2262256,37.4824842],[-122.2254033,37.4819746],[-122.2252255,37.4818644],[-122.2250694,37.4817657],[-122.224041,37.4811154],[-122.2233964,37.4807068],[-122.2233964,37.4807068],[-122.2233793,37.480696],[-122.2229533,37.4804239],[-122.2228901,37.48038],[-122.2227225,37.480277],[-122.2225391,37.4801616],[-122.2225391,37.4801616],[-122.2213269,37.479402],[-122.2207933,37.4790625],[-122.2204733,37.4788671],[-122.2198896,37.4784901],[-122.2194125,37.4781958],[-122.2189366,37.4778901],[-122.2189158,37.4778752],[-122.2189158,37.4778752],[-122.2181447,37.4773913],[-122.2175089,37.4769913],[-122.2167346,37.4765038],[-122.2137892,37.4746466],[-122.2119116,37.4734619],[-122.2119116,37.4734619],[-122.2112045,37.4730174],[-122.2104729,37.47255],[-122.2093622,37.4718487],[-122.2089827,37.4716091],[-122.2072306,37.4705047],[-122.2064477,37.4700105],[-122.2064477,37.4700105],[-122.2062831,37.4699097],[-122.2062831,37.4699097],[-122.205836,37.4696265],[-122.205836,37.4696265],[-122.2044409,37.4687483],[-122.2044409,37.4687483],[-122.2042923,37.4686541],[-122.2032185,37.4679741],[-122.2023111,37.4674066],[-122.1984263,37.4649504],[-122.1983212,37.4648833],[-122.1982425,37.4648328],[-122.1981922,37.4648019],[-122.1978652,37.4646003],[-122.1947362,37.4626183],[-122.1939188,37.4621028],[-122.1893777,37.459228],[-122.187881,37.458291],[-122.187601,37.458114],[-122.1864323,37.4573711],[-122.1863521,37.45732],[-122.1862787,37.4572737],[-122.1861637,37.457201],[-122.1835407,37.4555442],[-122.1834591,37.455493],[-122.183375,37.455438],[-122.1827414,37.4550307],[-122.1815968,37.4543145],[-122.1814159,37.4542013],[-122.1807701,37.4537807],[-122.1807006,37.4537349],[-122.1806021,37.4536701],[-122.1805377,37.45363],[-122.1805283,37.4536239],[-122.1788394,37.4525675],[-122.1786979,37.452479],[-122.1786979,37.452479],[-122.1757533,37.4506209],[-122.1757533,37.4506209],[-122.1755573,37.4504969],[-122.1726298,37.448645],[-122.1711267,37.4476942],[-122.1705474,37.4473221],[-122.1705474,37.4473221],[-122.170272,37.4471475],[-122.170272,37.4471475],[-122.169657,37.4467623],[-122.169559,37.4466966],[-122.169496,37.4466588],[-122.1688446,37.4462051],[-122.1681874,37.4457089],[-122.1679532,37.4455302],[-122.1676041,37.4452651],[-122.1672316,37.4449868],[-122.1667519,37.4446453],[-122.166404,37.4444193],[-122.1659659,37.4441347],[-122.165474,37.4438248],[-122.1650769,37.4435746],[-122.1643595,37.4431192],[-122.1637625,37.442744],[-122.162841,37.442165],[-122.1622547,37.4418128],[-122.1616255,37.4414677],[-122.1607906,37.4410245],[-122.1601633,37.4406893],[-122.1597058,37.4404459],[-122.159195,37.4401494],[-122.1587159,37.4398675],[-122.1579395,37.4393789],[-122.1569582,37.4387613],[-122.1564511,37.4384421],[-122.1563013,37.4383476],[-122.1563013,37.4383476],[-122.15611,37.4382289],[-122.15611,37.4382289],[-122.1555172,37.4378564],[-122.1519906,37.4356314],[-122.15183,37.4355306],[-122.1517421,37.4354746],[-122.1516428,37.4354122],[-122.1469281,37.4324362],[-122.1449984,37.4312213],[-122.142767,37.4298128],[-122.1421605,37.4294328],[-122.1416998,37.4291411],[-122.1412479,37.428855],[-122.1405581,37.4284201],[-122.1401988,37.4281942],[-122.1401988,37.4281942],[-122.1398053,37.4279497],[-122.1398053,37.4279497],[-122.1385083,37.4271292],[-122.138124,37.4268801],[-122.1377257,37.4266168],[-122.1373758,37.4263856],[-122.1368267,37.4260277],[-122.1363123,37.4257035],[-122.1355647,37.4252326],[-122.1354124,37.4251384],[-122.1352129,37.4250085],[-122.134705,37.4246865],[-122.1337318,37.4240727],[-122.1337318,37.4240727],[-122.1336744,37.4240366],[-122.1336744,37.4240366],[-122.1336435,37.4240171],[-122.1316229,37.4227436],[-122.1296099,37.4214737],[-122.1293005,37.4212811],[-122.1279287,37.4204271],[-122.1267666,37.4197229],[-122.1238286,37.4178732],[-122.1234537,37.417636],[-122.1233445,37.4175695],[-122.1232894,37.4175314],[-122.1232443,37.4175031],[-122.118765,37.4146711],[-122.118655,37.4146016],[-122.1185477,37.4145338],[-122.1155981,37.412672],[-122.1143564,37.411883],[-122.1141635,37.4117604],[-122.1141635,37.4117604],[-122.1128584,37.4109381],[-122.1119818,37.4103832],[-122.1112269,37.4099095],[-122.1112269,37.4099095],[-122.1110366,37.409789],[-122.1107861,37.4096305],[-122.1092028,37.408618],[-122.1085153,37.4081783],[-122.1077409,37.4076914],[-122.1068578,37.4071378],[-122.1060274,37.4066173],[-122.1055895,37.4063613],[-122.1051799,37.4061339],[-122.1047049,37.4058917],[-122.1041447,37.4056219],[-122.1036177,37.4053914],[-122.1029396,37.4051135],[-122.1020993,37.404784],[-122.1009861,37.4043395],[-122.0976888,37.4030298],[-122.0975899,37.4029902],[-122.0974732,37.4029439],[-122.097376,37.4029058],[-122.0972381,37.4028516],[-122.0935588,37.4014063],[-122.0934671,37.4013695],[-122.0917018,37.4006607],[-122.0911813,37.4004517],[-122.0880245,37.3992],[-122.0866789,37.398666],[-122.0854172,37.3981668],[-122.0837376,37.3974961],[-122.0818901,37.3967626],[-122.078338,37.3953552],[-122.0782337,37.3953119],[-122.0781272,37.3952677],[-122.0779827,37.3952078],[-122.0779061,37.395178],[-122.0767001,37.3946991],[-122.0753822,37.3941759],[-122.0749904,37.3940204],[-122.0746322,37.3938846],[-122.0697545,37.3919486],[-122.0697545,37.3919486],[-122.0696175,37.3918923],[-122.0696175,37.3918923],[-122.0694004,37.3918071],[-122.0671085,37.3908693],[-122.0661458,37.3904754],[-122.0661458,37.3904754],[-122.0657147,37.3903037],[-122.0657147,37.3903037],[-122.0634238,37.389402],[-122.0634238,37.389402],[-122.0627627,37.3891532],[-122.061829,37.3888234],[-122.0605728,37.3884066],[-122.0604846,37.3883775],[-122.0577449,37.3874741],[-122.0564086,37.3870419],[-122.0551617,37.3866528],[-122.0525287,37.385794],[-122.0461132,37.3836803],[-122.0449102,37.3832837],[-122.0447345,37.3832257],[-122.0445483,37.383165],[-122.0440451,37.3829993],[-122.0427949,37.3825922],[-122.0420908,37.3823584],[-122.0418635,37.382283],[-122.0418635,37.382283],[-122.040626,37.3818779],[-122.0385573,37.381196],[-122.0385573,37.381196],[-122.0383355,37.3811219],[-122.0341636,37.3797287],[-122.0326991,37.379245],[-122.0306841,37.3785792],[-122.0306841,37.3785792],[-122.03049,37.3785152],[-122.0286371,37.3779096],[-122.0285478,37.3778804],[-122.0284702,37.3778551],[-122.0283777,37.3778254],[-122.0282988,37.3777992],[-122.027562,37.3775544],[-122.0257469,37.3769514],[-122.025034,37.3767243],[-122.0236663,37.3762945],[-122.0218809,37.3757127],[-122.0211146,37.3754583],[-122.0209561,37.3754057],[-122.0209561,37.3754057],[-122.0205014,37.3752563],[-122.0203279,37.3751961],[-122.0194831,37.3749152],[-122.0182719,37.3745155],[-122.018091,37.3744583],[-122.0176549,37.3743204],[-122.0171797,37.3741825],[-122.0168926,37.3741039],[-122.0167154,37.3740544],[-122.0163013,37.3739515],[-122.0157051,37.3738185],[-122.0152873,37.3737292],[-122.0142574,37.3735253],[-122.0112252,37.3729068],[-122.0102549,37.3727094],[-122.00759,37.3721687],[-122.0052036,37.3716816],[-122.0019966,37.3710311],[-122.0012294,37.3708835],[-122.0006442,37.3707884],[-122.0000187,37.3707107],[-121.9996315,37.3706719],[-121.9994433,37.3706563],[-121.9990451,37.370634],[-121.9984562,37.3706029],[-121.9982099,37.3705928],[-121.9970378,37.3705447],[-121.9956451,37.3704824],[-121.9940424,37.3704188],[-121.9935903,37.3704039],[-121.9931077,37.3703961],[-121.9925641,37.3703951],[-121.9914804,37.3704049],[-121.9902856,37.3704185],[-121.9900598,37.3704223],[-121.9889552,37.3704408],[-121.987626,37.3704485],[-121.9854185,37.3704631],[-121.9837973,37.3704709],[-121.9829957,37.3704772],[-121.9825487,37.3704796],[-121.9819991,37.3704838],[-121.9817254,37.3704851],[-121.9812979,37.3704879],[-121.9812979,37.3704879],[-121.9811353,37.3704896],[-121.9803056,37.3704902],[-121.9794721,37.3704814],[-121.9790193,37.3704721],[-121.9785832,37.3704538],[-121.9783301,37.3704355],[-121.9777058,37.3703859],[-121.9771381,37.3703146],[-121.9771381,37.3703146],[-121.9764733,37.3702194],[-121.9764733,37.3702194],[-121.975552,37.3700437],[-121.9745206,37.3697966],[-121.9743518,37.3697479],[-121.9737539,37.3695753],[-121.9732044,37.3693988],[-121.9726736,37.3692015],[-121.9723759,37.3690892],[-121.9720146,37.368941],[-121.9708084,37.3684197],[-121.9687536,37.3675123],[-121.9687536,37.3675123],[-121.9684625,37.3673881],[-121.9684625,37.3673881],[-121.967359,37.36691],[-121.9661715,37.3663955],[-121.9607848,37.3640392],[-121.9584117,37.3630099],[-121.9582519,37.3629403],[-121.9524244,37.3604008],[-121.9519675,37.3602035],[-121.950372,37.3595145],[-121.950372,37.3595145],[-121.9474884,37.3582633],[-121.9474884,37.3582633],[-121.9472694,37.3581666],[-121.9472694,37.3581666],[-121.9455314,37.3574054],[-121.9439283,37.3567068],[-121.9435887,37.3565603],[-121.9433934,37.3564752],[-121.9423485,37.35602],[-121.9423485,37.35602],[-121.9420917,37.3559104],[-121.9420917,37.3559104],[-121.9410704,37.3554633],[-121.9410704,37.3554633],[-121.9392622,37.3546754],[-121.9388119,37.3544764],[-121.9381885,37.3541985],[-121.9375994,37.3539308],[-121.9372801,37.35378],[-121.936777,37.3535331],[-121.936029,37.3531592],[-121.936029,37.3531592],[-121.9345486,37.3524105],[-121.934484,37.3523776],[-121.9343678,37.3523188],[-121.9335747,37.3519184],[-121.9330543,37.3516541],[-121.9330543,37.3516541],[-121.9329957,37.3516244],[-121.9325094,37.3513792],[-121.9325094,37.3513792],[-121.9316547,37.3509476],[-121.9313689,37.350803],[-121.9312268,37.3507311],[-121.9294554,37.3498355],[-121.9278882,37.3490445],[-121.9261065,37.3481448],[-121.9237559,37.3469579],[-121.9222913,37.3462184],[-121.9216938,37.3459145],[-121.9205362,37.3453314],[-121.9196661,37.3448919],[-121.9183052,37.3442041],[-121.9174981,37.3437971],[-121.9166896,37.343387],[-121.9161195,37.3431008],[-121.9161195,37.3431008],[-121.915463,37.3427612],[-121.9154263,37.3427425],[-121.9152434,37.3426517],[-121.9150619,37.3425615],[-121.9145694,37.3423131],[-121.9145189,37.3422885],[-121.9145189,37.3422885],[-121.9133496,37.3416968],[-121.9133496,37.3416968],[-121.9130779,37.3415605],[-121.9129011,37.3414772],[-121.9127165,37.341401],[-121.9126784,37.3413836],[-121.9126784,37.3413836],[-121.9125668,37.3413421],[-121.912446,37.3412984],[-121.9123336,37.3412604],[-121.9123336,37.3412604],[-121.91201,37.341161],[-121.9115135,37.3410144],[-121.9112,37.3409114],[-121.9110541,37.3408579],[-121.9108925,37.3407887],[-121.9107416,37.3407207],[-121.9105947,37.3406486],[-121.9104582,37.3405763],[-121.9103249,37.3405012],[-121.9101883,37.3404182],[-121.9100568,37.3403329],[-121.9099305,37.3402436],[-121.9098064,37.340149],[-121.9096824,37.3400495],[-121.9095617,37.3399466],[-121.9090551,37.3394863],[-121.908849,37.3392861],[-121.9086988,37.3391168],[-121.9086085,37.3390033],[-121.9085235,37.3388886],[-121.9084412,37.3387641],[-121.9083635,37.3386378],[-121.9082568,37.3384371],[-121.9080481,37.3380105],[-121.9079203,37.3377527],[-121.9078442,37.3376158],[-121.9077618,37.3374794],[-121.9076602,37.3373275],[-121.9075483,37.3371795],[-121.9073821,37.3369872],[-121.9072022,37.3368045],[-121.9068711,37.3364973],[-121.9060412,37.3357388],[-121.9058181,37.3355322],[-121.9055698,37.3353056],[-121.9055698,37.3353056],[-121.9048084,37.3346076],[-121.9048084,37.3346076],[-121.9047179,37.3345244],[-121.9047179,37.3345244],[-121.9044868,37.3343117],[-121.9042709,37.3341014],[-121.9040778,37.3338886],[-121.9038941,37.3336641],[-121.9037441,37.3334565],[-121.9036468,37.3333052],[-121.9035606,37.3331488],[-121.9035148,37.3330429],[-121.9034791,37.3329365],[-121.9034791,37.3329365],[-121.9034361,37.3327575],[-121.9034196,37.332664],[-121.9034196,37.332664],[-121.903392,37.3324292],[-121.9033809,37.3323111],[-121.9033575,37.3319959],[-121.9033575,37.3319959],[-121.9033426,37.3318404],[-121.9033391,37.3317744],[-121.9033426,37.3318404],[-121.9033805,37.3312578],[-121.9033635,37.331364],[-121.9033499,37.3315169],[-121.9033397,37.3316996],[-121.9033391,37.3317744],[-121.903462,37.3291092],[-121.9035537,37.3303166],[-121.9035569,37.3305225],[-121.9035487,37.3306127],[-121.9035233,37.330743],[-121.9034813,37.3308968],[-121.9034158,37.3311129],[-121.9033805,37.3312578]]}},{"type":"Feature","properties":{"id":"line-Weekend Post-Game","name":"Weekend Post-Game","ref":"Weekend Post-Game","mode":"train"},"geometry":{"type":"LineString","coordinates":[[-122.3948913,37.7764459],[-122.3951912,37.7762097],[-122.3963581,37.7752904],[-122.3963753,37.7753041],[-122.3963968,37.7753211],[-122.3952299,37.7762404],[-122.3949302,37.7764766],[-122.3949122,37.7764624],[-122.3948913,37.7764459],[-122.3924271,37.756541],[-122.3924364,37.757098],[-122.3924471,37.7573717],[-122.3924534,37.7575497],[-122.3925071,37.7581243],[-122.4019355,37.7086324],[-122.4019408,37.7067116],[-122.4019696,37.7067119],[-122.4020057,37.7067121],[-122.4020056,37.7076257],[-122.4020051,37.7077361],[-122.4019941,37.7086327],[-122.4019669,37.7086326],[-122.4019355,37.7086324],[-122.4051579,37.6558523],[-122.4067224,37.6542354],[-122.4109517,37.629184],[-122.4110351,37.6293278],[-122.4110583,37.6293677],[-122.4111187,37.6294719],[-122.4112642,37.6297227],[-122.4114235,37.6299973],[-122.411724,37.6305153],[-122.4119187,37.630851],[-122.4120111,37.6310101],[-122.4120209,37.6310271],[-122.3611742,37.5869162],[-122.3611849,37.5869001],[-122.361196,37.5868835],[-122.3627369,37.5875281],[-122.3627256,37.5875451],[-122.362715,37.5875611],[-122.3625222,37.5874804],[-122.3622276,37.5873571],[-122.3617903,37.5871741],[-122.3611742,37.5869162],[-122.34512,37.5801675],[-122.3432159,37.5793661],[-122.3432175,37.5793596],[-122.34323,37.5793391],[-122.3432358,37.5793296],[-122.344514,37.5798661],[-122.3445276,37.5798714],[-122.3445631,37.5798477],[-122.3445722,37.5798549],[-122.3446619,37.579893],[-122.344679,37.5798995],[-122.3448579,37.579973],[-122.3448696,37.5799712],[-122.3448909,37.5799765],[-122.3449332,37.5799866],[-122.3450267,37.5800259],[-122.3451708,37.5800865],[-122.3451469,37.5801246],[-122.3451249,37.5801598],[-122.34512,37.5801675],[-122.3249388,37.569002],[-122.3247081,37.5687894],[-122.3247224,37.5687754],[-122.3247359,37.5687624],[-122.32459,37.5686595],[-122.3243169,37.5684048],[-122.3242664,37.5683577],[-122.3242107,37.5683057],[-122.3241519,37.5682508],[-122.3241139,37.5682154],[-122.3241102,37.5682112],[-122.324044,37.5681514],[-122.3236749,37.567814],[-122.3236358,37.5677784],[-122.3235307,37.5676824],[-122.3235158,37.5676926],[-122.3234911,37.5677094],[-122.3249126,37.5690199],[-122.3249388,37.569002],[-122.3093196,37.5523395],[-122.3093339,37.5523353],[-122.30943,37.5525418],[-122.3094532,37.552535],[-122.3094758,37.5525837],[-122.3094552,37.5525897],[-122.3095962,37.5528929],[-122.3096047,37.5529113],[-122.3096097,37.5529219],[-122.3100634,37.5538975],[-122.3100436,37.5539033],[-122.3100292,37.5539078],[-122.3099929,37.5539181],[-122.3092656,37.5523553],[-122.3093196,37.5523395],[-122.3018606,37.5426229],[-122.3004761,37.5409889],[-122.2769096,37.5218008],[-122.2769678,37.5217566],[-122.2755181,37.5205571],[-122.2754906,37.520578],[-122.2754599,37.5206014],[-122.2769096,37.5218008],[-122.2609907,37.5086235],[-122.2595651,37.5073835],[-122.2595817,37.5073715],[-122.2596228,37.5073418],[-122.2596569,37.5073714],[-122.2596471,37.5073785],[-122.2596372,37.5073857],[-122.2597392,37.5074744],[-122.2598534,37.5075738],[-122.2604964,37.5081333],[-122.2605228,37.5081563],[-122.2610284,37.5085962],[-122.2610118,37.5086082],[-122.2609907,37.5086235],[-122.2306404,37.4852481],[-122.232286,37.4862836],[-122.2322903,37.4862793],[-122.2322953,37.4862742],[-122.2323149,37.4862547],[-122.2323183,37.4862513],[-122.2322854,37.4862313],[-122.2322515,37.48621],[-122.2321885,37.4861695],[-122.2318152,37.4859346],[-122.2314588,37.4857102],[-122.231098,37.4854831],[-122.2310668,37.4854634],[-122.2307251,37.4852483],[-122.2307082,37.4852377],[-122.230673,37.4852155],[-122.2306588,37.4852297],[-122.2306517,37.4852368],[-122.230646,37.4852425],[-122.2306404,37.4852481],[-122.1815092,37.4542025],[-122.1815224,37.4541893],[-122.1818545,37.454399],[-122.182011,37.4544989],[-122.1822822,37.4546691],[-122.182326,37.4546968],[-122.1823416,37.4547066],[-122.1823459,37.4547023],[-122.1823553,37.4547083],[-122.1824219,37.454751],[-122.1826993,37.4549288],[-122.1827053,37.4549329],[-122.1827733,37.454975],[-122.1828582,37.4550267],[-122.182878,37.4550387],[-122.1828894,37.4550456],[-122.1832063,37.4552508],[-122.1831899,37.4552668],[-122.1831693,37.4552857],[-122.1814897,37.454222],[-122.1815092,37.4542025],[-122.1656672,37.44393],[-122.1636403,37.4426521],[-122.1636479,37.4426445],[-122.1636725,37.4426199],[-122.1639504,37.4427951],[-122.1641539,37.442924],[-122.1641971,37.4429509],[-122.164262,37.442992],[-122.1643634,37.4430558],[-122.16443,37.4431038],[-122.1645249,37.4431575],[-122.1647241,37.4432829],[-122.1647513,37.443256],[-122.1648798,37.4433375],[-122.1648912,37.4433449],[-122.1649281,37.443369],[-122.1649244,37.4433726],[-122.1653125,37.4436184],[-122.1653944,37.4436702],[-122.1654314,37.4436333],[-122.165518,37.4436881],[-122.1654805,37.4437254],[-122.1654432,37.4437018],[-122.1654366,37.4437085],[-122.1654293,37.4437153],[-122.1654469,37.4437264],[-122.1654404,37.4437328],[-122.1654331,37.4437401],[-122.1656439,37.4438733],[-122.1656714,37.443846],[-122.1657208,37.4438764],[-122.1656756,37.4439216],[-122.1656672,37.44393],[-122.1578682,37.4392965],[-122.1564741,37.4384183],[-122.1564589,37.4384088],[-122.1563436,37.4383362],[-122.1561535,37.4382164],[-122.1554613,37.4377804],[-122.1420184,37.4293222],[-122.1420283,37.4293116],[-122.1420427,37.429296],[-122.1420338,37.4292786],[-122.141984,37.4292475],[-122.1419497,37.4292267],[-122.1418863,37.4291871],[-122.1418227,37.4291473],[-122.14183,37.42914],[-122.1418236,37.4291359],[-122.1415745,37.4289788],[-122.1415669,37.4289749],[-122.1414931,37.4289369],[-122.1414838,37.4289322],[-122.1411176,37.428703],[-122.1409509,37.4285969],[-122.1409381,37.4285889],[-122.1409204,37.4285908],[-122.1408883,37.4285716],[-122.1408597,37.4285547],[-122.1408578,37.4285443],[-122.1408501,37.428539],[-122.1408258,37.4285224],[-122.1408383,37.4285089],[-122.1408202,37.4284972],[-122.1407857,37.428475],[-122.1407519,37.4284533],[-122.1407232,37.4284565],[-122.1406581,37.4284161],[-122.1406544,37.4284199],[-122.1406214,37.4284],[-122.1406256,37.4283964],[-122.1406564,37.4283935],[-122.1405559,37.4283287],[-122.1405593,37.4283541],[-122.1405562,37.4283574],[-122.1405286,37.4283397],[-122.140528,37.4283323],[-122.1403037,37.428193],[-122.1402734,37.4282244],[-122.1420184,37.4293222],[-122.1083127,37.408032],[-122.1066646,37.4069934],[-122.1066805,37.4069775],[-122.1066963,37.4069617],[-122.1070896,37.4072095],[-122.1071036,37.4071954],[-122.1071654,37.4072343],[-122.1071504,37.4072493],[-122.1071599,37.4072553],[-122.1073259,37.4073599],[-122.1074515,37.4074389],[-122.1074687,37.4074216],[-122.1075323,37.4074616],[-122.107515,37.4074789],[-122.1076665,37.4075743],[-122.1076846,37.4075561],[-122.1077283,37.4075837],[-122.1077094,37.4076026],[-122.1077378,37.4076205],[-122.1079171,37.4077334],[-122.1079336,37.4077169],[-122.1079993,37.4077582],[-122.1079849,37.4077727],[-122.1080896,37.4078387],[-122.108345,37.4079996],[-122.1083285,37.4080162],[-122.1083127,37.408032],[-122.0766039,37.3946513],[-122.0747351,37.3939063],[-122.0747499,37.3938827],[-122.0747567,37.393872],[-122.0747757,37.3938796],[-122.0758247,37.394296],[-122.0759637,37.3943513],[-122.0765498,37.394584],[-122.0766087,37.3946092],[-122.0766152,37.3946205],[-122.0766139,37.3946375],[-122.0766039,37.3946513],[-122.0324628,37.3791589],[-122.0324779,37.3791301],[-122.0324842,37.3791181],[-122.0305561,37.3784802],[-122.0305518,37.3784884],[-122.0305346,37.3785212],[-122.0324628,37.3791589],[-121.9957375,37.3703795],[-121.9957338,37.3704342],[-121.998137,37.3705352],[-121.9981406,37.3704805],[-121.9975065,37.3704538],[-121.9975047,37.3704812],[-121.996759,37.3704498],[-121.9967599,37.370436],[-121.9967608,37.3704225],[-121.9967448,37.3704218],[-121.9961907,37.3703985],[-121.9957375,37.3703795],[-121.9377784,37.3539972],[-121.9376044,37.3539168],[-121.9374105,37.3538267],[-121.9371044,37.3536778],[-121.9370755,37.3536639],[-121.9368776,37.3535674],[-121.9365693,37.3534123],[-121.935681,37.3529644],[-121.9356957,37.3529459],[-121.9363397,37.3532704],[-121.9363527,37.3532542],[-121.9365972,37.3533775],[-121.936905,37.3535326],[-121.9371022,37.3536286],[-121.9371314,37.3536428],[-121.937437,37.3537914],[-121.9376357,37.3538836],[-121.9378044,37.3539617],[-121.9377784,37.3539972],[-121.9035295,37.3306126],[-121.9034751,37.3306153],[-121.9034688,37.3305401],[-121.9034614,37.3304362],[-121.9032108,37.3271752],[-121.9032638,37.3271714],[-121.9032877,37.3272636],[-121.903306,37.3273762],[-121.9033218,37.3275045],[-121.9034835,37.329602],[-121.903502,37.3298373],[-121.9035358,37.3303182],[-121.9035411,37.3304449],[-121.903538,37.3305226],[-121.9035295,37.3306126],[-122.3949849,37.7764495],[-122.3964103,37.7753252],[-122.3969319,37.7749153],[-122.397568,37.7744135],[-122.3979028,37.7741495],[-122.3981407,37.773963],[-122.3987002,37.7735243],[-122.3987002,37.7735243],[-122.3992256,37.7731035],[-122.3992256,37.7731035],[-122.3996443,37.7727719],[-122.3997229,37.772712],[-122.3998323,37.7726232],[-122.3999151,37.7725542],[-122.3999151,37.7725542],[-122.3999905,37.7724865],[-122.4000599,37.7724117],[-122.4001309,37.7723229],[-122.40019,37.7722341],[-122.4002477,37.7721371],[-122.4002891,37.7720483],[-122.400326,37.7719478],[-122.4003511,37.7718648],[-122.400377,37.7717443],[-122.4003852,37.7716362],[-122.4003861,37.771531],[-122.4003779,37.7714345],[-122.4003641,37.7713431],[-122.3997657,37.7704732],[-122.3998776,37.7705653],[-122.3999887,37.7706647],[-122.4000768,37.7707627],[-122.4001567,37.7708679],[-122.4002347,37.7709919],[-122.4002879,37.7711037],[-122.4003283,37.7712096],[-122.4003641,37.7713431],[-122.3997657,37.7704732],[-122.3992489,37.7700669],[-122.3989307,37.7698137],[-122.3985735,37.7695295],[-122.3984773,37.7694516],[-122.3984098,37.7693978],[-122.3983383,37.769339],[-122.3977008,37.7688321],[-122.3967813,37.7680986],[-122.3967813,37.7680986],[-122.3958338,37.7673602],[-122.395151,37.7668281],[-122.3950004,37.7667081],[-122.3949719,37.7666857],[-122.3948815,37.7666133],[-122.3947384,37.7665023],[-122.3946602,37.7664403],[-122.3940747,37.765973],[-122.3937995,37.7657241],[-122.3935639,37.7654511],[-122.3933711,37.7651577],[-122.3932241,37.7648483],[-122.3931248,37.7645272],[-122.3930747,37.764199],[-122.3930034,37.7634887],[-122.3929965,37.7634195],[-122.3929965,37.7634195],[-122.3925175,37.7584504],[-122.3925175,37.7584504],[-122.3924684,37.758],[-122.3924326,37.7575487],[-122.3924101,37.7570969],[-122.392401,37.7566448],[-122.3924036,37.7562645],[-122.3924156,37.7558842],[-122.3924315,37.7556025],[-122.3924371,37.7555043],[-122.3924617,37.7552018],[-122.392468,37.7551247],[-122.3925083,37.7547457],[-122.3925083,37.7547457],[-122.3926313,37.7537259],[-122.3929137,37.751799],[-122.3929137,37.751799],[-122.3929245,37.7517257],[-122.3929321,37.7516782],[-122.3929321,37.7516782],[-122.3931314,37.7501776],[-122.3931314,37.7501776],[-122.3931354,37.7501488],[-122.3931431,37.7500935],[-122.3931431,37.7500935],[-122.3932019,37.7496552],[-122.3932019,37.7496552],[-122.393341,37.748678],[-122.393341,37.748678],[-122.393365,37.7484681],[-122.393365,37.7484681],[-122.3934898,37.7474835],[-122.3935363,37.7471841],[-122.393694,37.7461048],[-122.393694,37.7461048],[-122.3937304,37.745816],[-122.3937304,37.745816],[-122.3939597,37.7443163],[-122.3943173,37.7417923],[-122.3943173,37.7417923],[-122.394379,37.7413426],[-122.394379,37.7413426],[-122.3945845,37.7397315],[-122.3945886,37.7397004],[-122.3947731,37.7384243],[-122.3947974,37.738256],[-122.3947974,37.738256],[-122.3948814,37.7375979],[-122.3950097,37.7367115],[-122.3950097,37.7367115],[-122.3959137,37.7302309],[-122.3959137,37.7302309],[-122.3960071,37.7295925],[-122.3961491,37.728527],[-122.3961491,37.728527],[-122.3961756,37.728284],[-122.3964559,37.7262093],[-122.3965193,37.7257828],[-122.3965852,37.7253762],[-122.396637,37.7250772],[-122.3966479,37.7250142],[-122.3967348,37.7246279],[-122.3968214,37.724263],[-122.3969434,37.7238365],[-122.3969657,37.7237644],[-122.3969657,37.7237644],[-122.3970758,37.7234087],[-122.3973432,37.7226883],[-122.3973432,37.7226883],[-122.3978848,37.7211729],[-122.3978848,37.7211729],[-122.4010611,37.7123973],[-122.4012505,37.7117798],[-122.4012505,37.7117798],[-122.4012903,37.7116416],[-122.4012903,37.7116416],[-122.4014393,37.7111918],[-122.4014692,37.7111114],[-122.4015177,37.7109812],[-122.4015887,37.7107746],[-122.4016538,37.7105713],[-122.4017128,37.7103453],[-122.4017611,37.7101353],[-122.4018252,37.7098894],[-122.4018622,37.7096513],[-122.4018869,37.7094621],[-122.4018928,37.7093783],[-122.4019098,37.7091373],[-122.4019176,37.7089131],[-122.4019162,37.7087013],[-122.4019162,37.7087013],[-122.4019198,37.7076354],[-122.4019193,37.7068549],[-122.4019206,37.7066413],[-122.4019117,37.7039937],[-122.4019148,37.7037541],[-122.4019202,37.6991801],[-122.4019163,37.6988949],[-122.4019224,37.6966847],[-122.4019094,37.6956538],[-122.4019011,37.6952834],[-122.4018809,37.6949235],[-122.4018496,37.6945126],[-122.4018006,37.6940833],[-122.4017393,37.6936722],[-122.4016629,37.6932666],[-122.4015581,37.6927921],[-122.4014349,37.6923044],[-122.4013285,37.6919392],[-122.4012036,37.6915558],[-122.4011485,37.6913981],[-122.4010051,37.6910055],[-122.4008253,37.6905683],[-122.4006378,37.6901427],[-122.40045,37.6897613],[-122.4002482,37.6893707],[-122.4000174,37.6889524],[-122.3998168,37.6886282],[-122.3996124,37.6883035],[-122.3993664,37.6879418],[-122.399091,37.6875615],[-122.3987766,37.6871519],[-122.398598,37.6869294],[-122.3960251,37.6838532],[-122.3957971,37.6835966],[-122.3956334,37.6834163],[-122.3951707,37.6829063],[-122.3951707,37.6829063],[-122.3950145,37.6827235],[-122.394874,37.6825591],[-122.394874,37.6825591],[-122.3935542,37.6810569],[-122.3928901,37.6802767],[-122.3913899,37.6784906],[-122.3910845,37.6781125],[-122.3910845,37.6781125],[-122.390818,37.6777591],[-122.390556,37.6773665],[-122.3903397,37.67699],[-122.3901585,37.6766194],[-122.3900073,37.6762469],[-122.3898684,37.6758275],[-122.3897724,37.6754418],[-122.3897164,37.6751396],[-122.389701,37.6750458],[-122.3896876,37.6749444],[-122.3896503,37.674644],[-122.3896424,37.6742313],[-122.3896561,37.6738319],[-122.3896863,37.6734619],[-122.3897672,37.6730751],[-122.3898677,37.6726703],[-122.3899805,37.6722904],[-122.3901395,37.671921],[-122.3903259,37.6715317],[-122.390547,37.6711425],[-122.3908,37.6707566],[-122.3910339,37.6704491],[-122.3910339,37.6704491],[-122.3912465,37.6701842],[-122.391385,37.6700261],[-122.3920016,37.6693812],[-122.3923697,37.6689962],[-122.3929549,37.668391],[-122.3929549,37.668391],[-122.393157,37.668182],[-122.393157,37.668182],[-122.3936542,37.6676678],[-122.3942443,37.6670569],[-122.3958423,37.6654025],[-122.3967897,37.664428],[-122.3978183,37.663363],[-122.3988072,37.6623424],[-122.4008303,37.660249],[-122.4029891,37.6580202],[-122.4031534,37.6578586],[-122.4032195,37.6577922],[-122.4033477,37.6576633],[-122.4033477,37.6576633],[-122.4039004,37.65713],[-122.4042611,37.6567793],[-122.4051085,37.655933],[-122.4051666,37.6558745],[-122.4065013,37.6544886],[-122.4067989,37.6541789],[-122.4074162,37.6535089],[-122.4076697,37.6532045],[-122.4079164,37.6528966],[-122.4084095,37.6522497],[-122.408804,37.6517205],[-122.4097172,37.6505764],[-122.4097172,37.6505764],[-122.4101047,37.6501017],[-122.4103192,37.6498352],[-122.4105526,37.6495316],[-122.4107377,37.6492746],[-122.4109456,37.6489783],[-122.4111414,37.6486726],[-122.4113372,37.648355],[-122.4115222,37.6480386],[-122.4117194,37.6476903],[-122.4119085,37.6472932],[-122.41206,37.6469736],[-122.4121995,37.6466358],[-122.4122438,37.6465346],[-122.4123559,37.6462586],[-122.4124902,37.6458696],[-122.4126059,37.6455219],[-122.412708,37.6451758],[-122.4128044,37.6448027],[-122.4128773,37.6444838],[-122.4129439,37.6441553],[-122.4130007,37.643825],[-122.4130468,37.6435093],[-122.4130884,37.6431794],[-122.4131174,37.642847],[-122.4131489,37.6426212],[-122.4131616,37.6423645],[-122.413167,37.6422637],[-122.4131681,37.6421472],[-122.4131719,37.6418493],[-122.413162,37.640783],[-122.413149,37.6393864],[-122.413149,37.6393864],[-122.4131487,37.6392476],[-122.4131487,37.6392476],[-122.413129,37.6378445],[-122.4131198,37.6371933],[-122.4131181,37.6371164],[-122.4130873,37.6345688],[-122.4130873,37.6345688],[-122.413051,37.6338498],[-122.4130041,37.6334961],[-122.4129452,37.6331881],[-122.4129452,37.6331881],[-122.4128593,37.632862],[-122.4127587,37.6325498],[-122.4126353,37.6322386],[-122.4124851,37.6319147],[-122.4123435,37.6316379],[-122.4121919,37.631366],[-122.4121919,37.631366],[-122.4121347,37.63127],[-122.4118914,37.6308615],[-122.411883,37.6308475],[-122.411883,37.6308475],[-122.4117071,37.6305393],[-122.4117071,37.6305393],[-122.4116997,37.6305251],[-122.4112642,37.6297551],[-122.4112642,37.6297551],[-122.4112551,37.6297389],[-122.4111048,37.6294868],[-122.4110939,37.6294691],[-122.4110939,37.6294691],[-122.4110046,37.6293109],[-122.4101409,37.6278019],[-122.4094419,37.6265948],[-122.4094419,37.6265948],[-122.4093163,37.6263747],[-122.4093163,37.6263747],[-122.4091866,37.6261494],[-122.4079607,37.6240188],[-122.4077712,37.6236925],[-122.4077712,37.6236925],[-122.4076828,37.6235402],[-122.4073649,37.6230114],[-122.4070358,37.6224927],[-122.4068352,37.6221997],[-122.4066275,37.6219055],[-122.406482,37.6217037],[-122.4061596,37.6212783],[-122.4055101,37.6204149],[-122.4048115,37.6195193],[-122.4041506,37.6186633],[-122.4040688,37.6185573],[-122.401907,37.6156901],[-122.3998229,37.6129349],[-122.3995246,37.6125546],[-122.3992268,37.6121902],[-122.3989248,37.6118463],[-122.3986291,37.611526],[-122.3982904,37.6111828],[-122.3966236,37.6095175],[-122.39656,37.609454],[-122.3964977,37.6093929],[-122.3964196,37.609316],[-122.3960349,37.608937],[-122.3960349,37.608937],[-122.3938171,37.6067615],[-122.3937901,37.6067349],[-122.3937901,37.6067349],[-122.3934072,37.6063582],[-122.3917504,37.6047269],[-122.3903256,37.603324],[-122.3877719,37.6008184],[-122.3877719,37.6008184],[-122.3863184,37.5993937],[-122.386146,37.599214],[-122.386146,37.599214],[-122.3860743,37.5991429],[-122.3857176,37.5987997],[-122.3845214,37.5975894],[-122.3841482,37.597237],[-122.3837765,37.5969143],[-122.3833219,37.5965671],[-122.3828808,37.5962621],[-122.3823982,37.5959609],[-122.3823379,37.5959272],[-122.3819229,37.5956955],[-122.3814099,37.595438],[-122.3808354,37.5951862],[-122.3799244,37.5948027],[-122.3791937,37.594495],[-122.3781507,37.5940671],[-122.3781507,37.5940671],[-122.3778961,37.5939605],[-122.3778961,37.5939605],[-122.3748873,37.5926954],[-122.3748873,37.5926954],[-122.3747021,37.5926172],[-122.372567,37.5917156],[-122.370301,37.5907639],[-122.3670357,37.5893938],[-122.3660791,37.5889927],[-122.3635633,37.5879381],[-122.3634353,37.5878844],[-122.3633247,37.5878381],[-122.3632257,37.5877958],[-122.3631467,37.5877621],[-122.3627021,37.5875721],[-122.3625133,37.5874931],[-122.3622196,37.5873693],[-122.3618828,37.5872277],[-122.3617822,37.587186],[-122.3613061,37.586987],[-122.359982,37.586435],[-122.3578964,37.5855586],[-122.3578964,37.5855586],[-122.3577494,37.5854952],[-122.3577494,37.5854952],[-122.3554629,37.5845259],[-122.3509893,37.5826578],[-122.3508454,37.5825947],[-122.3507402,37.5825484],[-122.350658,37.582514],[-122.3505148,37.5824537],[-122.3504851,37.5824413],[-122.3455165,37.5803561],[-122.3454651,37.5803341],[-122.3454178,37.5803135],[-122.3453332,37.5802769],[-122.3443473,37.5798515],[-122.3433269,37.5794331],[-122.342963,37.5792808],[-122.3429012,37.5792548],[-122.3428253,37.5792224],[-122.3427706,37.5791996],[-122.340921,37.5784153],[-122.3408639,37.5783911],[-122.3407977,37.5783669],[-122.3407396,37.5783424],[-122.3388685,37.5775529],[-122.3387952,37.5775219],[-122.338717,37.5774924],[-122.3386406,37.5774604],[-122.3348921,37.5758889],[-122.3347825,37.575843],[-122.3347256,37.5758191],[-122.3346735,37.5757958],[-122.3346142,37.5757709],[-122.333894,37.5754683],[-122.333093,37.57513],[-122.3327085,37.5749559],[-122.3324192,37.5748108],[-122.3323665,37.5747843],[-122.3323157,37.5747612],[-122.3322587,37.5747333],[-122.3317701,37.5744945],[-122.3313397,37.5742573],[-122.3307568,37.5739156],[-122.3307568,37.5739156],[-122.3306168,37.5738325],[-122.3306168,37.5738325],[-122.3301057,37.5735073],[-122.3296581,37.573207],[-122.3291835,37.5728648],[-122.3288158,37.5725835],[-122.3288158,37.5725835],[-122.3286898,37.5724852],[-122.3286898,37.5724852],[-122.3283872,37.572241],[-122.3279028,37.5718253],[-122.3273535,37.5713223],[-122.3273535,37.5713223],[-122.3272395,37.5712158],[-122.3272395,37.5712158],[-122.3258836,37.569959],[-122.3258836,37.569959],[-122.3257745,37.5698569],[-122.3257745,37.5698569],[-122.3255793,37.5696797],[-122.3253917,37.5695035],[-122.3248978,37.5690307],[-122.3247851,37.5689269],[-122.3247059,37.568854],[-122.3235777,37.5678148],[-122.3233985,37.56765],[-122.3233299,37.567587],[-122.3232674,37.5675296],[-122.3225613,37.5668858],[-122.3224875,37.5668185],[-122.322413,37.5667501],[-122.3217234,37.5661173],[-122.3216389,37.5660398],[-122.3215749,37.5659746],[-122.3210787,37.5655183],[-122.3208086,37.5652674],[-122.320391,37.5648998],[-122.3202133,37.5647374],[-122.3201331,37.5646641],[-122.3199344,37.5644781],[-122.3199344,37.5644781],[-122.3176174,37.5623541],[-122.3176174,37.5623541],[-122.3174205,37.5621725],[-122.3171988,37.5619705],[-122.3163714,37.561217],[-122.3158455,37.560736],[-122.3153249,37.5602591],[-122.3151056,37.5600584],[-122.3128318,37.5579688],[-122.3128318,37.5579688],[-122.3125044,37.5576614],[-122.3121627,37.5573197],[-122.3118659,37.5569986],[-122.3117863,37.556907],[-122.3116079,37.556702],[-122.3113455,37.5563615],[-122.3111064,37.5560334],[-122.3108586,37.5556581],[-122.3106456,37.5552954],[-122.3104705,37.5549776],[-122.3102831,37.5546019],[-122.3100739,37.5541353],[-122.3100084,37.5539918],[-122.309602,37.5531173],[-122.3093459,37.5525875],[-122.3092181,37.5523138],[-122.3089564,37.5518336],[-122.3087667,37.5514754],[-122.3085487,37.5510783],[-122.3082295,37.5505403],[-122.3078486,37.5499448],[-122.3078486,37.5499448],[-122.3077038,37.5497428],[-122.3074168,37.549343],[-122.3071647,37.5489922],[-122.3068482,37.5486115],[-122.3063359,37.5480139],[-122.30566,37.5472122],[-122.3051262,37.5465849],[-122.3043884,37.545696],[-122.3043671,37.5456704],[-122.3043671,37.5456704],[-122.3041767,37.5454407],[-122.3041767,37.5454407],[-122.3039192,37.5451451],[-122.3035249,37.5446475],[-122.3031145,37.544118],[-122.3028812,37.5438138],[-122.3024842,37.5433396],[-122.3017598,37.5424699],[-122.3017598,37.5424699],[-122.3015741,37.5422515],[-122.3015741,37.5422515],[-122.3009297,37.5414891],[-122.3006639,37.5411766],[-122.3004983,37.5409792],[-122.3000515,37.54046],[-122.2993809,37.5397082],[-122.3006639,37.5411766],[-122.3005096,37.5409927],[-122.3004983,37.5409792],[-122.2993809,37.5397082],[-122.299161,37.5394806],[-122.299161,37.5394806],[-122.2988445,37.5391839],[-122.2984059,37.538766],[-122.2975745,37.537961],[-122.2975745,37.537961],[-122.297158,37.5375565],[-122.297158,37.5375565],[-122.2969125,37.5373013],[-122.2969125,37.5373013],[-122.2958244,37.5361486],[-122.2956453,37.5359411],[-122.2954066,37.5357014],[-122.2949657,37.5352645],[-122.2945072,37.5348505],[-122.2940242,37.5344326],[-122.2934651,37.5339921],[-122.2917842,37.5327106],[-122.2914249,37.5324421],[-122.2910674,37.5321819],[-122.2903145,37.5316526],[-122.2891272,37.530852],[-122.2891272,37.530852],[-122.2887786,37.5306179],[-122.2884563,37.5304015],[-122.2884563,37.5304015],[-122.287492,37.5297539],[-122.2832166,37.5268757],[-122.2826558,37.526488],[-122.2820819,37.5260543],[-122.2815277,37.5256072],[-122.2813044,37.5254219],[-122.280793,37.5249973],[-122.2801045,37.5244269],[-122.2801045,37.5244269],[-122.2800715,37.5243988],[-122.2800715,37.5243988],[-122.2790271,37.5235298],[-122.278872,37.5233886],[-122.278872,37.5233886],[-122.2778183,37.522462],[-122.2773386,37.5220467],[-122.2765744,37.5214128],[-122.2765744,37.5214128],[-122.27635,37.5212276],[-122.27621,37.5211147],[-122.27621,37.5211147],[-122.2759262,37.520873],[-122.2759262,37.520873],[-122.2757773,37.5207498],[-122.2756599,37.5206539],[-122.2756316,37.5206302],[-122.2754978,37.5205186],[-122.2753234,37.5203743],[-122.2753234,37.5203743],[-122.2750923,37.5201746],[-122.2747992,37.5199353],[-122.2741368,37.5194157],[-122.2733541,37.5188089],[-122.2718041,37.5175352],[-122.2718041,37.5175352],[-122.2712697,37.5171152],[-122.2712697,37.5171152],[-122.2708619,37.5168223],[-122.2702678,37.5163959],[-122.2688273,37.5153538],[-122.268456,37.5150761],[-122.2679158,37.5146522],[-122.2672063,37.514073],[-122.266676,37.5136162],[-122.2646813,37.5118826],[-122.2642923,37.5115342],[-122.2635191,37.5108484],[-122.2632547,37.5106139],[-122.2628544,37.5102713],[-122.2621917,37.5097041],[-122.2614914,37.5090856],[-122.2614914,37.5090856],[-122.2612056,37.5088408],[-122.2612056,37.5088408],[-122.2609687,37.5086296],[-122.2598127,37.5076204],[-122.259667,37.5074922],[-122.2581995,37.5062156],[-122.2568099,37.5050153],[-122.2554902,37.5038439],[-122.2548658,37.5032987],[-122.2523231,37.5010787],[-122.2523231,37.5010787],[-122.2520613,37.5008494],[-122.2520613,37.5008494],[-122.2507013,37.499663],[-122.2500441,37.4990855],[-122.2500441,37.4990855],[-122.2497783,37.4988532],[-122.2497783,37.4988532],[-122.2471539,37.4965823],[-122.2471539,37.4965823],[-122.245952,37.4955315],[-122.2447608,37.4944972],[-122.2442835,37.4941055],[-122.2442835,37.4941055],[-122.2441879,37.494027],[-122.2441879,37.494027],[-122.2441643,37.4940077],[-122.2436407,37.4936038],[-122.2429084,37.4930666],[-122.2423486,37.4926756],[-122.2418202,37.4923263],[-122.239785,37.4910358],[-122.239651,37.4909509],[-122.239651,37.4909509],[-122.2395972,37.4909168],[-122.2394872,37.4908471],[-122.2393577,37.4907653],[-122.2392821,37.4907185],[-122.2385034,37.4902314],[-122.2375071,37.4896038],[-122.237238,37.4894343],[-122.2351187,37.4880941],[-122.2350638,37.4880592],[-122.2349579,37.4879906],[-122.2348612,37.4879295],[-122.2348293,37.487909],[-122.2326665,37.4865484],[-122.2325899,37.486496],[-122.232507,37.4864451],[-122.2324687,37.4864221],[-122.2316288,37.485892],[-122.2308757,37.4854168],[-122.2305495,37.485211],[-122.2297508,37.4847126],[-122.22924,37.4843938],[-122.2290227,37.4842528],[-122.2290227,37.4842528],[-122.2285914,37.4839817],[-122.2285914,37.4839817],[-122.2281157,37.483682],[-122.2271811,37.4830917],[-122.2263822,37.4825858],[-122.2263001,37.4825304],[-122.2262256,37.4824842],[-122.2254033,37.4819746],[-122.2252255,37.4818644],[-122.2250694,37.4817657],[-122.224041,37.4811154],[-122.2233964,37.4807068],[-122.2233964,37.4807068],[-122.2233793,37.480696],[-122.2229533,37.4804239],[-122.2228901,37.48038],[-122.2227225,37.480277],[-122.2225391,37.4801616],[-122.2225391,37.4801616],[-122.2213269,37.479402],[-122.2207933,37.4790625],[-122.2204733,37.4788671],[-122.2198896,37.4784901],[-122.2194125,37.4781958],[-122.2189366,37.4778901],[-122.2189158,37.4778752],[-122.2189158,37.4778752],[-122.2181447,37.4773913],[-122.2175089,37.4769913],[-122.2167346,37.4765038],[-122.2137892,37.4746466],[-122.2119116,37.4734619],[-122.2119116,37.4734619],[-122.2112045,37.4730174],[-122.2104729,37.47255],[-122.2093622,37.4718487],[-122.2089827,37.4716091],[-122.2072306,37.4705047],[-122.2064477,37.4700105],[-122.2064477,37.4700105],[-122.2062831,37.4699097],[-122.2062831,37.4699097],[-122.205836,37.4696265],[-122.205836,37.4696265],[-122.2044409,37.4687483],[-122.2044409,37.4687483],[-122.2042923,37.4686541],[-122.2032185,37.4679741],[-122.2023111,37.4674066],[-122.1984263,37.4649504],[-122.1983212,37.4648833],[-122.1982425,37.4648328],[-122.1981922,37.4648019],[-122.1978652,37.4646003],[-122.1947362,37.4626183],[-122.1939188,37.4621028],[-122.1893777,37.459228],[-122.187881,37.458291],[-122.187601,37.458114],[-122.1864323,37.4573711],[-122.1863521,37.45732],[-122.1862787,37.4572737],[-122.1861637,37.457201],[-122.1835407,37.4555442],[-122.1834591,37.455493],[-122.183375,37.455438],[-122.1827414,37.4550307],[-122.1815968,37.4543145],[-122.1814159,37.4542013],[-122.1807701,37.4537807],[-122.1807006,37.4537349],[-122.1806021,37.4536701],[-122.1805377,37.45363],[-122.1805283,37.4536239],[-122.1788394,37.4525675],[-122.1786979,37.452479],[-122.1786979,37.452479],[-122.1757533,37.4506209],[-122.1757533,37.4506209],[-122.1755573,37.4504969],[-122.1726298,37.448645],[-122.1711267,37.4476942],[-122.1705474,37.4473221],[-122.1705474,37.4473221],[-122.170272,37.4471475],[-122.170272,37.4471475],[-122.169657,37.4467623],[-122.169559,37.4466966],[-122.169496,37.4466588],[-122.1688446,37.4462051],[-122.1681874,37.4457089],[-122.1679532,37.4455302],[-122.1676041,37.4452651],[-122.1672316,37.4449868],[-122.1667519,37.4446453],[-122.166404,37.4444193],[-122.1659659,37.4441347],[-122.165474,37.4438248],[-122.1650769,37.4435746],[-122.1643595,37.4431192],[-122.1637625,37.442744],[-122.162841,37.442165],[-122.1622547,37.4418128],[-122.1616255,37.4414677],[-122.1607906,37.4410245],[-122.1601633,37.4406893],[-122.1597058,37.4404459],[-122.159195,37.4401494],[-122.1587159,37.4398675],[-122.1579395,37.4393789],[-122.1569582,37.4387613],[-122.1564511,37.4384421],[-122.1563013,37.4383476],[-122.1563013,37.4383476],[-122.15611,37.4382289],[-122.15611,37.4382289],[-122.1555172,37.4378564],[-122.1519906,37.4356314],[-122.15183,37.4355306],[-122.1517421,37.4354746],[-122.1516428,37.4354122],[-122.1469281,37.4324362],[-122.1449984,37.4312213],[-122.142767,37.4298128],[-122.1421605,37.4294328],[-122.1416998,37.4291411],[-122.1412479,37.428855],[-122.1405581,37.4284201],[-122.1401988,37.4281942],[-122.1401988,37.4281942],[-122.1398053,37.4279497],[-122.1398053,37.4279497],[-122.1385083,37.4271292],[-122.138124,37.4268801],[-122.1377257,37.4266168],[-122.1373758,37.4263856],[-122.1368267,37.4260277],[-122.1363123,37.4257035],[-122.1355647,37.4252326],[-122.1354124,37.4251384],[-122.1352129,37.4250085],[-122.134705,37.4246865],[-122.1337318,37.4240727],[-122.1337318,37.4240727],[-122.1336744,37.4240366],[-122.1336744,37.4240366],[-122.1336435,37.4240171],[-122.1316229,37.4227436],[-122.1296099,37.4214737],[-122.1293005,37.4212811],[-122.1279287,37.4204271],[-122.1267666,37.4197229],[-122.1238286,37.4178732],[-122.1234537,37.417636],[-122.1233445,37.4175695],[-122.1232894,37.4175314],[-122.1232443,37.4175031],[-122.118765,37.4146711],[-122.118655,37.4146016],[-122.1185477,37.4145338],[-122.1155981,37.412672],[-122.1143564,37.411883],[-122.1141635,37.4117604],[-122.1141635,37.4117604],[-122.1128584,37.4109381],[-122.1119818,37.4103832],[-122.1112269,37.4099095],[-122.1112269,37.4099095],[-122.1110366,37.409789],[-122.1107861,37.4096305],[-122.1092028,37.408618],[-122.1085153,37.4081783],[-122.1077409,37.4076914],[-122.1068578,37.4071378],[-122.1060274,37.4066173],[-122.1055895,37.4063613],[-122.1051799,37.4061339],[-122.1047049,37.4058917],[-122.1041447,37.4056219],[-122.1036177,37.4053914],[-122.1029396,37.4051135],[-122.1020993,37.404784],[-122.1009861,37.4043395],[-122.0976888,37.4030298],[-122.0975899,37.4029902],[-122.0974732,37.4029439],[-122.097376,37.4029058],[-122.0972381,37.4028516],[-122.0935588,37.4014063],[-122.0934671,37.4013695],[-122.0917018,37.4006607],[-122.0911813,37.4004517],[-122.0880245,37.3992],[-122.0866789,37.398666],[-122.0854172,37.3981668],[-122.0837376,37.3974961],[-122.0818901,37.3967626],[-122.078338,37.3953552],[-122.0782337,37.3953119],[-122.0781272,37.3952677],[-122.0779827,37.3952078],[-122.0779061,37.395178],[-122.0767001,37.3946991],[-122.0753822,37.3941759],[-122.0749904,37.3940204],[-122.0746322,37.3938846],[-122.0697545,37.3919486],[-122.0697545,37.3919486],[-122.0696175,37.3918923],[-122.0696175,37.3918923],[-122.0694004,37.3918071],[-122.0671085,37.3908693],[-122.0661458,37.3904754],[-122.0661458,37.3904754],[-122.0657147,37.3903037],[-122.0657147,37.3903037],[-122.0634238,37.389402],[-122.0634238,37.389402],[-122.0627627,37.3891532],[-122.061829,37.3888234],[-122.0605728,37.3884066],[-122.0604846,37.3883775],[-122.0577449,37.3874741],[-122.0564086,37.3870419],[-122.0551617,37.3866528],[-122.0525287,37.385794],[-122.0461132,37.3836803],[-122.0449102,37.3832837],[-122.0447345,37.3832257],[-122.0445483,37.383165],[-122.0440451,37.3829993],[-122.0427949,37.3825922],[-122.0420908,37.3823584],[-122.0418635,37.382283],[-122.0418635,37.382283],[-122.040626,37.3818779],[-122.0385573,37.381196],[-122.0385573,37.381196],[-122.0383355,37.3811219],[-122.0341636,37.3797287],[-122.0326991,37.379245],[-122.0306841,37.3785792],[-122.0306841,37.3785792],[-122.03049,37.3785152],[-122.0286371,37.3779096],[-122.0285478,37.3778804],[-122.0284702,37.3778551],[-122.0283777,37.3778254],[-122.0282988,37.3777992],[-122.027562,37.3775544],[-122.0257469,37.3769514],[-122.025034,37.3767243],[-122.0236663,37.3762945],[-122.0218809,37.3757127],[-122.0211146,37.3754583],[-122.0209561,37.3754057],[-122.0209561,37.3754057],[-122.0199308,37.3750271],[-122.0195046,37.3748769],[-122.0181046,37.3744162],[-122.0176732,37.3742775],[-122.0171891,37.3741381],[-122.0167176,37.374013],[-122.0163085,37.3739099],[-122.0158037,37.3737961],[-122.0152977,37.3736899],[-122.0142713,37.3734854],[-122.0112341,37.3728669],[-122.0109542,37.3728099],[-122.010268,37.3726703],[-122.0076038,37.3721284],[-122.0052151,37.3716426],[-122.0021999,37.3710291],[-122.0012309,37.3708422],[-122.0006496,37.3707444],[-122.0000229,37.3706647],[-121.9994187,37.3706089],[-121.9984515,37.370559],[-121.9982132,37.3705483],[-121.9970389,37.3704956],[-121.9958048,37.370451],[-121.9958048,37.370451],[-121.9956483,37.3704427],[-121.9945322,37.3703953],[-121.9940478,37.3703756],[-121.9935922,37.370362],[-121.9931041,37.3703546],[-121.9925628,37.370355],[-121.991478,37.3703635],[-121.9902697,37.3703766],[-121.9900581,37.3703802],[-121.9889478,37.3703994],[-121.9876167,37.3704087],[-121.9854157,37.3704234],[-121.9829956,37.3704361],[-121.9826972,37.3704377],[-121.9812979,37.3704879],[-121.9812979,37.3704879],[-121.9811353,37.3704896],[-121.9803056,37.3704902],[-121.9794721,37.3704814],[-121.9790193,37.3704721],[-121.9785832,37.3704538],[-121.9783301,37.3704355],[-121.9777058,37.3703859],[-121.9771381,37.3703146],[-121.9771381,37.3703146],[-121.9764733,37.3702194],[-121.9764733,37.3702194],[-121.975552,37.3700437],[-121.9745206,37.3697966],[-121.9743518,37.3697479],[-121.9737539,37.3695753],[-121.9732044,37.3693988],[-121.9726736,37.3692015],[-121.9723759,37.3690892],[-121.9720146,37.368941],[-121.9708084,37.3684197],[-121.9687536,37.3675123],[-121.9687536,37.3675123],[-121.9684625,37.3673881],[-121.9684625,37.3673881],[-121.967359,37.36691],[-121.9661715,37.3663955],[-121.9607848,37.3640392],[-121.9584117,37.3630099],[-121.9582519,37.3629403],[-121.9524244,37.3604008],[-121.9519675,37.3602035],[-121.950372,37.3595145],[-121.950372,37.3595145],[-121.9474884,37.3582633],[-121.9474884,37.3582633],[-121.9472694,37.3581666],[-121.9472694,37.3581666],[-121.9455314,37.3574054],[-121.9439283,37.3567068],[-121.9435887,37.3565603],[-121.9433934,37.3564752],[-121.9423485,37.35602],[-121.9423485,37.35602],[-121.9420917,37.3559104],[-121.9420917,37.3559104],[-121.9410704,37.3554633],[-121.9410704,37.3554633],[-121.9392622,37.3546754],[-121.9388119,37.3544764],[-121.9381885,37.3541985],[-121.9375994,37.3539308],[-121.9372801,37.35378],[-121.936777,37.3535331],[-121.936029,37.3531592],[-121.936029,37.3531592],[-121.9345486,37.3524105],[-121.934484,37.3523776],[-121.9343678,37.3523188],[-121.9335747,37.3519184],[-121.9330543,37.3516541],[-121.9330543,37.3516541],[-121.9329957,37.3516244],[-121.9325094,37.3513792],[-121.9325094,37.3513792],[-121.9316547,37.3509476],[-121.9313689,37.350803],[-121.9312268,37.3507311],[-121.9294554,37.3498355],[-121.9278882,37.3490445],[-121.9261065,37.3481448],[-121.9237559,37.3469579],[-121.9222913,37.3462184],[-121.9216938,37.3459145],[-121.9205362,37.3453314],[-121.9196661,37.3448919],[-121.9183052,37.3442041],[-121.9174981,37.3437971],[-121.9166896,37.343387],[-121.9161195,37.3431008],[-121.9161195,37.3431008],[-121.915463,37.3427612],[-121.9154263,37.3427425],[-121.9152434,37.3426517],[-121.9150619,37.3425615],[-121.9145694,37.3423131],[-121.9145189,37.3422885],[-121.9145189,37.3422885],[-121.9133496,37.3416968],[-121.9133496,37.3416968],[-121.9130779,37.3415605],[-121.9129011,37.3414772],[-121.9127165,37.341401],[-121.9126784,37.3413836],[-121.9126784,37.3413836],[-121.9125668,37.3413421],[-121.912446,37.3412984],[-121.9123336,37.3412604],[-121.9123336,37.3412604],[-121.91201,37.341161],[-121.9115135,37.3410144],[-121.9112,37.3409114],[-121.9110541,37.3408579],[-121.9108925,37.3407887],[-121.9107416,37.3407207],[-121.9105947,37.3406486],[-121.9104582,37.3405763],[-121.9103249,37.3405012],[-121.9101883,37.3404182],[-121.9100568,37.3403329],[-121.9099305,37.3402436],[-121.9098064,37.340149],[-121.9096824,37.3400495],[-121.9095617,37.3399466],[-121.9090551,37.3394863],[-121.908849,37.3392861],[-121.9086988,37.3391168],[-121.9086085,37.3390033],[-121.9085235,37.3388886],[-121.9084412,37.3387641],[-121.9083635,37.3386378],[-121.9082568,37.3384371],[-121.9080481,37.3380105],[-121.9079203,37.3377527],[-121.9078442,37.3376158],[-121.9077618,37.3374794],[-121.9076602,37.3373275],[-121.9075483,37.3371795],[-121.9073821,37.3369872],[-121.9072022,37.3368045],[-121.9068711,37.3364973],[-121.9060412,37.3357388],[-121.9058181,37.3355322],[-121.9055698,37.3353056],[-121.9055698,37.3353056],[-121.9048084,37.3346076],[-121.9048084,37.3346076],[-121.9047179,37.3345244],[-121.9047179,37.3345244],[-121.9044868,37.3343117],[-121.9042709,37.3341014],[-121.9040778,37.3338886],[-121.9038941,37.3336641],[-121.9037441,37.3334565],[-121.9036468,37.3333052],[-121.9035606,37.3331488],[-121.9035148,37.3330429],[-121.9034791,37.3329365],[-121.9034791,37.3329365],[-121.9034361,37.3327575],[-121.9034196,37.332664],[-121.9034196,37.332664],[-121.903392,37.3324292],[-121.9033809,37.3323111],[-121.9033575,37.3319959],[-121.9033575,37.3319959],[-121.9033426,37.3318404],[-121.9033391,37.3317744],[-121.9033426,37.3318404],[-121.9033805,37.3312578],[-121.9033635,37.331364],[-121.9033499,37.3315169],[-121.9033397,37.3316996],[-121.9033391,37.3317744],[-121.9033805,37.3312578],[-121.9034065,37.3311122],[-121.9034437,37.3308949],[-121.9034553,37.3307653],[-121.9034557,37.3307203],[-121.9034543,37.3306152],[-121.9033391,37.3291081]]}},{"type":"Feature","properties":{"id":"line-Weekend Pre-Game","name":"Weekend Pre-Game","ref":"Weekend Pre-Game","mode":"train"},"geometry":{"type":"LineString","coordinates":[[-122.3948913,37.7764459],[-122.3951912,37.7762097],[-122.3963581,37.7752904],[-122.3963753,37.7753041],[-122.3963968,37.7753211],[-122.3952299,37.7762404],[-122.3949302,37.7764766],[-122.3949122,37.7764624],[-122.3948913,37.7764459],[-122.3924271,37.756541],[-122.3924364,37.757098],[-122.3924471,37.7573717],[-122.3924534,37.7575497],[-122.3925071,37.7581243],[-122.4019355,37.7086324],[-122.4019408,37.7067116],[-122.4019696,37.7067119],[-122.4020057,37.7067121],[-122.4020056,37.7076257],[-122.4020051,37.7077361],[-122.4019941,37.7086327],[-122.4019669,37.7086326],[-122.4019355,37.7086324],[-122.4051579,37.6558523],[-122.4067224,37.6542354],[-122.4109517,37.629184],[-122.4110351,37.6293278],[-122.4110583,37.6293677],[-122.4111187,37.6294719],[-122.4112642,37.6297227],[-122.4114235,37.6299973],[-122.411724,37.6305153],[-122.4119187,37.630851],[-122.4120111,37.6310101],[-122.4120209,37.6310271],[-122.3611742,37.5869162],[-122.3611849,37.5869001],[-122.361196,37.5868835],[-122.3627369,37.5875281],[-122.3627256,37.5875451],[-122.362715,37.5875611],[-122.3625222,37.5874804],[-122.3622276,37.5873571],[-122.3617903,37.5871741],[-122.3611742,37.5869162],[-122.34512,37.5801675],[-122.3432159,37.5793661],[-122.3432175,37.5793596],[-122.34323,37.5793391],[-122.3432358,37.5793296],[-122.344514,37.5798661],[-122.3445276,37.5798714],[-122.3445631,37.5798477],[-122.3445722,37.5798549],[-122.3446619,37.579893],[-122.344679,37.5798995],[-122.3448579,37.579973],[-122.3448696,37.5799712],[-122.3448909,37.5799765],[-122.3449332,37.5799866],[-122.3450267,37.5800259],[-122.3451708,37.5800865],[-122.3451469,37.5801246],[-122.3451249,37.5801598],[-122.34512,37.5801675],[-122.3249388,37.569002],[-122.3247081,37.5687894],[-122.3247224,37.5687754],[-122.3247359,37.5687624],[-122.32459,37.5686595],[-122.3243169,37.5684048],[-122.3242664,37.5683577],[-122.3242107,37.5683057],[-122.3241519,37.5682508],[-122.3241139,37.5682154],[-122.3241102,37.5682112],[-122.324044,37.5681514],[-122.3236749,37.567814],[-122.3236358,37.5677784],[-122.3235307,37.5676824],[-122.3235158,37.5676926],[-122.3234911,37.5677094],[-122.3249126,37.5690199],[-122.3249388,37.569002],[-122.3093196,37.5523395],[-122.3093339,37.5523353],[-122.30943,37.5525418],[-122.3094532,37.552535],[-122.3094758,37.5525837],[-122.3094552,37.5525897],[-122.3095962,37.5528929],[-122.3096047,37.5529113],[-122.3096097,37.5529219],[-122.3100634,37.5538975],[-122.3100436,37.5539033],[-122.3100292,37.5539078],[-122.3099929,37.5539181],[-122.3092656,37.5523553],[-122.3093196,37.5523395],[-122.3018606,37.5426229],[-122.3004761,37.5409889],[-122.2769096,37.5218008],[-122.2769678,37.5217566],[-122.2755181,37.5205571],[-122.2754906,37.520578],[-122.2754599,37.5206014],[-122.2769096,37.5218008],[-122.2609907,37.5086235],[-122.2595651,37.5073835],[-122.2595817,37.5073715],[-122.2596228,37.5073418],[-122.2596569,37.5073714],[-122.2596471,37.5073785],[-122.2596372,37.5073857],[-122.2597392,37.5074744],[-122.2598534,37.5075738],[-122.2604964,37.5081333],[-122.2605228,37.5081563],[-122.2610284,37.5085962],[-122.2610118,37.5086082],[-122.2609907,37.5086235],[-122.2306404,37.4852481],[-122.232286,37.4862836],[-122.2322903,37.4862793],[-122.2322953,37.4862742],[-122.2323149,37.4862547],[-122.2323183,37.4862513],[-122.2322854,37.4862313],[-122.2322515,37.48621],[-122.2321885,37.4861695],[-122.2318152,37.4859346],[-122.2314588,37.4857102],[-122.231098,37.4854831],[-122.2310668,37.4854634],[-122.2307251,37.4852483],[-122.2307082,37.4852377],[-122.230673,37.4852155],[-122.2306588,37.4852297],[-122.2306517,37.4852368],[-122.230646,37.4852425],[-122.2306404,37.4852481],[-122.1815092,37.4542025],[-122.1815224,37.4541893],[-122.1818545,37.454399],[-122.182011,37.4544989],[-122.1822822,37.4546691],[-122.182326,37.4546968],[-122.1823416,37.4547066],[-122.1823459,37.4547023],[-122.1823553,37.4547083],[-122.1824219,37.454751],[-122.1826993,37.4549288],[-122.1827053,37.4549329],[-122.1827733,37.454975],[-122.1828582,37.4550267],[-122.182878,37.4550387],[-122.1828894,37.4550456],[-122.1832063,37.4552508],[-122.1831899,37.4552668],[-122.1831693,37.4552857],[-122.1814897,37.454222],[-122.1815092,37.4542025],[-122.1656672,37.44393],[-122.1636403,37.4426521],[-122.1636479,37.4426445],[-122.1636725,37.4426199],[-122.1639504,37.4427951],[-122.1641539,37.442924],[-122.1641971,37.4429509],[-122.164262,37.442992],[-122.1643634,37.4430558],[-122.16443,37.4431038],[-122.1645249,37.4431575],[-122.1647241,37.4432829],[-122.1647513,37.443256],[-122.1648798,37.4433375],[-122.1648912,37.4433449],[-122.1649281,37.443369],[-122.1649244,37.4433726],[-122.1653125,37.4436184],[-122.1653944,37.4436702],[-122.1654314,37.4436333],[-122.165518,37.4436881],[-122.1654805,37.4437254],[-122.1654432,37.4437018],[-122.1654366,37.4437085],[-122.1654293,37.4437153],[-122.1654469,37.4437264],[-122.1654404,37.4437328],[-122.1654331,37.4437401],[-122.1656439,37.4438733],[-122.1656714,37.443846],[-122.1657208,37.4438764],[-122.1656756,37.4439216],[-122.1656672,37.44393],[-122.1578682,37.4392965],[-122.1564741,37.4384183],[-122.1564589,37.4384088],[-122.1563436,37.4383362],[-122.1561535,37.4382164],[-122.1554613,37.4377804],[-122.1420184,37.4293222],[-122.1420283,37.4293116],[-122.1420427,37.429296],[-122.1420338,37.4292786],[-122.141984,37.4292475],[-122.1419497,37.4292267],[-122.1418863,37.4291871],[-122.1418227,37.4291473],[-122.14183,37.42914],[-122.1418236,37.4291359],[-122.1415745,37.4289788],[-122.1415669,37.4289749],[-122.1414931,37.4289369],[-122.1414838,37.4289322],[-122.1411176,37.428703],[-122.1409509,37.4285969],[-122.1409381,37.4285889],[-122.1409204,37.4285908],[-122.1408883,37.4285716],[-122.1408597,37.4285547],[-122.1408578,37.4285443],[-122.1408501,37.428539],[-122.1408258,37.4285224],[-122.1408383,37.4285089],[-122.1408202,37.4284972],[-122.1407857,37.428475],[-122.1407519,37.4284533],[-122.1407232,37.4284565],[-122.1406581,37.4284161],[-122.1406544,37.4284199],[-122.1406214,37.4284],[-122.1406256,37.4283964],[-122.1406564,37.4283935],[-122.1405559,37.4283287],[-122.1405593,37.4283541],[-122.1405562,37.4283574],[-122.1405286,37.4283397],[-122.140528,37.4283323],[-122.1403037,37.428193],[-122.1402734,37.4282244],[-122.1420184,37.4293222],[-122.1083127,37.408032],[-122.1066646,37.4069934],[-122.1066805,37.4069775],[-122.1066963,37.4069617],[-122.1070896,37.4072095],[-122.1071036,37.4071954],[-122.1071654,37.4072343],[-122.1071504,37.4072493],[-122.1071599,37.4072553],[-122.1073259,37.4073599],[-122.1074515,37.4074389],[-122.1074687,37.4074216],[-122.1075323,37.4074616],[-122.107515,37.4074789],[-122.1076665,37.4075743],[-122.1076846,37.4075561],[-122.1077283,37.4075837],[-122.1077094,37.4076026],[-122.1077378,37.4076205],[-122.1079171,37.4077334],[-122.1079336,37.4077169],[-122.1079993,37.4077582],[-122.1079849,37.4077727],[-122.1080896,37.4078387],[-122.108345,37.4079996],[-122.1083285,37.4080162],[-122.1083127,37.408032],[-122.0766039,37.3946513],[-122.0747351,37.3939063],[-122.0747499,37.3938827],[-122.0747567,37.393872],[-122.0747757,37.3938796],[-122.0758247,37.394296],[-122.0759637,37.3943513],[-122.0765498,37.394584],[-122.0766087,37.3946092],[-122.0766152,37.3946205],[-122.0766139,37.3946375],[-122.0766039,37.3946513],[-122.0324628,37.3791589],[-122.0324779,37.3791301],[-122.0324842,37.3791181],[-122.0305561,37.3784802],[-122.0305518,37.3784884],[-122.0305346,37.3785212],[-122.0324628,37.3791589],[-121.9957375,37.3703795],[-121.9957338,37.3704342],[-121.998137,37.3705352],[-121.9981406,37.3704805],[-121.9975065,37.3704538],[-121.9975047,37.3704812],[-121.996759,37.3704498],[-121.9967599,37.370436],[-121.9967608,37.3704225],[-121.9967448,37.3704218],[-121.9961907,37.3703985],[-121.9957375,37.3703795],[-121.9377784,37.3539972],[-121.9376044,37.3539168],[-121.9374105,37.3538267],[-121.9371044,37.3536778],[-121.9370755,37.3536639],[-121.9368776,37.3535674],[-121.9365693,37.3534123],[-121.935681,37.3529644],[-121.9356957,37.3529459],[-121.9363397,37.3532704],[-121.9363527,37.3532542],[-121.9365972,37.3533775],[-121.936905,37.3535326],[-121.9371022,37.3536286],[-121.9371314,37.3536428],[-121.937437,37.3537914],[-121.9376357,37.3538836],[-121.9378044,37.3539617],[-121.9377784,37.3539972],[-121.9035295,37.3306126],[-121.9034751,37.3306153],[-121.9034688,37.3305401],[-121.9034614,37.3304362],[-121.9032108,37.3271752],[-121.9032638,37.3271714],[-121.9032877,37.3272636],[-121.903306,37.3273762],[-121.9033218,37.3275045],[-121.9034835,37.329602],[-121.903502,37.3298373],[-121.9035358,37.3303182],[-121.9035411,37.3304449],[-121.903538,37.3305226],[-121.9035295,37.3306126],[-122.3949849,37.7764495],[-122.3964103,37.7753252],[-122.3969319,37.7749153],[-122.397568,37.7744135],[-122.3979028,37.7741495],[-122.3981407,37.773963],[-122.3987002,37.7735243],[-122.3987002,37.7735243],[-122.3992256,37.7731035],[-122.3992256,37.7731035],[-122.3996443,37.7727719],[-122.3997229,37.772712],[-122.3998323,37.7726232],[-122.3999151,37.7725542],[-122.3999151,37.7725542],[-122.3999905,37.7724865],[-122.4000599,37.7724117],[-122.4001309,37.7723229],[-122.40019,37.7722341],[-122.4002477,37.7721371],[-122.4002891,37.7720483],[-122.400326,37.7719478],[-122.4003511,37.7718648],[-122.400377,37.7717443],[-122.4003852,37.7716362],[-122.4003861,37.771531],[-122.4003779,37.7714345],[-122.4003641,37.7713431],[-122.3997657,37.7704732],[-122.3998776,37.7705653],[-122.3999887,37.7706647],[-122.4000768,37.7707627],[-122.4001567,37.7708679],[-122.4002347,37.7709919],[-122.4002879,37.7711037],[-122.4003283,37.7712096],[-122.4003641,37.7713431],[-122.3997657,37.7704732],[-122.3992489,37.7700669],[-122.3989307,37.7698137],[-122.3985735,37.7695295],[-122.3984773,37.7694516],[-122.3984098,37.7693978],[-122.3983383,37.769339],[-122.3977008,37.7688321],[-122.3967813,37.7680986],[-122.3967813,37.7680986],[-122.3958338,37.7673602],[-122.395151,37.7668281],[-122.3950004,37.7667081],[-122.3949719,37.7666857],[-122.3948815,37.7666133],[-122.3947384,37.7665023],[-122.3946602,37.7664403],[-122.3940747,37.765973],[-122.3937995,37.7657241],[-122.3935639,37.7654511],[-122.3933711,37.7651577],[-122.3932241,37.7648483],[-122.3931248,37.7645272],[-122.3930747,37.764199],[-122.3930034,37.7634887],[-122.3929965,37.7634195],[-122.3929965,37.7634195],[-122.3925175,37.7584504],[-122.3925175,37.7584504],[-122.3924684,37.758],[-122.3924326,37.7575487],[-122.3924101,37.7570969],[-122.392401,37.7566448],[-122.3924036,37.7562645],[-122.3924156,37.7558842],[-122.3924315,37.7556025],[-122.3924371,37.7555043],[-122.3924617,37.7552018],[-122.392468,37.7551247],[-122.3925083,37.7547457],[-122.3925083,37.7547457],[-122.3926313,37.7537259],[-122.3929137,37.751799],[-122.3929137,37.751799],[-122.3929245,37.7517257],[-122.3929321,37.7516782],[-122.3929321,37.7516782],[-122.3931314,37.7501776],[-122.3931314,37.7501776],[-122.3931354,37.7501488],[-122.3931431,37.7500935],[-122.3931431,37.7500935],[-122.3932019,37.7496552],[-122.3932019,37.7496552],[-122.393341,37.748678],[-122.393341,37.748678],[-122.393365,37.7484681],[-122.393365,37.7484681],[-122.3934898,37.7474835],[-122.3935363,37.7471841],[-122.393694,37.7461048],[-122.393694,37.7461048],[-122.3937304,37.745816],[-122.3937304,37.745816],[-122.3939597,37.7443163],[-122.3943173,37.7417923],[-122.3943173,37.7417923],[-122.394379,37.7413426],[-122.394379,37.7413426],[-122.3945845,37.7397315],[-122.3945886,37.7397004],[-122.3947731,37.7384243],[-122.3947974,37.738256],[-122.3947974,37.738256],[-122.3948814,37.7375979],[-122.3950097,37.7367115],[-122.3950097,37.7367115],[-122.3959137,37.7302309],[-122.3959137,37.7302309],[-122.3960071,37.7295925],[-122.3961491,37.728527],[-122.3961491,37.728527],[-122.3961756,37.728284],[-122.3964559,37.7262093],[-122.3965193,37.7257828],[-122.3965852,37.7253762],[-122.396637,37.7250772],[-122.3966479,37.7250142],[-122.3967348,37.7246279],[-122.3968214,37.724263],[-122.3969434,37.7238365],[-122.3969657,37.7237644],[-122.3969657,37.7237644],[-122.3970758,37.7234087],[-122.3973432,37.7226883],[-122.3973432,37.7226883],[-122.3978848,37.7211729],[-122.3978848,37.7211729],[-122.4010611,37.7123973],[-122.4012505,37.7117798],[-122.4012505,37.7117798],[-122.4012903,37.7116416],[-122.4012903,37.7116416],[-122.4014393,37.7111918],[-122.4014692,37.7111114],[-122.4015177,37.7109812],[-122.4015887,37.7107746],[-122.4016538,37.7105713],[-122.4017128,37.7103453],[-122.4017611,37.7101353],[-122.4018252,37.7098894],[-122.4018622,37.7096513],[-122.4018869,37.7094621],[-122.4018928,37.7093783],[-122.4019098,37.7091373],[-122.4019176,37.7089131],[-122.4019162,37.7087013],[-122.4019162,37.7087013],[-122.4019198,37.7076354],[-122.4019193,37.7068549],[-122.4019206,37.7066413],[-122.4019117,37.7039937],[-122.4019148,37.7037541],[-122.4019202,37.6991801],[-122.4019163,37.6988949],[-122.4019224,37.6966847],[-122.4019094,37.6956538],[-122.4019011,37.6952834],[-122.4018809,37.6949235],[-122.4018496,37.6945126],[-122.4018006,37.6940833],[-122.4017393,37.6936722],[-122.4016629,37.6932666],[-122.4015581,37.6927921],[-122.4014349,37.6923044],[-122.4013285,37.6919392],[-122.4012036,37.6915558],[-122.4011485,37.6913981],[-122.4010051,37.6910055],[-122.4008253,37.6905683],[-122.4006378,37.6901427],[-122.40045,37.6897613],[-122.4002482,37.6893707],[-122.4000174,37.6889524],[-122.3998168,37.6886282],[-122.3996124,37.6883035],[-122.3993664,37.6879418],[-122.399091,37.6875615],[-122.3987766,37.6871519],[-122.398598,37.6869294],[-122.3960251,37.6838532],[-122.3957971,37.6835966],[-122.3956334,37.6834163],[-122.3951707,37.6829063],[-122.3951707,37.6829063],[-122.3950145,37.6827235],[-122.394874,37.6825591],[-122.394874,37.6825591],[-122.3935542,37.6810569],[-122.3928901,37.6802767],[-122.3913899,37.6784906],[-122.3910845,37.6781125],[-122.3910845,37.6781125],[-122.390818,37.6777591],[-122.390556,37.6773665],[-122.3903397,37.67699],[-122.3901585,37.6766194],[-122.3900073,37.6762469],[-122.3898684,37.6758275],[-122.3897724,37.6754418],[-122.3897164,37.6751396],[-122.389701,37.6750458],[-122.3896876,37.6749444],[-122.3896503,37.674644],[-122.3896424,37.6742313],[-122.3896561,37.6738319],[-122.3896863,37.6734619],[-122.3897672,37.6730751],[-122.3898677,37.6726703],[-122.3899805,37.6722904],[-122.3901395,37.671921],[-122.3903259,37.6715317],[-122.390547,37.6711425],[-122.3908,37.6707566],[-122.3910339,37.6704491],[-122.3910339,37.6704491],[-122.3912465,37.6701842],[-122.391385,37.6700261],[-122.3920016,37.6693812],[-122.3923697,37.6689962],[-122.3929549,37.668391],[-122.3929549,37.668391],[-122.393157,37.668182],[-122.393157,37.668182],[-122.3936542,37.6676678],[-122.3942443,37.6670569],[-122.3958423,37.6654025],[-122.3967897,37.664428],[-122.3978183,37.663363],[-122.3988072,37.6623424],[-122.4008303,37.660249],[-122.4029891,37.6580202],[-122.4031534,37.6578586],[-122.4032195,37.6577922],[-122.4033477,37.6576633],[-122.4033477,37.6576633],[-122.4039004,37.65713],[-122.4042611,37.6567793],[-122.4051085,37.655933],[-122.4051666,37.6558745],[-122.4065013,37.6544886],[-122.4067989,37.6541789],[-122.4074162,37.6535089],[-122.4076697,37.6532045],[-122.4079164,37.6528966],[-122.4084095,37.6522497],[-122.408804,37.6517205],[-122.4097172,37.6505764],[-122.4097172,37.6505764],[-122.4101047,37.6501017],[-122.4103192,37.6498352],[-122.4105526,37.6495316],[-122.4107377,37.6492746],[-122.4109456,37.6489783],[-122.4111414,37.6486726],[-122.4113372,37.648355],[-122.4115222,37.6480386],[-122.4117194,37.6476903],[-122.4119085,37.6472932],[-122.41206,37.6469736],[-122.4121995,37.6466358],[-122.4122438,37.6465346],[-122.4123559,37.6462586],[-122.4124902,37.6458696],[-122.4126059,37.6455219],[-122.412708,37.6451758],[-122.4128044,37.6448027],[-122.4128773,37.6444838],[-122.4129439,37.6441553],[-122.4130007,37.643825],[-122.4130468,37.6435093],[-122.4130884,37.6431794],[-122.4131174,37.642847],[-122.4131489,37.6426212],[-122.4131616,37.6423645],[-122.413167,37.6422637],[-122.4131681,37.6421472],[-122.4131719,37.6418493],[-122.413162,37.640783],[-122.413149,37.6393864],[-122.413149,37.6393864],[-122.4131487,37.6392476],[-122.4131487,37.6392476],[-122.413129,37.6378445],[-122.4131198,37.6371933],[-122.4131181,37.6371164],[-122.4130873,37.6345688],[-122.4130873,37.6345688],[-122.413051,37.6338498],[-122.4130041,37.6334961],[-122.4129452,37.6331881],[-122.4129452,37.6331881],[-122.4128593,37.632862],[-122.4127587,37.6325498],[-122.4126353,37.6322386],[-122.4124851,37.6319147],[-122.4123435,37.6316379],[-122.4121919,37.631366],[-122.4121919,37.631366],[-122.4121347,37.63127],[-122.4118914,37.6308615],[-122.411883,37.6308475],[-122.411883,37.6308475],[-122.4117071,37.6305393],[-122.4117071,37.6305393],[-122.4116997,37.6305251],[-122.4112642,37.6297551],[-122.4112642,37.6297551],[-122.4112551,37.6297389],[-122.4111048,37.6294868],[-122.4110939,37.6294691],[-122.4110939,37.6294691],[-122.4110046,37.6293109],[-122.4101409,37.6278019],[-122.4094419,37.6265948],[-122.4094419,37.6265948],[-122.4093163,37.6263747],[-122.4093163,37.6263747],[-122.4091866,37.6261494],[-122.4079607,37.6240188],[-122.4077712,37.6236925],[-122.4077712,37.6236925],[-122.4076828,37.6235402],[-122.4073649,37.6230114],[-122.4070358,37.6224927],[-122.4068352,37.6221997],[-122.4066275,37.6219055],[-122.406482,37.6217037],[-122.4061596,37.6212783],[-122.4055101,37.6204149],[-122.4048115,37.6195193],[-122.4041506,37.6186633],[-122.4040688,37.6185573],[-122.401907,37.6156901],[-122.3998229,37.6129349],[-122.3995246,37.6125546],[-122.3992268,37.6121902],[-122.3989248,37.6118463],[-122.3986291,37.611526],[-122.3982904,37.6111828],[-122.3966236,37.6095175],[-122.39656,37.609454],[-122.3964977,37.6093929],[-122.3964196,37.609316],[-122.3960349,37.608937],[-122.3960349,37.608937],[-122.3938171,37.6067615],[-122.3937901,37.6067349],[-122.3937901,37.6067349],[-122.3934072,37.6063582],[-122.3917504,37.6047269],[-122.3903256,37.603324],[-122.3877719,37.6008184],[-122.3877719,37.6008184],[-122.3863184,37.5993937],[-122.386146,37.599214],[-122.386146,37.599214],[-122.3860743,37.5991429],[-122.3857176,37.5987997],[-122.3845214,37.5975894],[-122.3841482,37.597237],[-122.3837765,37.5969143],[-122.3833219,37.5965671],[-122.3828808,37.5962621],[-122.3823982,37.5959609],[-122.3823379,37.5959272],[-122.3819229,37.5956955],[-122.3814099,37.595438],[-122.3808354,37.5951862],[-122.3799244,37.5948027],[-122.3791937,37.594495],[-122.3781507,37.5940671],[-122.3781507,37.5940671],[-122.3778961,37.5939605],[-122.3778961,37.5939605],[-122.3748873,37.5926954],[-122.3748873,37.5926954],[-122.3747021,37.5926172],[-122.372567,37.5917156],[-122.370301,37.5907639],[-122.3670357,37.5893938],[-122.3660791,37.5889927],[-122.3635633,37.5879381],[-122.3634353,37.5878844],[-122.3633247,37.5878381],[-122.3632257,37.5877958],[-122.3631467,37.5877621],[-122.3627021,37.5875721],[-122.3625133,37.5874931],[-122.3622196,37.5873693],[-122.3618828,37.5872277],[-122.3617822,37.587186],[-122.3613061,37.586987],[-122.359982,37.586435],[-122.3578964,37.5855586],[-122.3578964,37.5855586],[-122.3577494,37.5854952],[-122.3577494,37.5854952],[-122.3554629,37.5845259],[-122.3509893,37.5826578],[-122.3508454,37.5825947],[-122.3507402,37.5825484],[-122.350658,37.582514],[-122.3505148,37.5824537],[-122.3504851,37.5824413],[-122.3455165,37.5803561],[-122.3454651,37.5803341],[-122.3454178,37.5803135],[-122.3453332,37.5802769],[-122.3443473,37.5798515],[-122.3433269,37.5794331],[-122.342963,37.5792808],[-122.3429012,37.5792548],[-122.3428253,37.5792224],[-122.3427706,37.5791996],[-122.340921,37.5784153],[-122.3408639,37.5783911],[-122.3407977,37.5783669],[-122.3407396,37.5783424],[-122.3388685,37.5775529],[-122.3387952,37.5775219],[-122.338717,37.5774924],[-122.3386406,37.5774604],[-122.3348921,37.5758889],[-122.3347825,37.575843],[-122.3347256,37.5758191],[-122.3346735,37.5757958],[-122.3346142,37.5757709],[-122.333894,37.5754683],[-122.333093,37.57513],[-122.3327085,37.5749559],[-122.3324192,37.5748108],[-122.3323665,37.5747843],[-122.3323157,37.5747612],[-122.3322587,37.5747333],[-122.3317701,37.5744945],[-122.3313397,37.5742573],[-122.3307568,37.5739156],[-122.3307568,37.5739156],[-122.3306168,37.5738325],[-122.3306168,37.5738325],[-122.3301057,37.5735073],[-122.3296581,37.573207],[-122.3291835,37.5728648],[-122.3288158,37.5725835],[-122.3288158,37.5725835],[-122.3286898,37.5724852],[-122.3286898,37.5724852],[-122.3283872,37.572241],[-122.3279028,37.5718253],[-122.3273535,37.5713223],[-122.3273535,37.5713223],[-122.3272395,37.5712158],[-122.3272395,37.5712158],[-122.3258836,37.569959],[-122.3258836,37.569959],[-122.3257745,37.5698569],[-122.3257745,37.5698569],[-122.3255793,37.5696797],[-122.3253917,37.5695035],[-122.3248978,37.5690307],[-122.3247851,37.5689269],[-122.3247059,37.568854],[-122.3235777,37.5678148],[-122.3233985,37.56765],[-122.3233299,37.567587],[-122.3232674,37.5675296],[-122.3225613,37.5668858],[-122.3224875,37.5668185],[-122.322413,37.5667501],[-122.3217234,37.5661173],[-122.3216389,37.5660398],[-122.3215749,37.5659746],[-122.3210787,37.5655183],[-122.3208086,37.5652674],[-122.320391,37.5648998],[-122.3202133,37.5647374],[-122.3201331,37.5646641],[-122.3199344,37.5644781],[-122.3199344,37.5644781],[-122.3176174,37.5623541],[-122.3176174,37.5623541],[-122.3174205,37.5621725],[-122.3171988,37.5619705],[-122.3163714,37.561217],[-122.3158455,37.560736],[-122.3153249,37.5602591],[-122.3151056,37.5600584],[-122.3128318,37.5579688],[-122.3128318,37.5579688],[-122.3125044,37.5576614],[-122.3121627,37.5573197],[-122.3118659,37.5569986],[-122.3117863,37.556907],[-122.3116079,37.556702],[-122.3113455,37.5563615],[-122.3111064,37.5560334],[-122.3108586,37.5556581],[-122.3106456,37.5552954],[-122.3104705,37.5549776],[-122.3102831,37.5546019],[-122.3100739,37.5541353],[-122.3100084,37.5539918],[-122.309602,37.5531173],[-122.3093459,37.5525875],[-122.3092181,37.5523138],[-122.3089564,37.5518336],[-122.3087667,37.5514754],[-122.3085487,37.5510783],[-122.3082295,37.5505403],[-122.3078486,37.5499448],[-122.3078486,37.5499448],[-122.3077038,37.5497428],[-122.3074168,37.549343],[-122.3071647,37.5489922],[-122.3068482,37.5486115],[-122.3063359,37.5480139],[-122.30566,37.5472122],[-122.3051262,37.5465849],[-122.3043884,37.545696],[-122.3043671,37.5456704],[-122.3043671,37.5456704],[-122.3041767,37.5454407],[-122.3041767,37.5454407],[-122.3039192,37.5451451],[-122.3035249,37.5446475],[-122.3031145,37.544118],[-122.3028812,37.5438138],[-122.3024842,37.5433396],[-122.3017598,37.5424699],[-122.3017598,37.5424699],[-122.3015741,37.5422515],[-122.3015741,37.5422515],[-122.3009297,37.5414891],[-122.3006639,37.5411766],[-122.3004983,37.5409792],[-122.3000515,37.54046],[-122.2993809,37.5397082],[-122.3006639,37.5411766],[-122.3005096,37.5409927],[-122.3004983,37.5409792],[-122.2993809,37.5397082],[-122.299161,37.5394806],[-122.299161,37.5394806],[-122.2988445,37.5391839],[-122.2984059,37.538766],[-122.2975745,37.537961],[-122.2975745,37.537961],[-122.297158,37.5375565],[-122.297158,37.5375565],[-122.2969125,37.5373013],[-122.2969125,37.5373013],[-122.2958244,37.5361486],[-122.2956453,37.5359411],[-122.2954066,37.5357014],[-122.2949657,37.5352645],[-122.2945072,37.5348505],[-122.2940242,37.5344326],[-122.2934651,37.5339921],[-122.2917842,37.5327106],[-122.2914249,37.5324421],[-122.2910674,37.5321819],[-122.2903145,37.5316526],[-122.2891272,37.530852],[-122.2891272,37.530852],[-122.2887786,37.5306179],[-122.2884563,37.5304015],[-122.2884563,37.5304015],[-122.287492,37.5297539],[-122.2832166,37.5268757],[-122.2826558,37.526488],[-122.2820819,37.5260543],[-122.2815277,37.5256072],[-122.2813044,37.5254219],[-122.280793,37.5249973],[-122.2801045,37.5244269],[-122.2801045,37.5244269],[-122.2800715,37.5243988],[-122.2800715,37.5243988],[-122.2790271,37.5235298],[-122.278872,37.5233886],[-122.278872,37.5233886],[-122.2778183,37.522462],[-122.2773386,37.5220467],[-122.2765744,37.5214128],[-122.2765744,37.5214128],[-122.27635,37.5212276],[-122.27621,37.5211147],[-122.27621,37.5211147],[-122.2759262,37.520873],[-122.2759262,37.520873],[-122.2757773,37.5207498],[-122.2756599,37.5206539],[-122.2756316,37.5206302],[-122.2754978,37.5205186],[-122.2753234,37.5203743],[-122.2753234,37.5203743],[-122.2750923,37.5201746],[-122.2747992,37.5199353],[-122.2741368,37.5194157],[-122.2733541,37.5188089],[-122.2718041,37.5175352],[-122.2718041,37.5175352],[-122.2712697,37.5171152],[-122.2712697,37.5171152],[-122.2708619,37.5168223],[-122.2702678,37.5163959],[-122.2688273,37.5153538],[-122.268456,37.5150761],[-122.2679158,37.5146522],[-122.2672063,37.514073],[-122.266676,37.5136162],[-122.2646813,37.5118826],[-122.2642923,37.5115342],[-122.2635191,37.5108484],[-122.2632547,37.5106139],[-122.2628544,37.5102713],[-122.2621917,37.5097041],[-122.2614914,37.5090856],[-122.2614914,37.5090856],[-122.2612056,37.5088408],[-122.2612056,37.5088408],[-122.2609687,37.5086296],[-122.2598127,37.5076204],[-122.259667,37.5074922],[-122.2581995,37.5062156],[-122.2568099,37.5050153],[-122.2554902,37.5038439],[-122.2548658,37.5032987],[-122.2523231,37.5010787],[-122.2523231,37.5010787],[-122.2520613,37.5008494],[-122.2520613,37.5008494],[-122.2507013,37.499663],[-122.2500441,37.4990855],[-122.2500441,37.4990855],[-122.2497783,37.4988532],[-122.2497783,37.4988532],[-122.2471539,37.4965823],[-122.2471539,37.4965823],[-122.245952,37.4955315],[-122.2447608,37.4944972],[-122.2442835,37.4941055],[-122.2442835,37.4941055],[-122.2441879,37.494027],[-122.2441879,37.494027],[-122.2441643,37.4940077],[-122.2436407,37.4936038],[-122.2429084,37.4930666],[-122.2423486,37.4926756],[-122.2418202,37.4923263],[-122.239785,37.4910358],[-122.239651,37.4909509],[-122.239651,37.4909509],[-122.2395972,37.4909168],[-122.2394872,37.4908471],[-122.2393577,37.4907653],[-122.2392821,37.4907185],[-122.2385034,37.4902314],[-122.2375071,37.4896038],[-122.237238,37.4894343],[-122.2351187,37.4880941],[-122.2350638,37.4880592],[-122.2349579,37.4879906],[-122.2348612,37.4879295],[-122.2348293,37.487909],[-122.2326665,37.4865484],[-122.2325899,37.486496],[-122.232507,37.4864451],[-122.2324687,37.4864221],[-122.2316288,37.485892],[-122.2308757,37.4854168],[-122.2305495,37.485211],[-122.2297508,37.4847126],[-122.22924,37.4843938],[-122.2290227,37.4842528],[-122.2290227,37.4842528],[-122.2285914,37.4839817],[-122.2285914,37.4839817],[-122.2281157,37.483682],[-122.2271811,37.4830917],[-122.2263822,37.4825858],[-122.2263001,37.4825304],[-122.2262256,37.4824842],[-122.2254033,37.4819746],[-122.2252255,37.4818644],[-122.2250694,37.4817657],[-122.224041,37.4811154],[-122.2233964,37.4807068],[-122.2233964,37.4807068],[-122.2233793,37.480696],[-122.2229533,37.4804239],[-122.2228901,37.48038],[-122.2227225,37.480277],[-122.2225391,37.4801616],[-122.2225391,37.4801616],[-122.2213269,37.479402],[-122.2207933,37.4790625],[-122.2204733,37.4788671],[-122.2198896,37.4784901],[-122.2194125,37.4781958],[-122.2189366,37.4778901],[-122.2189158,37.4778752],[-122.2189158,37.4778752],[-122.2181447,37.4773913],[-122.2175089,37.4769913],[-122.2167346,37.4765038],[-122.2137892,37.4746466],[-122.2119116,37.4734619],[-122.2119116,37.4734619],[-122.2112045,37.4730174],[-122.2104729,37.47255],[-122.2093622,37.4718487],[-122.2089827,37.4716091],[-122.2072306,37.4705047],[-122.2064477,37.4700105],[-122.2064477,37.4700105],[-122.2062831,37.4699097],[-122.2062831,37.4699097],[-122.205836,37.4696265],[-122.205836,37.4696265],[-122.2044409,37.4687483],[-122.2044409,37.4687483],[-122.2042923,37.4686541],[-122.2032185,37.4679741],[-122.2023111,37.4674066],[-122.1984263,37.4649504],[-122.1983212,37.4648833],[-122.1982425,37.4648328],[-122.1981922,37.4648019],[-122.1978652,37.4646003],[-122.1947362,37.4626183],[-122.1939188,37.4621028],[-122.1893777,37.459228],[-122.187881,37.458291],[-122.187601,37.458114],[-122.1864323,37.4573711],[-122.1863521,37.45732],[-122.1862787,37.4572737],[-122.1861637,37.457201],[-122.1835407,37.4555442],[-122.1834591,37.455493],[-122.183375,37.455438],[-122.1827414,37.4550307],[-122.1815968,37.4543145],[-122.1814159,37.4542013],[-122.1807701,37.4537807],[-122.1807006,37.4537349],[-122.1806021,37.4536701],[-122.1805377,37.45363],[-122.1805283,37.4536239],[-122.1788394,37.4525675],[-122.1786979,37.452479],[-122.1786979,37.452479],[-122.1757533,37.4506209],[-122.1757533,37.4506209],[-122.1755573,37.4504969],[-122.1726298,37.448645],[-122.1711267,37.4476942],[-122.1705474,37.4473221],[-122.1705474,37.4473221],[-122.170272,37.4471475],[-122.170272,37.4471475],[-122.169657,37.4467623],[-122.169559,37.4466966],[-122.169496,37.4466588],[-122.1688446,37.4462051],[-122.1681874,37.4457089],[-122.1679532,37.4455302],[-122.1676041,37.4452651],[-122.1672316,37.4449868],[-122.1667519,37.4446453],[-122.166404,37.4444193],[-122.1659659,37.4441347],[-122.165474,37.4438248],[-122.1650769,37.4435746],[-122.1643595,37.4431192],[-122.1637625,37.442744],[-122.162841,37.442165],[-122.1622547,37.4418128],[-122.1616255,37.4414677],[-122.1607906,37.4410245],[-122.1601633,37.4406893],[-122.1597058,37.4404459],[-122.159195,37.4401494],[-122.1587159,37.4398675],[-122.1579395,37.4393789],[-122.1569582,37.4387613],[-122.1564511,37.4384421],[-122.1563013,37.4383476],[-122.1563013,37.4383476],[-122.15611,37.4382289],[-122.15611,37.4382289],[-122.1555172,37.4378564],[-122.1519906,37.4356314],[-122.15183,37.4355306],[-122.1517421,37.4354746],[-122.1516428,37.4354122],[-122.1469281,37.4324362],[-122.1449984,37.4312213],[-122.142767,37.4298128],[-122.1421605,37.4294328],[-122.1416998,37.4291411],[-122.1412479,37.428855],[-122.1405581,37.4284201],[-122.1401988,37.4281942],[-122.1401988,37.4281942],[-122.1398053,37.4279497],[-122.1398053,37.4279497],[-122.1385083,37.4271292],[-122.138124,37.4268801],[-122.1377257,37.4266168],[-122.1373758,37.4263856],[-122.1368267,37.4260277],[-122.1363123,37.4257035],[-122.1355647,37.4252326],[-122.1354124,37.4251384],[-122.1352129,37.4250085],[-122.134705,37.4246865],[-122.1337318,37.4240727],[-122.1337318,37.4240727],[-122.1336744,37.4240366],[-122.1336744,37.4240366],[-122.1336435,37.4240171],[-122.1316229,37.4227436],[-122.1296099,37.4214737],[-122.1293005,37.4212811],[-122.1279287,37.4204271],[-122.1267666,37.4197229],[-122.1238286,37.4178732],[-122.1234537,37.417636],[-122.1233445,37.4175695],[-122.1232894,37.4175314],[-122.1232443,37.4175031],[-122.118765,37.4146711],[-122.118655,37.4146016],[-122.1185477,37.4145338],[-122.1155981,37.412672],[-122.1143564,37.411883],[-122.1141635,37.4117604],[-122.1141635,37.4117604],[-122.1128584,37.4109381],[-122.1119818,37.4103832],[-122.1112269,37.4099095],[-122.1112269,37.4099095],[-122.1110366,37.409789],[-122.1107861,37.4096305],[-122.1092028,37.408618],[-122.1085153,37.4081783],[-122.1077409,37.4076914],[-122.1068578,37.4071378],[-122.1060274,37.4066173],[-122.1055895,37.4063613],[-122.1051799,37.4061339],[-122.1047049,37.4058917],[-122.1041447,37.4056219],[-122.1036177,37.4053914],[-122.1029396,37.4051135],[-122.1020993,37.404784],[-122.1009861,37.4043395],[-122.0976888,37.4030298],[-122.0975899,37.4029902],[-122.0974732,37.4029439],[-122.097376,37.4029058],[-122.0972381,37.4028516],[-122.0935588,37.4014063],[-122.0934671,37.4013695],[-122.0917018,37.4006607],[-122.0911813,37.4004517],[-122.0880245,37.3992],[-122.0866789,37.398666],[-122.0854172,37.3981668],[-122.0837376,37.3974961],[-122.0818901,37.3967626],[-122.078338,37.3953552],[-122.0782337,37.3953119],[-122.0781272,37.3952677],[-122.0779827,37.3952078],[-122.0779061,37.395178],[-122.0767001,37.3946991],[-122.0753822,37.3941759],[-122.0749904,37.3940204],[-122.0746322,37.3938846],[-122.0697545,37.3919486],[-122.0697545,37.3919486],[-122.0696175,37.3918923],[-122.0696175,37.3918923],[-122.0694004,37.3918071],[-122.0671085,37.3908693],[-122.0661458,37.3904754],[-122.0661458,37.3904754],[-122.0657147,37.3903037],[-122.0657147,37.3903037],[-122.0634238,37.389402],[-122.0634238,37.389402],[-122.0627627,37.3891532],[-122.061829,37.3888234],[-122.0605728,37.3884066],[-122.0604846,37.3883775],[-122.0577449,37.3874741],[-122.0564086,37.3870419],[-122.0551617,37.3866528],[-122.0525287,37.385794],[-122.0461132,37.3836803],[-122.0449102,37.3832837],[-122.0447345,37.3832257],[-122.0445483,37.383165],[-122.0440451,37.3829993],[-122.0427949,37.3825922],[-122.0420908,37.3823584],[-122.0418635,37.382283],[-122.0418635,37.382283],[-122.040626,37.3818779],[-122.0385573,37.381196],[-122.0385573,37.381196],[-122.0383355,37.3811219],[-122.0341636,37.3797287],[-122.0326991,37.379245],[-122.0306841,37.3785792],[-122.0306841,37.3785792],[-122.03049,37.3785152],[-122.0286371,37.3779096],[-122.0285478,37.3778804],[-122.0284702,37.3778551],[-122.0283777,37.3778254],[-122.0282988,37.3777992],[-122.027562,37.3775544],[-122.0257469,37.3769514],[-122.025034,37.3767243],[-122.0236663,37.3762945],[-122.0218809,37.3757127],[-122.0211146,37.3754583],[-122.0209561,37.3754057],[-122.0209561,37.3754057],[-122.0199308,37.3750271],[-122.0195046,37.3748769],[-122.0181046,37.3744162],[-122.0176732,37.3742775],[-122.0171891,37.3741381],[-122.0167176,37.374013],[-122.0163085,37.3739099],[-122.0158037,37.3737961],[-122.0152977,37.3736899],[-122.0142713,37.3734854],[-122.0112341,37.3728669],[-122.0109542,37.3728099],[-122.010268,37.3726703],[-122.0076038,37.3721284],[-122.0052151,37.3716426],[-122.0021999,37.3710291],[-122.0012309,37.3708422],[-122.0006496,37.3707444],[-122.0000229,37.3706647],[-121.9994187,37.3706089],[-121.9984515,37.370559],[-121.9982132,37.3705483],[-121.9970389,37.3704956],[-121.9958048,37.370451],[-121.9958048,37.370451],[-121.9956483,37.3704427],[-121.9945322,37.3703953],[-121.9940478,37.3703756],[-121.9935922,37.370362],[-121.9931041,37.3703546],[-121.9925628,37.370355],[-121.991478,37.3703635],[-121.9902697,37.3703766],[-121.9900581,37.3703802],[-121.9889478,37.3703994],[-121.9876167,37.3704087],[-121.9854157,37.3704234],[-121.9829956,37.3704361],[-121.9826972,37.3704377],[-121.9812979,37.3704879],[-121.9812979,37.3704879],[-121.9811353,37.3704896],[-121.9803056,37.3704902],[-121.9794721,37.3704814],[-121.9790193,37.3704721],[-121.9785832,37.3704538],[-121.9783301,37.3704355],[-121.9777058,37.3703859],[-121.9771381,37.3703146],[-121.9771381,37.3703146],[-121.9764733,37.3702194],[-121.9764733,37.3702194],[-121.975552,37.3700437],[-121.9745206,37.3697966],[-121.9743518,37.3697479],[-121.9737539,37.3695753],[-121.9732044,37.3693988],[-121.9726736,37.3692015],[-121.9723759,37.3690892],[-121.9720146,37.368941],[-121.9708084,37.3684197],[-121.9687536,37.3675123],[-121.9687536,37.3675123],[-121.9684625,37.3673881],[-121.9684625,37.3673881],[-121.967359,37.36691],[-121.9661715,37.3663955],[-121.9607848,37.3640392],[-121.9584117,37.3630099],[-121.9582519,37.3629403],[-121.9524244,37.3604008],[-121.9519675,37.3602035],[-121.950372,37.3595145],[-121.950372,37.3595145],[-121.9474884,37.3582633],[-121.9474884,37.3582633],[-121.9472694,37.3581666],[-121.9472694,37.3581666],[-121.9455314,37.3574054],[-121.9439283,37.3567068],[-121.9435887,37.3565603],[-121.9433934,37.3564752],[-121.9423485,37.35602],[-121.9423485,37.35602],[-121.9420917,37.3559104],[-121.9420917,37.3559104],[-121.9410704,37.3554633],[-121.9410704,37.3554633],[-121.9392622,37.3546754],[-121.9388119,37.3544764],[-121.9381885,37.3541985],[-121.9375994,37.3539308],[-121.9372801,37.35378],[-121.936777,37.3535331],[-121.936029,37.3531592],[-121.936029,37.3531592],[-121.9345486,37.3524105],[-121.934484,37.3523776],[-121.9343678,37.3523188],[-121.9335747,37.3519184],[-121.9330543,37.3516541],[-121.9330543,37.3516541],[-121.9329957,37.3516244],[-121.9325094,37.3513792],[-121.9325094,37.3513792],[-121.9316547,37.3509476],[-121.9313689,37.350803],[-121.9312268,37.3507311],[-121.9294554,37.3498355],[-121.9278882,37.3490445],[-121.9261065,37.3481448],[-121.9237559,37.3469579],[-121.9222913,37.3462184],[-121.9216938,37.3459145],[-121.9205362,37.3453314],[-121.9196661,37.3448919],[-121.9183052,37.3442041],[-121.9174981,37.3437971],[-121.9166896,37.343387],[-121.9161195,37.3431008],[-121.9161195,37.3431008],[-121.915463,37.3427612],[-121.9154263,37.3427425],[-121.9152434,37.3426517],[-121.9150619,37.3425615],[-121.9145694,37.3423131],[-121.9145189,37.3422885],[-121.9145189,37.3422885],[-121.9133496,37.3416968],[-121.9133496,37.3416968],[-121.9130779,37.3415605],[-121.9129011,37.3414772],[-121.9127165,37.341401],[-121.9126784,37.3413836],[-121.9126784,37.3413836],[-121.9125668,37.3413421],[-121.912446,37.3412984],[-121.9123336,37.3412604],[-121.9123336,37.3412604],[-121.91201,37.341161],[-121.9115135,37.3410144],[-121.9112,37.3409114],[-121.9110541,37.3408579],[-121.9108925,37.3407887],[-121.9107416,37.3407207],[-121.9105947,37.3406486],[-121.9104582,37.3405763],[-121.9103249,37.3405012],[-121.9101883,37.3404182],[-121.9100568,37.3403329],[-121.9099305,37.3402436],[-121.9098064,37.340149],[-121.9096824,37.3400495],[-121.9095617,37.3399466],[-121.9090551,37.3394863],[-121.908849,37.3392861],[-121.9086988,37.3391168],[-121.9086085,37.3390033],[-121.9085235,37.3388886],[-121.9084412,37.3387641],[-121.9083635,37.3386378],[-121.9082568,37.3384371],[-121.9080481,37.3380105],[-121.9079203,37.3377527],[-121.9078442,37.3376158],[-121.9077618,37.3374794],[-121.9076602,37.3373275],[-121.9075483,37.3371795],[-121.9073821,37.3369872],[-121.9072022,37.3368045],[-121.9068711,37.3364973],[-121.9060412,37.3357388],[-121.9058181,37.3355322],[-121.9055698,37.3353056],[-121.9055698,37.3353056],[-121.9048084,37.3346076],[-121.9048084,37.3346076],[-121.9047179,37.3345244],[-121.9047179,37.3345244],[-121.9044868,37.3343117],[-121.9042709,37.3341014],[-121.9040778,37.3338886],[-121.9038941,37.3336641],[-121.9037441,37.3334565],[-121.9036468,37.3333052],[-121.9035606,37.3331488],[-121.9035148,37.3330429],[-121.9034791,37.3329365],[-121.9034791,37.3329365],[-121.9034361,37.3327575],[-121.9034196,37.332664],[-121.9034196,37.332664],[-121.903392,37.3324292],[-121.9033809,37.3323111],[-121.9033575,37.3319959],[-121.9033575,37.3319959],[-121.9033426,37.3318404],[-121.9033391,37.3317744],[-121.9033426,37.3318404],[-121.9033805,37.3312578],[-121.9033635,37.331364],[-121.9033499,37.3315169],[-121.9033397,37.3316996],[-121.9033391,37.3317744],[-121.9033805,37.3312578],[-121.9034065,37.3311122],[-121.9034437,37.3308949],[-121.9034553,37.3307653],[-121.9034557,37.3307203],[-121.9034543,37.3306152],[-121.9033391,37.3291081]]}}]}