{"type":"FeatureCollection","features":[{"type":"Feature","properties":{"id":"parks-358767175","name":"Harding Park","layer":"parks"},"geometry":{"type":"Polygon","coordinates":[[[-122.4954725,37.7233697],[-122.4861155,37.7170606],[-122.4843526,37.7203864],[-122.4847089,37.7250449],[-122.4847981,37.7258721],[-122.4893704,37.7295821],[-122.4916196,37.7300343],[-122.4954725,37.7233697]]]},"id":"parks-358767175"},{"type":"Feature","properties":{"id":"parks-358803668","name":"Lake Merced Sports Center","layer":"parks"},"geometry":{"type":"Polygon","coordinates":[[[-122.5074141,37.7268809],[-122.506548,37.72166],[-122.506428,37.721385],[-122.506318,37.721023],[-122.506243,37.720896],[-122.506148,37.720658],[-122.506088,37.720136],[-122.506129,37.719754],[-122.506097,37.71962],[-122.506069,37.71909],[-122.505979,37.718837],[-122.505879,37.718705],[-122.50579,37.718519],[-122.505827,37.71833],[-122.505766,37.718088],[-122.505661,37.717813],[-122.505585,37.717538],[-122.505568,37.717303],[-122.505314,37.716713],[-122.5053093,37.7166998],[-122.4954725,37.7233697],[-122.4916196,37.7300343],[-122.4932349,37.7312413],[-122.5074141,37.7268809]]]},"id":"parks-358803668"},{"type":"Feature","properties":{"id":"parks-358803681","name":"Louis Sutter Playground","layer":"parks"},"geometry":{"type":"Polygon","coordinates":[[[-122.4202217,37.7224776],[-122.411493,37.7175171],[-122.4031512,37.7228597],[-122.4174959,37.7279579],[-122.4186028,37.7275174],[-122.4202217,37.7224776]]]},"id":"parks-358803681"},{"type":"Feature","properties":{"id":"parks-358803706","name":"Milton Myer Recreation Center","layer":"parks"},"geometry":{"type":"Polygon","coordinates":[[[-122.3812337,37.7277579],[-122.3741364,37.7229446],[-122.3716118,37.7288512],[-122.376265,37.7329742],[-122.377725,37.7322837],[-122.3810814,37.728247],[-122.3812337,37.7277579]]]},"id":"parks-358803706"},{"type":"Feature","properties":{"id":"parks-358857214","name":"Ulrich Field","layer":"parks"},"geometry":{"type":"Polygon","coordinates":[[[-122.4479167,37.7746114],[-122.44163,37.7749171],[-122.4413434,37.7751505],[-122.4410437,37.7793811],[-122.4414182,37.7798717],[-122.4457155,37.7814946],[-122.4479167,37.7808704],[-122.4479167,37.7746114]]]},"id":"parks-358857214"},{"type":"Feature","properties":{"id":"parks-358857215","name":"Benedetti Diamond","layer":"parks"},"geometry":{"type":"Polygon","coordinates":[[[-122.4534502,37.7741332],[-122.4479167,37.7746114],[-122.4479167,37.7808704],[-122.4521449,37.7797765],[-122.4529879,37.7771214],[-122.4534502,37.7741332]]]},"id":"parks-358857215"},{"type":"Feature","properties":{"id":"parks-2713436108","name":"Fairy Circle","layer":"parks"},"geometry":{"type":"Polygon","coordinates":[[[-122.4847089,37.7250449],[-122.4843526,37.7203864],[-122.4739222,37.72062],[-122.4749096,37.7221783],[-122.4847089,37.7250449]]]},"id":"parks-2713436108"},{"type":"Feature","properties":{"id":"parks-2721828529","name":"Secret Garden","layer":"parks"},"geometry":{"type":"Polygon","coordinates":[[[-122.4847981,37.7258721],[-122.4847089,37.7250449],[-122.4749096,37.7221783],[-122.4777055,37.727211],[-122.4847981,37.7258721]]]},"id":"parks-2721828529"},{"type":"Feature","properties":{"id":"parks-3640213359","name":"Annie St Plaza","layer":"parks"},"geometry":{"type":"Polygon","coordinates":[[[-122.4046907,37.7865567],[-122.3973755,37.7845943],[-122.3975066,37.7857168],[-122.3997171,37.7880769],[-122.4024666,37.7898396],[-122.4040452,37.7891348],[-122.4046907,37.7865567]]]},"id":"parks-3640213359"},{"type":"Feature","properties":{"id":"parks-12440345641","name":"Maritime Plaza","layer":"parks"},"geometry":{"type":"Polygon","coordinates":[[[-122.4012478,37.7969259],[-122.4003723,37.7927333],[-122.3977544,37.7938315],[-122.398217,37.7963347],[-122.4012478,37.7969259]]]},"id":"parks-12440345641"},{"type":"Feature","properties":{"id":"parks-7459901","name":"Buena Vista Park","layer":"parks"},"geometry":{"type":"Polygon","coordinates":[[[-122.4456386,37.7689442],[-122.4446373,37.766563],[-122.4427217,37.7654951],[-122.4377441,37.767433],[-122.4430127,37.7715767],[-122.4456386,37.7689442]]]},"id":"parks-7459901"},{"type":"Feature","properties":{"id":"parks-16750270","name":"McCoppin Square","layer":"parks"},"geometry":{"type":"Polygon","coordinates":[[[-122.4898118,37.7441286],[-122.4803774,37.7402271],[-122.4736972,37.744037],[-122.4778314,37.7484834],[-122.4898118,37.7441286]]]},"id":"parks-16750270"},{"type":"Feature","properties":{"id":"parks-16751151","name":"Panhandle","layer":"parks"},"geometry":{"type":"Polygon","coordinates":[[[-122.4536837,37.7738593],[-122.4522084,37.769899],[-122.4456386,37.7689442],[-122.4430127,37.7715767],[-122.44163,37.7749171],[-122.4479167,37.7746114],[-122.4534502,37.7741332],[-122.4536837,37.7738593]]]},"id":"parks-16751151"},{"type":"Feature","properties":{"id":"parks-16751737","name":"Alta Plaza Park","layer":"parks"},"geometry":{"type":"Polygon","coordinates":[[[-122.4462192,37.7969806],[-122.4438877,37.7905014],[-122.4375667,37.7869886],[-122.4326033,37.7905274],[-122.4328375,37.7944944],[-122.4344711,37.7961332],[-122.4440831,37.7979213],[-122.4462192,37.7969806]]]},"id":"parks-16751737"},{"type":"Feature","properties":{"id":"parks-16751838","name":"Lafayette Park","layer":"parks"},"geometry":{"type":"Polygon","coordinates":[[[-122.4328375,37.7944944],[-122.4326033,37.7905274],[-122.4303235,37.7892055],[-122.4211061,37.7902356],[-122.4209794,37.7903579],[-122.4249727,37.7945187],[-122.4328375,37.7944944]]]},"id":"parks-16751838"},{"type":"Feature","properties":{"id":"parks-16752188","name":"Bernal Heights Park","layer":"parks"},"geometry":{"type":"Polygon","coordinates":[[[-122.4168599,37.7424555],[-122.4168164,37.7416145],[-122.4151449,37.7410471],[-122.4094114,37.7428715],[-122.4112038,37.7448512],[-122.4148858,37.7457826],[-122.4164261,37.7442189],[-122.4168599,37.7424555]]]},"id":"parks-16752188"},{"type":"Feature","properties":{"id":"parks-16752409","name":"Holly Park","layer":"parks"},"geometry":{"type":"Polygon","coordinates":[[[-122.4249174,37.7360843],[-122.4165173,37.7349067],[-122.419325,37.7402374],[-122.4240884,37.7400593],[-122.4249174,37.7360843]]]},"id":"parks-16752409"},{"type":"Feature","properties":{"id":"parks-16761472","name":"Marina Green","layer":"parks"},"geometry":{"type":"MultiPolygon","coordinates":[[[[-122.4437376,37.8077165],[-122.4437121,37.8075405],[-122.443668,37.807568],[-122.443672,37.807598],[-122.443128,37.807744],[-122.442804,37.807804],[-122.4428,37.807772],[-122.442916,37.807763],[-122.442914,37.807744],[-122.442803,37.807752],[-122.442797,37.807725],[-122.44291,37.807717],[-122.442908,37.807696],[-122.442798,37.807704],[-122.442763,37.807809],[-122.442713,37.807793],[-122.442033,37.807875],[-122.442423,37.80788],[-122.442377,37.807918],[-122.442321,37.807932],[-122.441824,37.807984],[-122.441816,37.807911],[-122.441978,37.807895],[-122.441976,37.807877],[-122.441481,37.807917],[-122.44149,37.807944],[-122.441787,37.807914],[-122.441795,37.807987],[-122.440632,37.808107],[-122.440411,37.80815],[-122.440278,37.808222],[-122.439928,37.808779],[-122.440032,37.808833],[-122.440222,37.808671],[-122.440461,37.808412],[-122.440552,37.808345],[-122.440653,37.808288],[-122.440951,37.808196],[-122.442524,37.808024],[-122.443685,37.807722],[-122.4437376,37.8077165]]],[[[-122.4434727,37.8058866],[-122.4427226,37.8007042],[-122.4353711,37.8050142],[-122.4340779,37.8061045],[-122.4340505,37.8067557],[-122.4341584,37.8070925],[-122.4355489,37.8069037],[-122.4357009,37.8077963],[-122.4386122,37.8074186],[-122.440547,37.806968],[-122.442264,37.806775],[-122.4423596,37.8065297],[-122.4422618,37.8060464],[-122.4434727,37.8058866]]]]},"id":"parks-16761472"},{"type":"Feature","properties":{"id":"parks-18583270","name":"Washington Square Park","layer":"parks"},"geometry":{"type":"Polygon","coordinates":[[[-122.4113594,37.8014987],[-122.4076647,37.7982895],[-122.4059632,37.7982382],[-122.4056631,37.798504],[-122.408486,37.8026582],[-122.4094807,37.8029618],[-122.4113594,37.8014987]]]},"id":"parks-18583270"},{"type":"Feature","properties":{"id":"parks-23750468","name":"South Beach Park","layer":"parks"},"geometry":{"type":"MultiPolygon","coordinates":[[[[-122.391563,37.7788094],[-122.3909558,37.7786028],[-122.387324,37.7784488],[-122.3873498,37.7784574],[-122.387352,37.778586],[-122.387285,37.77859],[-122.387288,37.778681],[-122.387286,37.778609],[-122.387353,37.778605],[-122.387367,37.77863],[-122.38739,37.77888],[-122.3873688,37.7789339],[-122.387384,37.778933],[-122.387397,37.778965],[-122.387415,37.779269],[-122.387456,37.779596],[-122.387449,37.779634],[-122.387377,37.779638],[-122.387387,37.77975],[-122.387379,37.77966],[-122.387451,37.779656],[-122.387465,37.779693],[-122.387486,37.78003],[-122.3876207,37.781361],[-122.3875965,37.7813415],[-122.3870151,37.7813819],[-122.3861295,37.7814112],[-122.3861361,37.7816951],[-122.3855441,37.7817301],[-122.3855211,37.7817161],[-122.3854861,37.7817521],[-122.3855291,37.7817791],[-122.3855501,37.7817631],[-122.3861401,37.7817321],[-122.3861601,37.7818751],[-122.3860705,37.7820409],[-122.3877441,37.7819945],[-122.387788,37.782275],[-122.387567,37.782342],[-122.3861664,37.7824315],[-122.3907425,37.7828654],[-122.391563,37.7788094]]],[[[-122.3868967,37.7784307],[-122.3855113,37.778372],[-122.3852931,37.7783858],[-122.3852217,37.7785174],[-122.3868967,37.7784307]]]]},"id":"parks-23750468"},{"type":"Feature","properties":{"id":"parks-23750483","name":"Jackson Park","layer":"parks"},"geometry":{"type":"Polygon","coordinates":[[[-122.404305,37.7663765],[-122.4033119,37.7643408],[-122.401141,37.7610055],[-122.3995075,37.7600187],[-122.3974627,37.7604493],[-122.3963256,37.7642725],[-122.4014396,37.7682746],[-122.4041958,37.7673401],[-122.404305,37.7663765]]]},"id":"parks-23750483"},{"type":"Feature","properties":{"id":"parks-23871270","name":"Mission Dolores Park","layer":"parks"},"geometry":{"type":"Polygon","coordinates":[[[-122.4319282,37.7561053],[-122.4259151,37.7552705],[-122.4249228,37.7572382],[-122.4242934,37.7625332],[-122.4268308,37.7650173],[-122.4310724,37.7617469],[-122.4318379,37.7601042],[-122.4319282,37.7561053]]]},"id":"parks-23871270"},{"type":"Feature","properties":{"id":"parks-23881517","name":"Rolph Playground","layer":"parks"},"geometry":{"type":"Polygon","coordinates":[[[-122.4093662,37.7487896],[-122.401318,37.7453101],[-122.4070212,37.7516322],[-122.4091792,37.7506366],[-122.4093662,37.7487896]]]},"id":"parks-23881517"},{"type":"Feature","properties":{"id":"parks-23908184","name":"Precita Park","layer":"parks"},"geometry":{"type":"Polygon","coordinates":[[[-122.4154538,37.7485056],[-122.4148858,37.7457826],[-122.4112038,37.7448512],[-122.40942,37.7487606],[-122.4154538,37.7485056]]]},"id":"parks-23908184"},{"type":"Feature","properties":{"id":"parks-23916482","name":"Sydney G. Walton Square","layer":"parks"},"geometry":{"type":"Polygon","coordinates":[[[-122.4036641,37.7990803],[-122.4012478,37.7969259],[-122.398217,37.7963347],[-122.3962237,37.7982671],[-122.396393,37.798452],[-122.396357,37.798472],[-122.396467,37.798586],[-122.396499,37.798568],[-122.396574,37.79865],[-122.396529,37.798675],[-122.396562,37.798709],[-122.396514,37.798736],[-122.396507,37.798754],[-122.396526,37.798778],[-122.396138,37.799011],[-122.395651,37.799284],[-122.395565,37.799287],[-122.395461,37.799349],[-122.395444,37.799408],[-122.3944643,37.7999726],[-122.3943057,37.8001264],[-122.394338,37.800158],[-122.394437,37.800182],[-122.394496,37.800144],[-122.394463,37.80011],[-122.394486,37.800063],[-122.394471,37.800049],[-122.395492,37.799462],[-122.395581,37.799459],[-122.395682,37.799401],[-122.39571,37.799334],[-122.396579,37.798833],[-122.396619,37.798849],[-122.39667,37.798822],[-122.396702,37.798856],[-122.396741,37.798834],[-122.397251,37.799401],[-122.396944,37.799579],[-122.396897,37.799633],[-122.396973,37.79961],[-122.397257,37.799442],[-122.397363,37.79956],[-122.397382,37.799549],[-122.397642,37.799842],[-122.397542,37.799958],[-122.395444,37.801142],[-122.39544,37.80116],[-122.3956388,37.801371],[-122.3962605,37.8011949],[-122.397989,37.80023],[-122.3983275,37.8006096],[-122.4036289,37.7991084],[-122.4036641,37.7990803]]]},"id":"parks-23916482"},{"type":"Feature","properties":{"id":"parks-24052083","name":"South Park","layer":"parks"},"geometry":{"type":"Polygon","coordinates":[[[-122.4001441,37.7795887],[-122.3990258,37.777742],[-122.396481,37.7773575],[-122.391563,37.7788094],[-122.3907425,37.7828654],[-122.3913826,37.783791],[-122.3939685,37.7845559],[-122.3973579,37.7845616],[-122.4001435,37.7797234],[-122.4001441,37.7795887]]]},"id":"parks-24052083"},{"type":"Feature","properties":{"id":"parks-24253472","name":"Garfield Square","layer":"parks"},"geometry":{"type":"Polygon","coordinates":[[[-122.4173141,37.7514284],[-122.4171549,37.750097],[-122.4154538,37.7485056],[-122.40942,37.7487606],[-122.4093662,37.7487896],[-122.4091792,37.7506366],[-122.411651,37.7526335],[-122.4173141,37.7514284]]]},"id":"parks-24253472"},{"type":"Feature","properties":{"id":"parks-24445970","name":"Potrero Del Sol Park","layer":"parks"},"geometry":{"type":"Polygon","coordinates":[[[-122.4070212,37.7516322],[-122.401318,37.7453101],[-122.399148,37.74416],[-122.3983088,37.7476113],[-122.4043596,37.7538584],[-122.4070212,37.7516322]]]},"id":"parks-24445970"},{"type":"Feature","properties":{"id":"parks-24547823","name":"Franklin Square","layer":"parks"},"geometry":{"type":"Polygon","coordinates":[[[-122.4116271,37.7609961],[-122.4115359,37.7606568],[-122.404305,37.7663765],[-122.4041958,37.7673401],[-122.4109163,37.7707145],[-122.4116271,37.7609961]]]},"id":"parks-24547823"},{"type":"Feature","properties":{"id":"parks-24547834","name":"McKinley Square","layer":"parks"},"geometry":{"type":"Polygon","coordinates":[[[-122.4112779,37.7592939],[-122.4096291,37.7572211],[-122.4044769,37.7551114],[-122.401215,37.7569258],[-122.3995075,37.7600187],[-122.401141,37.7610055],[-122.408065,37.7600411],[-122.4112779,37.7592939]]]},"id":"parks-24547834"},{"type":"Feature","properties":{"id":"parks-24562831","name":"Balboa Park","layer":"parks"},"geometry":{"type":"Polygon","coordinates":[[[-122.4528323,37.7276688],[-122.441112,37.7191192],[-122.4410642,37.7191418],[-122.4370141,37.7254177],[-122.4382621,37.7270681],[-122.4453806,37.7293504],[-122.4528323,37.7276688]]]},"id":"parks-24562831"},{"type":"Feature","properties":{"id":"parks-24562854","name":"Duboce Park","layer":"parks"},"geometry":{"type":"Polygon","coordinates":[[[-122.4363364,37.7674362],[-122.4362988,37.7674105],[-122.4272681,37.7673456],[-122.4275524,37.768449],[-122.431577,37.7734142],[-122.4359565,37.7728655],[-122.4363364,37.7674362]]]},"id":"parks-24562854"},{"type":"Feature","properties":{"id":"parks-24562872","name":"Moscone Recreation Center","layer":"parks"},"geometry":{"type":"Polygon","coordinates":[[[-122.4353711,37.8050142],[-122.4321817,37.7984851],[-122.4274596,37.8019809],[-122.4335258,37.8057606],[-122.4337239,37.8057365],[-122.4337829,37.8059208],[-122.4340779,37.8061045],[-122.4353711,37.8050142]]]},"id":"parks-24562872"},{"type":"Feature","properties":{"id":"parks-25004325","name":"Kid Power Park","layer":"parks"},"geometry":{"type":"Polygon","coordinates":[[[-122.4268308,37.7650173],[-122.4242934,37.7625332],[-122.4197705,37.7614191],[-122.4182003,37.7618058],[-122.4176799,37.7684793],[-122.4177332,37.7687058],[-122.4266713,37.7667445],[-122.4268308,37.7650173]]]},"id":"parks-25004325"},{"type":"Feature","properties":{"id":"parks-25278818","name":"Union Square","layer":"parks"},"geometry":{"type":"Polygon","coordinates":[[[-122.4123299,37.7883353],[-122.4079631,37.784651],[-122.4064462,37.7848353],[-122.4046907,37.7865567],[-122.4040452,37.7891348],[-122.4083997,37.7908093],[-122.4087332,37.7908247],[-122.4123299,37.7883353]]]},"id":"parks-25278818"},{"type":"Feature","properties":{"id":"parks-25751184","name":"Levi's Plaza","layer":"parks"},"geometry":{"type":"MultiPolygon","coordinates":[[[[-122.4036289,37.7991084],[-122.3983275,37.8006096],[-122.398384,37.800673],[-122.396156,37.80192],[-122.396143,37.801955],[-122.397084,37.803021],[-122.397107,37.803024],[-122.399193,37.801872],[-122.399409,37.801825],[-122.399724,37.802176],[-122.399616,37.802282],[-122.397515,37.803469],[-122.397512,37.803487],[-122.397791,37.80381],[-122.397814,37.803814],[-122.399602,37.802808],[-122.399972,37.803225],[-122.398225,37.804256],[-122.398224,37.804275],[-122.398559,37.804526],[-122.398511,37.804597],[-122.398543,37.804606],[-122.40048,37.803466],[-122.400843,37.803429],[-122.400964,37.803564],[-122.400755,37.804932],[-122.403054,37.804949],[-122.4034446,37.8045821],[-122.4036289,37.7991084]]],[[[-122.3962605,37.8011949],[-122.3956388,37.801371],[-122.395734,37.801472],[-122.395757,37.801476],[-122.3962605,37.8011949]]]]},"id":"parks-25751184"},{"type":"Feature","properties":{"id":"parks-26278429","name":"Tank Hill","layer":"parks"},"geometry":{"type":"Polygon","coordinates":[[[-122.453915,37.7572843],[-122.4482313,37.7538397],[-122.4461837,37.7607653],[-122.4462947,37.7614945],[-122.4483883,37.7622728],[-122.453915,37.7572843]]]},"id":"parks-26278429"},{"type":"Feature","properties":{"id":"parks-27092661","name":"Grattan Playground","layer":"parks"},"geometry":{"type":"Polygon","coordinates":[[[-122.4621577,37.7620867],[-122.4616437,37.7598688],[-122.4601295,37.7586864],[-122.453915,37.7572843],[-122.4483883,37.7622728],[-122.4486762,37.7637727],[-122.454389,37.7663936],[-122.4621577,37.7620867]]]},"id":"parks-27092661"},{"type":"Feature","properties":{"id":"parks-27146063","name":"Embarcadero Plaza","layer":"parks"},"geometry":{"type":"MultiPolygon","coordinates":[[[[-122.3970003,37.79379],[-122.3951294,37.7929536],[-122.3925734,37.7926765],[-122.3917119,37.7934188],[-122.391724,37.793429],[-122.391589,37.793528],[-122.391982,37.793872],[-122.391672,37.794048],[-122.391722,37.794101],[-122.391667,37.794132],[-122.391734,37.794203],[-122.39179,37.794171],[-122.391946,37.794335],[-122.391802,37.794417],[-122.391828,37.794445],[-122.391649,37.794547],[-122.391941,37.794854],[-122.392267,37.794668],[-122.392411,37.79482],[-122.391196,37.795779],[-122.39159,37.796205],[-122.392998,37.795561],[-122.393055,37.795628],[-122.393014,37.795655],[-122.393199,37.795863],[-122.393263,37.795831],[-122.393482,37.796057],[-122.393397,37.796098],[-122.393524,37.796237],[-122.393598,37.796198],[-122.393881,37.796507],[-122.393743,37.796575],[-122.39385,37.796688],[-122.393932,37.796649],[-122.394127,37.796863],[-122.393491,37.797233],[-122.393469,37.797208],[-122.393092,37.797426],[-122.393169,37.797508],[-122.393551,37.797294],[-122.393517,37.797258],[-122.3946047,37.7966263],[-122.3970003,37.79379]]],[[[-122.3942256,37.7970752],[-122.393858,37.797294],[-122.393418,37.797664],[-122.392922,37.797953],[-122.39292,37.797971],[-122.393181,37.798248],[-122.393204,37.798251],[-122.3932611,37.7982171],[-122.3942256,37.7970752]]]]},"id":"parks-27146063"},{"type":"Feature","properties":{"id":"parks-27239292","name":"Warm Water Cove Park","layer":"parks"},"geometry":{"type":"MultiPolygon","coordinates":[[[[-122.3867537,37.7561355],[-122.3862568,37.7505943],[-122.3855512,37.7502992],[-122.3807577,37.748992],[-122.3760546,37.7518854],[-122.376087,37.752249],[-122.37996,37.75203],[-122.380025,37.752694],[-122.379999,37.752747],[-122.379866,37.752798],[-122.379855,37.752858],[-122.37988,37.752886],[-122.380003,37.752922],[-122.380292,37.752909],[-122.3805933,37.7530898],[-122.3809981,37.7530405],[-122.3814341,37.753139],[-122.3818702,37.7533853],[-122.3823996,37.7534099],[-122.3827422,37.7534838],[-122.3827733,37.7540501],[-122.382896,37.754442],[-122.383016,37.754592],[-122.383148,37.754674],[-122.383234,37.754707],[-122.383442,37.75474],[-122.383548,37.754735],[-122.384,37.754618],[-122.384077,37.754659],[-122.384101,37.754914],[-122.384072,37.754951],[-122.383824,37.754937],[-122.383669,37.754972],[-122.382834,37.755036],[-122.381714,37.755156],[-122.381604,37.755143],[-122.381476,37.755087],[-122.381322,37.755069],[-122.381133,37.755126],[-122.380836,37.755182],[-122.380775,37.755219],[-122.380749,37.755261],[-122.380719,37.755411],[-122.380758,37.755552],[-122.381032,37.755743],[-122.380939,37.755753],[-122.38094,37.7558],[-122.381004,37.755799],[-122.381023,37.755831],[-122.381189,37.755843],[-122.381238,37.755875],[-122.381258,37.756303],[-122.38131,37.756377],[-122.3814,37.756405],[-122.381407,37.756456],[-122.381366,37.756476],[-122.381323,37.756541],[-122.381364,37.757079],[-122.381324,37.757089],[-122.381324,37.757117],[-122.381447,37.757115],[-122.381469,37.7573],[-122.381406,37.757343],[-122.381428,37.757519],[-122.381481,37.757509],[-122.381444,37.757697],[-122.381399,37.757819],[-122.381243,37.758076],[-122.381209,37.758166],[-122.381197,37.758258],[-122.381304,37.759309],[-122.381447,37.759305],[-122.3814516,37.7593605],[-122.3849046,37.7584655],[-122.3867537,37.7561355]]],[[[-122.3792454,37.7599323],[-122.379202,37.759938],[-122.3792025,37.7599434],[-122.3792454,37.7599323]]]]},"id":"parks-27239292"},{"type":"Feature","properties":{"id":"parks-27239372","name":"Esprit Park","layer":"parks"},"geometry":{"type":"Polygon","coordinates":[[[-122.3939829,37.7591373],[-122.3873018,37.7595526],[-122.3896322,37.7628084],[-122.3939829,37.7591373]]]},"id":"parks-27239372"},{"type":"Feature","properties":{"id":"parks-27369705","name":"Mission Creek Park","layer":"parks"},"geometry":{"type":"Polygon","coordinates":[[[-122.3976014,37.7698384],[-122.3955079,37.7695402],[-122.3949229,37.7698729],[-122.3939392,37.7711413],[-122.394037,37.774587],[-122.3940943,37.7746339],[-122.3976014,37.7698384]]]},"id":"parks-27369705"},{"type":"Feature","properties":{"id":"parks-27369817","name":"Minnesota Grove","layer":"parks"},"geometry":{"type":"Polygon","coordinates":[[[-122.3907258,37.7520548],[-122.3898601,37.7508861],[-122.3865714,37.7505462],[-122.3862568,37.7505943],[-122.3867537,37.7561355],[-122.3901896,37.7556381],[-122.3907258,37.7520548]]]},"id":"parks-27369817"},{"type":"Feature","properties":{"id":"parks-27656676","name":"China Basin Park","layer":"parks"},"geometry":{"type":"MultiPolygon","coordinates":[[[[-122.3909558,37.7786028],[-122.3902237,37.7768295],[-122.3900492,37.7769291],[-122.3901919,37.7771829],[-122.3881705,37.7779347],[-122.3880516,37.7778502],[-122.3876236,37.7780475],[-122.3873739,37.7781133],[-122.3869339,37.7781133],[-122.386922,37.7782825],[-122.3855113,37.778372],[-122.3868967,37.7784307],[-122.3872193,37.778414],[-122.387324,37.7784488],[-122.3909558,37.7786028]]],[[[-122.3901833,37.7767318],[-122.3888562,37.7735175],[-122.381729,37.7739746],[-122.381814,37.774615],[-122.386923,37.774328],[-122.386996,37.775082],[-122.384877,37.77533],[-122.384881,37.775389],[-122.384828,37.775394],[-122.3850235,37.7763125],[-122.3849835,37.7763455],[-122.3849945,37.7763635],[-122.3850175,37.7763725],[-122.3870795,37.7761415],[-122.387103,37.776326],[-122.3872787,37.7763371],[-122.3872837,37.7765524],[-122.3873097,37.7766134],[-122.3873567,37.7767012],[-122.3874737,37.7767692],[-122.3876117,37.7767882],[-122.3898233,37.7766754],[-122.3898724,37.7765656],[-122.3899184,37.7765626],[-122.390074,37.776762],[-122.3901833,37.7767318]]]]},"id":"parks-27656676"},{"type":"Feature","properties":{"id":"parks-27657304","name":"Juri Commons","layer":"parks"},"geometry":{"type":"Polygon","coordinates":[[[-122.4267081,37.7475883],[-122.4209747,37.747539],[-122.4201805,37.7477788],[-122.4171549,37.750097],[-122.4173141,37.7514284],[-122.4193154,37.7535216],[-122.4240273,37.7538289],[-122.4267081,37.7475883]]]},"id":"parks-27657304"},{"type":"Feature","properties":{"id":"parks-28015862","name":"Patricia's Green","layer":"parks"},"geometry":{"type":"Polygon","coordinates":[[[-122.426105,37.7783874],[-122.4258117,37.775039],[-122.4218361,37.7742786],[-122.4203491,37.7745933],[-122.4204083,37.7758666],[-122.424131,37.778672],[-122.426105,37.7783874]]]},"id":"parks-28015862"},{"type":"Feature","properties":{"id":"parks-28689198","name":"Tulare Park","layer":"parks"},"geometry":{"type":"Polygon","coordinates":[[[-122.399148,37.74416],[-122.3991194,37.7440048],[-122.3937984,37.7426891],[-122.3865714,37.7505462],[-122.3898601,37.7508861],[-122.3980485,37.7478995],[-122.3983088,37.7476113],[-122.399148,37.74416]]]},"id":"parks-28689198"},{"type":"Feature","properties":{"id":"parks-28716696","name":"John McLaren Park","layer":"parks"},"geometry":{"type":"Polygon","coordinates":[[[-122.4255208,37.7189309],[-122.4220536,37.710826],[-122.4151473,37.7132166],[-122.4116407,37.7171063],[-122.411493,37.7175171],[-122.4202217,37.7224776],[-122.4255208,37.7189309]]]},"id":"parks-28716696"},{"type":"Feature","properties":{"id":"parks-28841124","name":"Saint Mary's Square","layer":"parks"},"geometry":{"type":"Polygon","coordinates":[[[-122.4083997,37.7908093],[-122.4040452,37.7891348],[-122.4024666,37.7898396],[-122.4011098,37.7920678],[-122.4053164,37.793446],[-122.4083997,37.7908093]]]},"id":"parks-28841124"},{"type":"Feature","properties":{"id":"parks-28842443","name":"Yerba Buena Gardens","layer":"parks"},"geometry":{"type":"Polygon","coordinates":[[[-122.4064462,37.7848353],[-122.4001435,37.7797234],[-122.3973579,37.7845616],[-122.3973755,37.7845943],[-122.4046907,37.7865567],[-122.4064462,37.7848353]]]},"id":"parks-28842443"},{"type":"Feature","properties":{"id":"parks-28844805","name":"The Crossing at East Cut","layer":"parks"},"geometry":{"type":"Polygon","coordinates":[[[-122.3951067,37.7895266],[-122.3949041,37.7889041],[-122.3930779,37.7885866],[-122.3911874,37.790068],[-122.3925539,37.7923891],[-122.3951067,37.7895266]]]},"id":"parks-28844805"},{"type":"Feature","properties":{"id":"parks-29285191","name":"Silver Terrace Playground","layer":"parks"},"geometry":{"type":"Polygon","coordinates":[[[-122.4096968,37.7349255],[-122.4020701,37.7259647],[-122.397058,37.7304655],[-122.3993798,37.7351146],[-122.403027,37.7399693],[-122.4096968,37.7349255]]]},"id":"parks-29285191"},{"type":"Feature","properties":{"id":"parks-30029902","name":"Joseph Conrad Square","layer":"parks"},"geometry":{"type":"MultiPolygon","coordinates":[[[[-122.4235375,37.8067455],[-122.4186546,37.8047259],[-122.4168253,37.805117],[-122.4177026,37.8089997],[-122.4182855,37.809253],[-122.420056,37.809253],[-122.419938,37.8087867],[-122.4180789,37.8088567],[-122.4180199,37.8086235],[-122.4193773,37.808507],[-122.420462,37.808303],[-122.4205181,37.8086346],[-122.420434,37.8086451],[-122.4203418,37.8087112],[-122.4203604,37.808794],[-122.420635,37.808756],[-122.420668,37.808958],[-122.420385,37.808934],[-122.420361,37.809004],[-122.420416,37.809021],[-122.420677,37.809022],[-122.420694,37.80908],[-122.42076,37.809085],[-122.420717,37.8089],[-122.420858,37.808796],[-122.420911,37.808797],[-122.420944,37.808967],[-122.421036,37.808957],[-122.42121,37.80919],[-122.421366,37.809161],[-122.422844,37.810256],[-122.422886,37.810219],[-122.421448,37.809163],[-122.421495,37.809133],[-122.421102,37.808804],[-122.421061,37.808563],[-122.421301,37.808302],[-122.421472,37.808513],[-122.421495,37.808497],[-122.421559,37.80856],[-122.421585,37.808543],[-122.421521,37.80848],[-122.42155,37.808461],[-122.421324,37.808279],[-122.421493,37.80811],[-122.421759,37.808395],[-122.42179,37.808374],[-122.421532,37.808072],[-122.421544,37.808056],[-122.421917,37.807747],[-122.422411,37.807382],[-122.422808,37.807118],[-122.423156,37.806918],[-122.4234,37.806799],[-122.4235375,37.8067455]]],[[[-122.420595,37.811267],[-122.419808,37.810754],[-122.419834,37.810735],[-122.419315,37.810381],[-122.419291,37.810403],[-122.418169,37.809664],[-122.4177607,37.8092568],[-122.4181588,37.8110182],[-122.418846,37.811473],[-122.419351,37.811487],[-122.419466,37.811382],[-122.419049,37.811094],[-122.419125,37.811023],[-122.418936,37.810883],[-122.418988,37.810835],[-122.419098,37.810915],[-122.419186,37.810925],[-122.419215,37.810894],[-122.419724,37.811135],[-122.419916,37.811574],[-122.419952,37.811563],[-122.419846,37.81132],[-122.420002,37.811281],[-122.420353,37.81151],[-122.420595,37.811267]]]]},"id":"parks-30029902"},{"type":"Feature","properties":{"id":"parks-30899551","name":"Music Concourse","layer":"parks"},"geometry":{"type":"Polygon","coordinates":[[[-122.4745619,37.7678916],[-122.4743515,37.7662327],[-122.4635313,37.7633032],[-122.4623364,37.7738934],[-122.463425,37.774808],[-122.4680244,37.7756039],[-122.4745619,37.7678916]]]},"id":"parks-30899551"},{"type":"Feature","properties":{"id":"parks-32857635","name":"Marini Plaza","layer":"parks"},"geometry":{"type":"Polygon","coordinates":[[[-122.4130301,37.8007171],[-122.4129483,37.8000702],[-122.4104121,37.7981795],[-122.4076647,37.7982895],[-122.4113594,37.8014987],[-122.4130301,37.8007171]]]},"id":"parks-32857635"},{"type":"Feature","properties":{"id":"parks-32862802","name":"Rincon Park","layer":"parks"},"geometry":{"type":"MultiPolygon","coordinates":[[[[-122.3925734,37.7926765],[-122.3925539,37.7923891],[-122.3911874,37.790068],[-122.3870794,37.788348],[-122.387188,37.788774],[-122.385148,37.78922],[-122.385142,37.789278],[-122.385106,37.789317],[-122.385287,37.789764],[-122.385347,37.789791],[-122.387348,37.789311],[-122.3876022,37.7897887],[-122.3879506,37.7898303],[-122.3880585,37.790045],[-122.388219,37.789996],[-122.388244,37.790007],[-122.388321,37.790151],[-122.388287,37.790161],[-122.388369,37.790308],[-122.388012,37.790431],[-122.388049,37.790508],[-122.388612,37.790313],[-122.38893,37.79088],[-122.388808,37.790978],[-122.3917119,37.7934188],[-122.3925734,37.7926765]]],[[[-122.3868661,37.7882587],[-122.3865957,37.7881455],[-122.3851889,37.7883942],[-122.385213,37.788491],[-122.385259,37.78852],[-122.3868661,37.7882587]]]]},"id":"parks-32862802"},{"type":"Feature","properties":{"id":"parks-32946958","name":"Huntington Park","layer":"parks"},"geometry":{"type":"Polygon","coordinates":[[[-122.418611,37.7907099],[-122.4155627,37.7889951],[-122.4130897,37.7883317],[-122.4123299,37.7883353],[-122.4087332,37.7908247],[-122.4099732,37.7936325],[-122.4140564,37.7948896],[-122.4177065,37.792056],[-122.418611,37.7907099]]]},"id":"parks-32946958"},{"type":"Feature","properties":{"id":"parks-33619301","name":"Boeddeker Park","layer":"parks"},"geometry":{"type":"Polygon","coordinates":[[[-122.4138727,37.7837098],[-122.4114841,37.7806063],[-122.4087729,37.7836184],[-122.4079631,37.784651],[-122.4123299,37.7883353],[-122.4130897,37.7883317],[-122.4138727,37.7837098]]]},"id":"parks-33619301"},{"type":"Feature","properties":{"id":"parks-34856612","name":"Kite Hill Open Space","layer":"parks"},"geometry":{"type":"Polygon","coordinates":[[[-122.4460171,37.7534807],[-122.4435838,37.7540699],[-122.4398997,37.7592492],[-122.4423735,37.7599722],[-122.4436078,37.7586961],[-122.4460171,37.7534807]]]},"id":"parks-34856612"},{"type":"Feature","properties":{"id":"parks-35049434","name":"Willie \"Woo Woo\" Wong Park","layer":"parks"},"geometry":{"type":"Polygon","coordinates":[[[-122.4099732,37.7936325],[-122.4087332,37.7908247],[-122.4083997,37.7908093],[-122.4053164,37.793446],[-122.4064323,37.7967824],[-122.4099732,37.7936325]]]},"id":"parks-35049434"},{"type":"Feature","properties":{"id":"parks-35050562","name":"Sergeant John Macaulay Park","layer":"parks"},"geometry":{"type":"Polygon","coordinates":[[[-122.4231001,37.7851092],[-122.4212254,37.7826687],[-122.4202743,37.7824002],[-122.4170803,37.7840902],[-122.4155627,37.7889951],[-122.418611,37.7907099],[-122.4209794,37.7903579],[-122.4211061,37.7902356],[-122.4231001,37.7851092]]]},"id":"parks-35050562"},{"type":"Feature","properties":{"id":"parks-35065721","name":"Joe DiMaggio Playground","layer":"parks"},"geometry":{"type":"Polygon","coordinates":[[[-122.4150053,37.802812],[-122.4146555,37.8020558],[-122.4130301,37.8007171],[-122.4113594,37.8014987],[-122.4094807,37.8029618],[-122.4119622,37.8055783],[-122.4148288,37.8043586],[-122.4150053,37.802812]]]},"id":"parks-35065721"},{"type":"Feature","properties":{"id":"parks-35800082","name":"Glen Canyon Park","layer":"parks"},"geometry":{"type":"Polygon","coordinates":[[[-122.4467785,37.7398854],[-122.4452464,37.7368154],[-122.4436456,37.7362713],[-122.4402678,37.7377069],[-122.439236,37.7384249],[-122.4398032,37.7404366],[-122.444935,37.74436],[-122.4467785,37.7398854]]]},"id":"parks-35800082"},{"type":"Feature","properties":{"id":"parks-36949360","name":"Cottage Row Mini Park","layer":"parks"},"geometry":{"type":"Polygon","coordinates":[[[-122.4375667,37.7869886],[-122.437529,37.7866926],[-122.4324324,37.7840264],[-122.4297786,37.7874893],[-122.4303235,37.7892055],[-122.4326033,37.7905274],[-122.4375667,37.7869886]]]},"id":"parks-36949360"},{"type":"Feature","properties":{"id":"parks-36950468","name":"Baker & Broderick Mini Park","layer":"parks"},"geometry":{"type":"Polygon","coordinates":[[[-122.4470111,37.7856184],[-122.4457155,37.7814946],[-122.4414182,37.7798717],[-122.437529,37.7866926],[-122.4375667,37.7869886],[-122.4438877,37.7905014],[-122.4470111,37.7856184]]]},"id":"parks-36950468"},{"type":"Feature","properties":{"id":"parks-37191966","name":"Turk-Hyde Mini Park","layer":"parks"},"geometry":{"type":"Polygon","coordinates":[[[-122.4202743,37.7824002],[-122.419927,37.7821002],[-122.4150918,37.7805836],[-122.4161115,37.7838899],[-122.4170803,37.7840902],[-122.4202743,37.7824002]]]},"id":"parks-37191966"},{"type":"Feature","properties":{"id":"parks-38224213","name":"Sunset Tunnel Park","layer":"parks"},"geometry":{"type":"Polygon","coordinates":[[[-122.454389,37.7663936],[-122.4486762,37.7637727],[-122.4446373,37.766563],[-122.4456386,37.7689442],[-122.4522084,37.769899],[-122.454389,37.7663936]]]},"id":"parks-38224213"},{"type":"Feature","properties":{"id":"parks-39335773","name":"Excelsior Playground","layer":"parks"},"geometry":{"type":"Polygon","coordinates":[[[-122.4410642,37.7191418],[-122.4334547,37.7167985],[-122.4259604,37.7190441],[-122.4323062,37.7253344],[-122.4370141,37.7254177],[-122.4410642,37.7191418]]]},"id":"parks-39335773"},{"type":"Feature","properties":{"id":"parks-39997532","name":"Palega Recreation Center","layer":"parks"},"geometry":{"type":"Polygon","coordinates":[[[-122.4174959,37.7279579],[-122.4031512,37.7228597],[-122.4030681,37.7228739],[-122.4020701,37.7259647],[-122.4096968,37.7349255],[-122.4110472,37.7347618],[-122.4140603,37.7334332],[-122.4174959,37.7279579]]]},"id":"parks-39997532"},{"type":"Feature","properties":{"id":"parks-40060675","name":"Candlestick Point State Recreation Area","layer":"parks"},"geometry":{"type":"MultiPolygon","coordinates":[[[[-122.385777,37.7098873],[-122.385657,37.709804],[-122.385072,37.7095],[-122.384515,37.709295],[-122.384233,37.709282],[-122.383684,37.70919],[-122.38339,37.70919],[-122.383159,37.709157],[-122.382866,37.70914],[-122.38247,37.709069],[-122.382201,37.709057],[-122.382032,37.708989],[-122.381926,37.708909],[-122.381782,37.708865],[-122.381585,37.708864],[-122.381506,37.708893],[-122.381404,37.708868],[-122.381248,37.708868],[-122.380975,37.708827],[-122.38045,37.708788],[-122.380172,37.708705],[-122.379993,37.708618],[-122.379763,37.708537],[-122.379787,37.708523],[-122.37973,37.708526],[-122.379591,37.708494],[-122.379479,37.708438],[-122.3794,37.70842],[-122.379201,37.70842],[-122.378876,37.708465],[-122.378749,37.708465],[-122.378449,37.70843],[-122.377289,37.708425],[-122.376821,37.708399],[-122.376492,37.708407],[-122.376063,37.708384],[-122.375632,37.708405],[-122.375306,37.708456],[-122.374733,37.708503],[-122.374563,37.708542],[-122.37443,37.70863],[-122.374375,37.70871],[-122.374374,37.708759],[-122.374446,37.708903],[-122.374546,37.709004],[-122.374706,37.7091],[-122.375047,37.709238],[-122.375181,37.709319],[-122.375347,37.709392],[-122.375581,37.709588],[-122.375783,37.709659],[-122.376022,37.709691],[-122.376182,37.709685],[-122.376352,37.709658],[-122.376394,37.709638],[-122.376403,37.709613],[-122.376388,37.709566],[-122.376497,37.70936],[-122.376619,37.709206],[-122.376656,37.709119],[-122.376702,37.709082],[-122.376719,37.709024],[-122.376867,37.708899],[-122.376975,37.708869],[-122.377123,37.708789],[-122.377508,37.708677],[-122.377741,37.70858],[-122.37787,37.708586],[-122.377942,37.708608],[-122.378073,37.708684],[-122.378262,37.708764],[-122.378358,37.708868],[-122.378424,37.709012],[-122.378454,37.709274],[-122.378517,37.709353],[-122.378583,37.709395],[-122.378622,37.709458],[-122.37868,37.709487],[-122.378811,37.709742],[-122.378886,37.709767],[-122.378924,37.709907],[-122.378976,37.709977],[-122.379216,37.710149],[-122.379347,37.710275],[-122.379424,37.710322],[-122.379587,37.710378],[-122.379756,37.710502],[-122.379861,37.710489],[-122.379984,37.710553],[-122.380059,37.710635],[-122.380096,37.710743],[-122.380119,37.710871],[-122.380111,37.711188],[-122.38008,37.711417],[-122.380017,37.711554],[-122.37992,37.711633],[-122.37978,37.711696],[-122.37972,37.711768],[-122.379619,37.711944],[-122.379546,37.712025],[-122.379294,37.712488],[-122.379023,37.712842],[-122.378892,37.713094],[-122.37876,37.713195],[-122.378661,37.713244],[-122.378461,37.71344],[-122.37839,37.713566],[-122.378341,37.713619],[-122.377469,37.714249],[-122.377307,37.714398],[-122.377074,37.714795],[-122.376996,37.714851],[-122.376714,37.715163],[-122.376649,37.715203],[-122.376649,37.715234],[-122.376671,37.715242],[-122.376689,37.715277],[-122.376632,37.715368],[-122.376201,37.715856],[-122.376124,37.716017],[-122.376126,37.716091],[-122.376165,37.716154],[-122.376232,37.716209],[-122.376487,37.716343],[-122.376578,37.716425],[-122.376873,37.71663],[-122.377174,37.716801],[-122.377192,37.716851],[-122.37728,37.71686],[-122.377883,37.717189],[-122.378221,37.717328],[-122.378659,37.717579],[-122.379014,37.717745],[-122.379033,37.717775],[-122.379076,37.717783],[-122.379225,37.717883],[-122.379408,37.718042],[-122.379437,37.71811],[-122.379479,37.718156],[-122.37966,37.718291],[-122.379705,37.718352],[-122.379874,37.718388],[-122.379944,37.718446],[-122.38002,37.718477],[-122.38011,37.718484],[-122.380204,37.718523],[-122.380329,37.718673],[-122.380422,37.718721],[-122.380719,37.71878],[-122.381114,37.718757],[-122.381295,37.718783],[-122.381406,37.718877],[-122.381507,37.718998],[-122.381608,37.719182],[-122.381749,37.71935],[-122.382009,37.719496],[-122.382141,37.719552],[-122.382624,37.719839],[-122.38285,37.719923],[-122.383197,37.72009],[-122.383251,37.720151],[-122.383251,37.720289],[-122.383306,37.720316],[-122.383314,37.720358],[-122.383367,37.720333],[-122.383397,37.720353],[-122.3834,37.72051],[-122.3833587,37.7206155],[-122.3854628,37.7206317],[-122.385777,37.7098873]]],[[[-122.3756263,37.7205557],[-122.3755629,37.7204252],[-122.375223,37.720214],[-122.3749317,37.7200891],[-122.3746889,37.7198971],[-122.3743854,37.7196186],[-122.3743005,37.719465],[-122.374264,37.7193114],[-122.3743976,37.7191578],[-122.3744097,37.7190137],[-122.3741062,37.7187833],[-122.3739242,37.7188025],[-122.373645,37.7187929],[-122.3730866,37.7188505],[-122.3724918,37.7189657],[-122.3719547,37.7189508],[-122.3734625,37.720539],[-122.3756263,37.7205557]]]]},"id":"parks-40060675"},{"type":"Feature","properties":{"id":"parks-43100742","name":"Victoria Manalo Draves Park","layer":"parks"},"geometry":{"type":"Polygon","coordinates":[[[-122.4113633,37.7787158],[-122.4108751,37.7728596],[-122.4003967,37.7757729],[-122.3990258,37.777742],[-122.4001441,37.7795887],[-122.4041773,37.7794072],[-122.4113633,37.7787158]]]},"id":"parks-43100742"},{"type":"Feature","properties":{"id":"parks-47971227","name":"Marietta Green Space","layer":"parks"},"geometry":{"type":"Polygon","coordinates":[[[-122.4542554,37.7434483],[-122.4519886,37.7404722],[-122.4467785,37.7398854],[-122.444935,37.74436],[-122.4457837,37.7467761],[-122.4475468,37.7485719],[-122.4541615,37.7458532],[-122.4542554,37.7434483]]]},"id":"parks-47971227"},{"type":"Feature","properties":{"id":"parks-48435252","name":"Aptos Playground","layer":"parks"},"geometry":{"type":"Polygon","coordinates":[[[-122.4731675,37.7303661],[-122.4671346,37.7228611],[-122.4663742,37.7228437],[-122.4575169,37.7249056],[-122.4556451,37.7278313],[-122.4570031,37.7310151],[-122.4579,37.7316555],[-122.4714837,37.7333052],[-122.4727463,37.7320421],[-122.4731675,37.7303661]]]},"id":"parks-48435252"},{"type":"Feature","properties":{"id":"parks-48435281","name":"Terrace Green Park","layer":"parks"},"geometry":{"type":"Polygon","coordinates":[[[-122.471607,37.7348398],[-122.4714837,37.7333052],[-122.4579,37.7316555],[-122.459846,37.7377935],[-122.462386,37.7393577],[-122.4700256,37.7391976],[-122.471607,37.7348398]]]},"id":"parks-48435281"},{"type":"Feature","properties":{"id":"parks-48537425","name":"Junipero Serra Playground","layer":"parks"},"geometry":{"type":"Polygon","coordinates":[[[-122.4777055,37.727211],[-122.4749096,37.7221783],[-122.4739222,37.72062],[-122.4738207,37.7205795],[-122.4680119,37.7223518],[-122.4671346,37.7228611],[-122.4731675,37.7303661],[-122.4777055,37.727211]]]},"id":"parks-48537425"},{"type":"Feature","properties":{"id":"parks-48569996","name":"Mission Bay Commons","layer":"parks"},"geometry":{"type":"Polygon","coordinates":[[[-122.3901406,37.7721113],[-122.3899214,37.7697559],[-122.3894398,37.7691562],[-122.3887548,37.768559],[-122.38514,37.7704753],[-122.385559,37.770637],[-122.385724,37.770592],[-122.385684,37.770764],[-122.385286,37.771634],[-122.385336,37.771652],[-122.385468,37.771531],[-122.385515,37.77143],[-122.385681,37.771444],[-122.385554,37.772154],[-122.385622,37.772162],[-122.385798,37.77125],[-122.385782,37.7707],[-122.385794,37.770682],[-122.38584,37.770683],[-122.38592,37.770815],[-122.385894,37.770992],[-122.386041,37.771174],[-122.386011,37.771188],[-122.386043,37.771201],[-122.386086,37.771183],[-122.386142,37.771266],[-122.38609,37.771287],[-122.386106,37.771316],[-122.386172,37.771344],[-122.386214,37.771392],[-122.386286,37.771405],[-122.386277,37.771448],[-122.386384,37.771459],[-122.386374,37.771562],[-122.386349,37.771562],[-122.386346,37.771591],[-122.38637,37.771591],[-122.386369,37.77163],[-122.386417,37.771634],[-122.386414,37.771677],[-122.386459,37.771679],[-122.386439,37.771943],[-122.38654,37.771948],[-122.386593,37.772228],[-122.386645,37.772369],[-122.386679,37.772362],[-122.386714,37.77244],[-122.386672,37.772455],[-122.386659,37.772476],[-122.386688,37.77258],[-122.386692,37.772707],[-122.386717,37.772771],[-122.386603,37.7728],[-122.386573,37.772839],[-122.38676,37.773273],[-122.38486,37.773376],[-122.384706,37.773354],[-122.3819818,37.7721495],[-122.3815194,37.7723947],[-122.381729,37.7739746],[-122.3888562,37.7735175],[-122.3896704,37.7731591],[-122.3901406,37.7721113]]]},"id":"parks-48569996"},{"type":"Feature","properties":{"id":"parks-52243885","name":"Rochambeau Playground","layer":"parks"},"geometry":{"type":"Polygon","coordinates":[[[-122.4916958,37.7814903],[-122.4915972,37.7798801],[-122.485042,37.7790224],[-122.48238,37.7811398],[-122.4812746,37.7840528],[-122.4820137,37.7941458],[-122.4916958,37.7814903]]]},"id":"parks-52243885"},{"type":"Feature","properties":{"id":"parks-56656116","name":"Mission Creek Park","layer":"parks"},"geometry":{"type":"Polygon","coordinates":[[[-122.4003967,37.7757729],[-122.3996144,37.769912],[-122.3976014,37.7698384],[-122.3940943,37.7746339],[-122.396481,37.7773575],[-122.3990258,37.777742],[-122.4003967,37.7757729]]]},"id":"parks-56656116"},{"type":"Feature","properties":{"id":"parks-68705976","name":"Allyne Park","layer":"parks"},"geometry":{"type":"Polygon","coordinates":[[[-122.4344711,37.7961332],[-122.4328375,37.7944944],[-122.4249727,37.7945187],[-122.4233658,37.79868],[-122.4261458,37.8019462],[-122.4263576,37.8020855],[-122.4274596,37.8019809],[-122.4321817,37.7984851],[-122.4344711,37.7961332]]]},"id":"parks-68705976"},{"type":"Feature","properties":{"id":"parks-68854101","name":"Cayuga Park","layer":"parks"},"geometry":{"type":"Polygon","coordinates":[[[-122.454913,37.7125172],[-122.4512575,37.7103551],[-122.443423,37.7147648],[-122.4433874,37.7166764],[-122.452708,37.7180814],[-122.454913,37.7125172]]]},"id":"parks-68854101"},{"type":"Feature","properties":{"id":"parks-68881693","name":"Parque Niños Unidos","layer":"parks"},"geometry":{"type":"Polygon","coordinates":[[[-122.4193154,37.7535216],[-122.4173141,37.7514284],[-122.411651,37.7526335],[-122.4096291,37.7572211],[-122.4112779,37.7592939],[-122.4116275,37.7595085],[-122.417949,37.7554237],[-122.4193154,37.7535216]]]},"id":"parks-68881693"},{"type":"Feature","properties":{"id":"parks-68882142","name":"24th & York Mini Park","layer":"parks"},"geometry":{"type":"Polygon","coordinates":[[[-122.411651,37.7526335],[-122.4091792,37.7506366],[-122.4070212,37.7516322],[-122.4043596,37.7538584],[-122.4044769,37.7551114],[-122.4096291,37.7572211],[-122.411651,37.7526335]]]},"id":"parks-68882142"},{"type":"Feature","properties":{"id":"parks-68883459","name":"Adam Rodgers Park","layer":"parks"},"geometry":{"type":"Polygon","coordinates":[[[-122.3908194,37.7310844],[-122.3874501,37.727178],[-122.3812337,37.7277579],[-122.3810814,37.728247],[-122.3826793,37.7318018],[-122.3896371,37.7328633],[-122.3908194,37.7310844]]]},"id":"parks-68883459"},{"type":"Feature","properties":{"id":"parks-68886068","name":"Alice Chalmers Playground","layer":"parks"},"geometry":{"type":"Polygon","coordinates":[[[-122.4512575,37.7103551],[-122.4507367,37.7079392],[-122.4497063,37.7082864],[-122.4495619,37.7080174],[-122.4489824,37.7082155],[-122.448899,37.7080602],[-122.4488196,37.7080873],[-122.4488467,37.7081378],[-122.4486562,37.708203],[-122.4486698,37.7082282],[-122.4485745,37.7082608],[-122.4486087,37.7083245],[-122.4485198,37.7083549],[-122.4485374,37.7083877],[-122.4481596,37.7085169],[-122.4481505,37.7085],[-122.4481006,37.7085171],[-122.4480278,37.7083821],[-122.4478753,37.7084343],[-122.4478391,37.7083671],[-122.4477914,37.7083833],[-122.447696,37.7082485],[-122.4473976,37.7083506],[-122.4473526,37.7082658],[-122.4474005,37.7082495],[-122.4473319,37.7081231],[-122.4472948,37.7081242],[-122.4472638,37.7081015],[-122.4470725,37.7081667],[-122.4471021,37.7082214],[-122.446536,37.7084149],[-122.4463096,37.7079951],[-122.4454611,37.7082831],[-122.4453162,37.7080142],[-122.4450683,37.7080984],[-122.4451404,37.7082322],[-122.4447265,37.7083727],[-122.444555,37.7080508],[-122.4438928,37.7082756],[-122.4438489,37.7081943],[-122.4435914,37.7082817],[-122.4435533,37.708211],[-122.443245,37.7083156],[-122.4431395,37.7081198],[-122.4430441,37.7081522],[-122.4430929,37.7082501],[-122.4430488,37.7082972],[-122.4430211,37.7083609],[-122.4428915,37.708125],[-122.4428192,37.7081496],[-122.442811,37.7081344],[-122.4425752,37.7082145],[-122.4426093,37.7082776],[-122.4422787,37.7083898],[-122.4421197,37.7080957],[-122.4419292,37.7081606],[-122.4419587,37.7082153],[-122.4417616,37.7082801],[-122.441578,37.7082804],[-122.4415141,37.7081608],[-122.4412515,37.7082443],[-122.4410027,37.708268],[-122.4407537,37.7082331],[-122.440497,37.7081337],[-122.4402648,37.708471],[-122.4400576,37.7083809],[-122.4398522,37.7083949],[-122.4393462,37.708175],[-122.443423,37.7147648],[-122.4512575,37.7103551]]]},"id":"parks-68886068"},{"type":"Feature","properties":{"id":"parks-69020319","name":"Little Marina Green","layer":"parks"},"geometry":{"type":"Polygon","coordinates":[[[-122.4531485,37.8062604],[-122.4481058,37.7970983],[-122.4462192,37.7969806],[-122.4440831,37.7979213],[-122.4427226,37.8007042],[-122.4434727,37.8058866],[-122.4459519,37.8055594],[-122.4459519,37.8054712],[-122.4468315,37.8053912],[-122.4470072,37.8065478],[-122.443872,37.807441],[-122.4437121,37.8075405],[-122.4437376,37.8077165],[-122.444788,37.807607],[-122.445245,37.807626],[-122.446477,37.807517],[-122.446638,37.807525],[-122.447181,37.807477],[-122.447835,37.807052],[-122.448216,37.806848],[-122.448728,37.806702],[-122.448891,37.806726],[-122.449012,37.806784],[-122.449049,37.80682],[-122.449304,37.806837],[-122.449479,37.8068],[-122.449631,37.806734],[-122.44972,37.806719],[-122.449912,37.806721],[-122.450459,37.806646],[-122.451654,37.806353],[-122.452439,37.806267],[-122.4531485,37.8062604]]]},"id":"parks-69020319"},{"type":"Feature","properties":{"id":"parks-69029501","name":"Alioto Mini Park","layer":"parks"},"geometry":{"type":"Polygon","coordinates":[[[-122.4201838,37.7592372],[-122.417949,37.7554237],[-122.4116275,37.7595085],[-122.4117571,37.7597987],[-122.4182003,37.7618058],[-122.4197705,37.7614191],[-122.4201838,37.7592372]]]},"id":"parks-69029501"},{"type":"Feature","properties":{"id":"parks-69032470","name":"Angelo Rossi Park","layer":"parks"},"geometry":{"type":"Polygon","coordinates":[[[-122.4612565,37.7793245],[-122.4529879,37.7771214],[-122.4521449,37.7797765],[-122.4595916,37.7856827],[-122.4612565,37.7793245]]]},"id":"parks-69032470"},{"type":"Feature","properties":{"id":"parks-69060030","name":"Helen Wills Park","layer":"parks"},"geometry":{"type":"Polygon","coordinates":[[[-122.4249727,37.7945187],[-122.4209794,37.7903579],[-122.418611,37.7907099],[-122.4177065,37.792056],[-122.4198651,37.7985537],[-122.4233658,37.79868],[-122.4249727,37.7945187]]]},"id":"parks-69060030"},{"type":"Feature","properties":{"id":"parks-72024278","name":"Broadway Tunnel West Mini Park","layer":"parks"},"geometry":{"type":"Polygon","coordinates":[[[-122.4198651,37.7985537],[-122.4177065,37.792056],[-122.4140564,37.7948896],[-122.4140007,37.795339],[-122.4158854,37.798089],[-122.4178765,37.7988232],[-122.4189346,37.7988978],[-122.4198651,37.7985537]]]},"id":"parks-72024278"},{"type":"Feature","properties":{"id":"parks-82207054","name":"Fort Mason","layer":"parks"},"geometry":{"type":"MultiPolygon","coordinates":[[[[-122.4340779,37.8061045],[-122.4337829,37.8059208],[-122.4340505,37.8067557],[-122.4340779,37.8061045]]],[[[-122.4335258,37.8057606],[-122.4274596,37.8019809],[-122.4263576,37.8020855],[-122.4242604,37.8066057],[-122.424632,37.806641],[-122.425069,37.806758],[-122.425531,37.80695],[-122.425744,37.807069],[-122.425943,37.807202],[-122.426131,37.807352],[-122.425942,37.807453],[-122.425979,37.807494],[-122.425932,37.807524],[-122.425895,37.807479],[-122.425917,37.807465],[-122.425868,37.807413],[-122.425842,37.807428],[-122.425811,37.807394],[-122.425788,37.807406],[-122.426045,37.807693],[-122.426073,37.80768],[-122.425948,37.807541],[-122.426005,37.807512],[-122.426118,37.807641],[-122.426289,37.807546],[-122.426325,37.807581],[-122.426421,37.807832],[-122.426486,37.808164],[-122.426522,37.808151],[-122.426618,37.808824],[-122.426636,37.808794],[-122.426612,37.809108],[-122.426583,37.809275],[-122.426471,37.8096],[-122.426289,37.809905],[-122.426044,37.81018],[-122.426033,37.810212],[-122.425753,37.810388],[-122.425606,37.810462],[-122.425422,37.810532],[-122.425086,37.810609],[-122.424913,37.810626],[-122.424723,37.810615],[-122.424696,37.810591],[-122.424672,37.810489],[-122.424641,37.810448],[-122.424545,37.810399],[-122.424485,37.810393],[-122.424375,37.810424],[-122.424305,37.810507],[-122.424299,37.810553],[-122.424322,37.810626],[-122.424408,37.81072],[-122.424597,37.810769],[-122.424876,37.810799],[-122.425222,37.810755],[-122.42538,37.810719],[-122.425563,37.810663],[-122.425875,37.810521],[-122.426005,37.810442],[-122.42622,37.81027],[-122.42641,37.810064],[-122.426527,37.809905],[-122.426625,37.80974],[-122.426704,37.809568],[-122.426765,37.809392],[-122.426824,37.809066],[-122.426848,37.809019],[-122.426829,37.80897],[-122.426816,37.808624],[-122.426718,37.808169],[-122.426839,37.808113],[-122.42691,37.808151],[-122.42749,37.808678],[-122.427287,37.808709],[-122.427301,37.808773],[-122.427524,37.808739],[-122.427533,37.808783],[-122.428043,37.808705],[-122.428014,37.80857],[-122.427546,37.808641],[-122.426996,37.808141],[-122.427001,37.808109],[-122.428237,37.808406],[-122.42927,37.80797],[-122.429263,37.807903],[-122.429835,37.807825],[-122.430108,37.809215],[-122.430622,37.809167],[-122.430303,37.807457],[-122.430361,37.807393],[-122.430916,37.80732],[-122.430995,37.807366],[-122.431341,37.809057],[-122.431728,37.809024],[-122.431386,37.807314],[-122.431443,37.807251],[-122.432,37.807178],[-122.432079,37.807223],[-122.432342,37.808516],[-122.432608,37.808505],[-122.432615,37.808486],[-122.432565,37.80848],[-122.432383,37.807104],[-122.432307,37.806805],[-122.432206,37.806291],[-122.432203,37.806237],[-122.432227,37.806214],[-122.43221,37.806153],[-122.43218,37.806145],[-122.432165,37.8061],[-122.432194,37.80604],[-122.43235,37.805976],[-122.4323385,37.8059416],[-122.433159,37.8058051],[-122.4335258,37.8057606]]]]},"id":"parks-82207054"},{"type":"Feature","properties":{"id":"parks-82480067","name":"Bayview Playground","layer":"parks"},"geometry":{"type":"Polygon","coordinates":[[[-122.4030681,37.7228739],[-122.3995128,37.720348],[-122.3935806,37.7205392],[-122.3888781,37.7222783],[-122.3874501,37.727178],[-122.3908194,37.7310844],[-122.397058,37.7304655],[-122.4020701,37.7259647],[-122.4030681,37.7228739]]]},"id":"parks-82480067"},{"type":"Feature","properties":{"id":"parks-82480273","name":"Crocker Amazon Playground","layer":"parks"},"geometry":{"type":"Polygon","coordinates":[[[-122.4334547,37.7167985],[-122.4332351,37.7123721],[-122.4327566,37.7082537],[-122.4327027,37.7083515],[-122.4322002,37.7081537],[-122.432089,37.7084171],[-122.4318485,37.7083558],[-122.431749,37.7084632],[-122.4315029,37.7081699],[-122.431382,37.7082251],[-122.430387,37.708346],[-122.430179,37.70842],[-122.430013,37.708529],[-122.4298418,37.7085303],[-122.4299243,37.7083424],[-122.429267,37.7083835],[-122.4289161,37.7083655],[-122.4284588,37.708193],[-122.4283497,37.7083599],[-122.4279545,37.7081913],[-122.4278794,37.7083023],[-122.4254214,37.7083077],[-122.4253597,37.7086125],[-122.4238494,37.7081814],[-122.423353,37.709251],[-122.4229436,37.7091349],[-122.4220536,37.710826],[-122.4255208,37.7189309],[-122.4259604,37.7190441],[-122.4334547,37.7167985]]]},"id":"parks-82480273"},{"type":"Feature","properties":{"id":"parks-82480966","name":"Bayview Park","layer":"parks"},"geometry":{"type":"Polygon","coordinates":[[[-122.3995128,37.720348],[-122.3992806,37.7151492],[-122.3904579,37.7092045],[-122.390413,37.709227],[-122.39026,37.709367],[-122.390033,37.70952],[-122.389819,37.709615],[-122.389718,37.70962],[-122.38967,37.709599],[-122.389476,37.709425],[-122.389224,37.709261],[-122.389081,37.709191],[-122.388719,37.708916],[-122.388555,37.708844],[-122.388399,37.708827],[-122.388318,37.708796],[-122.388195,37.708712],[-122.388108,37.708673],[-122.388063,37.708673],[-122.388032,37.708688],[-122.387972,37.708774],[-122.387896,37.708821],[-122.387768,37.709005],[-122.387639,37.709095],[-122.387577,37.70918],[-122.387427,37.709324],[-122.38729,37.709434],[-122.387087,37.709561],[-122.386837,37.709656],[-122.386819,37.709677],[-122.386829,37.70973],[-122.386816,37.709756],[-122.386739,37.709803],[-122.386413,37.709936],[-122.386272,37.709972],[-122.385984,37.709998],[-122.385909,37.709979],[-122.3858357,37.7099281],[-122.3935806,37.7205392],[-122.3995128,37.720348]]]},"id":"parks-82480966"},{"type":"Feature","properties":{"id":"parks-84821725","name":"Koret Quad","layer":"parks"},"geometry":{"type":"Polygon","coordinates":[[[-122.3943386,37.7679407],[-122.3936072,37.7662869],[-122.3893544,37.7665265],[-122.388746,37.7676423],[-122.3887548,37.768559],[-122.3894398,37.7691562],[-122.3943386,37.7679407]]]},"id":"parks-84821725"},{"type":"Feature","properties":{"id":"parks-85676254","name":"Edgehill Mountain Open Space","layer":"parks"},"geometry":{"type":"Polygon","coordinates":[[[-122.4625687,37.7467868],[-122.462386,37.7393577],[-122.459846,37.7377935],[-122.4542554,37.7434483],[-122.4541615,37.7458532],[-122.4601603,37.7475699],[-122.4625687,37.7467868]]]},"id":"parks-85676254"},{"type":"Feature","properties":{"id":"parks-85684053","name":"Douglass Playground","layer":"parks"},"geometry":{"type":"Polygon","coordinates":[[[-122.4475468,37.7485719],[-122.4457837,37.7467761],[-122.4375703,37.7454601],[-122.4366268,37.7459621],[-122.434672,37.749722],[-122.4472228,37.7494399],[-122.4475468,37.7485719]]]},"id":"parks-85684053"},{"type":"Feature","properties":{"id":"parks-85686582","name":"Dorothy W. Erskine Park","layer":"parks"},"geometry":{"type":"Polygon","coordinates":[[[-122.4436456,37.7362713],[-122.443629,37.7360134],[-122.4391077,37.732496],[-122.4370546,37.7315744],[-122.4402678,37.7377069],[-122.4436456,37.7362713]]]},"id":"parks-85686582"},{"type":"Feature","properties":{"id":"parks-85687774","name":"Noe Valley Courts","layer":"parks"},"geometry":{"type":"Polygon","coordinates":[[[-122.4472228,37.7494399],[-122.434672,37.749722],[-122.4339568,37.7501886],[-122.4339316,37.7549824],[-122.4344399,37.7550717],[-122.4435838,37.7540699],[-122.4460171,37.7534807],[-122.4471066,37.7529255],[-122.4472228,37.7494399]]]},"id":"parks-85687774"},{"type":"Feature","properties":{"id":"parks-85689113","name":"Duncan-Castro Open Space","layer":"parks"},"geometry":{"type":"Polygon","coordinates":[[[-122.4366268,37.7459621],[-122.4319719,37.7437429],[-122.4278626,37.7438618],[-122.4276649,37.7468625],[-122.4339568,37.7501886],[-122.434672,37.749722],[-122.4366268,37.7459621]]]},"id":"parks-85689113"},{"type":"Feature","properties":{"id":"parks-85796801","name":"Fulton Playground","layer":"parks"},"geometry":{"type":"Polygon","coordinates":[[[-122.4932128,37.7787336],[-122.4923154,37.7653104],[-122.4805621,37.7744336],[-122.4805838,37.7747247],[-122.485042,37.7790224],[-122.4915972,37.7798801],[-122.4932128,37.7787336]]]},"id":"parks-85796801"},{"type":"Feature","properties":{"id":"parks-85796807","name":"Richmond Playground","layer":"parks"},"geometry":{"type":"Polygon","coordinates":[[[-122.4820137,37.7941458],[-122.4812746,37.7840528],[-122.4731127,37.7844408],[-122.4770742,37.7947137],[-122.4810452,37.7968816],[-122.4820137,37.7941458]]]},"id":"parks-85796807"},{"type":"Feature","properties":{"id":"parks-85796808","name":"Richmond Recreation Center","layer":"parks"},"geometry":{"type":"Polygon","coordinates":[[[-122.48238,37.7811398],[-122.4715151,37.7816318],[-122.4713492,37.7820552],[-122.4731127,37.7844408],[-122.4812746,37.7840528],[-122.48238,37.7811398]]]},"id":"parks-85796808"},{"type":"Feature","properties":{"id":"parks-85880982","name":"George Christopher Playground","layer":"parks"},"geometry":{"type":"Polygon","coordinates":[[[-122.4457837,37.7467761],[-122.444935,37.74436],[-122.4398032,37.7404366],[-122.437557,37.7432283],[-122.4375703,37.7454601],[-122.4457837,37.7467761]]]},"id":"parks-85880982"},{"type":"Feature","properties":{"id":"parks-85888165","name":"29th & Diamond Open Space","layer":"parks"},"geometry":{"type":"Polygon","coordinates":[[[-122.4375703,37.7454601],[-122.437557,37.7432283],[-122.4344759,37.7423475],[-122.4319719,37.7437429],[-122.4366268,37.7459621],[-122.4375703,37.7454601]]]},"id":"parks-85888165"},{"type":"Feature","properties":{"id":"parks-85891396","name":"Walter Haas Playground","layer":"parks"},"geometry":{"type":"Polygon","coordinates":[[[-122.4381342,37.7382995],[-122.4335664,37.7368585],[-122.4320546,37.7391074],[-122.4345879,37.7418463],[-122.4381342,37.7382995]]]},"id":"parks-85891396"},{"type":"Feature","properties":{"id":"parks-85891397","name":"Billy Goat Hill","layer":"parks"},"geometry":{"type":"Polygon","coordinates":[[[-122.4345879,37.7418463],[-122.4320546,37.7391074],[-122.4274338,37.7431594],[-122.4278626,37.7438618],[-122.4319719,37.7437429],[-122.4344759,37.7423475],[-122.4345879,37.7418463]]]},"id":"parks-85891397"},{"type":"Feature","properties":{"id":"parks-85891868","name":"Topaz Open Space","layer":"parks"},"geometry":{"type":"Polygon","coordinates":[[[-122.4398032,37.7404366],[-122.439236,37.7384249],[-122.4381342,37.7382995],[-122.4345879,37.7418463],[-122.4344759,37.7423475],[-122.437557,37.7432283],[-122.4398032,37.7404366]]]},"id":"parks-85891868"},{"type":"Feature","properties":{"id":"parks-86023454","name":"Fairmount Open Space","layer":"parks"},"geometry":{"type":"Polygon","coordinates":[[[-122.4335664,37.7368585],[-122.431918,37.7346428],[-122.4274014,37.7333046],[-122.4249174,37.7360843],[-122.4240884,37.7400593],[-122.4259419,37.7422281],[-122.4274338,37.7431594],[-122.4320546,37.7391074],[-122.4335664,37.7368585]]]},"id":"parks-86023454"},{"type":"Feature","properties":{"id":"parks-86124597","name":"Argonne Playground","layer":"parks"},"geometry":{"type":"Polygon","coordinates":[[[-122.485042,37.7790224],[-122.4805838,37.7747247],[-122.4712723,37.7786538],[-122.4715151,37.7816318],[-122.48238,37.7811398],[-122.485042,37.7790224]]]},"id":"parks-86124597"},{"type":"Feature","properties":{"id":"parks-86124617","name":"Sunset Playground","layer":"parks"},"geometry":{"type":"Polygon","coordinates":[[[-122.4979521,37.7585383],[-122.4910399,37.7516401],[-122.479773,37.7550863],[-122.4795933,37.7560888],[-122.4801941,37.7598843],[-122.4809292,37.7621578],[-122.4924495,37.7649059],[-122.4968848,37.7628694],[-122.4974615,37.7608439],[-122.4979521,37.7585383]]]},"id":"parks-86124617"},{"type":"Feature","properties":{"id":"parks-86124618","name":"West Portal Playground","layer":"parks"},"geometry":{"type":"Polygon","coordinates":[[[-122.4715746,37.7434081],[-122.4700256,37.7391976],[-122.462386,37.7393577],[-122.4625687,37.7467868],[-122.4647337,37.7468061],[-122.4673455,37.7458906],[-122.4715746,37.7434081]]]},"id":"parks-86124618"},{"type":"Feature","properties":{"id":"parks-86124624","name":"West Sunset Playground","layer":"parks"},"geometry":{"type":"Polygon","coordinates":[[[-122.503519,37.7414093],[-122.4969959,37.7403114],[-122.4911962,37.7435887],[-122.4904915,37.7441336],[-122.4910399,37.7516401],[-122.4979521,37.7585383],[-122.5030192,37.7549969],[-122.503519,37.7414093]]]},"id":"parks-86124624"},{"type":"Feature","properties":{"id":"parks-86303730","name":"Fallen Bridge Park","layer":"parks"},"geometry":{"type":"Polygon","coordinates":[[[-122.4117571,37.7597987],[-122.4116275,37.7595085],[-122.4112779,37.7592939],[-122.408065,37.7600411],[-122.4033119,37.7643408],[-122.404305,37.7663765],[-122.4115359,37.7606568],[-122.4117571,37.7597987]]]},"id":"parks-86303730"},{"type":"Feature","properties":{"id":"parks-86303734","name":"Youngblood-Coleman Playground","layer":"parks"},"geometry":{"type":"Polygon","coordinates":[[[-122.3910331,37.7414652],[-122.3897635,37.7373302],[-122.3887339,37.7352579],[-122.3833055,37.7359052],[-122.3768831,37.7396988],[-122.3811887,37.7432812],[-122.3896374,37.7418498],[-122.3910331,37.7414652]]]},"id":"parks-86303734"},{"type":"Feature","properties":{"id":"parks-91114607","name":"Presidio Tunnel Tops","layer":"parks"},"geometry":{"type":"Polygon","coordinates":[[[-122.4594304,37.7980777],[-122.4571249,37.7944693],[-122.4481058,37.7970983],[-122.4531485,37.8062604],[-122.453296,37.806259],[-122.453816,37.806293],[-122.454086,37.80636],[-122.454294,37.806376],[-122.454308,37.806459],[-122.454354,37.806478],[-122.454483,37.806469],[-122.455565,37.806112],[-122.455911,37.806013],[-122.455939,37.806007],[-122.4594304,37.7980777]]]},"id":"parks-91114607"},{"type":"Feature","properties":{"id":"parks-93703754","name":"George Sterling Park","layer":"parks"},"geometry":{"type":"Polygon","coordinates":[[[-122.4261458,37.8019462],[-122.4233658,37.79868],[-122.4198651,37.7985537],[-122.4189346,37.7988978],[-122.4185821,37.8016045],[-122.419738,37.8027888],[-122.4261458,37.8019462]]]},"id":"parks-93703754"},{"type":"Feature","properties":{"id":"parks-99687084","name":"Presidio Heights Playground","layer":"parks"},"geometry":{"type":"Polygon","coordinates":[[[-122.4599092,37.7916875],[-122.4595416,37.7879468],[-122.4470111,37.7856184],[-122.4438877,37.7905014],[-122.4462192,37.7969806],[-122.4481058,37.7970983],[-122.4571249,37.7944693],[-122.4599092,37.7916875]]]},"id":"parks-99687084"},{"type":"Feature","properties":{"id":"parks-99687086","name":"Laurel Hill Playground","layer":"parks"},"geometry":{"type":"Polygon","coordinates":[[[-122.4599492,37.7864938],[-122.4595916,37.7856827],[-122.4521449,37.7797765],[-122.4479167,37.7808704],[-122.4457155,37.7814946],[-122.4470111,37.7856184],[-122.4595416,37.7879468],[-122.4599492,37.7864938]]]},"id":"parks-99687086"},{"type":"Feature","properties":{"id":"parks-103637554","name":"Sigmund Stern Recreation Grove","layer":"parks"},"geometry":{"type":"Polygon","coordinates":[[[-122.482679,37.7339828],[-122.4727463,37.7320421],[-122.4714837,37.7333052],[-122.471607,37.7348398],[-122.480071,37.7390751],[-122.4826258,37.7345978],[-122.482679,37.7339828]]]},"id":"parks-103637554"},{"type":"Feature","properties":{"id":"parks-103637565","name":"Pine Lake Park","layer":"parks"},"geometry":{"type":"Polygon","coordinates":[[[-122.4969959,37.7403114],[-122.4932349,37.7312413],[-122.4916196,37.7300343],[-122.4893704,37.7295821],[-122.482679,37.7339828],[-122.4826258,37.7345978],[-122.4911962,37.7435887],[-122.4969959,37.7403114]]]},"id":"parks-103637565"},{"type":"Feature","properties":{"id":"parks-103637793","name":"Parkside Square","layer":"parks"},"geometry":{"type":"Polygon","coordinates":[[[-122.4911962,37.7435887],[-122.4826258,37.7345978],[-122.480071,37.7390751],[-122.4803774,37.7402271],[-122.4898118,37.7441286],[-122.4904915,37.7441336],[-122.4911962,37.7435887]]]},"id":"parks-103637793"},{"type":"Feature","properties":{"id":"parks-103654951","name":"Robert Pender Park","layer":"parks"},"geometry":{"type":"Polygon","coordinates":[[[-122.4870841,37.7119859],[-122.4742031,37.7172513],[-122.4738207,37.7205795],[-122.4739222,37.72062],[-122.4843526,37.7203864],[-122.4861155,37.7170606],[-122.4870841,37.7119859]]]},"id":"parks-103654951"},{"type":"Feature","properties":{"id":"parks-106952544","name":"Kelloch-Velasco Park","layer":"parks"},"geometry":{"type":"Polygon","coordinates":[[[-122.4229436,37.7091349],[-122.4192504,37.7080876],[-122.4190686,37.7084824],[-122.4180992,37.7082132],[-122.4180414,37.7083428],[-122.4177143,37.7082508],[-122.4176566,37.7083802],[-122.4171352,37.7082335],[-122.4170774,37.708363],[-122.4167364,37.7082671],[-122.4167075,37.7083318],[-122.4161691,37.7081803],[-122.4160824,37.7083745],[-122.4157394,37.708278],[-122.4156817,37.7084075],[-122.4151432,37.7082559],[-122.4150854,37.7083854],[-122.4143537,37.7081796],[-122.4142137,37.7085033],[-122.4133681,37.7082653],[-122.4133398,37.7083288],[-122.4124808,37.7083285],[-122.4123731,37.7082984],[-122.4123014,37.7084604],[-122.4118308,37.7083284],[-122.4081117,37.7083273],[-122.4079559,37.7083337],[-122.4151473,37.7132166],[-122.4220536,37.710826],[-122.4229436,37.7091349]]]},"id":"parks-106952544"},{"type":"Feature","properties":{"id":"parks-111573499","name":"Rolph Nicol Jr Playground","layer":"parks"},"geometry":{"type":"Polygon","coordinates":[[[-122.4893704,37.7295821],[-122.4847981,37.7258721],[-122.4777055,37.727211],[-122.4731675,37.7303661],[-122.4727463,37.7320421],[-122.482679,37.7339828],[-122.4893704,37.7295821]]]},"id":"parks-111573499"},{"type":"Feature","properties":{"id":"parks-114151111","name":"Michelangelo Playground","layer":"parks"},"geometry":{"type":"Polygon","coordinates":[[[-122.4189346,37.7988978],[-122.4178765,37.7988232],[-122.4146555,37.8020558],[-122.4150053,37.802812],[-122.4185821,37.8016045],[-122.4189346,37.7988978]]]},"id":"parks-114151111"},{"type":"Feature","properties":{"id":"parks-114151121","name":"Ina Coolbrith Park","layer":"parks"},"geometry":{"type":"Polygon","coordinates":[[[-122.4158854,37.798089],[-122.4140007,37.795339],[-122.4104121,37.7981795],[-122.4129483,37.8000702],[-122.4158854,37.798089]]]},"id":"parks-114151121"},{"type":"Feature","properties":{"id":"parks-115433818","name":"Noe & Beaver Mini Park Community Garden","layer":"parks"},"geometry":{"type":"Polygon","coordinates":[[[-122.4362988,37.7674105],[-122.4361625,37.7645299],[-122.435487,37.7640872],[-122.4310724,37.7617469],[-122.4268308,37.7650173],[-122.4266713,37.7667445],[-122.4272681,37.7673456],[-122.4362988,37.7674105]]]},"id":"parks-115433818"},{"type":"Feature","properties":{"id":"parks-116771007","name":"Potrero Hill Recreation Center","layer":"parks"},"geometry":{"type":"Polygon","coordinates":[[[-122.401215,37.7569258],[-122.3963163,37.7533141],[-122.3943927,37.7545061],[-122.3934285,37.7559043],[-122.3945677,37.7590324],[-122.3962984,37.76007],[-122.3974627,37.7604493],[-122.3995075,37.7600187],[-122.401215,37.7569258]]]},"id":"parks-116771007"},{"type":"Feature","properties":{"id":"parks-128241105","name":"Golden Gate Heights Park","layer":"parks"},"geometry":{"type":"Polygon","coordinates":[[[-122.4708826,37.7497451],[-122.4673455,37.7458906],[-122.4647337,37.7468061],[-122.4669521,37.7503971],[-122.469941,37.7511763],[-122.4699491,37.7511737],[-122.4708826,37.7497451]]]},"id":"parks-128241105"},{"type":"Feature","properties":{"id":"parks-133399685","name":"Islais Landing","layer":"parks"},"geometry":{"type":"Polygon","coordinates":[[[-122.3937984,37.7426891],[-122.3910331,37.7414652],[-122.3896374,37.7418498],[-122.3871433,37.747007],[-122.387193,37.747007],[-122.387253,37.747596],[-122.387154,37.747605],[-122.387112,37.747625],[-122.387006,37.747717],[-122.3867875,37.7477427],[-122.3855512,37.7502992],[-122.3862568,37.7505943],[-122.3865714,37.7505462],[-122.3937984,37.7426891]]]},"id":"parks-133399685"},{"type":"Feature","properties":{"id":"parks-137911952","name":"Page & Laguna Mini Park","layer":"parks"},"geometry":{"type":"Polygon","coordinates":[[[-122.4263443,37.7747649],[-122.4255131,37.7713803],[-122.4218361,37.7742786],[-122.4258117,37.775039],[-122.4263443,37.7747649]]]},"id":"parks-137911952"},{"type":"Feature","properties":{"id":"parks-138662530","name":"Seward Mini Park","layer":"parks"},"geometry":{"type":"Polygon","coordinates":[[[-122.4435838,37.7540699],[-122.4344399,37.7550717],[-122.4388759,37.759339],[-122.4398997,37.7592492],[-122.4435838,37.7540699]]]},"id":"parks-138662530"},{"type":"Feature","properties":{"id":"parks-147777246","name":"Mission Playground","layer":"parks"},"geometry":{"type":"Polygon","coordinates":[[[-122.4249228,37.7572382],[-122.4201838,37.7592372],[-122.4197705,37.7614191],[-122.4242934,37.7625332],[-122.4249228,37.7572382]]]},"id":"parks-147777246"},{"type":"Feature","properties":{"id":"parks-148288769","name":"Rooftop Park","layer":"parks"},"geometry":{"type":"Polygon","coordinates":[[[-122.3997171,37.7880769],[-122.3975066,37.7857168],[-122.3970981,37.7863798],[-122.3974861,37.7900667],[-122.3997171,37.7880769]]]},"id":"parks-148288769"},{"type":"Feature","properties":{"id":"parks-153905784","name":"Koshland Park","layer":"parks"},"geometry":{"type":"Polygon","coordinates":[[[-122.431577,37.7734142],[-122.4275524,37.768449],[-122.4255131,37.7713803],[-122.4263443,37.7747649],[-122.4311767,37.7740609],[-122.431577,37.7734142]]]},"id":"parks-153905784"},{"type":"Feature","properties":{"id":"parks-156681276","name":"Community Park","layer":"parks"},"geometry":{"type":"Polygon","coordinates":[[[-122.4429206,37.7621573],[-122.4423735,37.7599722],[-122.4398997,37.7592492],[-122.4388759,37.759339],[-122.4381448,37.7613091],[-122.4388734,37.7625909],[-122.4419821,37.7633556],[-122.4429206,37.7621573]]]},"id":"parks-156681276"},{"type":"Feature","properties":{"id":"parks-158602261","name":"Golden Gate Park","layer":"parks"},"geometry":{"type":"Polygon","coordinates":[[[-122.4924495,37.7649059],[-122.4809292,37.7621578],[-122.4743515,37.7662327],[-122.4745619,37.7678916],[-122.4805621,37.7744336],[-122.4923154,37.7653104],[-122.4924495,37.7649059]]]},"id":"parks-158602261"},{"type":"Feature","properties":{"id":"parks-160025743","name":"Sutro Heights Park","layer":"parks"},"geometry":{"type":"Polygon","coordinates":[[[-122.514948,37.779719],[-122.514854,37.779525],[-122.514568,37.779418],[-122.514494,37.779243],[-122.514499,37.779154],[-122.514579,37.778978],[-122.514565,37.778846],[-122.514636,37.778748],[-122.514662,37.778644],[-122.51463,37.778506],[-122.514272,37.778125],[-122.51413,37.777902],[-122.51397,37.777743],[-122.51379,37.777711],[-122.513512,37.777603],[-122.513351,37.77733],[-122.513262,37.776766],[-122.51322,37.776643],[-122.513116,37.775992],[-122.513118,37.775495],[-122.513155,37.775413],[-122.513139,37.775383],[-122.513168,37.775295],[-122.51315,37.775202],[-122.51317,37.775109],[-122.513165,37.774891],[-122.513116,37.77455],[-122.513099,37.77391],[-122.513131,37.773759],[-122.513124,37.773514],[-122.513137,37.773396],[-122.513136,37.773276],[-122.513109,37.773165],[-122.513146,37.773046],[-122.513144,37.772918],[-122.513128,37.772863],[-122.513148,37.772557],[-122.513133,37.772518],[-122.513178,37.772412],[-122.513179,37.77237],[-122.513143,37.772299],[-122.513163,37.772232],[-122.513097,37.771902],[-122.513117,37.771539],[-122.513104,37.771429],[-122.513141,37.771331],[-122.513128,37.771214],[-122.513147,37.770761],[-122.513083,37.770501],[-122.513104,37.770232],[-122.513146,37.77003],[-122.513086,37.769554],[-122.513091,37.769397],[-122.513126,37.769292],[-122.513087,37.769233],[-122.513112,37.769136],[-122.513105,37.768883],[-122.51309,37.7688243],[-122.5085048,37.7691913],[-122.5036351,37.7776901],[-122.5126549,37.7840168],[-122.512714,37.783931],[-122.512466,37.783743],[-122.512519,37.78362],[-122.512706,37.783554],[-122.512806,37.783475],[-122.512854,37.783353],[-122.512879,37.783237],[-122.513026,37.7832],[-122.512986,37.783036],[-122.513082,37.782896],[-122.513099,37.782774],[-122.513178,37.782749],[-122.513313,37.782817],[-122.513444,37.782781],[-122.513499,37.782701],[-122.51349,37.782577],[-122.51346,37.782521],[-122.513504,37.782433],[-122.51359,37.782397],[-122.513546,37.782286],[-122.513467,37.782192],[-122.513523,37.782081],[-122.513671,37.781982],[-122.513696,37.781892],[-122.513883,37.781615],[-122.513759,37.781477],[-122.513868,37.781428],[-122.514242,37.781465],[-122.514285,37.781429],[-122.514303,37.781352],[-122.514293,37.781279],[-122.514468,37.781303],[-122.514586,37.781301],[-122.514724,37.781134],[-122.514648,37.780861],[-122.514467,37.780603],[-122.514475,37.780426],[-122.514512,37.780269],[-122.514565,37.779897],[-122.514641,37.779821],[-122.51475,37.779872],[-122.514897,37.779848],[-122.514948,37.779719]]]},"id":"parks-160025743"},{"type":"Feature","properties":{"id":"parks-161843741","name":"Fay Park","layer":"parks"},"geometry":{"type":"Polygon","coordinates":[[[-122.419738,37.8027888],[-122.4185821,37.8016045],[-122.4150053,37.802812],[-122.4148288,37.8043586],[-122.4168253,37.805117],[-122.4186546,37.8047259],[-122.419738,37.8027888]]]},"id":"parks-161843741"},{"type":"Feature","properties":{"id":"parks-162056252","name":"Woh Hei Yuen Recreation Center","layer":"parks"},"geometry":{"type":"Polygon","coordinates":[[[-122.4140564,37.7948896],[-122.4099732,37.7936325],[-122.4064323,37.7967824],[-122.4060131,37.7978435],[-122.4059632,37.7982382],[-122.4076647,37.7982895],[-122.4104121,37.7981795],[-122.4140007,37.795339],[-122.4140564,37.7948896]]]},"id":"parks-162056252"},{"type":"Feature","properties":{"id":"parks-162518010","name":"Muriel Leff Mini Park","layer":"parks"},"geometry":{"type":"Polygon","coordinates":[[[-122.4715151,37.7816318],[-122.4712723,37.7786538],[-122.4680244,37.7756039],[-122.463425,37.774808],[-122.4612565,37.7793245],[-122.4595916,37.7856827],[-122.4599492,37.7864938],[-122.4713492,37.7820552],[-122.4715151,37.7816318]]]},"id":"parks-162518010"},{"type":"Feature","properties":{"id":"parks-162518012","name":"Cabrillo Playground","layer":"parks"},"geometry":{"type":"Polygon","coordinates":[[[-122.5085048,37.7691913],[-122.4968848,37.7628694],[-122.4924495,37.7649059],[-122.4923154,37.7653104],[-122.4932128,37.7787336],[-122.5009813,37.7785319],[-122.5036351,37.7776901],[-122.5085048,37.7691913]]]},"id":"parks-162518012"},{"type":"Feature","properties":{"id":"parks-162651463","name":"Merced Heights Playground","layer":"parks"},"geometry":{"type":"Polygon","coordinates":[[[-122.4742031,37.7172513],[-122.4695887,37.7124088],[-122.4690826,37.7131111],[-122.4680119,37.7223518],[-122.4738207,37.7205795],[-122.4742031,37.7172513]]]},"id":"parks-162651463"},{"type":"Feature","properties":{"id":"parks-162651466","name":"Ocean View Park","layer":"parks"},"geometry":{"type":"Polygon","coordinates":[[[-122.4608893,37.7158764],[-122.4595002,37.7116042],[-122.454913,37.7125172],[-122.452708,37.7180814],[-122.4564745,37.7219787],[-122.4608893,37.7158764]]]},"id":"parks-162651466"},{"type":"Feature","properties":{"id":"parks-188964531","name":"San Jose/Guerrero Park","layer":"parks"},"geometry":{"type":"Polygon","coordinates":[[[-122.4278626,37.7438618],[-122.4274338,37.7431594],[-122.4259419,37.7422281],[-122.4212614,37.7443685],[-122.4211381,37.7445256],[-122.4209747,37.747539],[-122.4267081,37.7475883],[-122.4276649,37.7468625],[-122.4278626,37.7438618]]]},"id":"parks-188964531"},{"type":"Feature","properties":{"id":"parks-188964533","name":"Naples Green","layer":"parks"},"geometry":{"type":"Polygon","coordinates":[[[-122.4429373,37.7171393],[-122.4332351,37.7123721],[-122.4334547,37.7167985],[-122.4410642,37.7191418],[-122.441112,37.7191192],[-122.4429373,37.7171393]]]},"id":"parks-188964533"},{"type":"Feature","properties":{"id":"parks-188964535","name":"Naples Green","layer":"parks"},"geometry":{"type":"Polygon","coordinates":[[[-122.443423,37.7147648],[-122.4393462,37.708175],[-122.4390967,37.7080666],[-122.4389732,37.7082848],[-122.4388067,37.708226],[-122.4387496,37.7082316],[-122.4386703,37.7083532],[-122.438337,37.708216],[-122.4381791,37.7084653],[-122.4367799,37.7079188],[-122.4367708,37.7079442],[-122.4363533,37.7083507],[-122.4361299,37.7081664],[-122.4357325,37.7084378],[-122.4356155,37.7083243],[-122.4353654,37.7081648],[-122.4350446,37.7083629],[-122.434978,37.708292],[-122.4347726,37.707988],[-122.4342545,37.7081073],[-122.4340238,37.7080639],[-122.4338271,37.7079894],[-122.433743,37.7081056],[-122.4337859,37.7081541],[-122.4337652,37.7082111],[-122.4334252,37.7083305],[-122.4331551,37.7081579],[-122.4327975,37.7081794],[-122.4327566,37.7082537],[-122.4332351,37.7123721],[-122.4429373,37.7171393],[-122.4433874,37.7166764],[-122.443423,37.7147648]]]},"id":"parks-188964535"},{"type":"Feature","properties":{"id":"parks-193055100","name":"Brooks Park","layer":"parks"},"geometry":{"type":"Polygon","coordinates":[[[-122.4690826,37.7131111],[-122.4644267,37.7165268],[-122.4663742,37.7228437],[-122.4671346,37.7228611],[-122.4680119,37.7223518],[-122.4690826,37.7131111]]]},"id":"parks-193055100"},{"type":"Feature","properties":{"id":"parks-195274553","name":"Cayuga & Lamartine mini park","layer":"parks"},"geometry":{"type":"Polygon","coordinates":[[[-122.4382621,37.7270681],[-122.4370141,37.7254177],[-122.4323062,37.7253344],[-122.4261423,37.7303803],[-122.4274014,37.7333046],[-122.431918,37.7346428],[-122.4368077,37.7313674],[-122.4382621,37.7270681]]]},"id":"parks-195274553"},{"type":"Feature","properties":{"id":"parks-207811319","name":"Brannan Street Wharf","layer":"parks"},"geometry":{"type":"MultiPolygon","coordinates":[[[[-122.3913826,37.783791],[-122.3907425,37.7828654],[-122.3861664,37.7824315],[-122.384719,37.782524],[-122.384681,37.782544],[-122.38473,37.782926],[-122.384748,37.782939],[-122.387421,37.78279],[-122.387525,37.782797],[-122.387777,37.782868],[-122.387752,37.783246],[-122.387696,37.783279],[-122.3873604,37.7833472],[-122.3874093,37.7838936],[-122.3874785,37.7843267],[-122.387583,37.784438],[-122.387473,37.78447],[-122.3875574,37.7848694],[-122.387631,37.784865],[-122.387581,37.785438],[-122.387565,37.785458],[-122.387454,37.785495],[-122.387336,37.785518],[-122.38439,37.785698],[-122.38436,37.78571],[-122.384342,37.785735],[-122.384499,37.787361],[-122.384544,37.7874],[-122.38702,37.787247],[-122.387407,37.787241],[-122.3873835,37.7876741],[-122.3876047,37.7875418],[-122.3913826,37.783791]]],[[[-122.3872316,37.787765],[-122.387225,37.787767],[-122.385138,37.788118],[-122.385126,37.788142],[-122.3851889,37.7883942],[-122.3865957,37.7881455],[-122.3872316,37.787765]]]]},"id":"parks-207811319"},{"type":"Feature","properties":{"id":"parks-215139414","name":"Pier 94 Wetlands","layer":"parks"},"geometry":{"type":"MultiPolygon","coordinates":[[[[-122.3811887,37.7432812],[-122.3768831,37.7396988],[-122.3750872,37.7392208],[-122.37395,37.7394071],[-122.37396,37.73942],[-122.3738012,37.7394314],[-122.3678853,37.7404002],[-122.372762,37.745505],[-122.372956,37.745387],[-122.373073,37.745413],[-122.373171,37.745415],[-122.373357,37.745372],[-122.373854,37.745086],[-122.373843,37.745047],[-122.373864,37.745013],[-122.373961,37.744956],[-122.374024,37.744949],[-122.374141,37.744987],[-122.37495,37.745791],[-122.3747634,37.7460445],[-122.374703,37.7465415],[-122.3751704,37.7470498],[-122.37644,37.747478],[-122.376457,37.747497],[-122.3808873,37.747275],[-122.3811887,37.7432812]]],[[[-122.3808026,37.7483977],[-122.375771,37.748707],[-122.3760546,37.7518854],[-122.3807577,37.748992],[-122.3808026,37.7483977]]]]},"id":"parks-215139414"},{"type":"Feature","properties":{"id":"parks-217583813","name":"Little Hollywood Park","layer":"parks"},"geometry":{"type":"Polygon","coordinates":[[[-122.404605,37.7083639],[-122.3932013,37.7084023],[-122.392112,37.709253],[-122.391716,37.709607],[-122.39151,37.709695],[-122.391479,37.709698],[-122.391263,37.709593],[-122.390671,37.70925],[-122.39062,37.709205],[-122.390463,37.709202],[-122.3904579,37.7092045],[-122.3992806,37.7151492],[-122.4038343,37.7105559],[-122.404605,37.7083639]]]},"id":"parks-217583813"},{"type":"Feature","properties":{"id":"parks-218917064","name":"Sunnyside Conservatory","layer":"parks"},"geometry":{"type":"Polygon","coordinates":[[[-122.4453806,37.7293504],[-122.4382621,37.7270681],[-122.4368077,37.7313674],[-122.4370546,37.7315744],[-122.4391077,37.732496],[-122.4443701,37.7321523],[-122.4453806,37.7293504]]]},"id":"parks-218917064"},{"type":"Feature","properties":{"id":"parks-219036309","name":"Pink Triangle Memorial","layer":"parks"},"geometry":{"type":"Polygon","coordinates":[[[-122.4388734,37.7625909],[-122.4381448,37.7613091],[-122.4362121,37.7611057],[-122.435487,37.7640872],[-122.4361625,37.7645299],[-122.4388734,37.7625909]]]},"id":"parks-219036309"},{"type":"Feature","properties":{"id":"parks-219166342","name":"Baden-Joost Mini Park","layer":"parks"},"geometry":{"type":"Polygon","coordinates":[[[-122.4443701,37.7321523],[-122.4391077,37.732496],[-122.443629,37.7360134],[-122.4443701,37.7321523]]]},"id":"parks-219166342"},{"type":"Feature","properties":{"id":"parks-222822105","name":"Coso Square","layer":"parks"},"geometry":{"type":"Polygon","coordinates":[[[-122.4201805,37.7477788],[-122.4187489,37.7452905],[-122.4164261,37.7442189],[-122.4148858,37.7457826],[-122.4154538,37.7485056],[-122.4171549,37.750097],[-122.4201805,37.7477788]]]},"id":"parks-222822105"},{"type":"Feature","properties":{"id":"parks-224941774","name":"Pioneer Park","layer":"parks"},"geometry":{"type":"Polygon","coordinates":[[[-122.408486,37.8026582],[-122.4056631,37.798504],[-122.4036641,37.7990803],[-122.4036289,37.7991084],[-122.4034446,37.8045821],[-122.4062696,37.8042932],[-122.408486,37.8026582]]]},"id":"parks-224941774"},{"type":"Feature","properties":{"id":"parks-225182880","name":"Corona Heights Park","layer":"parks"},"geometry":{"type":"Polygon","coordinates":[[[-122.4427217,37.7654951],[-122.4419821,37.7633556],[-122.4388734,37.7625909],[-122.4361625,37.7645299],[-122.4362988,37.7674105],[-122.4363364,37.7674362],[-122.4377441,37.767433],[-122.4427217,37.7654951]]]},"id":"parks-225182880"},{"type":"Feature","properties":{"id":"parks-225526801","name":"Harvey Milk Plaza","layer":"parks"},"geometry":{"type":"Polygon","coordinates":[[[-122.4362121,37.7611057],[-122.4318379,37.7601042],[-122.4310724,37.7617469],[-122.435487,37.7640872],[-122.4362121,37.7611057]]]},"id":"parks-225526801"},{"type":"Feature","properties":{"id":"parks-226290099","name":"Sunnyside Playground","layer":"parks"},"geometry":{"type":"Polygon","coordinates":[[[-122.4570031,37.7310151],[-122.4556451,37.7278313],[-122.4528323,37.7276688],[-122.4453806,37.7293504],[-122.4443701,37.7321523],[-122.443629,37.7360134],[-122.4436456,37.7362713],[-122.4452464,37.7368154],[-122.452215,37.7352253],[-122.4570031,37.7310151]]]},"id":"parks-226290099"},{"type":"Feature","properties":{"id":"parks-233459930","name":"India Basin Open Space","layer":"parks"},"geometry":{"type":"MultiPolygon","coordinates":[[[[-122.376265,37.7329742],[-122.3716118,37.7288512],[-122.3660165,37.7318357],[-122.36619,37.731916],[-122.36615,37.731975],[-122.366182,37.731991],[-122.365348,37.732891],[-122.36533,37.732999],[-122.365446,37.733055],[-122.36556,37.732995],[-122.36623,37.732239],[-122.366314,37.732287],[-122.366457,37.732144],[-122.366542,37.732184],[-122.365192,37.73373],[-122.365215,37.733782],[-122.365249,37.733801],[-122.365323,37.733797],[-122.365857,37.733197],[-122.365835,37.73314],[-122.366678,37.732215],[-122.366782,37.732301],[-122.366862,37.732294],[-122.366983,37.732177],[-122.367109,37.732133],[-122.367278,37.731998],[-122.367425,37.731951],[-122.367519,37.731945],[-122.367694,37.731981],[-122.368141,37.732258],[-122.368388,37.732292],[-122.368522,37.732285],[-122.368609,37.732252],[-122.368644,37.732178],[-122.368626,37.732107],[-122.36863,37.732052],[-122.368694,37.731961],[-122.368847,37.73193],[-122.368927,37.731935],[-122.369079,37.731986],[-122.369205,37.731993],[-122.369515,37.732201],[-122.369528,37.732253],[-122.369523,37.732368],[-122.369629,37.732504],[-122.3704186,37.7329772],[-122.3705795,37.7331611],[-122.3709552,37.7333591],[-122.3713129,37.7336562],[-122.3716528,37.7339816],[-122.3719748,37.7342362],[-122.3723146,37.7342504],[-122.3727797,37.7340099],[-122.3729049,37.7339109],[-122.3729407,37.7337694],[-122.3731017,37.7336421],[-122.3736026,37.7331187],[-122.3739245,37.7328499],[-122.3742107,37.7326943],[-122.3740855,37.7330479],[-122.3742286,37.7331328],[-122.374479,37.7328357],[-122.3746221,37.7326943],[-122.3748189,37.7327084],[-122.3750514,37.7329347],[-122.3747831,37.7331611],[-122.3749083,37.7332884],[-122.375445,37.7328782],[-122.3755344,37.7330196],[-122.3751945,37.7333591],[-122.3750872,37.7336845],[-122.3748726,37.7339533],[-122.3748547,37.7342079],[-122.374962,37.7344201],[-122.3750693,37.7345899],[-122.3748726,37.7348021],[-122.3748368,37.7350143],[-122.3749799,37.7351275],[-122.3750336,37.7352972],[-122.375123,37.7354104],[-122.3754271,37.735467],[-122.3756596,37.7354387],[-122.3757798,37.7355474],[-122.376265,37.7329742]]],[[[-122.3757755,37.7355703],[-122.3756775,37.7357641],[-122.3757351,37.7357847],[-122.3757755,37.7355703]]],[[[-122.375725,37.7358382],[-122.375665,37.735884],[-122.375565,37.735998],[-122.375237,37.736225],[-122.37522,37.736299],[-122.375165,37.736415],[-122.375168,37.736504],[-122.375152,37.736576],[-122.375122,37.73663],[-122.375051,37.736698],[-122.375028,37.736747],[-122.375029,37.736798],[-122.375052,37.736843],[-122.374942,37.737],[-122.374905,37.737092],[-122.374883,37.737295],[-122.374951,37.737563],[-122.375055,37.737724],[-122.375137,37.737803],[-122.3753326,37.7379194],[-122.375725,37.7358382]]],[[[-122.3752751,37.7382241],[-122.375,37.738053],[-122.374527,37.73782],[-122.374443,37.737823],[-122.374322,37.737787],[-122.373537,37.737176],[-122.373196,37.73707],[-122.372923,37.737043],[-122.372509,37.737062],[-122.372299,37.737089],[-122.372288,37.737126],[-122.372129,37.737163],[-122.37205,37.737076],[-122.371996,37.737043],[-122.371928,37.737034],[-122.371616,37.73708],[-122.371374,37.737059],[-122.371381,37.73708],[-122.371348,37.737056],[-122.371297,37.737063],[-122.371123,37.737115],[-122.371038,37.737162],[-122.370884,37.737312],[-122.370767,37.737371],[-122.370549,37.737373],[-122.370431,37.737442],[-122.370307,37.73749],[-122.369936,37.737569],[-122.369809,37.737629],[-122.36948,37.737726],[-122.369279,37.737757],[-122.36902,37.737767],[-122.368855,37.737868],[-122.368624,37.737941],[-122.368154,37.73799],[-122.367649,37.738074],[-122.367475,37.738139],[-122.367404,37.738194],[-122.367394,37.738224],[-122.367422,37.7383],[-122.367519,37.738344],[-122.368412,37.738254],[-122.368744,37.738246],[-122.369342,37.738275],[-122.369475,37.738269],[-122.369839,37.738225],[-122.370404,37.738203],[-122.370542,37.738153],[-122.370586,37.738199],[-122.370983,37.738171],[-122.371204,37.738177],[-122.372342,37.738275],[-122.372603,37.738282],[-122.372924,37.738348],[-122.373196,37.738463],[-122.373429,37.738623],[-122.373547,37.738741],[-122.373692,37.738957],[-122.373811,37.739228],[-122.37395,37.7394071],[-122.3750872,37.7392208],[-122.3752751,37.7382241]]],[[[-122.3738012,37.7394314],[-122.371833,37.739573],[-122.371253,37.739664],[-122.368274,37.739828],[-122.368286,37.739976],[-122.367868,37.739994],[-122.367631,37.740134],[-122.3678853,37.7404002],[-122.3738012,37.7394314]]],[[[-122.3659718,37.7318595],[-122.3654451,37.7321404],[-122.364967,37.732665],[-122.364938,37.732756],[-122.365013,37.73283],[-122.365157,37.732769],[-122.3659718,37.7318595]]],[[[-122.3649544,37.7324022],[-122.3647632,37.7325041],[-122.364828,37.732543],[-122.3649544,37.7324022]]]]},"id":"parks-233459930"},{"type":"Feature","properties":{"id":"parks-243571693","name":"The Parks at 5M","layer":"parks"},"geometry":{"type":"Polygon","coordinates":[[[-122.411815,37.7793159],[-122.4118004,37.779263],[-122.4113633,37.7787158],[-122.4041773,37.7794072],[-122.4087729,37.7836184],[-122.4114841,37.7806063],[-122.411815,37.7793159]]]},"id":"parks-243571693"},{"type":"Feature","properties":{"id":"parks-256784864","name":"Noe Valley Town Square","layer":"parks"},"geometry":{"type":"Polygon","coordinates":[[[-122.4339568,37.7501886],[-122.4276649,37.7468625],[-122.4267081,37.7475883],[-122.4240273,37.7538289],[-122.4259151,37.7552705],[-122.4319282,37.7561053],[-122.4339316,37.7549824],[-122.4339568,37.7501886]]]},"id":"parks-256784864"},{"type":"Feature","properties":{"id":"parks-257344295","name":"Agua Vista Park","layer":"parks"},"geometry":{"type":"MultiPolygon","coordinates":[[[[-122.3893544,37.7665265],[-122.3885763,37.7648345],[-122.3860118,37.764429],[-122.3860324,37.7645819],[-122.3861448,37.7646741],[-122.3864428,37.7646638],[-122.386501,37.764815],[-122.386484,37.764908],[-122.386447,37.764929],[-122.386436,37.765059],[-122.38647,37.765278],[-122.386542,37.765286],[-122.38652,37.765412],[-122.386292,37.76569],[-122.385915,37.766285],[-122.385934,37.766361],[-122.385895,37.766523],[-122.385861,37.766599],[-122.3858223,37.7666013],[-122.385484,37.7671374],[-122.388746,37.7676423],[-122.3893544,37.7665265]]],[[[-122.3838714,37.7640905],[-122.3832879,37.7639982],[-122.383297,37.764084],[-122.383458,37.764075],[-122.383461,37.764112],[-122.3835433,37.7641167],[-122.3838714,37.7640905]]],[[[-122.3817174,37.7637499],[-122.3810043,37.7636371],[-122.380984,37.764799],[-122.381124,37.764799],[-122.381173,37.764933],[-122.38145,37.764935],[-122.381492,37.764806],[-122.381631,37.764801],[-122.381632,37.764741],[-122.381695,37.764738],[-122.3817174,37.7637499]]],[[[-122.379808,37.763457],[-122.3798071,37.7634478],[-122.3795271,37.7634036],[-122.379533,37.763466],[-122.379566,37.763494],[-122.379779,37.763485],[-122.379808,37.763457]]]]},"id":"parks-257344295"},{"type":"Feature","properties":{"id":"parks-259774228","name":"Coleridge Mini Park","layer":"parks"},"geometry":{"type":"Polygon","coordinates":[[[-122.4212614,37.7443685],[-122.4168599,37.7424555],[-122.4164261,37.7442189],[-122.4187489,37.7452905],[-122.4211381,37.7445256],[-122.4212614,37.7443685]]]},"id":"parks-259774228"},{"type":"Feature","properties":{"id":"parks-259775230","name":"Coleridge Park","layer":"parks"},"geometry":{"type":"Polygon","coordinates":[[[-122.4259419,37.7422281],[-122.4240884,37.7400593],[-122.419325,37.7402374],[-122.4168164,37.7416145],[-122.4168599,37.7424555],[-122.4212614,37.7443685],[-122.4259419,37.7422281]]]},"id":"parks-259775230"},{"type":"Feature","properties":{"id":"parks-259849026","name":"Argonne Community Garden","layer":"parks"},"geometry":{"type":"Polygon","coordinates":[[[-122.4805838,37.7747247],[-122.4805621,37.7744336],[-122.4745619,37.7678916],[-122.4680244,37.7756039],[-122.4712723,37.7786538],[-122.4805838,37.7747247]]]},"id":"parks-259849026"},{"type":"Feature","properties":{"id":"parks-260924230","name":"Empire Park","layer":"parks"},"geometry":{"type":"Polygon","coordinates":[[[-122.4064323,37.7967824],[-122.4053164,37.793446],[-122.4011098,37.7920678],[-122.4008326,37.792261],[-122.4007608,37.792378],[-122.4060131,37.7978435],[-122.4064323,37.7967824]]]},"id":"parks-260924230"},{"type":"Feature","properties":{"id":"parks-261129576","name":"Midtown Terrace Park and Sutro Recreation Center","layer":"parks"},"geometry":{"type":"Polygon","coordinates":[[[-122.4601603,37.7475699],[-122.4541615,37.7458532],[-122.4475468,37.7485719],[-122.4472228,37.7494399],[-122.4471066,37.7529255],[-122.4482313,37.7538397],[-122.453915,37.7572843],[-122.4601295,37.7586864],[-122.4601603,37.7475699]]]},"id":"parks-261129576"},{"type":"Feature","properties":{"id":"parks-261988292","name":"Transamerica Redwood Park","layer":"parks"},"geometry":{"type":"Polygon","coordinates":[[[-122.4060131,37.7978435],[-122.4007608,37.792378],[-122.4003723,37.7927333],[-122.4012478,37.7969259],[-122.4036641,37.7990803],[-122.4056631,37.798504],[-122.4059632,37.7982382],[-122.4060131,37.7978435]]]},"id":"parks-261988292"},{"type":"Feature","properties":{"id":"parks-266694696","name":"Woods Yard Park","layer":"parks"},"geometry":{"type":"Polygon","coordinates":[[[-122.3945677,37.7590324],[-122.3934285,37.7559043],[-122.3901896,37.7556381],[-122.3867537,37.7561355],[-122.3849046,37.7584655],[-122.3873018,37.7595526],[-122.3939829,37.7591373],[-122.3945677,37.7590324]]]},"id":"parks-266694696"},{"type":"Feature","properties":{"id":"parks-272711313","name":"Hippie Hill","layer":"parks"},"geometry":{"type":"Polygon","coordinates":[[[-122.4635313,37.7633032],[-122.4621577,37.7620867],[-122.454389,37.7663936],[-122.4522084,37.769899],[-122.4536837,37.7738593],[-122.4623364,37.7738934],[-122.4635313,37.7633032]]]},"id":"parks-272711313"},{"type":"Feature","properties":{"id":"parks-278139342","name":"Green Hairstreak Corridor - Quintara Steps","layer":"parks"},"geometry":{"type":"Polygon","coordinates":[[[-122.4778314,37.7484834],[-122.4736972,37.744037],[-122.4715746,37.7434081],[-122.4673455,37.7458906],[-122.4708826,37.7497451],[-122.4775594,37.750011],[-122.4778314,37.7484834]]]},"id":"parks-278139342"},{"type":"Feature","properties":{"id":"parks-278139776","name":"Green Hairstreak Corridor - 14th Avenue & Pacheco","layer":"parks"},"geometry":{"type":"Polygon","coordinates":[[[-122.4745601,37.7524497],[-122.4699491,37.7511737],[-122.469941,37.7511763],[-122.4697868,37.7518959],[-122.4718604,37.7529844],[-122.472665,37.7529526],[-122.4738035,37.7527449],[-122.4745601,37.7524497]]]},"id":"parks-278139776"},{"type":"Feature","properties":{"id":"parks-278139938","name":"Green Hairstreak Corridor - 12th and Pacheco","layer":"parks"},"geometry":{"type":"Polygon","coordinates":[[[-122.469941,37.7511763],[-122.4669521,37.7503971],[-122.4665235,37.7552851],[-122.4692014,37.7533201],[-122.4697868,37.7518959],[-122.469941,37.7511763]]]},"id":"parks-278139938"},{"type":"Feature","properties":{"id":"parks-278140586","name":"Green Hairstreak Corridor - Aerial Steps (access point)","layer":"parks"},"geometry":{"type":"Polygon","coordinates":[[[-122.4718604,37.7529844],[-122.4697868,37.7518959],[-122.4692014,37.7533201],[-122.4718604,37.7529844]]]},"id":"parks-278140586"},{"type":"Feature","properties":{"id":"parks-278140657","name":"Green Hairstreak Corridor - Aloha & Lomita","layer":"parks"},"geometry":{"type":"Polygon","coordinates":[[[-122.4801941,37.7598843],[-122.4795933,37.7560888],[-122.4747589,37.7563633],[-122.4691901,37.758304],[-122.4801941,37.7598843]]]},"id":"parks-278140657"},{"type":"Feature","properties":{"id":"parks-278140838","name":"Green Hairstreak Corridor - Mount Steps (access point)","layer":"parks"},"geometry":{"type":"Polygon","coordinates":[[[-122.4738035,37.7527449],[-122.472665,37.7529526],[-122.4684517,37.7558074],[-122.4710228,37.75543],[-122.4738035,37.7527449]]]},"id":"parks-278140838"},{"type":"Feature","properties":{"id":"parks-284764947","name":"Civic Center Plaza","layer":"parks"},"geometry":{"type":"Polygon","coordinates":[[[-122.419927,37.7821002],[-122.4189771,37.7774943],[-122.4118004,37.779263],[-122.411815,37.7793159],[-122.4150918,37.7805836],[-122.419927,37.7821002]]]},"id":"parks-284764947"},{"type":"Feature","properties":{"id":"parks-303422138","name":"Rocky Outcrop","layer":"parks"},"geometry":{"type":"Polygon","coordinates":[[[-122.472665,37.7529526],[-122.4718604,37.7529844],[-122.4692014,37.7533201],[-122.4665235,37.7552851],[-122.4659147,37.7564064],[-122.4684517,37.7558074],[-122.472665,37.7529526]]]},"id":"parks-303422138"},{"type":"Feature","properties":{"id":"parks-306787829","name":"Starr King Open Space","layer":"parks"},"geometry":{"type":"Polygon","coordinates":[[[-122.4044769,37.7551114],[-122.4043596,37.7538584],[-122.3983088,37.7476113],[-122.3980485,37.7478995],[-122.3963163,37.7533141],[-122.401215,37.7569258],[-122.4044769,37.7551114]]]},"id":"parks-306787829"},{"type":"Feature","properties":{"id":"parks-310027918","name":"McCoppin Hub","layer":"parks"},"geometry":{"type":"Polygon","coordinates":[[[-122.4275524,37.768449],[-122.4272681,37.7673456],[-122.4266713,37.7667445],[-122.4177332,37.7687058],[-122.4156377,37.7706972],[-122.4203491,37.7745933],[-122.4218361,37.7742786],[-122.4255131,37.7713803],[-122.4275524,37.768449]]]},"id":"parks-310027918"},{"type":"Feature","properties":{"id":"parks-330694199","name":"Palou Community Garden","layer":"parks"},"geometry":{"type":"Polygon","coordinates":[[[-122.403027,37.7399693],[-122.3993798,37.7351146],[-122.3897635,37.7373302],[-122.3910331,37.7414652],[-122.3937984,37.7426891],[-122.3991194,37.7440048],[-122.4027955,37.7406618],[-122.403027,37.7399693]]]},"id":"parks-330694199"},{"type":"Feature","properties":{"id":"parks-330695712","name":"Palou Phelps Mini Park","layer":"parks"},"geometry":{"type":"Polygon","coordinates":[[[-122.3993798,37.7351146],[-122.397058,37.7304655],[-122.3908194,37.7310844],[-122.3896371,37.7328633],[-122.3887339,37.7352579],[-122.3897635,37.7373302],[-122.3993798,37.7351146]]]},"id":"parks-330695712"},{"type":"Feature","properties":{"id":"parks-352690312","name":"Mariposa Park","layer":"parks"},"geometry":{"type":"Polygon","coordinates":[[[-122.3943186,37.7653214],[-122.3914148,37.7630939],[-122.3897102,37.7630009],[-122.3885763,37.7648345],[-122.3893544,37.7665265],[-122.3936072,37.7662869],[-122.3943186,37.7653214]]]},"id":"parks-352690312"},{"type":"Feature","properties":{"id":"parks-353551814","name":"J.P. Murphy Playground","layer":"parks"},"geometry":{"type":"Polygon","coordinates":[[[-122.4669521,37.7503971],[-122.4647337,37.7468061],[-122.4625687,37.7467868],[-122.4601603,37.7475699],[-122.4601295,37.7586864],[-122.4616437,37.7598688],[-122.4632157,37.7589228],[-122.4659147,37.7564064],[-122.4665235,37.7552851],[-122.4669521,37.7503971]]]},"id":"parks-353551814"},{"type":"Feature","properties":{"id":"parks-369601560","name":"Benches Park","layer":"parks"},"geometry":{"type":"Polygon","coordinates":[[[-122.408065,37.7600411],[-122.401141,37.7610055],[-122.4033119,37.7643408],[-122.408065,37.7600411]]]},"id":"parks-369601560"},{"type":"Feature","properties":{"id":"parks-375747149","name":"Mission Bay Kids Park","layer":"parks"},"geometry":{"type":"Polygon","coordinates":[[[-122.394037,37.774587],[-122.3939392,37.7711413],[-122.3901406,37.7721113],[-122.3896704,37.7731591],[-122.394037,37.774587]]]},"id":"parks-375747149"},{"type":"Feature","properties":{"id":"parks-381074858","name":"Bernal Recreation Center","layer":"parks"},"geometry":{"type":"Polygon","coordinates":[[[-122.419325,37.7402374],[-122.4165173,37.7349067],[-122.4140603,37.7334332],[-122.4110472,37.7347618],[-122.4151449,37.7410471],[-122.4168164,37.7416145],[-122.419325,37.7402374]]]},"id":"parks-381074858"},{"type":"Feature","properties":{"id":"parks-382085366","name":"Progress Park","layer":"parks"},"geometry":{"type":"Polygon","coordinates":[[[-122.3943927,37.7545061],[-122.3907258,37.7520548],[-122.3901896,37.7556381],[-122.3934285,37.7559043],[-122.3943927,37.7545061]]]},"id":"parks-382085366"},{"type":"Feature","properties":{"id":"parks-382113061","name":"Mt. Olympus","layer":"parks"},"geometry":{"type":"Polygon","coordinates":[[[-122.4486762,37.7637727],[-122.4483883,37.7622728],[-122.4462947,37.7614945],[-122.4429206,37.7621573],[-122.4419821,37.7633556],[-122.4427217,37.7654951],[-122.4446373,37.766563],[-122.4486762,37.7637727]]]},"id":"parks-382113061"},{"type":"Feature","properties":{"id":"parks-382816207","name":"Greenie's Conservation Corner","layer":"parks"},"geometry":{"type":"Polygon","coordinates":[[[-122.508895,37.739003],[-122.508804,37.73871],[-122.508804,37.738614],[-122.508757,37.738392],[-122.508742,37.737969],[-122.508764,37.737875],[-122.508761,37.737789],[-122.508787,37.737709],[-122.508771,37.737638],[-122.508786,37.737552],[-122.508735,37.737317],[-122.50872,37.73716],[-122.508679,37.737056],[-122.508663,37.73696],[-122.508516,37.736663],[-122.508451,37.736317],[-122.50845,37.73613],[-122.508475,37.735877],[-122.508464,37.735828],[-122.508519,37.735784],[-122.508507,37.735662],[-122.508534,37.735605],[-122.50851,37.735594],[-122.5085,37.735568],[-122.508538,37.735402],[-122.508536,37.735327],[-122.508497,37.735256],[-122.508455,37.735101],[-122.50835,37.735023],[-122.508273,37.734815],[-122.508282,37.734595],[-122.508258,37.734562],[-122.508265,37.734509],[-122.508239,37.73435],[-122.508249,37.733883],[-122.508303,37.733814],[-122.508268,37.733709],[-122.508257,37.73339],[-122.508307,37.733189],[-122.508298,37.733061],[-122.508347,37.732967],[-122.508417,37.732888],[-122.508406,37.732815],[-122.508266,37.732487],[-122.508256,37.732336],[-122.508187,37.732191],[-122.508164,37.732057],[-122.508098,37.731972],[-122.508033,37.731638],[-122.508041,37.731532],[-122.508013,37.731439],[-122.508048,37.731357],[-122.50805,37.731311],[-122.508019,37.731193],[-122.508071,37.731103],[-122.508078,37.73106],[-122.508163,37.731001],[-122.508185,37.730953],[-122.508155,37.730821],[-122.508168,37.730757],[-122.508163,37.730636],[-122.50811,37.730402],[-122.508057,37.729756],[-122.50804,37.729656],[-122.508011,37.729648],[-122.507948,37.729543],[-122.507826,37.729164],[-122.507761,37.728627],[-122.507677,37.728466],[-122.5074141,37.7268809],[-122.4932349,37.7312413],[-122.4969959,37.7403114],[-122.503519,37.7414093],[-122.5087479,37.7403269],[-122.508732,37.740306],[-122.508724,37.740231],[-122.508745,37.740161],[-122.508738,37.74011],[-122.508748,37.740054],[-122.508777,37.740016],[-122.508763,37.739933],[-122.508778,37.739858],[-122.508742,37.739821],[-122.508775,37.739755],[-122.508792,37.739563],[-122.508823,37.739425],[-122.508891,37.73924],[-122.508895,37.739003]]]},"id":"parks-382816207"},{"type":"Feature","properties":{"id":"parks-389247006","name":"Randolph & Bright Mini Park","layer":"parks"},"geometry":{"type":"Polygon","coordinates":[[[-122.4695887,37.7124088],[-122.4694805,37.7082038],[-122.4690078,37.7082023],[-122.4653308,37.708228],[-122.4653305,37.7082113],[-122.4648116,37.7082126],[-122.4648119,37.7082721],[-122.4644957,37.7082724],[-122.4644985,37.7082091],[-122.4641237,37.7082049],[-122.463737,37.7079422],[-122.4633984,37.7082565],[-122.4633008,37.7081902],[-122.4595002,37.7116042],[-122.4608893,37.7158764],[-122.4644267,37.7165268],[-122.4690826,37.7131111],[-122.4695887,37.7124088]]]},"id":"parks-389247006"},{"type":"Feature","properties":{"id":"parks-389247009","name":"Lessing & Sears Mini Park","layer":"parks"},"geometry":{"type":"Polygon","coordinates":[[[-122.4633008,37.7081902],[-122.4631358,37.708078],[-122.462911,37.7082866],[-122.4623015,37.7078721],[-122.4619399,37.7082102],[-122.4616789,37.7080301],[-122.461455,37.7082394],[-122.4610647,37.70797],[-122.4607098,37.7082991],[-122.4603835,37.708074],[-122.4601597,37.7082832],[-122.4598432,37.7080648],[-122.4595861,37.7083049],[-122.4592131,37.7080652],[-122.458878,37.708366],[-122.4582655,37.7079572],[-122.4579406,37.7082615],[-122.4577436,37.7081276],[-122.4574806,37.7083739],[-122.4574413,37.7083153],[-122.457059,37.7080467],[-122.4566894,37.7083858],[-122.4562411,37.7080807],[-122.4559404,37.7083624],[-122.455588,37.7081227],[-122.4553525,37.7083422],[-122.4549167,37.7080397],[-122.4536083,37.7084849],[-122.4534302,37.7081535],[-122.4528996,37.7083342],[-122.4528229,37.7081915],[-122.4525052,37.7082997],[-122.452415,37.7081319],[-122.4516584,37.7083886],[-122.4515367,37.7081618],[-122.4511793,37.7082835],[-122.450955,37.7078656],[-122.4507367,37.7079392],[-122.4512575,37.7103551],[-122.454913,37.7125172],[-122.4595002,37.7116042],[-122.4633008,37.7081902]]]},"id":"parks-389247009"},{"type":"Feature","properties":{"id":"parks-389262420","name":"Yik Oi Huang Peace and Friendship Park","layer":"parks"},"geometry":{"type":"Polygon","coordinates":[[[-122.4151473,37.7132166],[-122.4079559,37.7083337],[-122.4077537,37.708342],[-122.4077742,37.7083478],[-122.4077451,37.7084124],[-122.4074191,37.708321],[-122.4072336,37.7083417],[-122.4069619,37.7082656],[-122.4069272,37.7083428],[-122.406249,37.7083439],[-122.4061716,37.7085174],[-122.4051588,37.7082363],[-122.4050787,37.7084157],[-122.4047346,37.7083185],[-122.4047145,37.7083635],[-122.404605,37.7083639],[-122.4038343,37.7105559],[-122.4116407,37.7171063],[-122.4151473,37.7132166]]]},"id":"parks-389262420"},{"type":"Feature","properties":{"id":"parks-389262854","name":"Visitacion Valley Greenway","layer":"parks"},"geometry":{"type":"Polygon","coordinates":[[[-122.4116407,37.7171063],[-122.4038343,37.7105559],[-122.3992806,37.7151492],[-122.3995128,37.720348],[-122.4030681,37.7228739],[-122.4031512,37.7228597],[-122.411493,37.7175171],[-122.4116407,37.7171063]]]},"id":"parks-389262854"},{"type":"Feature","properties":{"id":"parks-389991180","name":"Hayes Valley Playground","layer":"parks"},"geometry":{"type":"Polygon","coordinates":[[[-122.4311767,37.7740609],[-122.4263443,37.7747649],[-122.4258117,37.775039],[-122.426105,37.7783874],[-122.4263758,37.7784543],[-122.4310027,37.7767954],[-122.4311767,37.7740609]]]},"id":"parks-389991180"},{"type":"Feature","properties":{"id":"parks-396637684","name":"Lakeview and Ashton Mini Park","layer":"parks"},"geometry":{"type":"Polygon","coordinates":[[[-122.4663742,37.7228437],[-122.4644267,37.7165268],[-122.4608893,37.7158764],[-122.4564745,37.7219787],[-122.4575169,37.7249056],[-122.4663742,37.7228437]]]},"id":"parks-396637684"},{"type":"Feature","properties":{"id":"parks-400948942","name":"La Playa Park","layer":"parks"},"geometry":{"type":"Polygon","coordinates":[[[-122.513124,37.76751],[-122.513081,37.767302],[-122.513108,37.767242],[-122.513078,37.767198],[-122.513066,37.767079],[-122.513017,37.76702],[-122.512932,37.766999],[-122.512893,37.766962],[-122.512881,37.766515],[-122.512783,37.766338],[-122.512789,37.766218],[-122.512768,37.766137],[-122.5127,37.766071],[-122.512725,37.765951],[-122.512693,37.765802],[-122.512632,37.765632],[-122.512717,37.764967],[-122.512762,37.764869],[-122.512786,37.764734],[-122.512782,37.764585],[-122.512752,37.764519],[-122.512778,37.764421],[-122.512776,37.764362],[-122.512736,37.764288],[-122.512734,37.764183],[-122.512647,37.764118],[-122.512499,37.763852],[-122.512457,37.763703],[-122.51237,37.763586],[-122.512275,37.763199],[-122.512472,37.762518],[-122.512413,37.762407],[-122.5124,37.76228],[-122.512329,37.762102],[-122.512203,37.761605],[-122.512146,37.761569],[-122.512065,37.761354],[-122.511997,37.761288],[-122.511965,37.761227],[-122.511911,37.761101],[-122.511856,37.760839],[-122.511854,37.760707],[-122.511904,37.760441],[-122.511955,37.7599163],[-122.4974615,37.7608439],[-122.4968848,37.7628694],[-122.5085048,37.7691913],[-122.51309,37.7688243],[-122.513084,37.768801],[-122.513081,37.767981],[-122.513041,37.767892],[-122.513076,37.767794],[-122.513091,37.767652],[-122.513071,37.767608],[-122.513079,37.767556],[-122.513124,37.76751]]]},"id":"parks-400948942"},{"type":"Feature","properties":{"id":"parks-401354283","name":"Mountain Lake Park","layer":"parks"},"geometry":{"type":"Polygon","coordinates":[[[-122.4770742,37.7947137],[-122.4731127,37.7844408],[-122.4713492,37.7820552],[-122.4599492,37.7864938],[-122.4595416,37.7879468],[-122.4599092,37.7916875],[-122.4770742,37.7947137]]]},"id":"parks-401354283"},{"type":"Feature","properties":{"id":"parks-401508551","name":"Miraloma Playground","layer":"parks"},"geometry":{"type":"Polygon","coordinates":[[[-122.452215,37.7352253],[-122.4452464,37.7368154],[-122.4467785,37.7398854],[-122.4519886,37.7404722],[-122.452215,37.7352253]]]},"id":"parks-401508551"},{"type":"Feature","properties":{"id":"parks-402061421","name":"Grand View Park","layer":"parks"},"geometry":{"type":"Polygon","coordinates":[[[-122.4747589,37.7563633],[-122.4710228,37.75543],[-122.4684517,37.7558074],[-122.4659147,37.7564064],[-122.4632157,37.7589228],[-122.4691901,37.758304],[-122.4747589,37.7563633]]]},"id":"parks-402061421"},{"type":"Feature","properties":{"id":"parks-402978882","name":"Larsen Park","layer":"parks"},"geometry":{"type":"Polygon","coordinates":[[[-122.4803774,37.7402271],[-122.480071,37.7390751],[-122.471607,37.7348398],[-122.4700256,37.7391976],[-122.4715746,37.7434081],[-122.4736972,37.744037],[-122.4803774,37.7402271]]]},"id":"parks-402978882"},{"type":"Feature","properties":{"id":"parks-404847043","name":"Lake Merced Park","layer":"parks"},"geometry":{"type":"Polygon","coordinates":[[[-122.5053093,37.7166998],[-122.505102,37.716122],[-122.505053,37.715944],[-122.505022,37.715738],[-122.504773,37.71516],[-122.504659,37.714855],[-122.504382,37.713904],[-122.504304,37.713482],[-122.504197,37.713276],[-122.504199,37.713007],[-122.504126,37.71282],[-122.504033,37.712136],[-122.50397,37.711976],[-122.503652,37.711815],[-122.503585,37.711391],[-122.503526,37.71128],[-122.503435,37.711025],[-122.503502,37.710901],[-122.503333,37.710322],[-122.50327,37.710044],[-122.503232,37.709642],[-122.503022,37.709109],[-122.502922,37.708519],[-122.502847,37.70834],[-122.5028245,37.7080941],[-122.4889804,37.708144],[-122.4870841,37.7119859],[-122.4861155,37.7170606],[-122.4954725,37.7233697],[-122.5053093,37.7166998]]]},"id":"parks-404847043"},{"type":"Feature","properties":{"id":"parks-412695135","name":"Emerald Park","layer":"parks"},"geometry":{"type":"Polygon","coordinates":[[[-122.3939685,37.7845559],[-122.3913826,37.783791],[-122.3876047,37.7875418],[-122.3925306,37.7876045],[-122.3939685,37.7845559]]]},"id":"parks-412695135"},{"type":"Feature","properties":{"id":"parks-414033716","name":"Hilltop Park","layer":"parks"},"geometry":{"type":"Polygon","coordinates":[[[-122.3896371,37.7328633],[-122.3826793,37.7318018],[-122.3817062,37.7332145],[-122.3833055,37.7359052],[-122.3887339,37.7352579],[-122.3896371,37.7328633]]]},"id":"parks-414033716"},{"type":"Feature","properties":{"id":"parks-414035525","name":"Shoreview Park","layer":"parks"},"geometry":{"type":"Polygon","coordinates":[[[-122.3826793,37.7318018],[-122.3810814,37.728247],[-122.377725,37.7322837],[-122.3817062,37.7332145],[-122.3826793,37.7318018]]]},"id":"parks-414035525"},{"type":"Feature","properties":{"id":"parks-414887522","name":"In Chan Kaajal Park","layer":"parks"},"geometry":{"type":"Polygon","coordinates":[[[-122.4182003,37.7618058],[-122.4117571,37.7597987],[-122.4115359,37.7606568],[-122.4116271,37.7609961],[-122.4176799,37.7684793],[-122.4182003,37.7618058]]]},"id":"parks-414887522"},{"type":"Feature","properties":{"id":"parks-429792025","name":"Tara Street Park","layer":"parks"},"geometry":{"type":"Polygon","coordinates":[[[-122.4575169,37.7249056],[-122.4564745,37.7219787],[-122.452708,37.7180814],[-122.4433874,37.7166764],[-122.4429373,37.7171393],[-122.441112,37.7191192],[-122.4528323,37.7276688],[-122.4556451,37.7278313],[-122.4575169,37.7249056]]]},"id":"parks-429792025"},{"type":"Feature","properties":{"id":"parks-432386653","name":"Athens Avalon Greens Terace","layer":"parks"},"geometry":{"type":"Polygon","coordinates":[[[-122.4323062,37.7253344],[-122.4259604,37.7190441],[-122.4255208,37.7189309],[-122.4202217,37.7224776],[-122.4186028,37.7275174],[-122.4261423,37.7303803],[-122.4323062,37.7253344]]]},"id":"parks-432386653"},{"type":"Feature","properties":{"id":"parks-436484314","name":"50 Beale Street Plaza","layer":"parks"},"geometry":{"type":"Polygon","coordinates":[[[-122.4008326,37.792261],[-122.397359,37.7903555],[-122.3967204,37.7903728],[-122.3951294,37.7929536],[-122.3970003,37.79379],[-122.3977544,37.7938315],[-122.4003723,37.7927333],[-122.4007608,37.792378],[-122.4008326,37.792261]]]},"id":"parks-436484314"},{"type":"Feature","properties":{"id":"parks-443135450","name":"Bayview Gateway","layer":"parks"},"geometry":{"type":"MultiPolygon","coordinates":[[[[-122.3896374,37.7418498],[-122.3811887,37.7432812],[-122.3808873,37.747275],[-122.3862304,37.7470073],[-122.3871433,37.747007],[-122.3896374,37.7418498]]],[[[-122.3867875,37.7477427],[-122.386412,37.747787],[-122.386315,37.747757],[-122.386265,37.747798],[-122.386204,37.748004],[-122.386148,37.748069],[-122.386048,37.748093],[-122.38593,37.748067],[-122.385892,37.748117],[-122.38582,37.748147],[-122.385472,37.748108],[-122.385273,37.748166],[-122.385129,37.748108],[-122.385069,37.748136],[-122.385036,37.748195],[-122.38482,37.748287],[-122.384744,37.748303],[-122.384665,37.748304],[-122.384651,37.748202],[-122.384921,37.748185],[-122.384914,37.748145],[-122.3808026,37.7483977],[-122.3807577,37.748992],[-122.3855512,37.7502992],[-122.3867875,37.7477427]]]]},"id":"parks-443135450"},{"type":"Feature","properties":{"id":"parks-446183018","name":"Parklab","layer":"parks"},"geometry":{"type":"Polygon","coordinates":[[[-122.3949229,37.7698729],[-122.3899214,37.7697559],[-122.3901406,37.7721113],[-122.3939392,37.7711413],[-122.3949229,37.7698729]]]},"id":"parks-446183018"},{"type":"Feature","properties":{"id":"parks-446717984","name":"Jack Early Park","layer":"parks"},"geometry":{"type":"Polygon","coordinates":[[[-122.4119622,37.8055783],[-122.4094807,37.8029618],[-122.408486,37.8026582],[-122.4062696,37.8042932],[-122.4102069,37.8090365],[-122.4119622,37.8055783]]]},"id":"parks-446717984"},{"type":"Feature","properties":{"id":"parks-461786910","name":"Mission Valencia Plaza","layer":"parks"},"geometry":{"type":"Polygon","coordinates":[[[-122.4211381,37.7445256],[-122.4187489,37.7452905],[-122.4201805,37.7477788],[-122.4209747,37.747539],[-122.4211381,37.7445256]]]},"id":"parks-461786910"},{"type":"Feature","properties":{"id":"parks-462144467","name":"Mullen & Peralta Mini Park","layer":"parks"},"geometry":{"type":"Polygon","coordinates":[[[-122.4112038,37.7448512],[-122.4094114,37.7428715],[-122.4027955,37.7406618],[-122.3991194,37.7440048],[-122.399148,37.74416],[-122.401318,37.7453101],[-122.4093662,37.7487896],[-122.40942,37.7487606],[-122.4112038,37.7448512]]]},"id":"parks-462144467"},{"type":"Feature","properties":{"id":"parks-479424639","name":"Bosworth Street Open Space","layer":"parks"},"geometry":{"type":"Polygon","coordinates":[[[-122.4402678,37.7377069],[-122.4370546,37.7315744],[-122.4368077,37.7313674],[-122.431918,37.7346428],[-122.4335664,37.7368585],[-122.4381342,37.7382995],[-122.439236,37.7384249],[-122.4402678,37.7377069]]]},"id":"parks-479424639"},{"type":"Feature","properties":{"id":"parks-480114806","name":"Adah's Stairway Garden","layer":"parks"},"geometry":{"type":"Polygon","coordinates":[[[-122.4430127,37.7715767],[-122.4377441,37.767433],[-122.4363364,37.7674362],[-122.4359565,37.7728655],[-122.4413434,37.7751505],[-122.44163,37.7749171],[-122.4430127,37.7715767]]]},"id":"parks-480114806"},{"type":"Feature","properties":{"id":"parks-534610947","name":"Tunnel Top Park","layer":"parks"},"geometry":{"type":"Polygon","coordinates":[[[-122.3980485,37.7478995],[-122.3898601,37.7508861],[-122.3907258,37.7520548],[-122.3943927,37.7545061],[-122.3963163,37.7533141],[-122.3980485,37.7478995]]]},"id":"parks-534610947"},{"type":"Feature","properties":{"id":"parks-534677321","name":"Daggett Park","layer":"parks"},"geometry":{"type":"Polygon","coordinates":[[[-122.4014396,37.7682746],[-122.3963256,37.7642725],[-122.3943186,37.7653214],[-122.3936072,37.7662869],[-122.3943386,37.7679407],[-122.3955079,37.7695402],[-122.3976014,37.7698384],[-122.3996144,37.769912],[-122.4014396,37.7682746]]]},"id":"parks-534677321"},{"type":"Feature","properties":{"id":"parks-545363150","name":"Fillmore & Turk Mini Park","layer":"parks"},"geometry":{"type":"Polygon","coordinates":[[[-122.4335993,37.7815269],[-122.4314966,37.7777615],[-122.429441,37.7823305],[-122.4317168,37.782926],[-122.4335993,37.7815269]]]},"id":"parks-545363150"},{"type":"Feature","properties":{"id":"parks-545408838","name":"Raymond Kimbell Playground","layer":"parks"},"geometry":{"type":"Polygon","coordinates":[[[-122.4414182,37.7798717],[-122.4410437,37.7793811],[-122.4402251,37.7794207],[-122.4335993,37.7815269],[-122.4317168,37.782926],[-122.4324324,37.7840264],[-122.437529,37.7866926],[-122.4414182,37.7798717]]]},"id":"parks-545408838"},{"type":"Feature","properties":{"id":"parks-546510348","name":"Japan Town Peace Plaza","layer":"parks"},"geometry":{"type":"Polygon","coordinates":[[[-122.4324324,37.7840264],[-122.4317168,37.782926],[-122.429441,37.7823305],[-122.4292687,37.7823392],[-122.4261542,37.7846898],[-122.4297786,37.7874893],[-122.4324324,37.7840264]]]},"id":"parks-546510348"},{"type":"Feature","properties":{"id":"parks-546784745","name":"Golden Gate & Steiner Mini Park","layer":"parks"},"geometry":{"type":"Polygon","coordinates":[[[-122.4402251,37.7794207],[-122.4315199,37.777368],[-122.4314966,37.7777615],[-122.4335993,37.7815269],[-122.4402251,37.7794207]]]},"id":"parks-546784745"},{"type":"Feature","properties":{"id":"parks-552549335","name":"Mary Ellen Pleasant Memorial Park","layer":"parks"},"geometry":{"type":"Polygon","coordinates":[[[-122.4303235,37.7892055],[-122.4297786,37.7874893],[-122.4261542,37.7846898],[-122.4231001,37.7851092],[-122.4211061,37.7902356],[-122.4303235,37.7892055]]]},"id":"parks-552549335"},{"type":"Feature","properties":{"id":"parks-565996157","name":"Hillpoint Park","layer":"parks"},"geometry":{"type":"Polygon","coordinates":[[[-122.3741364,37.7229446],[-122.3734625,37.720539],[-122.3719547,37.7189508],[-122.3717999,37.7189465],[-122.3716057,37.7188217],[-122.3713872,37.7188505],[-122.3710352,37.7186969],[-122.3709624,37.7186009],[-122.370756,37.7186585],[-122.370137,37.7180536],[-122.3694693,37.7177367],[-122.3689959,37.7176695],[-122.3680734,37.7176599],[-122.3666411,37.7168341],[-122.3666411,37.7166325],[-122.3663933,37.7166948],[-122.3656376,37.7160801],[-122.3651773,37.7160054],[-122.3647442,37.7163754],[-122.3644959,37.7163361],[-122.3654644,37.7152164],[-122.361193,37.7126821],[-122.361044,37.7128786],[-122.3651912,37.7152949],[-122.3644214,37.7161986],[-122.363946,37.7164435],[-122.3600035,37.7141765],[-122.3597767,37.7144605],[-122.3637442,37.7167471],[-122.3626673,37.7179277],[-122.3587754,37.715686],[-122.358584,37.715883],[-122.362515,37.718155],[-122.362479,37.718198],[-122.362457,37.718258],[-122.36246,37.718317],[-122.362484,37.71837],[-122.362529,37.718416],[-122.363657,37.719055],[-122.363177,37.719551],[-122.363156,37.719614],[-122.363173,37.719648],[-122.363153,37.719675],[-122.363091,37.719677],[-122.363046,37.719698],[-122.362714,37.720071],[-122.359986,37.718478],[-122.359882,37.718481],[-122.359832,37.718506],[-122.359154,37.719235],[-122.359132,37.719277],[-122.359131,37.719326],[-122.359186,37.719399],[-122.359221,37.719407],[-122.36381,37.722102],[-122.362998,37.722979],[-122.360235,37.721358],[-122.359976,37.721629],[-122.36275,37.723259],[-122.362367,37.723679],[-122.365053,37.725226],[-122.365291,37.725388],[-122.365324,37.725484],[-122.365318,37.725544],[-122.365257,37.725643],[-122.36513,37.725713],[-122.365056,37.725725],[-122.364913,37.725704],[-122.362085,37.723987],[-122.362006,37.724061],[-122.361524,37.723775],[-122.357838,37.724624],[-122.357962,37.724944],[-122.361256,37.724165],[-122.361641,37.725219],[-122.358014,37.726039],[-122.3577,37.726282],[-122.356967,37.72871],[-122.35712,37.728661],[-122.357158,37.728825],[-122.359963,37.728153],[-122.360263,37.728141],[-122.360385,37.72816],[-122.360404,37.728188],[-122.360407,37.728225],[-122.36039,37.728259],[-122.360273,37.72835],[-122.360082,37.72844],[-122.357875,37.72895],[-122.357479,37.729245],[-122.357731,37.729443],[-122.35887,37.729172],[-122.359254,37.729046],[-122.361449,37.728524],[-122.36185,37.728448],[-122.361951,37.728443],[-122.362074,37.728454],[-122.362283,37.728521],[-122.362293,37.728588],[-122.362274,37.728627],[-122.362109,37.728751],[-122.362004,37.728798],[-122.361421,37.728953],[-122.358969,37.729518],[-122.358844,37.72966],[-122.358957,37.729712],[-122.35879,37.729783],[-122.359915,37.730332],[-122.360314,37.730315],[-122.360741,37.730233],[-122.360805,37.730181],[-122.360835,37.730087],[-122.360796,37.729999],[-122.36075,37.729963],[-122.360879,37.729906],[-122.360991,37.730007],[-122.361158,37.730068],[-122.361389,37.730087],[-122.361662,37.730061],[-122.361907,37.73009],[-122.362086,37.73021],[-122.361976,37.730329],[-122.362568,37.730643],[-122.361776,37.731539],[-122.362061,37.731675],[-122.362853,37.730801],[-122.363404,37.731115],[-122.362623,37.732006],[-122.362876,37.732143],[-122.36299,37.732074],[-122.363701,37.731284],[-122.365108,37.732066],[-122.364733,37.732486],[-122.3647632,37.7325041],[-122.3649544,37.7324022],[-122.365651,37.731626],[-122.36581,37.731715],[-122.36578,37.731773],[-122.3654451,37.7321404],[-122.3659718,37.7318595],[-122.366,37.731828],[-122.3660165,37.7318357],[-122.3716118,37.7288512],[-122.3741364,37.7229446]]]},"id":"parks-565996157"},{"type":"Feature","properties":{"id":"parks-570773694","name":"Redwood Grove","layer":"parks"},"geometry":{"type":"Polygon","coordinates":[[[-122.4116894,37.7713918],[-122.4109163,37.7707145],[-122.4041958,37.7673401],[-122.4014396,37.7682746],[-122.3996144,37.769912],[-122.4003967,37.7757729],[-122.4108751,37.7728596],[-122.4116894,37.7713918]]]},"id":"parks-570773694"},{"type":"Feature","properties":{"id":"parks-579664205","name":"Mission Creek Park","layer":"parks"},"geometry":{"type":"Polygon","coordinates":[[[-122.396481,37.7773575],[-122.3940943,37.7746339],[-122.394037,37.774587],[-122.3896704,37.7731591],[-122.3888562,37.7735175],[-122.3901833,37.7767318],[-122.390215,37.776723],[-122.390392,37.77696],[-122.3902632,37.776807],[-122.3902237,37.7768295],[-122.3909558,37.7786028],[-122.391563,37.7788094],[-122.396481,37.7773575]]]},"id":"parks-579664205"},{"type":"Feature","properties":{"id":"parks-585640043","name":"Tenderloin Children's Playground","layer":"parks"},"geometry":{"type":"Polygon","coordinates":[[[-122.4170803,37.7840902],[-122.4161115,37.7838899],[-122.4138727,37.7837098],[-122.4130897,37.7883317],[-122.4155627,37.7889951],[-122.4170803,37.7840902]]]},"id":"parks-585640043"},{"type":"Feature","properties":{"id":"parks-605504214","name":"Rossi Playground Edward St Annex","layer":"parks"},"geometry":{"type":"Polygon","coordinates":[[[-122.463425,37.774808],[-122.4623364,37.7738934],[-122.4536837,37.7738593],[-122.4534502,37.7741332],[-122.4529879,37.7771214],[-122.4612565,37.7793245],[-122.463425,37.774808]]]},"id":"parks-605504214"},{"type":"Feature","properties":{"id":"parks-609650218","name":"Sunset Dunes","layer":"parks"},"geometry":{"type":"Polygon","coordinates":[[[-122.511304,37.754362],[-122.5113,37.754322],[-122.511254,37.754251],[-122.511247,37.754209],[-122.51126,37.754163],[-122.511293,37.754124],[-122.511107,37.75373],[-122.511008,37.753189],[-122.511029,37.752552],[-122.510972,37.752415],[-122.510889,37.752335],[-122.510744,37.752065],[-122.510697,37.751887],[-122.510616,37.751782],[-122.51053,37.751571],[-122.510513,37.751454],[-122.510554,37.751074],[-122.510552,37.750883],[-122.51053,37.750693],[-122.510434,37.750349],[-122.510288,37.750089],[-122.509906,37.749572],[-122.509836,37.74945],[-122.509769,37.749298],[-122.509713,37.749084],[-122.509709,37.748796],[-122.509825,37.747971],[-122.509831,37.747746],[-122.509772,37.747496],[-122.509598,37.747155],[-122.509575,37.746888],[-122.509541,37.746713],[-122.509426,37.746369],[-122.509336,37.745938],[-122.509397,37.745292],[-122.509458,37.745026],[-122.509462,37.744956],[-122.509443,37.744928],[-122.509593,37.744818],[-122.509616,37.744785],[-122.509608,37.744739],[-122.509684,37.744495],[-122.509683,37.744439],[-122.509652,37.744403],[-122.509656,37.744333],[-122.509631,37.744282],[-122.509642,37.744226],[-122.509567,37.744087],[-122.509566,37.744022],[-122.509505,37.743944],[-122.50948,37.743863],[-122.509418,37.743773],[-122.509422,37.743703],[-122.509303,37.743431],[-122.509301,37.743337],[-122.50925,37.743203],[-122.509248,37.743138],[-122.509236,37.743106],[-122.509206,37.743088],[-122.50918,37.743013],[-122.509159,37.74286],[-122.509192,37.742808],[-122.509131,37.742707],[-122.509106,37.742642],[-122.50911,37.742595],[-122.509054,37.742457],[-122.509073,37.742307],[-122.509052,37.742168],[-122.509063,37.742131],[-122.509091,37.742107],[-122.509101,37.742027],[-122.509151,37.741919],[-122.509155,37.741845],[-122.509189,37.741798],[-122.509186,37.741709],[-122.509208,37.741662],[-122.509177,37.741602],[-122.509227,37.741499],[-122.509247,37.741345],[-122.509186,37.741257],[-122.509133,37.741258],[-122.509067,37.741199],[-122.509036,37.741139],[-122.509027,37.741037],[-122.508984,37.740963],[-122.508936,37.740917],[-122.508933,37.740815],[-122.508914,37.740773],[-122.508867,37.740741],[-122.50887,37.740657],[-122.508851,37.740583],[-122.508861,37.740536],[-122.508813,37.740491],[-122.508829,37.740434],[-122.5087479,37.7403269],[-122.503519,37.7414093],[-122.5030192,37.7549969],[-122.5111797,37.7545349],[-122.511174,37.754504],[-122.511205,37.754494],[-122.511234,37.754436],[-122.511288,37.754398],[-122.511304,37.754362]]]},"id":"parks-609650218"},{"type":"Feature","properties":{"id":"parks-641734127","name":"UCSF Mission Bay Park","layer":"parks"},"geometry":{"type":"Polygon","coordinates":[[[-122.3955079,37.7695402],[-122.3943386,37.7679407],[-122.3894398,37.7691562],[-122.3899214,37.7697559],[-122.3949229,37.7698729],[-122.3955079,37.7695402]]]},"id":"parks-641734127"},{"type":"Feature","properties":{"id":"parks-651657468","name":"Waterfront Plaza","layer":"parks"},"geometry":{"type":"Polygon","coordinates":[[[-122.4102069,37.8090365],[-122.4062696,37.8042932],[-122.4034446,37.8045821],[-122.403054,37.804949],[-122.4038163,37.8067468],[-122.403956,37.806579],[-122.404717,37.806971],[-122.404296,37.8078781],[-122.4045614,37.8085041],[-122.405322,37.806867],[-122.405904,37.80716],[-122.40612,37.810019],[-122.406179,37.810069],[-122.406787,37.810017],[-122.406816,37.809995],[-122.406644,37.807818],[-122.4093149,37.8087634],[-122.4100199,37.8098966],[-122.4102069,37.8090365]]]},"id":"parks-651657468"},{"type":"Feature","properties":{"id":"parks-675572533","name":"La Playa Park","layer":"parks"},"geometry":{"type":"Polygon","coordinates":[[[-122.511957,37.759896],[-122.511954,37.759792],[-122.511933,37.759671],[-122.511867,37.759469],[-122.511847,37.759012],[-122.511694,37.75823],[-122.511646,37.757853],[-122.511626,37.757804],[-122.511636,37.757689],[-122.51157,37.757566],[-122.511548,37.757462],[-122.511565,37.757373],[-122.511545,37.757328],[-122.511535,37.7572],[-122.511551,37.75709],[-122.511511,37.756996],[-122.511541,37.756976],[-122.511508,37.756882],[-122.511511,37.756768],[-122.511445,37.756431],[-122.511442,37.756327],[-122.511388,37.756174],[-122.511344,37.755917],[-122.511298,37.755858],[-122.511291,37.755813],[-122.511303,37.755793],[-122.511268,37.755665],[-122.511273,37.755605],[-122.511247,37.755571],[-122.511246,37.755536],[-122.51122,37.755502],[-122.511212,37.755447],[-122.511152,37.755314],[-122.51113,37.7552],[-122.511141,37.755116],[-122.511182,37.755041],[-122.511187,37.754986],[-122.511168,37.754966],[-122.511164,37.754817],[-122.511187,37.754748],[-122.511172,37.754668],[-122.511196,37.754623],[-122.5111797,37.7545349],[-122.5030192,37.7549969],[-122.4979521,37.7585383],[-122.4974615,37.7608439],[-122.511955,37.7599163],[-122.511957,37.759896]]]},"id":"parks-675572533"},{"type":"Feature","properties":{"id":"parks-681436080","name":"Margaret S. Hayward Playground","layer":"parks"},"geometry":{"type":"Polygon","coordinates":[[[-122.4279463,37.7810641],[-122.4263758,37.7784543],[-122.426105,37.7783874],[-122.424131,37.778672],[-122.4221118,37.7817405],[-122.4279463,37.7810641]]]},"id":"parks-681436080"},{"type":"Feature","properties":{"id":"parks-681436082","name":"Jefferson Square","layer":"parks"},"geometry":{"type":"Polygon","coordinates":[[[-122.4292687,37.7823392],[-122.4279463,37.7810641],[-122.4221118,37.7817405],[-122.4212254,37.7826687],[-122.4231001,37.7851092],[-122.4261542,37.7846898],[-122.4292687,37.7823392]]]},"id":"parks-681436082"},{"type":"Feature","properties":{"id":"parks-690982876","name":"Eureka Valley Recreation Center","layer":"parks"},"geometry":{"type":"Polygon","coordinates":[[[-122.4388759,37.759339],[-122.4344399,37.7550717],[-122.4339316,37.7549824],[-122.4319282,37.7561053],[-122.4318379,37.7601042],[-122.4362121,37.7611057],[-122.4381448,37.7613091],[-122.4388759,37.759339]]]},"id":"parks-690982876"},{"type":"Feature","properties":{"id":"parks-692740286","name":"Gilman Playground","layer":"parks"},"geometry":{"type":"Polygon","coordinates":[[[-122.3935806,37.7205392],[-122.3858357,37.7099281],[-122.385777,37.7098873],[-122.3854628,37.7206317],[-122.3888781,37.7222783],[-122.3935806,37.7205392]]]},"id":"parks-692740286"},{"type":"Feature","properties":{"id":"parks-710726117","name":"Prentiss Mini-Park","layer":"parks"},"geometry":{"type":"Polygon","coordinates":[[[-122.4151449,37.7410471],[-122.4110472,37.7347618],[-122.4096968,37.7349255],[-122.403027,37.7399693],[-122.4027955,37.7406618],[-122.4094114,37.7428715],[-122.4151449,37.7410471]]]},"id":"parks-710726117"},{"type":"Feature","properties":{"id":"parks-745183964","name":"Alamo Square","layer":"parks"},"geometry":{"type":"Polygon","coordinates":[[[-122.4413434,37.7751505],[-122.4359565,37.7728655],[-122.431577,37.7734142],[-122.4311767,37.7740609],[-122.4310027,37.7767954],[-122.4315199,37.777368],[-122.4402251,37.7794207],[-122.4410437,37.7793811],[-122.4413434,37.7751505]]]},"id":"parks-745183964"},{"type":"Feature","properties":{"id":"parks-760887313","name":"Dogpatch Arts Plaza","layer":"parks"},"geometry":{"type":"Polygon","coordinates":[[[-122.3962984,37.76007],[-122.3945677,37.7590324],[-122.3939829,37.7591373],[-122.3896322,37.7628084],[-122.3897102,37.7630009],[-122.3914148,37.7630939],[-122.3962984,37.76007]]]},"id":"parks-760887313"},{"type":"Feature","properties":{"id":"parks-772905204","name":"Francisco Park","layer":"parks"},"geometry":{"type":"Polygon","coordinates":[[[-122.4263576,37.8020855],[-122.4261458,37.8019462],[-122.419738,37.8027888],[-122.4186546,37.8047259],[-122.4235375,37.8067455],[-122.42376,37.806659],[-122.424077,37.806611],[-122.424253,37.806605],[-122.4242604,37.8066057],[-122.4263576,37.8020855]]]},"id":"parks-772905204"},{"type":"Feature","properties":{"id":"parks-817970857","name":"Frank Cresci Plaza","layer":"parks"},"geometry":{"type":"Polygon","coordinates":[[[-122.4181588,37.8110182],[-122.4177607,37.8092568],[-122.4174297,37.8089266],[-122.4163379,37.8087867],[-122.4164264,37.8082738],[-122.4157772,37.8082039],[-122.4157883,37.8083323],[-122.4157477,37.8081573],[-122.4173117,37.8082971],[-122.4176953,37.8089965],[-122.4177026,37.8089997],[-122.4168253,37.805117],[-122.4148288,37.8043586],[-122.4119622,37.8055783],[-122.4102069,37.8090365],[-122.4100199,37.8098966],[-122.4101706,37.8101389],[-122.4100526,37.811118],[-122.4104657,37.8114911],[-122.4113214,37.8110248],[-122.4103181,37.8092297],[-122.410546,37.808819],[-122.410652,37.808835],[-122.410649,37.808862],[-122.410731,37.808873],[-122.410737,37.808846],[-122.410954,37.80888],[-122.410951,37.808905],[-122.411025,37.808915],[-122.411031,37.80889],[-122.411256,37.809149],[-122.411283,37.809135],[-122.411086,37.808907],[-122.411249,37.80892],[-122.411424,37.809119],[-122.411453,37.809105],[-122.4116182,37.8094094],[-122.4122075,37.8095855],[-122.4123409,37.8095294],[-122.4122075,37.8093187],[-122.412332,37.80918],[-122.412364,37.809176],[-122.412413,37.809225],[-122.412389,37.80924],[-122.412575,37.809427],[-122.412641,37.809386],[-122.412456,37.809198],[-122.412435,37.809211],[-122.412391,37.809157],[-122.412398,37.809121],[-122.412498,37.809066],[-122.412617,37.809079],[-122.413374,37.809318],[-122.4134793,37.8090915],[-122.4138898,37.8091378],[-122.4143002,37.8092768],[-122.414775,37.809372],[-122.41478,37.809281],[-122.414846,37.809257],[-122.414977,37.809335],[-122.414958,37.809354],[-122.415174,37.809487],[-122.415227,37.809434],[-122.415011,37.809299],[-122.414994,37.809318],[-122.414969,37.809304],[-122.414985,37.809287],[-122.414902,37.809236],[-122.41503,37.80919],[-122.41537,37.809407],[-122.415413,37.809363],[-122.415195,37.809228],[-122.415172,37.809244],[-122.415152,37.809231],[-122.415204,37.809192],[-122.415191,37.809159],[-122.415352,37.809161],[-122.4181588,37.8110182]]]},"id":"parks-817970857"},{"type":"Feature","properties":{"id":"parks-817970858","name":"Molinari Mana Park","layer":"parks"},"geometry":{"type":"Polygon","coordinates":[[[-122.4178765,37.7988232],[-122.4158854,37.798089],[-122.4129483,37.8000702],[-122.4130301,37.8007171],[-122.4146555,37.8020558],[-122.4178765,37.7988232]]]},"id":"parks-817970858"},{"type":"Feature","properties":{"id":"parks-827232079","name":"15th Avenue Steps","layer":"parks"},"geometry":{"type":"Polygon","coordinates":[[[-122.4809292,37.7621578],[-122.4801941,37.7598843],[-122.4691901,37.758304],[-122.4632157,37.7589228],[-122.4616437,37.7598688],[-122.4621577,37.7620867],[-122.4635313,37.7633032],[-122.4743515,37.7662327],[-122.4809292,37.7621578]]]},"id":"parks-827232079"},{"type":"Feature","properties":{"id":"parks-853562207","name":"Crane Cove Park","layer":"parks"},"geometry":{"type":"Polygon","coordinates":[[[-122.3897102,37.7630009],[-122.3896322,37.7628084],[-122.3873018,37.7595526],[-122.3849046,37.7584655],[-122.3814516,37.7593605],[-122.381469,37.759573],[-122.381257,37.759583],[-122.381256,37.759668],[-122.3792454,37.7599323],[-122.3792025,37.7599434],[-122.3795271,37.7634036],[-122.3798071,37.7634478],[-122.379507,37.76025],[-122.3804,37.7602],[-122.3801976,37.7600695],[-122.3805983,37.7600528],[-122.3811678,37.7599945],[-122.3813351,37.7600227],[-122.3817161,37.7599861],[-122.3817899,37.7605697],[-122.381997,37.760639],[-122.381981,37.760691],[-122.381985,37.760752],[-122.382009,37.760806],[-122.382064,37.760867],[-122.382139,37.76089],[-122.382185,37.76088],[-122.383307,37.762082],[-122.381029,37.762224],[-122.3810043,37.7636371],[-122.3817174,37.7637499],[-122.381748,37.762405],[-122.383109,37.762321],[-122.3832879,37.7639982],[-122.3838714,37.7640905],[-122.383903,37.764088],[-122.383744,37.762544],[-122.383669,37.762553],[-122.383631,37.762457],[-122.383451,37.762466],[-122.383427,37.762301],[-122.384132,37.762257],[-122.384304,37.764057],[-122.384462,37.764047],[-122.384292,37.762135],[-122.384681,37.762111],[-122.385104,37.76232],[-122.385182,37.763373],[-122.385288,37.76337],[-122.385279,37.76324],[-122.385503,37.763234],[-122.38551,37.76333],[-122.386214,37.763316],[-122.386314,37.763102],[-122.386597,37.763185],[-122.386503,37.763388],[-122.386725,37.763471],[-122.386775,37.763415],[-122.386894,37.763479],[-122.386905,37.76355],[-122.387241,37.76351],[-122.387272,37.763605],[-122.386976,37.763651],[-122.386912,37.76368],[-122.386605,37.7639],[-122.386614,37.763955],[-122.386717,37.763993],[-122.386738,37.76402],[-122.386721,37.7641],[-122.3861879,37.7640628],[-122.3861836,37.7641653],[-122.3861232,37.7642472],[-122.3861491,37.7644111],[-122.3860108,37.7644214],[-122.3860118,37.764429],[-122.3885763,37.7648345],[-122.3897102,37.7630009]]]},"id":"parks-853562207"},{"type":"Feature","properties":{"id":"parks-881786125","name":"Hunters Point Community Youth Park","layer":"parks"},"geometry":{"type":"Polygon","coordinates":[[[-122.3833055,37.7359052],[-122.3817062,37.7332145],[-122.377725,37.7322837],[-122.376265,37.7329742],[-122.3757798,37.7355474],[-122.3757848,37.7355519],[-122.3757755,37.7355703],[-122.3757351,37.7357847],[-122.375831,37.735819],[-122.375737,37.735829],[-122.375725,37.7358382],[-122.3753326,37.7379194],[-122.375342,37.737925],[-122.375563,37.737987],[-122.375869,37.738003],[-122.376018,37.737991],[-122.376458,37.738252],[-122.376352,37.738372],[-122.376182,37.738456],[-122.375979,37.738477],[-122.375609,37.738374],[-122.375299,37.738239],[-122.3752751,37.7382241],[-122.3750872,37.7392208],[-122.3768831,37.7396988],[-122.3833055,37.7359052]]]},"id":"parks-881786125"},{"type":"Feature","properties":{"id":"parks-896246128","name":"PG&E Plaza","layer":"parks"},"geometry":{"type":"Polygon","coordinates":[[[-122.3975066,37.7857168],[-122.3973755,37.7845943],[-122.3973579,37.7845616],[-122.3939685,37.7845559],[-122.3925306,37.7876045],[-122.3930779,37.7885866],[-122.3949041,37.7889041],[-122.3970981,37.7863798],[-122.3975066,37.7857168]]]},"id":"parks-896246128"},{"type":"Feature","properties":{"id":"parks-908050668","name":"Ella Hill Hutch Community Center","layer":"parks"},"geometry":{"type":"Polygon","coordinates":[[[-122.4315199,37.777368],[-122.4310027,37.7767954],[-122.4263758,37.7784543],[-122.4279463,37.7810641],[-122.4292687,37.7823392],[-122.429441,37.7823305],[-122.4314966,37.7777615],[-122.4315199,37.777368]]]},"id":"parks-908050668"},{"type":"Feature","properties":{"id":"parks-941913562","name":"War Memorial Court","layer":"parks"},"geometry":{"type":"Polygon","coordinates":[[[-122.424131,37.778672],[-122.4204083,37.7758666],[-122.4189771,37.7774943],[-122.419927,37.7821002],[-122.4202743,37.7824002],[-122.4212254,37.7826687],[-122.4221118,37.7817405],[-122.424131,37.778672]]]},"id":"parks-941913562"},{"type":"Feature","properties":{"id":"parks-1019793323","name":"Deepistan National Parklet","layer":"parks"},"geometry":{"type":"Polygon","coordinates":[[[-122.4259151,37.7552705],[-122.4240273,37.7538289],[-122.4193154,37.7535216],[-122.417949,37.7554237],[-122.4201838,37.7592372],[-122.4249228,37.7572382],[-122.4259151,37.7552705]]]},"id":"parks-1019793323"},{"type":"Feature","properties":{"id":"parks-1052763860","name":"Treat Plaza","layer":"parks"},"geometry":{"type":"Polygon","coordinates":[[[-122.4177332,37.7687058],[-122.4176799,37.7684793],[-122.4116271,37.7609961],[-122.4109163,37.7707145],[-122.4116894,37.7713918],[-122.4156377,37.7706972],[-122.4177332,37.7687058]]]},"id":"parks-1052763860"},{"type":"Feature","properties":{"id":"parks-1052927678","name":"Yosemite Slough","layer":"parks"},"geometry":{"type":"Polygon","coordinates":[[[-122.3888781,37.7222783],[-122.3854628,37.7206317],[-122.3833587,37.7206155],[-122.383326,37.720699],[-122.383167,37.720918],[-122.382948,37.721088],[-122.382806,37.721353],[-122.382738,37.721556],[-122.382722,37.72169],[-122.382723,37.721724],[-122.38282,37.721872],[-122.382176,37.722246],[-122.3819356,37.7221823],[-122.3816442,37.7221439],[-122.3812072,37.7218942],[-122.3809645,37.721731],[-122.3807217,37.7216926],[-122.3804668,37.7217694],[-122.3802483,37.7220382],[-122.3800055,37.7222015],[-122.3799206,37.7223551],[-122.3798113,37.7226815],[-122.3796899,37.722864],[-122.3793622,37.7229888],[-122.3792044,37.7231232],[-122.3791801,37.7233632],[-122.3790466,37.7236416],[-122.3787067,37.7237665],[-122.3780027,37.7239777],[-122.37759,37.7240641],[-122.3773472,37.7240833],[-122.3769952,37.7239489],[-122.3768495,37.7237761],[-122.3768617,37.723536],[-122.3767282,37.7233728],[-122.3764854,37.7232],[-122.3763761,37.7230752],[-122.3762062,37.7227967],[-122.3761212,37.7225279],[-122.3760727,37.7220286],[-122.3759877,37.721731],[-122.3759391,37.7214622],[-122.3758785,37.7212413],[-122.3757449,37.7209821],[-122.3756842,37.7206748],[-122.3756263,37.7205557],[-122.3734625,37.720539],[-122.3741364,37.7229446],[-122.3812337,37.7277579],[-122.3874501,37.727178],[-122.3888781,37.7222783]]]},"id":"parks-1052927678"},{"type":"Feature","properties":{"id":"parks-1059959157","name":"The Parks at 5M","layer":"parks"},"geometry":{"type":"Polygon","coordinates":[[[-122.4087729,37.7836184],[-122.4041773,37.7794072],[-122.4001441,37.7795887],[-122.4001435,37.7797234],[-122.4064462,37.7848353],[-122.4079631,37.784651],[-122.4087729,37.7836184]]]},"id":"parks-1059959157"},{"type":"Feature","properties":{"id":"parks-1117035593","name":"Grandview Open Space","layer":"parks"},"geometry":{"type":"Polygon","coordinates":[[[-122.479773,37.7550863],[-122.4776953,37.7519805],[-122.4745601,37.7524497],[-122.4738035,37.7527449],[-122.4710228,37.75543],[-122.4747589,37.7563633],[-122.4795933,37.7560888],[-122.479773,37.7550863]]]},"id":"parks-1117035593"},{"type":"Feature","properties":{"id":"parks-1193456304","name":"Pier 29 Public Shore","layer":"parks"},"geometry":{"type":"MultiPolygon","coordinates":[[[[-122.4045614,37.8085041],[-122.404296,37.8078781],[-122.403908,37.808714],[-122.403909,37.80874],[-122.403929,37.808759],[-122.404317,37.808819],[-122.404345,37.808871],[-122.404375,37.808871],[-122.404397,37.808858],[-122.4045614,37.8085041]]],[[[-122.4038163,37.8067468],[-122.403054,37.804949],[-122.400755,37.804932],[-122.400399,37.807262],[-122.400912,37.807639],[-122.40094,37.807639],[-122.402804,37.806023],[-122.403422,37.806471],[-122.402346,37.80778],[-122.402352,37.807836],[-122.402704,37.808017],[-122.40276,37.808016],[-122.4038163,37.8067468]]]]},"id":"parks-1193456304"},{"type":"Feature","properties":{"id":"parks-1193867827","name":"The Commons","layer":"parks"},"geometry":{"type":"Polygon","coordinates":[[[-122.4204083,37.7758666],[-122.4203491,37.7745933],[-122.4156377,37.7706972],[-122.4116894,37.7713918],[-122.4108751,37.7728596],[-122.4113633,37.7787158],[-122.4118004,37.779263],[-122.4189771,37.7774943],[-122.4204083,37.7758666]]]},"id":"parks-1193867827"},{"type":"Feature","properties":{"id":"parks-1214385020","name":"moscone dog play area","layer":"parks"},"geometry":{"type":"Polygon","coordinates":[[[-122.4440831,37.7979213],[-122.4344711,37.7961332],[-122.4321817,37.7984851],[-122.4353711,37.8050142],[-122.4427226,37.8007042],[-122.4440831,37.7979213]]]},"id":"parks-1214385020"},{"type":"Feature","properties":{"id":"parks-1232563108","name":"Rincon Place","layer":"parks"},"geometry":{"type":"Polygon","coordinates":[[[-122.3930779,37.7885866],[-122.3925306,37.7876045],[-122.3876047,37.7875418],[-122.3873835,37.7876741],[-122.387381,37.78772],[-122.3872316,37.787765],[-122.3865957,37.7881455],[-122.3868661,37.7882587],[-122.387049,37.788229],[-122.3870794,37.788348],[-122.3911874,37.790068],[-122.3930779,37.7885866]]]},"id":"parks-1232563108"},{"type":"Feature","properties":{"id":"parks-1257968471","name":"Ecker Square","layer":"parks"},"geometry":{"type":"Polygon","coordinates":[[[-122.4024666,37.7898396],[-122.3997171,37.7880769],[-122.3974861,37.7900667],[-122.397359,37.7903555],[-122.4008326,37.792261],[-122.4011098,37.7920678],[-122.4024666,37.7898396]]]},"id":"parks-1257968471"},{"type":"Feature","properties":{"id":"parks-1259165711","name":"Urban Alchemy Oasis","layer":"parks"},"geometry":{"type":"Polygon","coordinates":[[[-122.4161115,37.7838899],[-122.4150918,37.7805836],[-122.411815,37.7793159],[-122.4114841,37.7806063],[-122.4138727,37.7837098],[-122.4161115,37.7838899]]]},"id":"parks-1259165711"},{"type":"Feature","properties":{"id":"parks-1286999777","name":"Urban Park","layer":"parks"},"geometry":{"type":"Polygon","coordinates":[[[-122.3967204,37.7903728],[-122.3951067,37.7895266],[-122.3925539,37.7923891],[-122.3925734,37.7926765],[-122.3951294,37.7929536],[-122.3967204,37.7903728]]]},"id":"parks-1286999777"},{"type":"Feature","properties":{"id":"parks-1293746220","name":"Mandalay Lane Park","layer":"parks"},"geometry":{"type":"Polygon","coordinates":[[[-122.4776953,37.7519805],[-122.4775594,37.750011],[-122.4708826,37.7497451],[-122.4699491,37.7511737],[-122.4745601,37.7524497],[-122.4776953,37.7519805]]]},"id":"parks-1293746220"},{"type":"Feature","properties":{"id":"parks-1293746848","name":"Sunset Reservoir Park","layer":"parks"},"geometry":{"type":"Polygon","coordinates":[[[-122.4910399,37.7516401],[-122.4904915,37.7441336],[-122.4898118,37.7441286],[-122.4778314,37.7484834],[-122.4775594,37.750011],[-122.4776953,37.7519805],[-122.479773,37.7550863],[-122.4910399,37.7516401]]]},"id":"parks-1293746848"},{"type":"Feature","properties":{"id":"parks-1300623937","name":"Al's Park","layer":"parks"},"geometry":{"type":"Polygon","coordinates":[[[-122.4482313,37.7538397],[-122.4471066,37.7529255],[-122.4460171,37.7534807],[-122.4436078,37.7586961],[-122.4461837,37.7607653],[-122.4482313,37.7538397]]]},"id":"parks-1300623937"},{"type":"Feature","properties":{"id":"parks-1329130170","name":"Bayfront Park","layer":"parks"},"geometry":{"type":"MultiPolygon","coordinates":[[[[-122.3887548,37.768559],[-122.388746,37.7676423],[-122.385484,37.7671374],[-122.3854138,37.7672486],[-122.385145,37.768143],[-122.385168,37.768296],[-122.385043,37.768341],[-122.38508,37.768406],[-122.385008,37.768429],[-122.385038,37.768497],[-122.385007,37.76853],[-122.385006,37.768586],[-122.384788,37.768657],[-122.384894,37.768882],[-122.385019,37.768857],[-122.385475,37.769837],[-122.385493,37.769991],[-122.385569,37.77018],[-122.383376,37.769333],[-122.383155,37.769709],[-122.38514,37.7704753],[-122.3887548,37.768559]]],[[[-122.3819818,37.7721495],[-122.381456,37.771917],[-122.3815194,37.7723947],[-122.3819818,37.7721495]]]]},"id":"parks-1329130170"},{"type":"Feature","properties":{"id":"parks-1475421299","name":"Corbett Slope Community Park","layer":"parks"},"geometry":{"type":"Polygon","coordinates":[[[-122.4462947,37.7614945],[-122.4461837,37.7607653],[-122.4436078,37.7586961],[-122.4423735,37.7599722],[-122.4429206,37.7621573],[-122.4462947,37.7614945]]]},"id":"parks-1475421299"},{"type":"Feature","properties":{"id":"parks-1485542870","name":"Outpost Meadow","layer":"parks"},"geometry":{"type":"MultiPolygon","coordinates":[[[[-122.4664477,37.8060263],[-122.4664343,37.8060112],[-122.466132,37.806317],[-122.466073,37.806282],[-122.466056,37.806301],[-122.465954,37.806241],[-122.465889,37.806308],[-122.466058,37.806416],[-122.4664477,37.8060263]]],[[[-122.4660543,37.8055808],[-122.4594304,37.7980777],[-122.455939,37.806007],[-122.456541,37.805877],[-122.45733,37.805767],[-122.457775,37.805651],[-122.457989,37.805574],[-122.458423,37.805477],[-122.459146,37.8054],[-122.459773,37.805253],[-122.461008,37.805087],[-122.461602,37.804957],[-122.461897,37.80493],[-122.462027,37.804955],[-122.462213,37.805019],[-122.46243,37.805014],[-122.462953,37.804917],[-122.463272,37.804888],[-122.463579,37.80488],[-122.463987,37.80494],[-122.46423,37.805004],[-122.465461,37.805394],[-122.465649,37.805488],[-122.465896,37.805571],[-122.4660543,37.8055808]]]]},"id":"parks-1485542870"},{"type":"Feature","properties":{"id":"parks-1504165512","name":"Pennsylvania Garden","layer":"parks"},"geometry":{"type":"Polygon","coordinates":[[[-122.3974627,37.7604493],[-122.3962984,37.76007],[-122.3914148,37.7630939],[-122.3943186,37.7653214],[-122.3963256,37.7642725],[-122.3974627,37.7604493]]]},"id":"parks-1504165512"},{"type":"Feature","properties":{"id":"parks-2142026","name":"Lands End","layer":"parks"},"geometry":{"type":"Polygon","coordinates":[[[-122.512681,37.78412],[-122.512652,37.784021],[-122.5126549,37.7840168],[-122.5036351,37.7776901],[-122.5009813,37.7785319],[-122.5022829,37.7881223],[-122.502316,37.788112],[-122.502376,37.788127],[-122.502426,37.788098],[-122.502705,37.78804],[-122.502789,37.788036],[-122.502836,37.78805],[-122.502903,37.788146],[-122.502926,37.788157],[-122.503007,37.788146],[-122.503078,37.788097],[-122.503145,37.788076],[-122.503249,37.788082],[-122.503234,37.788057],[-122.503374,37.788018],[-122.503463,37.78802],[-122.503485,37.78805],[-122.503613,37.788039],[-122.503846,37.788092],[-122.504049,37.788108],[-122.504066,37.788121],[-122.50415,37.788096],[-122.504501,37.788059],[-122.504693,37.78808],[-122.504788,37.788139],[-122.50502,37.788152],[-122.505202,37.78826],[-122.505423,37.788236],[-122.505606,37.788243],[-122.505658,37.788259],[-122.506052,37.788192],[-122.506089,37.788171],[-122.50612,37.788052],[-122.506122,37.787975],[-122.506163,37.78791],[-122.506132,37.787856],[-122.506178,37.787842],[-122.506241,37.787794],[-122.506286,37.787712],[-122.506344,37.78765],[-122.506427,37.787595],[-122.506526,37.787478],[-122.506717,37.787444],[-122.506739,37.787495],[-122.506897,37.787495],[-122.506972,37.787454],[-122.507053,37.787277],[-122.507108,37.787272],[-122.507198,37.787149],[-122.507251,37.78704],[-122.507338,37.786944],[-122.507417,37.786882],[-122.507531,37.786843],[-122.507634,37.786727],[-122.507715,37.786587],[-122.507687,37.786503],[-122.507724,37.786435],[-122.507753,37.786414],[-122.507787,37.786417],[-122.507791,37.786383],[-122.507964,37.786167],[-122.508035,37.786136],[-122.508134,37.786158],[-122.508218,37.786119],[-122.508259,37.786074],[-122.508452,37.785939],[-122.508486,37.785855],[-122.508566,37.785795],[-122.508662,37.785745],[-122.508797,37.785745],[-122.509118,37.785591],[-122.509233,37.785445],[-122.509271,37.785338],[-122.509351,37.785315],[-122.509483,37.785227],[-122.509575,37.785129],[-122.509716,37.784903],[-122.509808,37.784816],[-122.509994,37.784727],[-122.510169,37.784703],[-122.510237,37.784734],[-122.510371,37.784699],[-122.510747,37.784672],[-122.510839,37.784585],[-122.510971,37.784497],[-122.511025,37.784485],[-122.511229,37.784589],[-122.511306,37.784554],[-122.511334,37.784425],[-122.511302,37.784284],[-122.511486,37.784289],[-122.511643,37.784335],[-122.511796,37.784312],[-122.511911,37.784326],[-122.511977,37.784291],[-122.512011,37.784237],[-122.512002,37.784162],[-122.511936,37.784103],[-122.511916,37.783949],[-122.512112,37.783793],[-122.512566,37.784153],[-122.512681,37.78412]]]},"id":"parks-2142026"},{"type":"Feature","properties":{"id":"parks-2173408","name":"China Beach","layer":"parks"},"geometry":{"type":"Polygon","coordinates":[[[-122.4961446,37.7873896],[-122.4916958,37.7814903],[-122.4820137,37.7941458],[-122.4810452,37.7968816],[-122.4820999,37.7984121],[-122.482129,37.798329],[-122.482122,37.79829],[-122.482085,37.798234],[-122.482136,37.79813],[-122.482169,37.797996],[-122.48218,37.797833],[-122.482667,37.796814],[-122.482851,37.796178],[-122.482999,37.795903],[-122.483088,37.795612],[-122.483518,37.79473],[-122.483294,37.794671],[-122.483593,37.794035],[-122.483858,37.793646],[-122.484073,37.793295],[-122.484364,37.79274],[-122.484542,37.792522],[-122.484753,37.792215],[-122.484996,37.791948],[-122.485285,37.791713],[-122.485411,37.791468],[-122.485741,37.791022],[-122.486109,37.790688],[-122.486148,37.790606],[-122.486237,37.790495],[-122.486245,37.790414],[-122.486335,37.790356],[-122.486429,37.790237],[-122.486729,37.790042],[-122.486938,37.78984],[-122.487121,37.789611],[-122.487369,37.78943],[-122.487447,37.789431],[-122.487464,37.789473],[-122.487564,37.789435],[-122.487564,37.789473],[-122.487584,37.789499],[-122.487737,37.789574],[-122.487864,37.789588],[-122.488028,37.78953],[-122.4881,37.789429],[-122.488482,37.789442],[-122.488991,37.789283],[-122.489192,37.78934],[-122.489301,37.789412],[-122.489701,37.789483],[-122.489829,37.789482],[-122.489919,37.789352],[-122.490046,37.789222],[-122.490307,37.789033],[-122.490407,37.788979],[-122.490413,37.788952],[-122.490528,37.788886],[-122.490818,37.788633],[-122.490859,37.788554],[-122.491191,37.788358],[-122.491218,37.78832],[-122.491282,37.788281],[-122.491448,37.788217],[-122.491501,37.788222],[-122.491614,37.788164],[-122.491655,37.788118],[-122.49172,37.788105],[-122.491813,37.788026],[-122.492058,37.787925],[-122.492119,37.787875],[-122.492179,37.787853],[-122.492381,37.787789],[-122.492679,37.787751],[-122.492736,37.787857],[-122.492769,37.78783],[-122.492771,37.787884],[-122.49283,37.787883],[-122.49286,37.787853],[-122.492855,37.787786],[-122.492956,37.787768],[-122.492971,37.787742],[-122.493127,37.787734],[-122.493181,37.787713],[-122.493194,37.787693],[-122.493294,37.78768],[-122.493385,37.787643],[-122.493419,37.78765],[-122.493462,37.787628],[-122.493682,37.787607],[-122.493854,37.787634],[-122.494002,37.787581],[-122.49416,37.787796],[-122.494352,37.787823],[-122.49435,37.787891],[-122.494397,37.787903],[-122.49442,37.787819],[-122.494492,37.787804],[-122.494519,37.787834],[-122.494512,37.787912],[-122.494535,37.787958],[-122.494515,37.788016],[-122.494642,37.788136],[-122.494701,37.788138],[-122.494687,37.788081],[-122.494747,37.787951],[-122.494754,37.787894],[-122.494804,37.787832],[-122.494876,37.787838],[-122.494936,37.787823],[-122.494943,37.787793],[-122.49505,37.787781],[-122.495108,37.787753],[-122.495282,37.78774],[-122.495333,37.787715],[-122.495383,37.787664],[-122.495438,37.787653],[-122.495627,37.787555],[-122.495771,37.787542],[-122.495829,37.787501],[-122.495906,37.787503],[-122.496017,37.787449],[-122.496068,37.787442],[-122.496087,37.787416],[-122.4961446,37.7873896]]]},"id":"parks-2173408"},{"type":"Feature","properties":{"id":"parks-6061042","name":"Saint Mary's Park","layer":"parks"},"geometry":{"type":"Polygon","coordinates":[[[-122.4274014,37.7333046],[-122.4261423,37.7303803],[-122.4186028,37.7275174],[-122.4174959,37.7279579],[-122.4140603,37.7334332],[-122.4165173,37.7349067],[-122.4249174,37.7360843],[-122.4274014,37.7333046]]]},"id":"parks-6061042"},{"type":"Feature","properties":{"id":"parks-8346137","name":"Presidio of San Francisco","layer":"parks"},"geometry":{"type":"Polygon","coordinates":[[[-122.4820999,37.7984121],[-122.4810452,37.7968816],[-122.4770742,37.7947137],[-122.4599092,37.7916875],[-122.4571249,37.7944693],[-122.4594304,37.7980777],[-122.4660543,37.8055808],[-122.466074,37.805582],[-122.466652,37.805791],[-122.4664343,37.8060112],[-122.4664477,37.8060263],[-122.466671,37.805803],[-122.466996,37.80591],[-122.467204,37.806012],[-122.467767,37.806455],[-122.468155,37.8067],[-122.468205,37.806743],[-122.468042,37.806913],[-122.468149,37.806981],[-122.468303,37.806818],[-122.468642,37.806925],[-122.46879,37.807003],[-122.468869,37.807067],[-122.469112,37.807371],[-122.469234,37.807569],[-122.469304,37.807727],[-122.469586,37.807953],[-122.469816,37.808099],[-122.470014,37.808202],[-122.470228,37.808354],[-122.47042,37.808453],[-122.470537,37.808582],[-122.470047,37.809289],[-122.469513,37.809054],[-122.469446,37.809068],[-122.469387,37.809167],[-122.469403,37.809204],[-122.469923,37.809435],[-122.46999,37.809452],[-122.470033,37.80943],[-122.470601,37.808599],[-122.470932,37.808717],[-122.471241,37.808797],[-122.471577,37.808857],[-122.471807,37.808865],[-122.472248,37.80897],[-122.472666,37.809034],[-122.473248,37.8091],[-122.474059,37.809107],[-122.474802,37.809179],[-122.474949,37.80926],[-122.475541,37.809387],[-122.47579,37.809485],[-122.475968,37.809575],[-122.476049,37.80964],[-122.476155,37.809859],[-122.476193,37.810243],[-122.476244,37.810424],[-122.476399,37.810758],[-122.476466,37.810836],[-122.476561,37.810893],[-122.476622,37.810877],[-122.476952,37.810983],[-122.477314,37.811025],[-122.477738,37.810943],[-122.477691,37.810628],[-122.477976,37.810543],[-122.477925,37.810324],[-122.477957,37.810111],[-122.477923,37.809783],[-122.477956,37.809252],[-122.477924,37.808669],[-122.477886,37.808531],[-122.477896,37.808449],[-122.478061,37.808278],[-122.478405,37.808093],[-122.478476,37.807833],[-122.478496,37.80755],[-122.478489,37.807311],[-122.478521,37.807253],[-122.478527,37.807067],[-122.478577,37.806638],[-122.478624,37.80647],[-122.478627,37.806353],[-122.47866,37.806171],[-122.478632,37.80612],[-122.478654,37.80609],[-122.478628,37.806008],[-122.478686,37.805962],[-122.478723,37.805679],[-122.478729,37.805493],[-122.478814,37.805291],[-122.478953,37.804882],[-122.479061,37.804693],[-122.479146,37.804483],[-122.479173,37.804332],[-122.479357,37.803861],[-122.479497,37.803573],[-122.479612,37.803428],[-122.479899,37.802898],[-122.480044,37.802235],[-122.480027,37.802059],[-122.480072,37.801845],[-122.480181,37.801558],[-122.480202,37.801417],[-122.480296,37.801293],[-122.480375,37.801095],[-122.480593,37.800725],[-122.480655,37.800648],[-122.480757,37.800443],[-122.480974,37.800331],[-122.480987,37.799938],[-122.481064,37.799823],[-122.481069,37.799704],[-122.481106,37.799613],[-122.4812,37.799556],[-122.481312,37.799517],[-122.481388,37.79945],[-122.481394,37.799401],[-122.48138,37.799367],[-122.481507,37.799211],[-122.481562,37.799036],[-122.48162,37.798952],[-122.481643,37.798933],[-122.481685,37.79893],[-122.481675,37.798888],[-122.481545,37.798792],[-122.481554,37.798748],[-122.481698,37.798857],[-122.481729,37.798846],[-122.481736,37.798806],[-122.481759,37.798795],[-122.481783,37.798686],[-122.481895,37.79878],[-122.481933,37.798775],[-122.481831,37.798574],[-122.48187,37.798535],[-122.481958,37.798535],[-122.482042,37.798509],[-122.482079,37.798472],[-122.4820999,37.7984121]]]},"id":"parks-8346137"},{"type":"Feature","properties":{"id":"parks-8510184","name":"Lincoln Park","layer":"parks"},"geometry":{"type":"Polygon","coordinates":[[[-122.5022829,37.7881223],[-122.5009813,37.7785319],[-122.4932128,37.7787336],[-122.4915972,37.7798801],[-122.4916958,37.7814903],[-122.4961446,37.7873896],[-122.496277,37.787329],[-122.496517,37.787302],[-122.496546,37.787287],[-122.496639,37.787314],[-122.496686,37.787358],[-122.496729,37.787343],[-122.496752,37.787368],[-122.496812,37.787352],[-122.496857,37.787368],[-122.496924,37.787437],[-122.497106,37.787481],[-122.497216,37.787593],[-122.497316,37.787596],[-122.497357,37.787575],[-122.497459,37.787587],[-122.497486,37.787616],[-122.497516,37.787705],[-122.4975,37.787746],[-122.497545,37.787816],[-122.497503,37.787854],[-122.497621,37.787947],[-122.49768,37.787929],[-122.497727,37.787935],[-122.497779,37.787985],[-122.497838,37.78796],[-122.497859,37.787933],[-122.497833,37.787872],[-122.497862,37.787816],[-122.497937,37.787836],[-122.497965,37.787908],[-122.498021,37.787875],[-122.498141,37.787883],[-122.498204,37.787931],[-122.498258,37.788032],[-122.498367,37.788048],[-122.498358,37.78812],[-122.498393,37.788164],[-122.498481,37.788181],[-122.498538,37.788135],[-122.498603,37.78816],[-122.49862,37.788215],[-122.498598,37.788266],[-122.49861,37.788329],[-122.498685,37.788326],[-122.498722,37.788283],[-122.498811,37.788232],[-122.498858,37.788274],[-122.498829,37.788358],[-122.498846,37.788415],[-122.49889,37.788414],[-122.498955,37.788352],[-122.499042,37.78834],[-122.499099,37.788368],[-122.499128,37.788402],[-122.499267,37.78841],[-122.499433,37.788462],[-122.499481,37.78853],[-122.499512,37.788624],[-122.499578,37.788704],[-122.499687,37.788663],[-122.499727,37.78861],[-122.499733,37.788642],[-122.499762,37.788662],[-122.499804,37.788608],[-122.499798,37.788568],[-122.499761,37.78855],[-122.499811,37.78849],[-122.499879,37.788489],[-122.499967,37.78844],[-122.50001,37.788477],[-122.500067,37.788492],[-122.500065,37.788469],[-122.5001,37.788472],[-122.500092,37.788509],[-122.500131,37.788536],[-122.500177,37.788518],[-122.500175,37.788569],[-122.500192,37.788592],[-122.500251,37.788574],[-122.500273,37.788428],[-122.500341,37.788434],[-122.500459,37.788368],[-122.500489,37.788374],[-122.500551,37.788316],[-122.500641,37.788338],[-122.500713,37.78832],[-122.500738,37.788299],[-122.500755,37.788319],[-122.500861,37.788304],[-122.500948,37.78835],[-122.500994,37.788332],[-122.500972,37.788298],[-122.501006,37.788284],[-122.501091,37.788313],[-122.501336,37.788225],[-122.501439,37.78824],[-122.501459,37.788213],[-122.501514,37.788205],[-122.501532,37.788248],[-122.501591,37.788227],[-122.501569,37.788197],[-122.50162,37.788169],[-122.5017,37.788168],[-122.501726,37.788151],[-122.501766,37.788228],[-122.501801,37.788247],[-122.501842,37.788223],[-122.501878,37.788114],[-122.501912,37.788117],[-122.501913,37.788141],[-122.501952,37.788181],[-122.502071,37.788182],[-122.502106,37.788111],[-122.50217,37.788104],[-122.502255,37.788131],[-122.5022829,37.7881223]]]},"id":"parks-8510184"},{"type":"Feature","properties":{"id":"parks-8524888","name":"Salesforce Park","layer":"parks"},"geometry":{"type":"Polygon","coordinates":[[[-122.3974861,37.7900667],[-122.3970981,37.7863798],[-122.3949041,37.7889041],[-122.3951067,37.7895266],[-122.3967204,37.7903728],[-122.397359,37.7903555],[-122.3974861,37.7900667]]]},"id":"parks-8524888"},{"type":"Feature","properties":{"id":"parks-8820057","name":"Brotherhood-Head Mini Park","layer":"parks"},"geometry":{"type":"Polygon","coordinates":[[[-122.4889804,37.708144],[-122.470996,37.7082088],[-122.4694805,37.7082038],[-122.4695887,37.7124088],[-122.4742031,37.7172513],[-122.4870841,37.7119859],[-122.4889804,37.708144]]]},"id":"parks-8820057"},{"type":"Feature","properties":{"id":"parks-13790250","name":"Sue Bierman Park","layer":"parks"},"geometry":{"type":"MultiPolygon","coordinates":[[[[-122.398217,37.7963347],[-122.3977544,37.7938315],[-122.3970003,37.79379],[-122.3946047,37.7966263],[-122.394681,37.796582],[-122.394797,37.796709],[-122.394518,37.796875],[-122.394535,37.796891],[-122.3942256,37.7970752],[-122.3932611,37.7982171],[-122.394877,37.797258],[-122.394842,37.797228],[-122.395016,37.797124],[-122.395175,37.797121],[-122.395204,37.797153],[-122.395177,37.797236],[-122.394996,37.797341],[-122.395132,37.797495],[-122.395304,37.797394],[-122.395423,37.797393],[-122.395493,37.79747],[-122.395455,37.797549],[-122.393559,37.798634],[-122.393553,37.798652],[-122.393808,37.798937],[-122.393832,37.798942],[-122.395537,37.797962],[-122.395738,37.79789],[-122.395861,37.797871],[-122.3962237,37.7982671],[-122.398217,37.7963347]]],[[[-122.3944643,37.7999726],[-122.394422,37.799997],[-122.394406,37.799984],[-122.39434,37.799987],[-122.394306,37.799956],[-122.394244,37.799994],[-122.394252,37.800074],[-122.3943057,37.8001264],[-122.3944643,37.7999726]]]]},"id":"parks-13790250"},{"type":"Feature","properties":{"id":"parks-16800880","name":"Mount Davidson Park","layer":"parks"},"geometry":{"type":"Polygon","coordinates":[[[-122.459846,37.7377935],[-122.4579,37.7316555],[-122.4570031,37.7310151],[-122.452215,37.7352253],[-122.4519886,37.7404722],[-122.4542554,37.7434483],[-122.459846,37.7377935]]]},"id":"parks-16800880"}]}