{"type":"FeatureCollection","features":[{"type":"Feature","id":"theembarcaderostockton","properties":{"id":"theembarcaderostockton","name":"The Embarcadero & Stockton St","modes":["bus","metro"]},"geometry":{"type":"Polygon","coordinates":[[[-122.410287,37.8128476],[-122.4108449,37.8128259],[-122.4113974,37.8127612],[-122.4119392,37.812654],[-122.4124651,37.8125053],[-122.4129701,37.8123166],[-122.4134491,37.8120897],[-122.4138978,37.8118269],[-122.4143116,37.8115305],[-122.4146867,37.8112035],[-122.4150194,37.8108491],[-122.4153065,37.8104706],[-122.4155453,37.8100717],[-122.4157335,37.8096562],[-122.4158691,37.8092281],[-122.4159511,37.8087916],[-122.4159784,37.8083509],[-122.415951,37.8079101],[-122.415869,37.8074736],[-122.4157333,37.8070456],[-122.4155451,37.8066301],[-122.4153062,37.8062312],[-122.4150191,37.8058527],[-122.4146864,37.8054983],[-122.4143113,37.8051714],[-122.4138974,37.804875],[-122.4134488,37.8046122],[-122.4129698,37.8043853],[-122.4124649,37.8041967],[-122.411939,37.804048],[-122.4113973,37.8039408],[-122.4108448,37.803876],[-122.410287,37.8038544],[-122.4097292,37.803876],[-122.4091767,37.8039408],[-122.408635,37.804048],[-122.4081091,37.8041967],[-122.4076042,37.8043853],[-122.4071252,37.8046122],[-122.4066766,37.804875],[-122.4062627,37.8051714],[-122.4058876,37.8054983],[-122.4055549,37.8058527],[-122.4052678,37.8062312],[-122.4050289,37.8066301],[-122.4048407,37.8070456],[-122.404705,37.8074736],[-122.404623,37.8079101],[-122.4045956,37.8083509],[-122.4046229,37.8087916],[-122.4047049,37.8092281],[-122.4048405,37.8096562],[-122.4050287,37.8100717],[-122.4052675,37.8104706],[-122.4055546,37.8108491],[-122.4058873,37.8112035],[-122.4062624,37.8115305],[-122.4066762,37.8118269],[-122.4071249,37.8120897],[-122.4076039,37.8123166],[-122.4081089,37.8125053],[-122.4086348,37.812654],[-122.4091766,37.8127612],[-122.4097291,37.8128259],[-122.410287,37.8128476]]]}},{"type":"Feature","id":"kearnynorthpoint","properties":{"id":"kearnynorthpoint","name":"Kearny St & North Point St","modes":["bus","metro"]},"geometry":{"type":"Polygon","coordinates":[[[-122.407211,37.8116786],[-122.4077689,37.8116569],[-122.4083214,37.8115922],[-122.4088632,37.811485],[-122.4093891,37.8113363],[-122.409894,37.8111476],[-122.4103731,37.8109207],[-122.4108217,37.8106579],[-122.4112356,37.8103615],[-122.4116106,37.8100345],[-122.4119433,37.8096801],[-122.4122305,37.8093016],[-122.4124692,37.8089027],[-122.4126574,37.8084872],[-122.412793,37.8080591],[-122.412875,37.8076226],[-122.4129023,37.8071819],[-122.4128749,37.8067411],[-122.4127929,37.8063046],[-122.4126572,37.8058766],[-122.412469,37.8054611],[-122.4122302,37.8050622],[-122.411943,37.8046837],[-122.4116103,37.8043293],[-122.4112352,37.8040024],[-122.4108214,37.803706],[-122.4103728,37.8034432],[-122.4098937,37.8032163],[-122.4093889,37.8030277],[-122.408863,37.802879],[-122.4083213,37.8027718],[-122.4077688,37.802707],[-122.407211,37.8026854],[-122.4066532,37.802707],[-122.4061007,37.8027718],[-122.405559,37.802879],[-122.4050331,37.8030277],[-122.4045283,37.8032163],[-122.4040492,37.8034432],[-122.4036006,37.803706],[-122.4031868,37.8040024],[-122.4028117,37.8043293],[-122.402479,37.8046837],[-122.4021918,37.8050622],[-122.401953,37.8054611],[-122.4017648,37.8058766],[-122.4016291,37.8063046],[-122.4015471,37.8067411],[-122.4015197,37.8071819],[-122.401547,37.8076226],[-122.401629,37.8080591],[-122.4017646,37.8084872],[-122.4019528,37.8089027],[-122.4021915,37.8093016],[-122.4024787,37.8096801],[-122.4028114,37.8100345],[-122.4031864,37.8103615],[-122.4036003,37.8106579],[-122.4040489,37.8109207],[-122.404528,37.8111476],[-122.4050329,37.8113363],[-122.4055588,37.811485],[-122.4061006,37.8115922],[-122.4066531,37.8116569],[-122.407211,37.8116786]]]}},{"type":"Feature","id":"theembarcaderosansome","properties":{"id":"theembarcaderosansome","name":"The Embarcadero & Sansome St","modes":["bus","metro"]},"geometry":{"type":"Polygon","coordinates":[[[-122.403314,37.8095186],[-122.4038719,37.8094969],[-122.4044244,37.8094322],[-122.4049662,37.809325],[-122.405492,37.8091763],[-122.4059969,37.8089876],[-122.406476,37.8087607],[-122.4069246,37.8084979],[-122.4073384,37.8082015],[-122.4077135,37.8078745],[-122.4080462,37.8075201],[-122.4083333,37.8071416],[-122.4085721,37.8067427],[-122.4087602,37.8063272],[-122.4088959,37.8058991],[-122.4089778,37.8054626],[-122.4090052,37.8050219],[-122.4089777,37.8045811],[-122.4088958,37.8041446],[-122.40876,37.8037166],[-122.4085718,37.8033011],[-122.408333,37.8029022],[-122.4080459,37.8025237],[-122.4077132,37.8021693],[-122.4073381,37.8018424],[-122.4069243,37.801546],[-122.4064757,37.8012832],[-122.4059967,37.8010563],[-122.4054918,37.8008677],[-122.404966,37.800719],[-122.4044242,37.8006118],[-122.4038718,37.800547],[-122.403314,37.8005254],[-122.4027562,37.800547],[-122.4022038,37.8006118],[-122.401662,37.800719],[-122.4011362,37.8008677],[-122.4006313,37.8010563],[-122.4001523,37.8012832],[-122.3997037,37.801546],[-122.3992899,37.8018424],[-122.3989148,37.8021693],[-122.3985821,37.8025237],[-122.398295,37.8029022],[-122.3980562,37.8033011],[-122.397868,37.8037166],[-122.3977322,37.8041446],[-122.3976503,37.8045811],[-122.3976228,37.8050219],[-122.3976502,37.8054626],[-122.3977321,37.8058991],[-122.3978678,37.8063272],[-122.3980559,37.8067427],[-122.3982947,37.8071416],[-122.3985818,37.8075201],[-122.3989145,37.8078745],[-122.3992896,37.8082015],[-122.3997034,37.8084979],[-122.400152,37.8087607],[-122.4006311,37.8089876],[-122.401136,37.8091763],[-122.4016618,37.809325],[-122.4022036,37.8094322],[-122.4027561,37.8094969],[-122.403314,37.8095186]]]}},{"type":"Feature","id":"theembarcaderobroadway","properties":{"id":"theembarcaderobroadway","name":"The Embarcadero & Broadway","modes":["bus","metro"]},"geometry":{"type":"Polygon","coordinates":[[[-122.397869,37.8040486],[-122.3984268,37.8040269],[-122.3989793,37.8039622],[-122.399521,37.803855],[-122.4000469,37.8037063],[-122.4005517,37.8035176],[-122.4010308,37.8032907],[-122.4014793,37.8030279],[-122.4018931,37.8027315],[-122.4022682,37.8024045],[-122.4026008,37.8020501],[-122.4028879,37.8016716],[-122.4031267,37.8012727],[-122.4033148,37.8008572],[-122.4034505,37.8004291],[-122.4035324,37.7999926],[-122.4035597,37.7995519],[-122.4035323,37.7991111],[-122.4034503,37.7986746],[-122.4033146,37.7982466],[-122.4031264,37.7978311],[-122.4028876,37.7974322],[-122.4026005,37.7970537],[-122.4022678,37.7966993],[-122.4018928,37.7963724],[-122.401479,37.796076],[-122.4010305,37.7958132],[-122.4005515,37.7955863],[-122.4000466,37.7953977],[-122.3995208,37.795249],[-122.3989791,37.7951418],[-122.3984268,37.795077],[-122.397869,37.7950554],[-122.3973112,37.795077],[-122.3967589,37.7951418],[-122.3962172,37.795249],[-122.3956914,37.7953977],[-122.3951865,37.7955863],[-122.3947075,37.7958132],[-122.394259,37.796076],[-122.3938452,37.7963724],[-122.3934702,37.7966993],[-122.3931375,37.7970537],[-122.3928504,37.7974322],[-122.3926116,37.7978311],[-122.3924234,37.7982466],[-122.3922877,37.7986746],[-122.3922057,37.7991111],[-122.3921783,37.7995519],[-122.3922056,37.7999926],[-122.3922875,37.8004291],[-122.3924232,37.8008572],[-122.3926113,37.8012727],[-122.3928501,37.8016716],[-122.3931372,37.8020501],[-122.3934698,37.8024045],[-122.3938449,37.8027315],[-122.3942587,37.8030279],[-122.3947072,37.8032907],[-122.3951863,37.8035176],[-122.3956911,37.8037063],[-122.396217,37.803855],[-122.3967587,37.8039622],[-122.3973112,37.8040269],[-122.397869,37.8040486]]]}},{"type":"Feature","id":"doncheewaysteuart","properties":{"id":"doncheewaysteuart","name":"Don Chee Way/Steuart St","modes":["bus","metro"]},"geometry":{"type":"Polygon","coordinates":[[[-122.393438,37.7984146],[-122.3939958,37.7983929],[-122.3945482,37.7983282],[-122.3950899,37.798221],[-122.3956157,37.7980723],[-122.3961205,37.7978836],[-122.3965995,37.7976567],[-122.3970481,37.7973939],[-122.3974618,37.7970975],[-122.3978368,37.7967705],[-122.3981695,37.7964161],[-122.3984566,37.7960376],[-122.3986953,37.7956387],[-122.3988834,37.7952232],[-122.399019,37.7947951],[-122.3991009,37.7943586],[-122.3991283,37.7939179],[-122.3991009,37.7934771],[-122.3990189,37.7930406],[-122.3988832,37.7926126],[-122.398695,37.7921971],[-122.3984563,37.7917982],[-122.3981692,37.7914197],[-122.3978365,37.7910653],[-122.3974615,37.7907384],[-122.3970477,37.790442],[-122.3965992,37.7901792],[-122.3961203,37.7899523],[-122.3956155,37.7897637],[-122.3950897,37.789615],[-122.3945481,37.7895078],[-122.3939957,37.789443],[-122.393438,37.7894214],[-122.3928803,37.789443],[-122.3923279,37.7895078],[-122.3917863,37.789615],[-122.3912605,37.7897637],[-122.3907557,37.7899523],[-122.3902768,37.7901792],[-122.3898283,37.790442],[-122.3894145,37.7907384],[-122.3890395,37.7910653],[-122.3887068,37.7914197],[-122.3884197,37.7917982],[-122.388181,37.7921971],[-122.3879928,37.7926126],[-122.3878571,37.7930406],[-122.3877751,37.7934771],[-122.3877477,37.7939179],[-122.3877751,37.7943586],[-122.387857,37.7947951],[-122.3879926,37.7952232],[-122.3881807,37.7956387],[-122.3884194,37.7960376],[-122.3887065,37.7964161],[-122.3890392,37.7967705],[-122.3894142,37.7970975],[-122.3898279,37.7973939],[-122.3902765,37.7976567],[-122.3907555,37.7978836],[-122.3912603,37.7980723],[-122.3917861,37.798221],[-122.3923278,37.7983282],[-122.3928802,37.7983929],[-122.393438,37.7984146]]]}},{"type":"Feature","id":"theembarcaderofolsom","properties":{"id":"theembarcaderofolsom","name":"The Embarcadero & Folsom St","modes":["bus","metro"]},"geometry":{"type":"Polygon","coordinates":[[[-122.389692,37.7949776],[-122.3902498,37.7949559],[-122.3908021,37.7948912],[-122.3913438,37.794784],[-122.3918696,37.7946353],[-122.3923744,37.7944466],[-122.3928534,37.7942197],[-122.3933019,37.7939569],[-122.3937156,37.7936605],[-122.3940906,37.7933335],[-122.3944233,37.7929791],[-122.3947103,37.7926006],[-122.394949,37.7922017],[-122.3951371,37.7917862],[-122.3952728,37.7913581],[-122.3953547,37.7909216],[-122.3953821,37.7904809],[-122.3953546,37.7900401],[-122.3952727,37.7896036],[-122.3951369,37.7891756],[-122.3949488,37.7887601],[-122.39471,37.7883612],[-122.3944229,37.7879827],[-122.3940903,37.7876283],[-122.3937153,37.7873014],[-122.3933016,37.787005],[-122.3928531,37.7867422],[-122.3923741,37.7865153],[-122.3918694,37.7863267],[-122.3913436,37.786178],[-122.390802,37.7860708],[-122.3902497,37.786006],[-122.389692,37.7859844],[-122.3891343,37.786006],[-122.388582,37.7860708],[-122.3880404,37.786178],[-122.3875146,37.7863267],[-122.3870099,37.7865153],[-122.3865309,37.7867422],[-122.3860824,37.787005],[-122.3856687,37.7873014],[-122.3852937,37.7876283],[-122.3849611,37.7879827],[-122.384674,37.7883612],[-122.3844352,37.7887601],[-122.3842471,37.7891756],[-122.3841113,37.7896036],[-122.3840294,37.7900401],[-122.3840019,37.7904809],[-122.3840293,37.7909216],[-122.3841112,37.7913581],[-122.3842469,37.7917862],[-122.384435,37.7922017],[-122.3846737,37.7926006],[-122.3849607,37.7929791],[-122.3852934,37.7933335],[-122.3856684,37.7936605],[-122.3860821,37.7939569],[-122.3865306,37.7942197],[-122.3870096,37.7944466],[-122.3875144,37.7946353],[-122.3880402,37.794784],[-122.3885819,37.7948912],[-122.3891342,37.7949559],[-122.389692,37.7949776]]]}},{"type":"Feature","id":"theembarcaderotownsend","properties":{"id":"theembarcaderotownsend","name":"The Embarcadero & Townsend St","modes":["bus","metro"]},"geometry":{"type":"Polygon","coordinates":[[[-122.38832,37.7880966],[-122.3888777,37.7880749],[-122.38943,37.7880102],[-122.3899717,37.787903],[-122.3904974,37.7877543],[-122.3910022,37.7875656],[-122.3914811,37.7873387],[-122.3919296,37.7870759],[-122.3923433,37.7867795],[-122.3927182,37.7864525],[-122.3930508,37.7860981],[-122.3933379,37.7857196],[-122.3935766,37.7853207],[-122.3937646,37.7849052],[-122.3939003,37.7844771],[-122.3939822,37.7840406],[-122.3940095,37.7835999],[-122.3939821,37.7831591],[-122.3939001,37.7827226],[-122.3937644,37.7822946],[-122.3935763,37.7818791],[-122.3933376,37.7814802],[-122.3930505,37.7811017],[-122.3927179,37.7807473],[-122.3923429,37.7804204],[-122.3919292,37.780124],[-122.3914808,37.7798612],[-122.3910019,37.7796343],[-122.3904972,37.7794457],[-122.3899715,37.779297],[-122.3894299,37.7791898],[-122.3888776,37.779125],[-122.38832,37.7791034],[-122.3877624,37.779125],[-122.3872101,37.7791898],[-122.3866685,37.779297],[-122.3861428,37.7794457],[-122.3856381,37.7796343],[-122.3851592,37.7798612],[-122.3847108,37.780124],[-122.3842971,37.7804204],[-122.3839221,37.7807473],[-122.3835895,37.7811017],[-122.3833024,37.7814802],[-122.3830637,37.7818791],[-122.3828756,37.7822946],[-122.3827399,37.7827226],[-122.3826579,37.7831591],[-122.3826305,37.7835999],[-122.3826578,37.7840406],[-122.3827397,37.7844771],[-122.3828754,37.7849052],[-122.3830634,37.7853207],[-122.3833021,37.7857196],[-122.3835892,37.7860981],[-122.3839218,37.7864525],[-122.3842967,37.7867795],[-122.3847104,37.7870759],[-122.3851589,37.7873387],[-122.3856378,37.7875656],[-122.3861426,37.7877543],[-122.3866683,37.787903],[-122.38721,37.7880102],[-122.3877623,37.7880749],[-122.38832,37.7880966]]]}},{"type":"Feature","id":"king2nd","properties":{"id":"king2nd","name":"King St & 2nd St","modes":["bus","metro"]},"geometry":{"type":"Polygon","coordinates":[[[-122.38955,37.7840966],[-122.3901077,37.7840749],[-122.39066,37.7840102],[-122.3912016,37.783903],[-122.3917273,37.7837543],[-122.392232,37.7835656],[-122.3927109,37.7833387],[-122.3931594,37.7830759],[-122.3935731,37.7827795],[-122.393948,37.7824525],[-122.3942806,37.7820981],[-122.3945676,37.7817196],[-122.3948063,37.7813207],[-122.3949943,37.7809052],[-122.39513,37.7804771],[-122.3952119,37.7800406],[-122.3952392,37.7795999],[-122.3952118,37.7791591],[-122.3951298,37.7787226],[-122.3949941,37.7782946],[-122.394806,37.7778791],[-122.3945673,37.7774802],[-122.3942802,37.7771017],[-122.3939477,37.7767473],[-122.3935727,37.7764204],[-122.393159,37.776124],[-122.3927106,37.7758612],[-122.3922317,37.7756343],[-122.391727,37.7754457],[-122.3912014,37.775297],[-122.3906598,37.7751898],[-122.3901076,37.775125],[-122.38955,37.7751034],[-122.3889924,37.775125],[-122.3884402,37.7751898],[-122.3878986,37.775297],[-122.387373,37.7754457],[-122.3868683,37.7756343],[-122.3863894,37.7758612],[-122.385941,37.776124],[-122.3855273,37.7764204],[-122.3851523,37.7767473],[-122.3848198,37.7771017],[-122.3845327,37.7774802],[-122.384294,37.7778791],[-122.3841059,37.7782946],[-122.3839702,37.7787226],[-122.3838882,37.7791591],[-122.3838608,37.7795999],[-122.3838881,37.7800406],[-122.38397,37.7804771],[-122.3841057,37.7809052],[-122.3842937,37.7813207],[-122.3845324,37.7817196],[-122.3848194,37.7820981],[-122.385152,37.7824525],[-122.3855269,37.7827795],[-122.3859406,37.7830759],[-122.3863891,37.7833387],[-122.386868,37.7835656],[-122.3873727,37.7837543],[-122.3878984,37.783903],[-122.38844,37.7840102],[-122.3889923,37.7840749],[-122.38955,37.7840966]]]}},{"type":"Feature","id":"king4th","properties":{"id":"king4th","name":"King St & 4th St","modes":["bus","metro","rail"]},"geometry":{"type":"Polygon","coordinates":[[[-122.394173,37.7807656],[-122.3947306,37.7807439],[-122.3952829,37.7806792],[-122.3958245,37.780572],[-122.3963502,37.7804233],[-122.3968549,37.7802346],[-122.3973338,37.7800077],[-122.3977822,37.7797449],[-122.3981959,37.7794485],[-122.3985708,37.7791215],[-122.3989034,37.7787671],[-122.3991904,37.7783886],[-122.399429,37.7779897],[-122.3996171,37.7775742],[-122.3997527,37.7771461],[-122.3998346,37.7767096],[-122.399862,37.7762689],[-122.3998345,37.7758281],[-122.3997526,37.7753916],[-122.3996169,37.7749636],[-122.3994288,37.7745481],[-122.3991901,37.7741492],[-122.398903,37.7737707],[-122.3985705,37.7734163],[-122.3981955,37.7730894],[-122.3977819,37.772793],[-122.3973335,37.7725302],[-122.3968546,37.7723033],[-122.3963499,37.7721147],[-122.3958243,37.771966],[-122.3952828,37.7718588],[-122.3947306,37.771794],[-122.394173,37.7717724],[-122.3936154,37.771794],[-122.3930632,37.7718588],[-122.3925217,37.771966],[-122.3919961,37.7721147],[-122.3914914,37.7723033],[-122.3910125,37.7725302],[-122.3905641,37.772793],[-122.3901505,37.7730894],[-122.3897755,37.7734163],[-122.389443,37.7737707],[-122.3891559,37.7741492],[-122.3889172,37.7745481],[-122.3887291,37.7749636],[-122.3885934,37.7753916],[-122.3885115,37.7758281],[-122.388484,37.7762689],[-122.3885114,37.7767096],[-122.3885933,37.7771461],[-122.3887289,37.7775742],[-122.388917,37.7779897],[-122.3891556,37.7783886],[-122.3894426,37.7787671],[-122.3897752,37.7791215],[-122.3901501,37.7794485],[-122.3905638,37.7797449],[-122.3910122,37.7800077],[-122.3914911,37.7802346],[-122.3919958,37.7804233],[-122.3925215,37.780572],[-122.3930631,37.7806792],[-122.3936154,37.7807439],[-122.394173,37.7807656]]]}},{"type":"Feature","id":"townsend7th","properties":{"id":"townsend7th","name":"Townsend St & 7th St","modes":["bus"]},"geometry":{"type":"Polygon","coordinates":[[[-122.402383,37.7756386],[-122.4029406,37.7756169],[-122.4034928,37.7755522],[-122.4040344,37.775445],[-122.40456,37.7752963],[-122.4050647,37.7751076],[-122.4055436,37.7748807],[-122.405992,37.7746179],[-122.4064056,37.7743215],[-122.4067805,37.7739945],[-122.407113,37.7736401],[-122.4074,37.7732616],[-122.4076387,37.7728627],[-122.4078267,37.7724472],[-122.4079623,37.7720191],[-122.4080442,37.7715826],[-122.4080716,37.7711419],[-122.4080441,37.7707011],[-122.4079622,37.7702646],[-122.4078265,37.7698366],[-122.4076384,37.7694211],[-122.4073997,37.7690222],[-122.4071127,37.7686437],[-122.4067801,37.7682893],[-122.4064052,37.7679624],[-122.4059916,37.767666],[-122.4055432,37.7674032],[-122.4050644,37.7671763],[-122.4045598,37.7669877],[-122.4040342,37.766839],[-122.4034927,37.7667318],[-122.4029405,37.766667],[-122.402383,37.7666454],[-122.4018255,37.766667],[-122.4012733,37.7667318],[-122.4007318,37.766839],[-122.4002062,37.7669877],[-122.3997016,37.7671763],[-122.3992228,37.7674032],[-122.3987744,37.767666],[-122.3983608,37.7679624],[-122.3979859,37.7682893],[-122.3976533,37.7686437],[-122.3973663,37.7690222],[-122.3971276,37.7694211],[-122.3969395,37.7698366],[-122.3968038,37.7702646],[-122.3967219,37.7707011],[-122.3966944,37.7711419],[-122.3967218,37.7715826],[-122.3968037,37.7720191],[-122.3969393,37.7724472],[-122.3971273,37.7728627],[-122.397366,37.7732616],[-122.397653,37.7736401],[-122.3979855,37.7739945],[-122.3983604,37.7743215],[-122.398774,37.7746179],[-122.3992224,37.7748807],[-122.3997013,37.7751076],[-122.400206,37.7752963],[-122.4007316,37.775445],[-122.4012732,37.7755522],[-122.4018254,37.7756169],[-122.402383,37.7756386]]]}},{"type":"Feature","id":"thirdmissionrock","properties":{"id":"thirdmissionrock","name":"Third Street & Mission Rock St","modes":["bus","metro"]},"geometry":{"type":"Polygon","coordinates":[[[-122.389683,37.7774806],[-122.3902406,37.7774589],[-122.3907929,37.7773942],[-122.3913344,37.777287],[-122.3918601,37.7771383],[-122.3923648,37.7769496],[-122.3928436,37.7767227],[-122.393292,37.7764599],[-122.3937057,37.7761635],[-122.3940806,37.7758365],[-122.3944131,37.7754821],[-122.3947001,37.7751036],[-122.3949388,37.7747047],[-122.3951268,37.7742892],[-122.3952625,37.7738611],[-122.3953443,37.7734246],[-122.3953717,37.7729839],[-122.3953443,37.7725431],[-122.3952623,37.7721066],[-122.3951267,37.7716786],[-122.3949386,37.7712631],[-122.3946998,37.7708642],[-122.3944128,37.7704857],[-122.3940803,37.7701313],[-122.3937053,37.7698044],[-122.3932917,37.769508],[-122.3928433,37.7692452],[-122.3923645,37.7690183],[-122.3918599,37.7688297],[-122.3913342,37.768681],[-122.3907927,37.7685738],[-122.3902406,37.768509],[-122.389683,37.7684874],[-122.3891254,37.768509],[-122.3885733,37.7685738],[-122.3880318,37.768681],[-122.3875061,37.7688297],[-122.3870015,37.7690183],[-122.3865227,37.7692452],[-122.3860743,37.769508],[-122.3856607,37.7698044],[-122.3852857,37.7701313],[-122.3849532,37.7704857],[-122.3846662,37.7708642],[-122.3844274,37.7712631],[-122.3842393,37.7716786],[-122.3841037,37.7721066],[-122.3840217,37.7725431],[-122.3839943,37.7729839],[-122.3840217,37.7734246],[-122.3841035,37.7738611],[-122.3842392,37.7742892],[-122.3844272,37.7747047],[-122.3846659,37.7751036],[-122.3849529,37.7754821],[-122.3852854,37.7758365],[-122.3856603,37.7761635],[-122.386074,37.7764599],[-122.3865224,37.7767227],[-122.3870012,37.7769496],[-122.3875059,37.7771383],[-122.3880316,37.777287],[-122.3885731,37.7773942],[-122.3891254,37.7774589],[-122.389683,37.7774806]]]}},{"type":"Feature","id":"ucsfchasecenter16th","properties":{"id":"ucsfchasecenter16th","name":"UCSF / Chase Center (16th Street)","modes":["bus","metro"]},"geometry":{"type":"Polygon","coordinates":[[[-122.389366,37.7727336],[-122.3899236,37.7727119],[-122.3904758,37.7726472],[-122.3910173,37.77254],[-122.391543,37.7723913],[-122.3920476,37.7722026],[-122.3925264,37.7719757],[-122.3929748,37.7717129],[-122.3933884,37.7714165],[-122.3937633,37.7710895],[-122.3940958,37.7707351],[-122.3943828,37.7703566],[-122.3946215,37.7699577],[-122.3948095,37.7695422],[-122.3949451,37.7691141],[-122.395027,37.7686776],[-122.3950543,37.7682369],[-122.3950269,37.7677961],[-122.394945,37.7673596],[-122.3948093,37.7669316],[-122.3946212,37.7665161],[-122.3943825,37.7661172],[-122.3940955,37.7657387],[-122.393763,37.7653843],[-122.3933881,37.7650574],[-122.3929745,37.764761],[-122.3925261,37.7644982],[-122.3920473,37.7642713],[-122.3915427,37.7640827],[-122.3910171,37.763934],[-122.3904757,37.7638268],[-122.3899235,37.763762],[-122.389366,37.7637404],[-122.3888085,37.763762],[-122.3882563,37.7638268],[-122.3877149,37.763934],[-122.3871893,37.7640827],[-122.3866847,37.7642713],[-122.3862059,37.7644982],[-122.3857575,37.764761],[-122.3853439,37.7650574],[-122.384969,37.7653843],[-122.3846365,37.7657387],[-122.3843495,37.7661172],[-122.3841108,37.7665161],[-122.3839227,37.7669316],[-122.383787,37.7673596],[-122.3837051,37.7677961],[-122.3836777,37.7682369],[-122.383705,37.7686776],[-122.3837869,37.7691141],[-122.3839225,37.7695422],[-122.3841105,37.7699577],[-122.3843492,37.7703566],[-122.3846362,37.7707351],[-122.3849687,37.7710895],[-122.3853436,37.7714165],[-122.3857572,37.7717129],[-122.3862056,37.7719757],[-122.3866844,37.7722026],[-122.387189,37.7723913],[-122.3877147,37.77254],[-122.3882562,37.7726472],[-122.3888084,37.7727119],[-122.389366,37.7727336]]]}},{"type":"Feature","id":"ucsfmedicalcentermariposa","properties":{"id":"ucsfmedicalcentermariposa","name":"UCSF Medical Center (Mariposa)","modes":["bus","metro"]},"geometry":{"type":"Polygon","coordinates":[[[-122.388865,37.7687356],[-122.3894226,37.7687139],[-122.3899747,37.7686492],[-122.3905162,37.768542],[-122.3910418,37.7683933],[-122.3915465,37.7682046],[-122.3920253,37.7679777],[-122.3924736,37.7677149],[-122.3928872,37.7674185],[-122.3932621,37.7670915],[-122.3935946,37.7667371],[-122.3938815,37.7663586],[-122.3941202,37.7659597],[-122.3943082,37.7655442],[-122.3944438,37.7651161],[-122.3945257,37.7646796],[-122.394553,37.7642389],[-122.3945256,37.7637981],[-122.3944437,37.7633616],[-122.394308,37.7629336],[-122.3941199,37.7625181],[-122.3938813,37.7621192],[-122.3935943,37.7617407],[-122.3932617,37.7613863],[-122.3928869,37.7610594],[-122.3924733,37.760763],[-122.3920249,37.7605002],[-122.3915462,37.7602733],[-122.3910416,37.7600847],[-122.3905161,37.759936],[-122.3899746,37.7598288],[-122.3894225,37.759764],[-122.388865,37.7597424],[-122.3883075,37.759764],[-122.3877554,37.7598288],[-122.3872139,37.759936],[-122.3866884,37.7600847],[-122.3861838,37.7602733],[-122.3857051,37.7605002],[-122.3852567,37.760763],[-122.3848431,37.7610594],[-122.3844683,37.7613863],[-122.3841357,37.7617407],[-122.3838487,37.7621192],[-122.3836101,37.7625181],[-122.383422,37.7629336],[-122.3832863,37.7633616],[-122.3832044,37.7637981],[-122.383177,37.7642389],[-122.3832043,37.7646796],[-122.3832862,37.7651161],[-122.3834218,37.7655442],[-122.3836098,37.7659597],[-122.3838485,37.7663586],[-122.3841354,37.7667371],[-122.3844679,37.7670915],[-122.3848428,37.7674185],[-122.3852564,37.7677149],[-122.3857047,37.7679777],[-122.3861835,37.7682046],[-122.3866882,37.7683933],[-122.3872138,37.768542],[-122.3877553,37.7686492],[-122.3883074,37.7687139],[-122.388865,37.7687356]]]}},{"type":"Feature","id":"third20th","properties":{"id":"third20th","name":"Third Street & 20th St","modes":["bus","metro"]},"geometry":{"type":"Polygon","coordinates":[[[-122.388593,37.7648636],[-122.3891505,37.7648419],[-122.3897027,37.7647772],[-122.3902442,37.76467],[-122.3907697,37.7645213],[-122.3912743,37.7643326],[-122.3917531,37.7641057],[-122.3922014,37.7638429],[-122.392615,37.7635465],[-122.3929898,37.7632195],[-122.3933223,37.7628651],[-122.3936093,37.7624866],[-122.3938479,37.7620877],[-122.3940359,37.7616722],[-122.3941715,37.7612441],[-122.3942534,37.7608076],[-122.3942807,37.7603669],[-122.3942533,37.7599261],[-122.3941714,37.7594896],[-122.3940357,37.7590616],[-122.3938477,37.7586461],[-122.393609,37.7582472],[-122.393322,37.7578687],[-122.3929895,37.7575143],[-122.3926147,37.7571874],[-122.3922011,37.756891],[-122.3917528,37.7566282],[-122.391274,37.7564013],[-122.3907695,37.7562127],[-122.390244,37.756064],[-122.3897026,37.7559568],[-122.3891505,37.755892],[-122.388593,37.7558704],[-122.3880355,37.755892],[-122.3874834,37.7559568],[-122.386942,37.756064],[-122.3864165,37.7562127],[-122.385912,37.7564013],[-122.3854332,37.7566282],[-122.3849849,37.756891],[-122.3845713,37.7571874],[-122.3841965,37.7575143],[-122.383864,37.7578687],[-122.383577,37.7582472],[-122.3833383,37.7586461],[-122.3831503,37.7590616],[-122.3830146,37.7594896],[-122.3829327,37.7599261],[-122.3829053,37.7603669],[-122.3829326,37.7608076],[-122.3830145,37.7612441],[-122.3831501,37.7616722],[-122.3833381,37.7620877],[-122.3835767,37.7624866],[-122.3838637,37.7628651],[-122.3841962,37.7632195],[-122.384571,37.7635465],[-122.3849846,37.7638429],[-122.3854329,37.7641057],[-122.3859117,37.7643326],[-122.3864163,37.7645213],[-122.3869418,37.76467],[-122.3874833,37.7647772],[-122.3880355,37.7648419],[-122.388593,37.7648636]]]}},{"type":"Feature","id":"thirdmarin","properties":{"id":"thirdmarin","name":"Third St & Marin St","modes":["bus","metro"]},"geometry":{"type":"Polygon","coordinates":[[[-122.38741,37.7534506],[-122.3879674,37.7534289],[-122.3885195,37.7533642],[-122.3890609,37.753257],[-122.3895864,37.7531083],[-122.3900909,37.7529196],[-122.3905696,37.7526927],[-122.3910179,37.7524299],[-122.3914314,37.7521335],[-122.3918062,37.7518065],[-122.3921386,37.7514521],[-122.3924255,37.7510736],[-122.3926641,37.7506747],[-122.3928521,37.7502592],[-122.3929877,37.7498311],[-122.3930695,37.7493946],[-122.3930969,37.7489539],[-122.3930694,37.7485131],[-122.3929875,37.7480766],[-122.3928519,37.7476486],[-122.3926638,37.7472331],[-122.3924252,37.7468342],[-122.3921383,37.7464557],[-122.3918058,37.7461013],[-122.391431,37.7457744],[-122.3910175,37.745478],[-122.3905693,37.7452152],[-122.3900906,37.7449883],[-122.3895861,37.7447997],[-122.3890607,37.744651],[-122.3885194,37.7445438],[-122.3879674,37.744479],[-122.38741,37.7444574],[-122.3868526,37.744479],[-122.3863006,37.7445438],[-122.3857593,37.744651],[-122.3852339,37.7447997],[-122.3847294,37.7449883],[-122.3842507,37.7452152],[-122.3838025,37.745478],[-122.383389,37.7457744],[-122.3830142,37.7461013],[-122.3826817,37.7464557],[-122.3823948,37.7468342],[-122.3821562,37.7472331],[-122.3819681,37.7476486],[-122.3818325,37.7480766],[-122.3817506,37.7485131],[-122.3817231,37.7489539],[-122.3817505,37.7493946],[-122.3818323,37.7498311],[-122.3819679,37.7502592],[-122.3821559,37.7506747],[-122.3823945,37.7510736],[-122.3826814,37.7514521],[-122.3830138,37.7518065],[-122.3833886,37.7521335],[-122.3838021,37.7524299],[-122.3842504,37.7526927],[-122.3847291,37.7529196],[-122.3852336,37.7531083],[-122.3857591,37.753257],[-122.3863005,37.7533642],[-122.3868526,37.7534289],[-122.38741,37.7534506]]]}},{"type":"Feature","id":"3rdevans","properties":{"id":"3rdevans","name":"3rd Street & Evans Ave","modes":["bus","metro"]},"geometry":{"type":"Polygon","coordinates":[[[-122.387897,37.7470176],[-122.3884544,37.7469959],[-122.3890064,37.7469312],[-122.3895478,37.746824],[-122.3900732,37.7466753],[-122.3905777,37.7464866],[-122.3910563,37.7462597],[-122.3915046,37.7459969],[-122.391918,37.7457005],[-122.3922928,37.7453735],[-122.3926252,37.7450191],[-122.3929121,37.7446406],[-122.3931506,37.7442417],[-122.3933386,37.7438262],[-122.3934742,37.7433981],[-122.393556,37.7429616],[-122.3935834,37.7425209],[-122.3935559,37.7420801],[-122.393474,37.7416436],[-122.3933384,37.7412156],[-122.3931504,37.7408001],[-122.3929118,37.7404012],[-122.3926249,37.7400227],[-122.3922924,37.7396683],[-122.3919177,37.7393414],[-122.3915042,37.739045],[-122.391056,37.7387822],[-122.3905774,37.7385553],[-122.390073,37.7383667],[-122.3895476,37.738218],[-122.3890063,37.7381108],[-122.3884543,37.738046],[-122.387897,37.7380244],[-122.3873397,37.738046],[-122.3867877,37.7381108],[-122.3862464,37.738218],[-122.385721,37.7383667],[-122.3852166,37.7385553],[-122.384738,37.7387822],[-122.3842898,37.739045],[-122.3838763,37.7393414],[-122.3835016,37.7396683],[-122.3831691,37.7400227],[-122.3828822,37.7404012],[-122.3826436,37.7408001],[-122.3824556,37.7412156],[-122.38232,37.7416436],[-122.3822381,37.7420801],[-122.3822106,37.7425209],[-122.382238,37.7429616],[-122.3823198,37.7433981],[-122.3824554,37.7438262],[-122.3826434,37.7442417],[-122.3828819,37.7446406],[-122.3831688,37.7450191],[-122.3835012,37.7453735],[-122.383876,37.7457005],[-122.3842894,37.7459969],[-122.3847377,37.7462597],[-122.3852163,37.7464866],[-122.3857208,37.7466753],[-122.3862462,37.746824],[-122.3867876,37.7469312],[-122.3873396,37.7469959],[-122.387897,37.7470176]]]}},{"type":"Feature","id":"evanskeith","properties":{"id":"evanskeith","name":"Evans Ave & Keith St","modes":["bus"]},"geometry":{"type":"Polygon","coordinates":[[[-122.380797,37.7432666],[-122.3813544,37.7432449],[-122.3819064,37.7431802],[-122.3824477,37.743073],[-122.3829731,37.7429243],[-122.3834775,37.7427356],[-122.3839562,37.7425087],[-122.3844044,37.7422459],[-122.3848178,37.7419495],[-122.3851926,37.7416225],[-122.385525,37.7412681],[-122.3858118,37.7408896],[-122.3860504,37.7404907],[-122.3862383,37.7400752],[-122.3863739,37.7396471],[-122.3864557,37.7392106],[-122.3864831,37.7387699],[-122.3864557,37.7383291],[-122.3863738,37.7378926],[-122.3862381,37.7374646],[-122.3860501,37.7370491],[-122.3858115,37.7366502],[-122.3855246,37.7362717],[-122.3851922,37.7359173],[-122.3848175,37.7355904],[-122.384404,37.735294],[-122.3839559,37.7350312],[-122.3834773,37.7348043],[-122.3829728,37.7346157],[-122.3824475,37.734467],[-122.3819062,37.7343598],[-122.3813543,37.734295],[-122.380797,37.7342734],[-122.3802397,37.734295],[-122.3796878,37.7343598],[-122.3791465,37.734467],[-122.3786212,37.7346157],[-122.3781167,37.7348043],[-122.3776381,37.7350312],[-122.37719,37.735294],[-122.3767765,37.7355904],[-122.3764018,37.7359173],[-122.3760694,37.7362717],[-122.3757825,37.7366502],[-122.3755439,37.7370491],[-122.3753559,37.7374646],[-122.3752202,37.7378926],[-122.3751383,37.7383291],[-122.3751109,37.7387699],[-122.3751383,37.7392106],[-122.3752201,37.7396471],[-122.3753557,37.7400752],[-122.3755436,37.7404907],[-122.3757822,37.7408896],[-122.376069,37.7412681],[-122.3764014,37.7416225],[-122.3767762,37.7419495],[-122.3771896,37.7422459],[-122.3776378,37.7425087],[-122.3781165,37.7427356],[-122.3786209,37.7429243],[-122.3791463,37.743073],[-122.3796876,37.7431802],[-122.3802396,37.7432449],[-122.380797,37.7432666]]]}},{"type":"Feature","id":"hudsoningalls","properties":{"id":"hudsoningalls","name":"Hudson Ave & Ingalls St","modes":["bus"]},"geometry":{"type":"Polygon","coordinates":[[[-122.37991,37.7369936],[-122.3804673,37.7369719],[-122.3810193,37.7369072],[-122.3815605,37.7368],[-122.3820859,37.7366513],[-122.3825903,37.7364626],[-122.3830689,37.7362357],[-122.3835171,37.7359729],[-122.3839305,37.7356765],[-122.3843052,37.7353495],[-122.3846376,37.7349951],[-122.3849244,37.7346166],[-122.3851629,37.7342177],[-122.3853509,37.7338022],[-122.3854864,37.7333741],[-122.3855682,37.7329376],[-122.3855956,37.7324969],[-122.3855682,37.7320561],[-122.3854863,37.7316196],[-122.3853507,37.7311916],[-122.3851627,37.7307761],[-122.3849241,37.7303772],[-122.3846372,37.7299987],[-122.3843049,37.7296443],[-122.3839301,37.7293174],[-122.3835167,37.729021],[-122.3830686,37.7287582],[-122.38259,37.7285313],[-122.3820857,37.7283427],[-122.3815603,37.728194],[-122.3810191,37.7280868],[-122.3804673,37.728022],[-122.37991,37.7280004],[-122.3793527,37.728022],[-122.3788009,37.7280868],[-122.3782597,37.728194],[-122.3777343,37.7283427],[-122.37723,37.7285313],[-122.3767514,37.7287582],[-122.3763033,37.729021],[-122.3758899,37.7293174],[-122.3755151,37.7296443],[-122.3751828,37.7299987],[-122.3748959,37.7303772],[-122.3746573,37.7307761],[-122.3744693,37.7311916],[-122.3743337,37.7316196],[-122.3742518,37.7320561],[-122.3742244,37.7324969],[-122.3742518,37.7329376],[-122.3743336,37.7333741],[-122.3744691,37.7338022],[-122.3746571,37.7342177],[-122.3748956,37.7346166],[-122.3751824,37.7349951],[-122.3755148,37.7353495],[-122.3758895,37.7356765],[-122.3763029,37.7359729],[-122.3767511,37.7362357],[-122.3772297,37.7364626],[-122.3777341,37.7366513],[-122.3782595,37.7368],[-122.3788007,37.7369072],[-122.3793527,37.7369719],[-122.37991,37.7369936]]]}},{"type":"Feature","id":"galvezhill","properties":{"id":"galvezhill","name":"Galvez Ave & Hill Ave","modes":["bus"]},"geometry":{"type":"Polygon","coordinates":[[[-122.367027,37.7332916],[-122.3675843,37.7332699],[-122.3681362,37.7332052],[-122.3686775,37.733098],[-122.3692028,37.7329493],[-122.3697072,37.7327606],[-122.3701857,37.7325337],[-122.3706339,37.7322709],[-122.3710473,37.7319745],[-122.371422,37.7316475],[-122.3717543,37.7312931],[-122.3720411,37.7309146],[-122.3722797,37.7305157],[-122.3724676,37.7301002],[-122.3726031,37.7296721],[-122.372685,37.7292356],[-122.3727123,37.7287949],[-122.3726849,37.7283541],[-122.372603,37.7279176],[-122.3724674,37.7274896],[-122.3722794,37.7270741],[-122.3720409,37.7266752],[-122.371754,37.7262967],[-122.3714216,37.7259423],[-122.3710469,37.7256154],[-122.3706336,37.725319],[-122.3701854,37.7250562],[-122.3697069,37.7248293],[-122.3692026,37.7246407],[-122.3686773,37.724492],[-122.3681361,37.7243848],[-122.3675842,37.72432],[-122.367027,37.7242984],[-122.3664698,37.72432],[-122.3659179,37.7243848],[-122.3653767,37.724492],[-122.3648514,37.7246407],[-122.3643471,37.7248293],[-122.3638686,37.7250562],[-122.3634204,37.725319],[-122.3630071,37.7256154],[-122.3626324,37.7259423],[-122.3623,37.7262967],[-122.3620131,37.7266752],[-122.3617746,37.7270741],[-122.3615866,37.7274896],[-122.361451,37.7279176],[-122.3613691,37.7283541],[-122.3613417,37.7287949],[-122.361369,37.7292356],[-122.3614509,37.7296721],[-122.3615864,37.7301002],[-122.3617743,37.7305157],[-122.3620129,37.7309146],[-122.3622997,37.7312931],[-122.362632,37.7316475],[-122.3630067,37.7319745],[-122.3634201,37.7322709],[-122.3638683,37.7325337],[-122.3643468,37.7327606],[-122.3648512,37.7329493],[-122.3653765,37.733098],[-122.3659178,37.7332052],[-122.3664697,37.7332699],[-122.367027,37.7332916]]]}},{"type":"Feature","id":"earlkirkwood","properties":{"id":"earlkirkwood","name":"Earl St & Kirkwood Ave","modes":["bus"]},"geometry":{"type":"Polygon","coordinates":[[[-122.37313,37.7332756],[-122.3736873,37.7332539],[-122.3742392,37.7331892],[-122.3747805,37.733082],[-122.3753058,37.7329333],[-122.3758102,37.7327446],[-122.3762887,37.7325177],[-122.3767369,37.7322549],[-122.3771503,37.7319585],[-122.377525,37.7316315],[-122.3778573,37.7312771],[-122.3781441,37.7308986],[-122.3783827,37.7304997],[-122.3785706,37.7300842],[-122.3787061,37.7296561],[-122.378788,37.7292196],[-122.3788153,37.7287789],[-122.3787879,37.7283381],[-122.378706,37.7279016],[-122.3785704,37.7274736],[-122.3783824,37.7270581],[-122.3781438,37.7266592],[-122.377857,37.7262807],[-122.3775246,37.7259263],[-122.3771499,37.7255994],[-122.3767366,37.725303],[-122.3762884,37.7250402],[-122.3758099,37.7248133],[-122.3753056,37.7246247],[-122.3747803,37.724476],[-122.3742391,37.7243688],[-122.3736872,37.724304],[-122.37313,37.7242824],[-122.3725728,37.724304],[-122.3720209,37.7243688],[-122.3714797,37.724476],[-122.3709544,37.7246247],[-122.3704501,37.7248133],[-122.3699716,37.7250402],[-122.3695234,37.725303],[-122.3691101,37.7255994],[-122.3687354,37.7259263],[-122.368403,37.7262807],[-122.3681162,37.7266592],[-122.3678776,37.7270581],[-122.3676896,37.7274736],[-122.367554,37.7279016],[-122.3674721,37.7283381],[-122.3674447,37.7287789],[-122.367472,37.7292196],[-122.3675539,37.7296561],[-122.3676894,37.7300842],[-122.3678773,37.7304997],[-122.3681159,37.7308986],[-122.3684027,37.7312771],[-122.368735,37.7316315],[-122.3691097,37.7319585],[-122.3695231,37.7322549],[-122.3699713,37.7325177],[-122.3704498,37.7327446],[-122.3709542,37.7329333],[-122.3714795,37.733082],[-122.3720208,37.7331892],[-122.3725727,37.7332539],[-122.37313,37.7332756]]]}},{"type":"Feature","id":"ingallsthomas","properties":{"id":"ingallsthomas","name":"Ingalls St & Thomas Ave","modes":["bus"]},"geometry":{"type":"Polygon","coordinates":[[[-122.38572,37.7316066],[-122.3862773,37.7315849],[-122.3868292,37.7315202],[-122.3873704,37.731413],[-122.3878957,37.7312643],[-122.3884001,37.7310756],[-122.3888787,37.7308487],[-122.3893268,37.7305859],[-122.3897402,37.7302895],[-122.3901149,37.7299625],[-122.3904472,37.7296081],[-122.390734,37.7292296],[-122.3909725,37.7288307],[-122.3911605,37.7284152],[-122.391296,37.7279871],[-122.3913778,37.7275506],[-122.3914052,37.7271099],[-122.3913778,37.7266691],[-122.3912959,37.7262326],[-122.3911603,37.7258046],[-122.3909723,37.7253891],[-122.3907337,37.7249902],[-122.3904469,37.7246117],[-122.3901145,37.7242573],[-122.3897399,37.7239304],[-122.3893265,37.723634],[-122.3888784,37.7233712],[-122.3883998,37.7231443],[-122.3878955,37.7229557],[-122.3873702,37.722807],[-122.3868291,37.7226998],[-122.3862772,37.722635],[-122.38572,37.7226134],[-122.3851628,37.722635],[-122.3846109,37.7226998],[-122.3840698,37.722807],[-122.3835445,37.7229557],[-122.3830402,37.7231443],[-122.3825616,37.7233712],[-122.3821135,37.723634],[-122.3817001,37.7239304],[-122.3813255,37.7242573],[-122.3809931,37.7246117],[-122.3807063,37.7249902],[-122.3804677,37.7253891],[-122.3802797,37.7258046],[-122.3801441,37.7262326],[-122.3800622,37.7266691],[-122.3800348,37.7271099],[-122.3800622,37.7275506],[-122.380144,37.7279871],[-122.3802795,37.7284152],[-122.3804675,37.7288307],[-122.380706,37.7292296],[-122.3809928,37.7296081],[-122.3813251,37.7299625],[-122.3816998,37.7302895],[-122.3821132,37.7305859],[-122.3825613,37.7308487],[-122.3830399,37.7310756],[-122.3835443,37.7312643],[-122.3840696,37.731413],[-122.3846108,37.7315202],[-122.3851627,37.7315849],[-122.38572,37.7316066]]]}},{"type":"Feature","id":"executiveparkblanken","properties":{"id":"executiveparkblanken","name":"Executive Park Blvd & Blanken Ave","modes":["bus"]},"geometry":{"type":"Polygon","coordinates":[[[-122.39476,37.7153766],[-122.3953172,37.7153549],[-122.3958689,37.7152902],[-122.3964101,37.715183],[-122.3969353,37.7150343],[-122.3974395,37.7148456],[-122.397918,37.7146187],[-122.398366,37.7143559],[-122.3987793,37.7140595],[-122.3991539,37.7137325],[-122.3994862,37.7133781],[-122.3997729,37.7129996],[-122.4000114,37.7126007],[-122.4001993,37.7121852],[-122.4003348,37.7117571],[-122.4004166,37.7113206],[-122.4004439,37.7108799],[-122.4004165,37.7104391],[-122.4003347,37.7100026],[-122.4001991,37.7095746],[-122.4000111,37.7091591],[-122.3997726,37.7087602],[-122.3994859,37.7083817],[-122.3991536,37.7080273],[-122.398779,37.7077004],[-122.3983657,37.707404],[-122.3979177,37.7071412],[-122.3974392,37.7069143],[-122.396935,37.7067257],[-122.3964099,37.706577],[-122.3958688,37.7064698],[-122.3953171,37.706405],[-122.39476,37.7063834],[-122.3942029,37.706405],[-122.3936512,37.7064698],[-122.3931101,37.706577],[-122.392585,37.7067257],[-122.3920808,37.7069143],[-122.3916023,37.7071412],[-122.3911543,37.707404],[-122.390741,37.7077004],[-122.3903664,37.7080273],[-122.3900341,37.7083817],[-122.3897474,37.7087602],[-122.3895089,37.7091591],[-122.3893209,37.7095746],[-122.3891853,37.7100026],[-122.3891035,37.7104391],[-122.3890761,37.7108799],[-122.3891034,37.7113206],[-122.3891852,37.7117571],[-122.3893207,37.7121852],[-122.3895086,37.7126007],[-122.3897471,37.7129996],[-122.3900338,37.7133781],[-122.3903661,37.7137325],[-122.3907407,37.7140595],[-122.391154,37.7143559],[-122.391602,37.7146187],[-122.3920805,37.7148456],[-122.3925847,37.7150343],[-122.3931099,37.715183],[-122.3936511,37.7152902],[-122.3942028,37.7153549],[-122.39476,37.7153766]]]}},{"type":"Feature","id":"gilman3rd","properties":{"id":"gilman3rd","name":"Gilman Ave & 3rd St","modes":["bus","metro"]},"geometry":{"type":"Polygon","coordinates":[[[-122.395415,37.7269546],[-122.3959722,37.7269329],[-122.3965241,37.7268682],[-122.3970653,37.726761],[-122.3975906,37.7266123],[-122.3980949,37.7264236],[-122.3985735,37.7261967],[-122.3990216,37.7259339],[-122.3994349,37.7256375],[-122.3998096,37.7253105],[-122.4001419,37.7249561],[-122.4004287,37.7245776],[-122.4006672,37.7241787],[-122.4008551,37.7237632],[-122.4009907,37.7233351],[-122.4010725,37.7228986],[-122.4010998,37.7224579],[-122.4010724,37.7220171],[-122.4009905,37.7215806],[-122.4008549,37.7211526],[-122.400667,37.7207371],[-122.4004284,37.7203382],[-122.4001416,37.7199597],[-122.3998093,37.7196053],[-122.3994346,37.7192784],[-122.3990212,37.718982],[-122.3985732,37.7187192],[-122.3980947,37.7184923],[-122.3975904,37.7183037],[-122.3970651,37.718155],[-122.396524,37.7180478],[-122.3959722,37.717983],[-122.395415,37.7179614],[-122.3948578,37.717983],[-122.394306,37.7180478],[-122.3937649,37.718155],[-122.3932396,37.7183037],[-122.3927353,37.7184923],[-122.3922568,37.7187192],[-122.3918088,37.718982],[-122.3913954,37.7192784],[-122.3910207,37.7196053],[-122.3906884,37.7199597],[-122.3904016,37.7203382],[-122.390163,37.7207371],[-122.3899751,37.7211526],[-122.3898395,37.7215806],[-122.3897576,37.7220171],[-122.3897302,37.7224579],[-122.3897575,37.7228986],[-122.3898393,37.7233351],[-122.3899749,37.7237632],[-122.3901628,37.7241787],[-122.3904013,37.7245776],[-122.3906881,37.7249561],[-122.3910204,37.7253105],[-122.3913951,37.7256375],[-122.3918084,37.7259339],[-122.3922565,37.7261967],[-122.3927351,37.7264236],[-122.3932394,37.7266123],[-122.3937647,37.726761],[-122.3943059,37.7268682],[-122.3948578,37.7269329],[-122.395415,37.7269546]]]}},{"type":"Feature","id":"thirdwilliams","properties":{"id":"thirdwilliams","name":"Third Street & Williams Ave","modes":["bus","metro"]},"geometry":{"type":"Polygon","coordinates":[[[-122.392604,37.7337876],[-122.3931613,37.7337659],[-122.3937132,37.7337012],[-122.3942545,37.733594],[-122.3947798,37.7334453],[-122.3952842,37.7332566],[-122.3957628,37.7330297],[-122.3962109,37.7327669],[-122.3966243,37.7324705],[-122.396999,37.7321435],[-122.3973314,37.7317891],[-122.3976182,37.7314106],[-122.3978567,37.7310117],[-122.3980446,37.7305962],[-122.3981802,37.7301681],[-122.398262,37.7297316],[-122.3982893,37.7292909],[-122.3982619,37.7288501],[-122.39818,37.7284136],[-122.3980444,37.7279856],[-122.3978565,37.7275701],[-122.3976179,37.7271712],[-122.397331,37.7267927],[-122.3969987,37.7264383],[-122.396624,37.7261114],[-122.3962106,37.725815],[-122.3957624,37.7255522],[-122.3952839,37.7253253],[-122.3947796,37.7251367],[-122.3942543,37.724988],[-122.3937131,37.7248808],[-122.3931612,37.724816],[-122.392604,37.7247944],[-122.3920468,37.724816],[-122.3914949,37.7248808],[-122.3909537,37.724988],[-122.3904284,37.7251367],[-122.3899241,37.7253253],[-122.3894456,37.7255522],[-122.3889974,37.725815],[-122.388584,37.7261114],[-122.3882093,37.7264383],[-122.387877,37.7267927],[-122.3875901,37.7271712],[-122.3873515,37.7275701],[-122.3871636,37.7279856],[-122.387028,37.7284136],[-122.3869461,37.7288501],[-122.3869187,37.7292909],[-122.386946,37.7297316],[-122.3870278,37.7301681],[-122.3871634,37.7305962],[-122.3873513,37.7310117],[-122.3875898,37.7314106],[-122.3878766,37.7317891],[-122.388209,37.7321435],[-122.3885837,37.7324705],[-122.3889971,37.7327669],[-122.3894452,37.7330297],[-122.3899238,37.7332566],[-122.3904282,37.7334453],[-122.3909535,37.733594],[-122.3914948,37.7337012],[-122.3920467,37.7337659],[-122.392604,37.7337876]]]}},{"type":"Feature","id":"3rdlasalle","properties":{"id":"3rdlasalle","name":"3rd St & La Salle Ave","modes":["bus","metro"]},"geometry":{"type":"Polygon","coordinates":[[[-122.389803,37.7417096],[-122.3903604,37.7416879],[-122.3909123,37.7416232],[-122.3914536,37.741516],[-122.391979,37.7413673],[-122.3924835,37.7411786],[-122.3929621,37.7409517],[-122.3934103,37.7406889],[-122.3938237,37.7403925],[-122.3941985,37.7400655],[-122.3945309,37.7397111],[-122.3948177,37.7393326],[-122.3950563,37.7389337],[-122.3952442,37.7385182],[-122.3953798,37.7380901],[-122.3954616,37.7376536],[-122.395489,37.7372129],[-122.3954615,37.7367721],[-122.3953796,37.7363356],[-122.395244,37.7359076],[-122.395056,37.7354921],[-122.3948174,37.7350932],[-122.3945305,37.7347147],[-122.3941981,37.7343603],[-122.3938234,37.7340334],[-122.39341,37.733737],[-122.3929618,37.7334742],[-122.3924832,37.7332473],[-122.3919788,37.7330587],[-122.3914534,37.73291],[-122.3909122,37.7328028],[-122.3903603,37.732738],[-122.389803,37.7327164],[-122.3892457,37.732738],[-122.3886938,37.7328028],[-122.3881526,37.73291],[-122.3876272,37.7330587],[-122.3871228,37.7332473],[-122.3866442,37.7334742],[-122.386196,37.733737],[-122.3857826,37.7340334],[-122.3854079,37.7343603],[-122.3850755,37.7347147],[-122.3847886,37.7350932],[-122.38455,37.7354921],[-122.384362,37.7359076],[-122.3842264,37.7363356],[-122.3841445,37.7367721],[-122.384117,37.7372129],[-122.3841444,37.7376536],[-122.3842262,37.7380901],[-122.3843618,37.7385182],[-122.3845497,37.7389337],[-122.3847883,37.7393326],[-122.3850751,37.7397111],[-122.3854075,37.7400655],[-122.3857823,37.7403925],[-122.3861957,37.7406889],[-122.3866439,37.7409517],[-122.3871225,37.7411786],[-122.387627,37.7413673],[-122.3881524,37.741516],[-122.3886937,37.7416232],[-122.3892456,37.7416879],[-122.389803,37.7417096]]]}},{"type":"Feature","id":"unionmontgomery","properties":{"id":"unionmontgomery","name":"Union St & Montgomery St","modes":["bus"]},"geometry":{"type":"Polygon","coordinates":[[[-122.404508,37.8054586],[-122.4050658,37.8054369],[-122.4056183,37.8053722],[-122.4061601,37.805265],[-122.4066859,37.8051163],[-122.4071908,37.8049276],[-122.4076698,37.8047007],[-122.4081184,37.8044379],[-122.4085322,37.8041415],[-122.4089073,37.8038145],[-122.4092399,37.8034601],[-122.409527,37.8030816],[-122.4097658,37.8026827],[-122.4099539,37.8022672],[-122.4100896,37.8018391],[-122.4101715,37.8014026],[-122.4101989,37.8009619],[-122.4101714,37.8005211],[-122.4100894,37.8000846],[-122.4099537,37.7996566],[-122.4097655,37.7992411],[-122.4095267,37.7988422],[-122.4092396,37.7984637],[-122.4089069,37.7981093],[-122.4085319,37.7977824],[-122.4081181,37.797486],[-122.4076695,37.7972232],[-122.4071905,37.7969963],[-122.4066857,37.7968077],[-122.4061599,37.796659],[-122.4056182,37.7965518],[-122.4050658,37.796487],[-122.404508,37.7964654],[-122.4039502,37.796487],[-122.4033978,37.7965518],[-122.4028561,37.796659],[-122.4023303,37.7968077],[-122.4018255,37.7969963],[-122.4013465,37.7972232],[-122.4008979,37.797486],[-122.4004841,37.7977824],[-122.4001091,37.7981093],[-122.3997764,37.7984637],[-122.3994893,37.7988422],[-122.3992505,37.7992411],[-122.3990623,37.7996566],[-122.3989266,37.8000846],[-122.3988446,37.8005211],[-122.3988171,37.8009619],[-122.3988445,37.8014026],[-122.3989264,37.8018391],[-122.3990621,37.8022672],[-122.3992502,37.8026827],[-122.399489,37.8030816],[-122.3997761,37.8034601],[-122.4001087,37.8038145],[-122.4004838,37.8041415],[-122.4008976,37.8044379],[-122.4013462,37.8047007],[-122.4018252,37.8049276],[-122.4023301,37.8051163],[-122.4028559,37.805265],[-122.4033977,37.8053722],[-122.4039502,37.8054369],[-122.404508,37.8054586]]]}},{"type":"Feature","id":"pacificsansome","properties":{"id":"pacificsansome","name":"Pacific Ave & Sansome St","modes":["bus"]},"geometry":{"type":"Polygon","coordinates":[[[-122.402367,37.8020406],[-122.4029248,37.8020189],[-122.4034772,37.8019542],[-122.404019,37.801847],[-122.4045448,37.8016983],[-122.4050497,37.8015096],[-122.4055287,37.8012827],[-122.4059772,37.8010199],[-122.406391,37.8007235],[-122.4067661,37.8003965],[-122.4070987,37.8000421],[-122.4073858,37.7996636],[-122.4076245,37.7992647],[-122.4078127,37.7988492],[-122.4079483,37.7984211],[-122.4080302,37.7979846],[-122.4080576,37.7975439],[-122.4080302,37.7971031],[-122.4079482,37.7966666],[-122.4078125,37.7962386],[-122.4076243,37.7958231],[-122.4073855,37.7954242],[-122.4070984,37.7950457],[-122.4067657,37.7946913],[-122.4063907,37.7943644],[-122.4059769,37.794068],[-122.4055284,37.7938052],[-122.4050494,37.7935783],[-122.4045446,37.7933897],[-122.4040188,37.793241],[-122.4034771,37.7931338],[-122.4029247,37.793069],[-122.402367,37.7930474],[-122.4018093,37.793069],[-122.4012569,37.7931338],[-122.4007152,37.793241],[-122.4001894,37.7933897],[-122.3996846,37.7935783],[-122.3992056,37.7938052],[-122.3987571,37.794068],[-122.3983433,37.7943644],[-122.3979683,37.7946913],[-122.3976356,37.7950457],[-122.3973485,37.7954242],[-122.3971097,37.7958231],[-122.3969215,37.7962386],[-122.3967858,37.7966666],[-122.3967038,37.7971031],[-122.3966764,37.7975439],[-122.3967038,37.7979846],[-122.3967857,37.7984211],[-122.3969213,37.7988492],[-122.3971095,37.7992647],[-122.3973482,37.7996636],[-122.3976353,37.8000421],[-122.3979679,37.8003965],[-122.398343,37.8007235],[-122.3987568,37.8010199],[-122.3992053,37.8012827],[-122.3996843,37.8015096],[-122.4001892,37.8016983],[-122.400715,37.801847],[-122.4012568,37.8019542],[-122.4018092,37.8020189],[-122.402367,37.8020406]]]}},{"type":"Feature","id":"sansomewashington","properties":{"id":"sansomewashington","name":"Sansome St & Washington St","modes":["bus"]},"geometry":{"type":"Polygon","coordinates":[[[-122.40165,37.8004666],[-122.4022078,37.8004449],[-122.4027602,37.8003802],[-122.403302,37.800273],[-122.4038278,37.8001243],[-122.4043326,37.7999356],[-122.4048116,37.7997087],[-122.4052602,37.7994459],[-122.4056739,37.7991495],[-122.406049,37.7988225],[-122.4063816,37.7984681],[-122.4066687,37.7980896],[-122.4069074,37.7976907],[-122.4070955,37.7972752],[-122.4072312,37.7968471],[-122.4073131,37.7964106],[-122.4073405,37.7959699],[-122.407313,37.7955291],[-122.4072311,37.7950926],[-122.4070953,37.7946646],[-122.4069072,37.7942491],[-122.4066684,37.7938502],[-122.4063813,37.7934717],[-122.4060486,37.7931173],[-122.4056736,37.7927904],[-122.4052598,37.792494],[-122.4048113,37.7922312],[-122.4043323,37.7920043],[-122.4038275,37.7918157],[-122.4033018,37.791667],[-122.4027601,37.7915598],[-122.4022077,37.791495],[-122.40165,37.7914734],[-122.4010923,37.791495],[-122.4005399,37.7915598],[-122.3999982,37.791667],[-122.3994725,37.7918157],[-122.3989677,37.7920043],[-122.3984887,37.7922312],[-122.3980402,37.792494],[-122.3976264,37.7927904],[-122.3972514,37.7931173],[-122.3969187,37.7934717],[-122.3966316,37.7938502],[-122.3963928,37.7942491],[-122.3962047,37.7946646],[-122.3960689,37.7950926],[-122.395987,37.7955291],[-122.3959595,37.7959699],[-122.3959869,37.7964106],[-122.3960688,37.7968471],[-122.3962045,37.7972752],[-122.3963926,37.7976907],[-122.3966313,37.7980896],[-122.3969184,37.7984681],[-122.397251,37.7988225],[-122.3976261,37.7991495],[-122.3980398,37.7994459],[-122.3984884,37.7997087],[-122.3989674,37.7999356],[-122.3994722,37.8001243],[-122.399998,37.800273],[-122.4005398,37.8003802],[-122.4010922,37.8004449],[-122.40165,37.8004666]]]}},{"type":"Feature","id":"marketbeale","properties":{"id":"marketbeale","name":"Market St & Beale St","modes":["bus","metro"]},"geometry":{"type":"Polygon","coordinates":[[[-122.397016,37.7970686],[-122.3975738,37.7970469],[-122.3981262,37.7969822],[-122.3986679,37.796875],[-122.3991937,37.7967263],[-122.3996985,37.7965376],[-122.4001775,37.7963107],[-122.400626,37.7960479],[-122.4010398,37.7957515],[-122.4014148,37.7954245],[-122.4017474,37.7950701],[-122.4020345,37.7946916],[-122.4022732,37.7942927],[-122.4024613,37.7938772],[-122.4025969,37.7934491],[-122.4026788,37.7930126],[-122.4027062,37.7925719],[-122.4026788,37.7921311],[-122.4025968,37.7916946],[-122.4024611,37.7912666],[-122.4022729,37.7908511],[-122.4020342,37.7904522],[-122.4017471,37.7900737],[-122.4014144,37.7897193],[-122.4010394,37.7893924],[-122.4006257,37.789096],[-122.4001772,37.7888332],[-122.3996982,37.7886063],[-122.3991934,37.7884177],[-122.3986677,37.788269],[-122.398126,37.7881618],[-122.3975737,37.788097],[-122.397016,37.7880754],[-122.3964583,37.788097],[-122.395906,37.7881618],[-122.3953643,37.788269],[-122.3948386,37.7884177],[-122.3943338,37.7886063],[-122.3938548,37.7888332],[-122.3934063,37.789096],[-122.3929926,37.7893924],[-122.3926176,37.7897193],[-122.3922849,37.7900737],[-122.3919978,37.7904522],[-122.3917591,37.7908511],[-122.3915709,37.7912666],[-122.3914352,37.7916946],[-122.3913532,37.7921311],[-122.3913258,37.7925719],[-122.3913532,37.7930126],[-122.3914351,37.7934491],[-122.3915707,37.7938772],[-122.3917588,37.7942927],[-122.3919975,37.7946916],[-122.3922846,37.7950701],[-122.3926172,37.7954245],[-122.3929922,37.7957515],[-122.393406,37.7960479],[-122.3938545,37.7963107],[-122.3943335,37.7965376],[-122.3948383,37.7967263],[-122.3953641,37.796875],[-122.3959058,37.7969822],[-122.3964582,37.7970469],[-122.397016,37.7970686]]]}},{"type":"Feature","id":"metromontgomeryoutbound","properties":{"id":"metromontgomeryoutbound","name":"Metro Montgomery Station/Outbound","modes":["bus","metro"]},"geometry":{"type":"Polygon","coordinates":[[[-122.402127,37.7932876],[-122.4026847,37.7932659],[-122.4032371,37.7932012],[-122.4037788,37.793094],[-122.4043046,37.7929453],[-122.4048094,37.7927566],[-122.4052883,37.7925297],[-122.4057368,37.7922669],[-122.4061506,37.7919705],[-122.4065255,37.7916435],[-122.4068582,37.7912891],[-122.4071452,37.7909106],[-122.4073839,37.7905117],[-122.407572,37.7900962],[-122.4077077,37.7896681],[-122.4077896,37.7892316],[-122.4078169,37.7887909],[-122.4077895,37.7883501],[-122.4077075,37.7879136],[-122.4075718,37.7874856],[-122.4073837,37.7870701],[-122.4071449,37.7866712],[-122.4068578,37.7862927],[-122.4065252,37.7859383],[-122.4061502,37.7856114],[-122.4057365,37.785315],[-122.405288,37.7850522],[-122.4048091,37.7848253],[-122.4043043,37.7846367],[-122.4037786,37.784488],[-122.403237,37.7843808],[-122.4026847,37.784316],[-122.402127,37.7842944],[-122.4015693,37.784316],[-122.401017,37.7843808],[-122.4004754,37.784488],[-122.3999497,37.7846367],[-122.3994449,37.7848253],[-122.398966,37.7850522],[-122.3985175,37.785315],[-122.3981038,37.7856114],[-122.3977288,37.7859383],[-122.3973962,37.7862927],[-122.3971091,37.7866712],[-122.3968703,37.7870701],[-122.3966822,37.7874856],[-122.3965465,37.7879136],[-122.3964645,37.7883501],[-122.3964371,37.7887909],[-122.3964644,37.7892316],[-122.3965463,37.7896681],[-122.396682,37.7900962],[-122.3968701,37.7905117],[-122.3971088,37.7909106],[-122.3973958,37.7912891],[-122.3977285,37.7916435],[-122.3981034,37.7919705],[-122.3985172,37.7922669],[-122.3989657,37.7925297],[-122.3994446,37.7927566],[-122.3999494,37.7929453],[-122.4004752,37.793094],[-122.4010169,37.7932012],[-122.4015693,37.7932659],[-122.402127,37.7932876]]]}},{"type":"Feature","id":"metropowelldowntown","properties":{"id":"metropowelldowntown","name":"Metro Powell Station/Downtown","modes":["bus","cablecar","metro"]},"geometry":{"type":"Polygon","coordinates":[[[-122.407086,37.7891496],[-122.4076437,37.7891279],[-122.4081961,37.7890632],[-122.4087377,37.788956],[-122.4092634,37.7888073],[-122.4097682,37.7886186],[-122.4102471,37.7883917],[-122.4106956,37.7881289],[-122.4111093,37.7878325],[-122.4114843,37.7875055],[-122.4118169,37.7871511],[-122.4121039,37.7867726],[-122.4123426,37.7863737],[-122.4125307,37.7859582],[-122.4126663,37.7855301],[-122.4127482,37.7850936],[-122.4127756,37.7846529],[-122.4127482,37.7842121],[-122.4126662,37.7837756],[-122.4125305,37.7833476],[-122.4123424,37.7829321],[-122.4121036,37.7825332],[-122.4118166,37.7821547],[-122.411484,37.7818003],[-122.411109,37.7814734],[-122.4106953,37.781177],[-122.4102468,37.7809142],[-122.4097679,37.7806873],[-122.4092632,37.7804987],[-122.4087375,37.78035],[-122.4081959,37.7802428],[-122.4076436,37.780178],[-122.407086,37.7801564],[-122.4065284,37.780178],[-122.4059761,37.7802428],[-122.4054345,37.78035],[-122.4049088,37.7804987],[-122.4044041,37.7806873],[-122.4039252,37.7809142],[-122.4034767,37.781177],[-122.403063,37.7814734],[-122.402688,37.7818003],[-122.4023554,37.7821547],[-122.4020684,37.7825332],[-122.4018296,37.7829321],[-122.4016415,37.7833476],[-122.4015058,37.7837756],[-122.4014238,37.7842121],[-122.4013964,37.7846529],[-122.4014238,37.7850936],[-122.4015057,37.7855301],[-122.4016413,37.7859582],[-122.4018294,37.7863737],[-122.4020681,37.7867726],[-122.4023551,37.7871511],[-122.4026877,37.7875055],[-122.4030627,37.7878325],[-122.4034764,37.7881289],[-122.4039249,37.7883917],[-122.4044038,37.7886186],[-122.4049086,37.7888073],[-122.4054343,37.788956],[-122.4059759,37.7890632],[-122.4065283,37.7891279],[-122.407086,37.7891496]]]}},{"type":"Feature","id":"market7th","properties":{"id":"market7th","name":"Market St & 7th St","modes":["bus","metro"]},"geometry":{"type":"Polygon","coordinates":[[[-122.412441,37.7850646],[-122.4129987,37.7850429],[-122.413551,37.7849782],[-122.4140926,37.784871],[-122.4146183,37.7847223],[-122.4151231,37.7845336],[-122.415602,37.7843067],[-122.4160504,37.7840439],[-122.4164641,37.7837475],[-122.416839,37.7834205],[-122.4171716,37.7830661],[-122.4174586,37.7826876],[-122.4176973,37.7822887],[-122.4178854,37.7818732],[-122.418021,37.7814451],[-122.4181029,37.7810086],[-122.4181303,37.7805679],[-122.4181029,37.7801271],[-122.4180209,37.7796906],[-122.4178852,37.7792626],[-122.4176971,37.7788471],[-122.4174584,37.7784482],[-122.4171713,37.7780697],[-122.4168387,37.7777153],[-122.4164638,37.7773884],[-122.4160501,37.777092],[-122.4156016,37.7768292],[-122.4151228,37.7766023],[-122.4146181,37.7764137],[-122.4140924,37.776265],[-122.4135509,37.7761578],[-122.4129986,37.776093],[-122.412441,37.7760714],[-122.4118834,37.776093],[-122.4113311,37.7761578],[-122.4107896,37.776265],[-122.4102639,37.7764137],[-122.4097592,37.7766023],[-122.4092804,37.7768292],[-122.4088319,37.777092],[-122.4084182,37.7773884],[-122.4080433,37.7777153],[-122.4077107,37.7780697],[-122.4074236,37.7784482],[-122.4071849,37.7788471],[-122.4069968,37.7792626],[-122.4068611,37.7796906],[-122.4067791,37.7801271],[-122.4067517,37.7805679],[-122.4067791,37.7810086],[-122.406861,37.7814451],[-122.4069966,37.7818732],[-122.4071847,37.7822887],[-122.4074234,37.7826876],[-122.4077104,37.7830661],[-122.408043,37.7834205],[-122.4084179,37.7837475],[-122.4088316,37.7840439],[-122.40928,37.7843067],[-122.4097589,37.7845336],[-122.4102637,37.7847223],[-122.4107894,37.784871],[-122.411331,37.7849782],[-122.4118833,37.7850429],[-122.412441,37.7850646]]]}},{"type":"Feature","id":"marketsouthvanness","properties":{"id":"marketsouthvanness","name":"Market St & South Van Ness Ave","modes":["bus","metro"]},"geometry":{"type":"Polygon","coordinates":[[[-122.419321,37.7795526],[-122.4198786,37.7795309],[-122.4204309,37.7794662],[-122.4209725,37.779359],[-122.4214982,37.7792103],[-122.4220029,37.7790216],[-122.4224817,37.7787947],[-122.4229301,37.7785319],[-122.4233438,37.7782355],[-122.4237187,37.7779085],[-122.4240513,37.7775541],[-122.4243383,37.7771756],[-122.4245769,37.7767767],[-122.424765,37.7763612],[-122.4249006,37.7759331],[-122.4249825,37.7754966],[-122.4250099,37.7750559],[-122.4249824,37.7746151],[-122.4249005,37.7741786],[-122.4247648,37.7737506],[-122.4245767,37.7733351],[-122.424338,37.7729362],[-122.424051,37.7725577],[-122.4237184,37.7722033],[-122.4233435,37.7718764],[-122.4229298,37.77158],[-122.4224814,37.7713172],[-122.4220026,37.7710903],[-122.4214979,37.7709017],[-122.4209723,37.770753],[-122.4204308,37.7706458],[-122.4198786,37.770581],[-122.419321,37.7705594],[-122.4187634,37.770581],[-122.4182112,37.7706458],[-122.4176697,37.770753],[-122.4171441,37.7709017],[-122.4166394,37.7710903],[-122.4161606,37.7713172],[-122.4157122,37.77158],[-122.4152985,37.7718764],[-122.4149236,37.7722033],[-122.414591,37.7725577],[-122.414304,37.7729362],[-122.4140653,37.7733351],[-122.4138772,37.7737506],[-122.4137415,37.7741786],[-122.4136596,37.7746151],[-122.4136321,37.7750559],[-122.4136595,37.7754966],[-122.4137414,37.7759331],[-122.413877,37.7763612],[-122.4140651,37.7767767],[-122.4143037,37.7771756],[-122.4145907,37.7775541],[-122.4149233,37.7779085],[-122.4152982,37.7782355],[-122.4157119,37.7785319],[-122.4161603,37.7787947],[-122.4166391,37.7790216],[-122.4171438,37.7792103],[-122.4176695,37.779359],[-122.4182111,37.7794662],[-122.4187634,37.7795309],[-122.419321,37.7795526]]]}},{"type":"Feature","id":"vannessmcallister","properties":{"id":"vannessmcallister","name":"Van Ness Ave & McAllister St","modes":["bus"]},"geometry":{"type":"Polygon","coordinates":[[[-122.420304,37.7845936],[-122.4208617,37.7845719],[-122.421414,37.7845072],[-122.4219556,37.7844],[-122.4224813,37.7842513],[-122.422986,37.7840626],[-122.4234649,37.7838357],[-122.4239134,37.7835729],[-122.4243271,37.7832765],[-122.424702,37.7829495],[-122.4250346,37.7825951],[-122.4253216,37.7822166],[-122.4255603,37.7818177],[-122.4257484,37.7814022],[-122.425884,37.7809741],[-122.4259659,37.7805376],[-122.4259933,37.7800969],[-122.4259658,37.7796561],[-122.4258839,37.7792196],[-122.4257482,37.7787916],[-122.4255601,37.7783761],[-122.4253213,37.7779772],[-122.4250343,37.7775987],[-122.4247017,37.7772443],[-122.4243267,37.7769174],[-122.4239131,37.776621],[-122.4234646,37.7763582],[-122.4229858,37.7761313],[-122.4224811,37.7759427],[-122.4219554,37.775794],[-122.4214139,37.7756868],[-122.4208616,37.775622],[-122.420304,37.7756004],[-122.4197464,37.775622],[-122.4191941,37.7756868],[-122.4186526,37.775794],[-122.4181269,37.7759427],[-122.4176222,37.7761313],[-122.4171434,37.7763582],[-122.4166949,37.776621],[-122.4162813,37.7769174],[-122.4159063,37.7772443],[-122.4155737,37.7775987],[-122.4152867,37.7779772],[-122.4150479,37.7783761],[-122.4148598,37.7787916],[-122.4147241,37.7792196],[-122.4146422,37.7796561],[-122.4146147,37.7800969],[-122.4146421,37.7805376],[-122.414724,37.7809741],[-122.4148596,37.7814022],[-122.4150477,37.7818177],[-122.4152864,37.7822166],[-122.4155734,37.7825951],[-122.415906,37.7829495],[-122.4162809,37.7832765],[-122.4166946,37.7835729],[-122.4171431,37.7838357],[-122.417622,37.7840626],[-122.4181267,37.7842513],[-122.4186524,37.7844],[-122.419194,37.7845072],[-122.4197463,37.7845719],[-122.420304,37.7845936]]]}},{"type":"Feature","id":"eddyvanness","properties":{"id":"eddyvanness","name":"Eddy St & Van Ness Ave","modes":["bus"]},"geometry":{"type":"Polygon","coordinates":[[[-122.42059,37.7873596],[-122.4211477,37.7873379],[-122.4217,37.7872732],[-122.4222417,37.787166],[-122.4227674,37.7870173],[-122.4232721,37.7868286],[-122.4237511,37.7866017],[-122.4241995,37.7863389],[-122.4246132,37.7860425],[-122.4249882,37.7857155],[-122.4253208,37.7853611],[-122.4256078,37.7849826],[-122.4258465,37.7845837],[-122.4260346,37.7841682],[-122.4261702,37.7837401],[-122.4262521,37.7833036],[-122.4262795,37.7828629],[-122.426252,37.7824221],[-122.4261701,37.7819856],[-122.4260344,37.7815576],[-122.4258463,37.7811421],[-122.4256075,37.7807432],[-122.4253205,37.7803647],[-122.4249878,37.7800103],[-122.4246129,37.7796834],[-122.4241992,37.779387],[-122.4237507,37.7791242],[-122.4232719,37.7788973],[-122.4227671,37.7787087],[-122.4222415,37.77856],[-122.4216999,37.7784528],[-122.4211476,37.778388],[-122.42059,37.7783664],[-122.4200324,37.778388],[-122.4194801,37.7784528],[-122.4189385,37.77856],[-122.4184129,37.7787087],[-122.4179081,37.7788973],[-122.4174293,37.7791242],[-122.4169808,37.779387],[-122.4165671,37.7796834],[-122.4161922,37.7800103],[-122.4158595,37.7803647],[-122.4155725,37.7807432],[-122.4153337,37.7811421],[-122.4151456,37.7815576],[-122.4150099,37.7819856],[-122.414928,37.7824221],[-122.4149005,37.7828629],[-122.4149279,37.7833036],[-122.4150098,37.7837401],[-122.4151454,37.7841682],[-122.4153335,37.7845837],[-122.4155722,37.7849826],[-122.4158592,37.7853611],[-122.4161918,37.7857155],[-122.4165668,37.7860425],[-122.4169805,37.7863389],[-122.4174289,37.7866017],[-122.4179079,37.7868286],[-122.4184126,37.7870173],[-122.4189383,37.787166],[-122.41948,37.7872732],[-122.4200323,37.7873379],[-122.42059,37.7873596]]]}},{"type":"Feature","id":"vannesssutter","properties":{"id":"vannesssutter","name":"Van Ness Ave & Sutter St","modes":["bus"]},"geometry":{"type":"Polygon","coordinates":[[[-122.42178,37.7920706],[-122.4223377,37.7920489],[-122.4228901,37.7919842],[-122.4234318,37.791877],[-122.4239575,37.7917283],[-122.4244623,37.7915396],[-122.4249413,37.7913127],[-122.4253898,37.7910499],[-122.4258035,37.7907535],[-122.4261785,37.7904265],[-122.4265111,37.7900721],[-122.4267981,37.7896936],[-122.4270368,37.7892947],[-122.4272249,37.7888792],[-122.4273606,37.7884511],[-122.4274425,37.7880146],[-122.4274698,37.7875739],[-122.4274424,37.7871331],[-122.4273604,37.7866966],[-122.4272247,37.7862686],[-122.4270366,37.7858531],[-122.4267978,37.7854542],[-122.4265108,37.7850757],[-122.4261781,37.7847213],[-122.4258031,37.7843944],[-122.4253894,37.784098],[-122.4249409,37.7838352],[-122.424462,37.7836083],[-122.4239573,37.7834197],[-122.4234316,37.783271],[-122.42289,37.7831638],[-122.4223377,37.783099],[-122.42178,37.7830774],[-122.4212223,37.783099],[-122.42067,37.7831638],[-122.4201284,37.783271],[-122.4196027,37.7834197],[-122.419098,37.7836083],[-122.4186191,37.7838352],[-122.4181706,37.784098],[-122.4177569,37.7843944],[-122.4173819,37.7847213],[-122.4170492,37.7850757],[-122.4167622,37.7854542],[-122.4165234,37.7858531],[-122.4163353,37.7862686],[-122.4161996,37.7866966],[-122.4161176,37.7871331],[-122.4160902,37.7875739],[-122.4161175,37.7880146],[-122.4161994,37.7884511],[-122.4163351,37.7888792],[-122.4165232,37.7892947],[-122.4167619,37.7896936],[-122.4170489,37.7900721],[-122.4173815,37.7904265],[-122.4177565,37.7907535],[-122.4181702,37.7910499],[-122.4186187,37.7913127],[-122.4190977,37.7915396],[-122.4196025,37.7917283],[-122.4201282,37.791877],[-122.4206699,37.7919842],[-122.4212223,37.7920489],[-122.42178,37.7920706]]]}},{"type":"Feature","id":"sacramentovanness","properties":{"id":"sacramentovanness","name":"Sacramento St & Van Ness Ave","modes":["bus"]},"geometry":{"type":"Polygon","coordinates":[[[-122.42227,37.7959066],[-122.4228278,37.7958849],[-122.4233802,37.7958202],[-122.4239219,37.795713],[-122.4244476,37.7955643],[-122.4249524,37.7953756],[-122.4254314,37.7951487],[-122.4258799,37.7948859],[-122.4262937,37.7945895],[-122.4266687,37.7942625],[-122.4270013,37.7939081],[-122.4272884,37.7935296],[-122.4275271,37.7931307],[-122.4277152,37.7927152],[-122.4278509,37.7922871],[-122.4279328,37.7918506],[-122.4279601,37.7914099],[-122.4279327,37.7909691],[-122.4278507,37.7905326],[-122.427715,37.7901046],[-122.4275269,37.7896891],[-122.4272881,37.7892902],[-122.427001,37.7889117],[-122.4266684,37.7885573],[-122.4262934,37.7882304],[-122.4258796,37.787934],[-122.4254311,37.7876712],[-122.4249522,37.7874443],[-122.4244474,37.7872557],[-122.4239217,37.787107],[-122.42338,37.7869998],[-122.4228277,37.786935],[-122.42227,37.7869134],[-122.4217123,37.786935],[-122.42116,37.7869998],[-122.4206183,37.787107],[-122.4200926,37.7872557],[-122.4195878,37.7874443],[-122.4191089,37.7876712],[-122.4186604,37.787934],[-122.4182466,37.7882304],[-122.4178716,37.7885573],[-122.417539,37.7889117],[-122.4172519,37.7892902],[-122.4170131,37.7896891],[-122.416825,37.7901046],[-122.4166893,37.7905326],[-122.4166073,37.7909691],[-122.4165799,37.7914099],[-122.4166072,37.7918506],[-122.4166891,37.7922871],[-122.4168248,37.7927152],[-122.4170129,37.7931307],[-122.4172516,37.7935296],[-122.4175387,37.7939081],[-122.4178713,37.7942625],[-122.4182463,37.7945895],[-122.4186601,37.7948859],[-122.4191086,37.7951487],[-122.4195876,37.7953756],[-122.4200924,37.7955643],[-122.4206181,37.795713],[-122.4211598,37.7958202],[-122.4217122,37.7958849],[-122.42227,37.7959066]]]}},{"type":"Feature","id":"vannesspacific","properties":{"id":"vannesspacific","name":"Van Ness Ave & Pacific St","modes":["bus"]},"geometry":{"type":"Polygon","coordinates":[[[-122.423199,37.7992806],[-122.4237568,37.7992589],[-122.4243092,37.7991942],[-122.4248509,37.799087],[-122.4253767,37.7989383],[-122.4258816,37.7987496],[-122.4263606,37.7985227],[-122.4268091,37.7982599],[-122.4272229,37.7979635],[-122.4275979,37.7976365],[-122.4279305,37.7972821],[-122.4282176,37.7969036],[-122.4284564,37.7965047],[-122.4286445,37.7960892],[-122.4287801,37.7956611],[-122.428862,37.7952246],[-122.4288894,37.7947839],[-122.4288619,37.7943431],[-122.42878,37.7939066],[-122.4286443,37.7934786],[-122.4284561,37.7930631],[-122.4282173,37.7926642],[-122.4279302,37.7922857],[-122.4275976,37.7919313],[-122.4272225,37.7916044],[-122.4268088,37.791308],[-122.4263602,37.7910452],[-122.4258813,37.7908183],[-122.4253765,37.7906297],[-122.4248507,37.790481],[-122.4243091,37.7903738],[-122.4237567,37.790309],[-122.423199,37.7902874],[-122.4226413,37.790309],[-122.4220889,37.7903738],[-122.4215473,37.790481],[-122.4210215,37.7906297],[-122.4205167,37.7908183],[-122.4200378,37.7910452],[-122.4195892,37.791308],[-122.4191755,37.7916044],[-122.4188004,37.7919313],[-122.4184678,37.7922857],[-122.4181807,37.7926642],[-122.4179419,37.7930631],[-122.4177537,37.7934786],[-122.417618,37.7939066],[-122.4175361,37.7943431],[-122.4175086,37.7947839],[-122.417536,37.7952246],[-122.4176179,37.7956611],[-122.4177535,37.7960892],[-122.4179416,37.7965047],[-122.4181804,37.7969036],[-122.4184675,37.7972821],[-122.4188001,37.7976365],[-122.4191751,37.7979635],[-122.4195889,37.7982599],[-122.4200374,37.7985227],[-122.4205164,37.7987496],[-122.4210213,37.7989383],[-122.4215471,37.799087],[-122.4220888,37.7991942],[-122.4226412,37.7992589],[-122.423199,37.7992806]]]}},{"type":"Feature","id":"unionvanness","properties":{"id":"unionvanness","name":"Union St & Van Ness Ave","modes":["bus"]},"geometry":{"type":"Polygon","coordinates":[[[-122.42415,37.8029656],[-122.4247078,37.8029439],[-122.4252603,37.8028792],[-122.425802,37.802772],[-122.4263278,37.8026233],[-122.4268327,37.8024346],[-122.4273117,37.8022077],[-122.4277603,37.8019449],[-122.4281741,37.8016485],[-122.4285491,37.8013215],[-122.4288818,37.8009671],[-122.4291689,37.8005886],[-122.4294076,37.8001897],[-122.4295957,37.7997742],[-122.4297314,37.7993461],[-122.4298133,37.7989096],[-122.4298407,37.7984689],[-122.4298132,37.7980281],[-122.4297313,37.7975916],[-122.4295955,37.7971636],[-122.4294074,37.7967481],[-122.4291686,37.7963492],[-122.4288815,37.7959707],[-122.4285488,37.7956163],[-122.4281737,37.7952894],[-122.42776,37.794993],[-122.4273114,37.7947302],[-122.4268324,37.7945033],[-122.4263276,37.7943147],[-122.4258018,37.794166],[-122.4252601,37.7940588],[-122.4247077,37.793994],[-122.42415,37.7939724],[-122.4235923,37.793994],[-122.4230399,37.7940588],[-122.4224982,37.794166],[-122.4219724,37.7943147],[-122.4214676,37.7945033],[-122.4209886,37.7947302],[-122.42054,37.794993],[-122.4201263,37.7952894],[-122.4197512,37.7956163],[-122.4194185,37.7959707],[-122.4191314,37.7963492],[-122.4188926,37.7967481],[-122.4187045,37.7971636],[-122.4185687,37.7975916],[-122.4184868,37.7980281],[-122.4184593,37.7984689],[-122.4184867,37.7989096],[-122.4185686,37.7993461],[-122.4187043,37.7997742],[-122.4188924,37.8001897],[-122.4191311,37.8005886],[-122.4194182,37.8009671],[-122.4197509,37.8013215],[-122.4201259,37.8016485],[-122.4205397,37.8019449],[-122.4209883,37.8022077],[-122.4214673,37.8024346],[-122.4219722,37.8026233],[-122.422498,37.802772],[-122.4230397,37.8028792],[-122.4235922,37.8029439],[-122.42415,37.8029656]]]}},{"type":"Feature","id":"chestnutvanness","properties":{"id":"chestnutvanness","name":"Chestnut St & Van Ness Ave","modes":["bus"]},"geometry":{"type":"Polygon","coordinates":[[[-122.424894,37.8066956],[-122.4254518,37.8066739],[-122.4260043,37.8066092],[-122.4265461,37.806502],[-122.427072,37.8063533],[-122.4275768,37.8061646],[-122.4280559,37.8059377],[-122.4285045,37.8056749],[-122.4289183,37.8053785],[-122.4292933,37.8050515],[-122.429626,37.8046971],[-122.4299131,37.8043186],[-122.4301519,37.8039197],[-122.43034,37.8035042],[-122.4304757,37.8030761],[-122.4305576,37.8026396],[-122.430585,37.8021989],[-122.4305575,37.8017581],[-122.4304755,37.8013216],[-122.4303398,37.8008936],[-122.4301516,37.8004781],[-122.4299128,37.8000792],[-122.4296257,37.7997007],[-122.429293,37.7993463],[-122.4289179,37.7990194],[-122.4285041,37.798723],[-122.4280556,37.7984602],[-122.4275766,37.7982333],[-122.4270717,37.7980447],[-122.4265459,37.797896],[-122.4260042,37.7977888],[-122.4254518,37.797724],[-122.424894,37.7977024],[-122.4243362,37.797724],[-122.4237838,37.7977888],[-122.4232421,37.797896],[-122.4227163,37.7980447],[-122.4222114,37.7982333],[-122.4217324,37.7984602],[-122.4212839,37.798723],[-122.4208701,37.7990194],[-122.420495,37.7993463],[-122.4201623,37.7997007],[-122.4198752,37.8000792],[-122.4196364,37.8004781],[-122.4194482,37.8008936],[-122.4193125,37.8013216],[-122.4192305,37.8017581],[-122.419203,37.8021989],[-122.4192304,37.8026396],[-122.4193123,37.8030761],[-122.419448,37.8035042],[-122.4196361,37.8039197],[-122.4198749,37.8043186],[-122.420162,37.8046971],[-122.4204947,37.8050515],[-122.4208697,37.8053785],[-122.4212835,37.8056749],[-122.4217321,37.8059377],[-122.4222112,37.8061646],[-122.422716,37.8063533],[-122.4232419,37.806502],[-122.4237837,37.8066092],[-122.4243362,37.8066739],[-122.424894,37.8066956]]]}},{"type":"Feature","id":"vannessnorthpoint","properties":{"id":"vannessnorthpoint","name":"Van Ness Ave & North Point St","modes":["bus"]},"geometry":{"type":"Polygon","coordinates":[[[-122.425352,37.8093366],[-122.4259099,37.8093149],[-122.4264624,37.8092502],[-122.4270042,37.809143],[-122.42753,37.8089943],[-122.4280349,37.8088056],[-122.428514,37.8085787],[-122.4289626,37.8083159],[-122.4293764,37.8080195],[-122.4297515,37.8076925],[-122.4300842,37.8073381],[-122.4303713,37.8069596],[-122.4306101,37.8065607],[-122.4307982,37.8061452],[-122.4309339,37.8057171],[-122.4310158,37.8052806],[-122.4310432,37.8048399],[-122.4310157,37.8043991],[-122.4309337,37.8039626],[-122.430798,37.8035346],[-122.4306098,37.8031191],[-122.430371,37.8027202],[-122.4300839,37.8023417],[-122.4297512,37.8019873],[-122.4293761,37.8016604],[-122.4289623,37.801364],[-122.4285137,37.8011012],[-122.4280346,37.8008743],[-122.4275298,37.8006857],[-122.427004,37.800537],[-122.4264622,37.8004298],[-122.4259098,37.800365],[-122.425352,37.8003434],[-122.4247942,37.800365],[-122.4242418,37.8004298],[-122.4237,37.800537],[-122.4231742,37.8006857],[-122.4226694,37.8008743],[-122.4221903,37.8011012],[-122.4217417,37.801364],[-122.4213279,37.8016604],[-122.4209528,37.8019873],[-122.4206201,37.8023417],[-122.420333,37.8027202],[-122.4200942,37.8031191],[-122.419906,37.8035346],[-122.4197703,37.8039626],[-122.4196883,37.8043991],[-122.4196608,37.8048399],[-122.4196882,37.8052806],[-122.4197701,37.8057171],[-122.4199058,37.8061452],[-122.4200939,37.8065607],[-122.4203327,37.8069596],[-122.4206198,37.8073381],[-122.4209525,37.8076925],[-122.4213276,37.8080195],[-122.4217414,37.8083159],[-122.42219,37.8085787],[-122.4226691,37.8088056],[-122.423174,37.8089943],[-122.4236998,37.809143],[-122.4242416,37.8092502],[-122.4247941,37.8093149],[-122.425352,37.8093366]]]}},{"type":"Feature","id":"hydebeach","properties":{"id":"hydebeach","name":"Hyde St & Beach St","modes":["cablecar"]},"geometry":{"type":"Polygon","coordinates":[[[-122.420535,37.8111386],[-122.4210929,37.8111169],[-122.4216454,37.8110522],[-122.4221872,37.810945],[-122.4227131,37.8107963],[-122.423218,37.8106076],[-122.4236971,37.8103807],[-122.4241457,37.8101179],[-122.4245595,37.8098215],[-122.4249346,37.8094945],[-122.4252673,37.8091401],[-122.4255544,37.8087616],[-122.4257932,37.8083627],[-122.4259813,37.8079472],[-122.426117,37.8075191],[-122.4261989,37.8070826],[-122.4262263,37.8066419],[-122.4261989,37.8062011],[-122.4261169,37.8057646],[-122.4259811,37.8053366],[-122.4257929,37.8049211],[-122.4255541,37.8045222],[-122.425267,37.8041437],[-122.4249343,37.8037893],[-122.4245592,37.8034624],[-122.4241454,37.803166],[-122.4236968,37.8029032],[-122.4232177,37.8026763],[-122.4227128,37.8024877],[-122.422187,37.802339],[-122.4216453,37.8022318],[-122.4210928,37.802167],[-122.420535,37.8021454],[-122.4199772,37.802167],[-122.4194247,37.8022318],[-122.418883,37.802339],[-122.4183572,37.8024877],[-122.4178523,37.8026763],[-122.4173732,37.8029032],[-122.4169246,37.803166],[-122.4165108,37.8034624],[-122.4161357,37.8037893],[-122.415803,37.8041437],[-122.4155159,37.8045222],[-122.4152771,37.8049211],[-122.4150889,37.8053366],[-122.4149531,37.8057646],[-122.4148711,37.8062011],[-122.4148437,37.8066419],[-122.4148711,37.8070826],[-122.414953,37.8075191],[-122.4150887,37.8079472],[-122.4152768,37.8083627],[-122.4155156,37.8087616],[-122.4158027,37.8091401],[-122.4161354,37.8094945],[-122.4165105,37.8098215],[-122.4169243,37.8101179],[-122.4173729,37.8103807],[-122.417852,37.8106076],[-122.4183569,37.8107963],[-122.4188828,37.810945],[-122.4194246,37.8110522],[-122.4199771,37.8111169],[-122.420535,37.8111386]]]}},{"type":"Feature","id":"jeffersontaylor","properties":{"id":"jeffersontaylor","name":"Jefferson St & Taylor St","modes":["bus","metro"]},"geometry":{"type":"Polygon","coordinates":[[[-122.415514,37.8128166],[-122.4160719,37.8127949],[-122.4166244,37.8127302],[-122.4171662,37.812623],[-122.4176921,37.8124743],[-122.4181971,37.8122856],[-122.4186761,37.8120587],[-122.4191248,37.8117959],[-122.4195386,37.8114995],[-122.4199137,37.8111725],[-122.4202464,37.8108181],[-122.4205335,37.8104396],[-122.4207723,37.8100407],[-122.4209605,37.8096252],[-122.4210961,37.8091971],[-122.4211781,37.8087606],[-122.4212054,37.8083199],[-122.421178,37.8078791],[-122.421096,37.8074426],[-122.4209603,37.8070146],[-122.4207721,37.8065991],[-122.4205332,37.8062002],[-122.4202461,37.8058217],[-122.4199134,37.8054673],[-122.4195383,37.8051404],[-122.4191244,37.804844],[-122.4186758,37.8045812],[-122.4181968,37.8043543],[-122.4176919,37.8041657],[-122.417166,37.804017],[-122.4166243,37.8039098],[-122.4160718,37.803845],[-122.415514,37.8038234],[-122.4149562,37.803845],[-122.4144037,37.8039098],[-122.413862,37.804017],[-122.4133361,37.8041657],[-122.4128312,37.8043543],[-122.4123522,37.8045812],[-122.4119036,37.804844],[-122.4114897,37.8051404],[-122.4111146,37.8054673],[-122.4107819,37.8058217],[-122.4104948,37.8062002],[-122.4102559,37.8065991],[-122.4100677,37.8070146],[-122.409932,37.8074426],[-122.40985,37.8078791],[-122.4098226,37.8083199],[-122.4098499,37.8087606],[-122.4099319,37.8091971],[-122.4100675,37.8096252],[-122.4102557,37.8100407],[-122.4104945,37.8104396],[-122.4107816,37.8108181],[-122.4111143,37.8111725],[-122.4114894,37.8114995],[-122.4119032,37.8117959],[-122.4123519,37.8120587],[-122.4128309,37.8122856],[-122.4133359,37.8124743],[-122.4138618,37.812623],[-122.4144036,37.8127302],[-122.4149561,37.8127949],[-122.415514,37.8128166]]]}},{"type":"Feature","id":"columbusunion","properties":{"id":"columbusunion","name":"Columbus Ave & Union St","modes":["bus"]},"geometry":{"type":"Polygon","coordinates":[[[-122.410505,37.8048806],[-122.4110628,37.8048589],[-122.4116153,37.8047942],[-122.4121571,37.804687],[-122.4126829,37.8045383],[-122.4131878,37.8043496],[-122.4136668,37.8041227],[-122.4141154,37.8038599],[-122.4145292,37.8035635],[-122.4149042,37.8032365],[-122.4152369,37.8028821],[-122.415524,37.8025036],[-122.4157627,37.8021047],[-122.4159509,37.8016892],[-122.4160865,37.8012611],[-122.4161684,37.8008246],[-122.4161958,37.8003839],[-122.4161684,37.7999431],[-122.4160864,37.7995066],[-122.4159507,37.7990786],[-122.4157625,37.7986631],[-122.4155237,37.7982642],[-122.4152366,37.7978857],[-122.4149039,37.7975313],[-122.4145288,37.7972044],[-122.414115,37.796908],[-122.4136665,37.7966452],[-122.4131875,37.7964183],[-122.4126827,37.7962297],[-122.4121569,37.796081],[-122.4116152,37.7959738],[-122.4110628,37.795909],[-122.410505,37.7958874],[-122.4099472,37.795909],[-122.4093948,37.7959738],[-122.4088531,37.796081],[-122.4083273,37.7962297],[-122.4078225,37.7964183],[-122.4073435,37.7966452],[-122.406895,37.796908],[-122.4064812,37.7972044],[-122.4061061,37.7975313],[-122.4057734,37.7978857],[-122.4054863,37.7982642],[-122.4052475,37.7986631],[-122.4050593,37.7990786],[-122.4049236,37.7995066],[-122.4048416,37.7999431],[-122.4048142,37.8003839],[-122.4048416,37.8008246],[-122.4049235,37.8012611],[-122.4050591,37.8016892],[-122.4052473,37.8021047],[-122.405486,37.8025036],[-122.4057731,37.8028821],[-122.4061058,37.8032365],[-122.4064808,37.8035635],[-122.4068946,37.8038599],[-122.4073432,37.8041227],[-122.4078222,37.8043496],[-122.4083271,37.8045383],[-122.4088529,37.804687],[-122.4093947,37.8047942],[-122.4099472,37.8048589],[-122.410505,37.8048806]]]}},{"type":"Feature","id":"hydelombard","properties":{"id":"hydelombard","name":"Hyde St & Lombard St","modes":["cablecar"]},"geometry":{"type":"Polygon","coordinates":[[[-122.419562,37.8064086],[-122.4201198,37.8063869],[-122.4206723,37.8063222],[-122.4212141,37.806215],[-122.4217399,37.8060663],[-122.4222448,37.8058776],[-122.4227239,37.8056507],[-122.4231725,37.8053879],[-122.4235863,37.8050915],[-122.4239613,37.8047645],[-122.424294,37.8044101],[-122.4245811,37.8040316],[-122.4248199,37.8036327],[-122.425008,37.8032172],[-122.4251436,37.8027891],[-122.4252256,37.8023526],[-122.4252529,37.8019119],[-122.4252255,37.8014711],[-122.4251435,37.8010346],[-122.4250078,37.8006066],[-122.4248196,37.8001911],[-122.4245808,37.7997922],[-122.4242937,37.7994137],[-122.423961,37.7990593],[-122.4235859,37.7987324],[-122.4231721,37.798436],[-122.4227236,37.7981732],[-122.4222445,37.7979463],[-122.4217397,37.7977577],[-122.4212139,37.797609],[-122.4206722,37.7975018],[-122.4201198,37.797437],[-122.419562,37.7974154],[-122.4190042,37.797437],[-122.4184518,37.7975018],[-122.4179101,37.797609],[-122.4173843,37.7977577],[-122.4168795,37.7979463],[-122.4164004,37.7981732],[-122.4159519,37.798436],[-122.4155381,37.7987324],[-122.415163,37.7990593],[-122.4148303,37.7994137],[-122.4145432,37.7997922],[-122.4143044,37.8001911],[-122.4141162,37.8006066],[-122.4139805,37.8010346],[-122.4138985,37.8014711],[-122.4138711,37.8019119],[-122.4138984,37.8023526],[-122.4139804,37.8027891],[-122.414116,37.8032172],[-122.4143041,37.8036327],[-122.4145429,37.8040316],[-122.41483,37.8044101],[-122.4151627,37.8047645],[-122.4155377,37.8050915],[-122.4159515,37.8053879],[-122.4164001,37.8056507],[-122.4168792,37.8058776],[-122.4173841,37.8060663],[-122.4179099,37.806215],[-122.4184517,37.8063222],[-122.4190042,37.8063869],[-122.419562,37.8064086]]]}},{"type":"Feature","id":"pacificleavenworth","properties":{"id":"pacificleavenworth","name":"Pacific Ave & Leavenworth St","modes":["bus","cablecar"]},"geometry":{"type":"Polygon","coordinates":[[[-122.416744,37.8000826],[-122.4173018,37.8000609],[-122.4178542,37.7999962],[-122.4183959,37.799889],[-122.4189218,37.7997403],[-122.4194266,37.7995516],[-122.4199056,37.7993247],[-122.4203541,37.7990619],[-122.4207679,37.7987655],[-122.4211429,37.7984385],[-122.4214756,37.7980841],[-122.4217627,37.7977056],[-122.4220014,37.7973067],[-122.4221895,37.7968912],[-122.4223252,37.7964631],[-122.4224071,37.7960266],[-122.4224344,37.7955859],[-122.422407,37.7951451],[-122.422325,37.7947086],[-122.4221893,37.7942806],[-122.4220012,37.7938651],[-122.4217624,37.7934662],[-122.4214753,37.7930877],[-122.4211426,37.7927333],[-122.4207676,37.7924064],[-122.4203538,37.79211],[-122.4199053,37.7918472],[-122.4194263,37.7916203],[-122.4189215,37.7914317],[-122.4183958,37.791283],[-122.4178541,37.7911758],[-122.4173017,37.791111],[-122.416744,37.7910894],[-122.4161863,37.791111],[-122.4156339,37.7911758],[-122.4150922,37.791283],[-122.4145665,37.7914317],[-122.4140617,37.7916203],[-122.4135827,37.7918472],[-122.4131342,37.79211],[-122.4127204,37.7924064],[-122.4123454,37.7927333],[-122.4120127,37.7930877],[-122.4117256,37.7934662],[-122.4114868,37.7938651],[-122.4112987,37.7942806],[-122.411163,37.7947086],[-122.411081,37.7951451],[-122.4110536,37.7955859],[-122.4110809,37.7960266],[-122.4111628,37.7964631],[-122.4112985,37.7968912],[-122.4114866,37.7973067],[-122.4117253,37.7977056],[-122.4120124,37.7980841],[-122.4123451,37.7984385],[-122.4127201,37.7987655],[-122.4131339,37.7990619],[-122.4135824,37.7993247],[-122.4140614,37.7995516],[-122.4145662,37.7997403],[-122.4150921,37.799889],[-122.4156338,37.7999962],[-122.4161862,37.8000609],[-122.416744,37.8000826]]]}},{"type":"Feature","id":"stocktonwashington","properties":{"id":"stocktonwashington","name":"Stockton St & Washington St","modes":["bus","metro"]},"geometry":{"type":"Polygon","coordinates":[[[-122.408118,37.7992036],[-122.4086758,37.7991819],[-122.4092282,37.7991172],[-122.4097699,37.79901],[-122.4102957,37.7988613],[-122.4108006,37.7986726],[-122.4112796,37.7984457],[-122.4117281,37.7981829],[-122.4121419,37.7978865],[-122.4125169,37.7975595],[-122.4128495,37.7972051],[-122.4131366,37.7968266],[-122.4133753,37.7964277],[-122.4135634,37.7960122],[-122.4136991,37.7955841],[-122.413781,37.7951476],[-122.4138084,37.7947069],[-122.4137809,37.7942661],[-122.413699,37.7938296],[-122.4135633,37.7934016],[-122.4133751,37.7929861],[-122.4131363,37.7925872],[-122.4128492,37.7922087],[-122.4125166,37.7918543],[-122.4121415,37.7915274],[-122.4117278,37.791231],[-122.4112792,37.7909682],[-122.4108003,37.7907413],[-122.4102955,37.7905527],[-122.4097697,37.790404],[-122.4092281,37.7902968],[-122.4086757,37.790232],[-122.408118,37.7902104],[-122.4075603,37.790232],[-122.4070079,37.7902968],[-122.4064663,37.790404],[-122.4059405,37.7905527],[-122.4054357,37.7907413],[-122.4049568,37.7909682],[-122.4045082,37.791231],[-122.4040945,37.7915274],[-122.4037194,37.7918543],[-122.4033868,37.7922087],[-122.4030997,37.7925872],[-122.4028609,37.7929861],[-122.4026727,37.7934016],[-122.402537,37.7938296],[-122.4024551,37.7942661],[-122.4024276,37.7947069],[-122.402455,37.7951476],[-122.4025369,37.7955841],[-122.4026726,37.7960122],[-122.4028607,37.7964277],[-122.4030994,37.7968266],[-122.4033865,37.7972051],[-122.4037191,37.7975595],[-122.4040941,37.7978865],[-122.4045079,37.7981829],[-122.4049564,37.7984457],[-122.4054354,37.7986726],[-122.4059403,37.7988613],[-122.4064661,37.79901],[-122.4070078,37.7991172],[-122.4075602,37.7991819],[-122.408118,37.7992036]]]}},{"type":"Feature","id":"sutterpowell","properties":{"id":"sutterpowell","name":"Sutter St & Powell St","modes":["bus","cablecar"]},"geometry":{"type":"Polygon","coordinates":[[[-122.408677,37.7937626],[-122.4092347,37.7937409],[-122.4097871,37.7936762],[-122.4103288,37.793569],[-122.4108546,37.7934203],[-122.4113594,37.7932316],[-122.4118383,37.7930047],[-122.4122868,37.7927419],[-122.4127006,37.7924455],[-122.4130756,37.7921185],[-122.4134082,37.7917641],[-122.4136952,37.7913856],[-122.413934,37.7909867],[-122.414122,37.7905712],[-122.4142577,37.7901431],[-122.4143396,37.7897066],[-122.414367,37.7892659],[-122.4143395,37.7888251],[-122.4142576,37.7883886],[-122.4141219,37.7879606],[-122.4139337,37.7875451],[-122.413695,37.7871462],[-122.4134079,37.7867677],[-122.4130752,37.7864133],[-122.4127002,37.7860864],[-122.4122865,37.78579],[-122.411838,37.7855272],[-122.4113591,37.7853003],[-122.4108543,37.7851117],[-122.4103286,37.784963],[-122.409787,37.7848558],[-122.4092347,37.784791],[-122.408677,37.7847694],[-122.4081193,37.784791],[-122.407567,37.7848558],[-122.4070254,37.784963],[-122.4064997,37.7851117],[-122.4059949,37.7853003],[-122.405516,37.7855272],[-122.4050675,37.78579],[-122.4046538,37.7860864],[-122.4042788,37.7864133],[-122.4039461,37.7867677],[-122.403659,37.7871462],[-122.4034203,37.7875451],[-122.4032321,37.7879606],[-122.4030964,37.7883886],[-122.4030145,37.7888251],[-122.402987,37.7892659],[-122.4030144,37.7897066],[-122.4030963,37.7901431],[-122.403232,37.7905712],[-122.40342,37.7909867],[-122.4036588,37.7913856],[-122.4039458,37.7917641],[-122.4042784,37.7921185],[-122.4046534,37.7924455],[-122.4050672,37.7927419],[-122.4055157,37.7930047],[-122.4059946,37.7932316],[-122.4064994,37.7934203],[-122.4070252,37.793569],[-122.4075669,37.7936762],[-122.4081193,37.7937409],[-122.408677,37.7937626]]]}},{"type":"Feature","id":"californialeavenworth","properties":{"id":"californialeavenworth","name":"California St & Leavenworth St","modes":["bus","cablecar"]},"geometry":{"type":"Polygon","coordinates":[[[-122.415749,37.7956296],[-122.4163068,37.7956079],[-122.4168591,37.7955432],[-122.4174008,37.795436],[-122.4179266,37.7952873],[-122.4184314,37.7950986],[-122.4189104,37.7948717],[-122.4193589,37.7946089],[-122.4197727,37.7943125],[-122.4201477,37.7939855],[-122.4204803,37.7936311],[-122.4207674,37.7932526],[-122.4210061,37.7928537],[-122.4211942,37.7924382],[-122.4213298,37.7920101],[-122.4214117,37.7915736],[-122.4214391,37.7911329],[-122.4214117,37.7906921],[-122.4213297,37.7902556],[-122.421194,37.7898276],[-122.4210058,37.7894121],[-122.4207671,37.7890132],[-122.42048,37.7886347],[-122.4201473,37.7882803],[-122.4197723,37.7879534],[-122.4193586,37.787657],[-122.4189101,37.7873942],[-122.4184312,37.7871673],[-122.4179264,37.7869787],[-122.4174007,37.78683],[-122.416859,37.7867228],[-122.4163067,37.786658],[-122.415749,37.7866364],[-122.4151913,37.786658],[-122.414639,37.7867228],[-122.4140973,37.78683],[-122.4135716,37.7869787],[-122.4130668,37.7871673],[-122.4125879,37.7873942],[-122.4121394,37.787657],[-122.4117257,37.7879534],[-122.4113507,37.7882803],[-122.411018,37.7886347],[-122.4107309,37.7890132],[-122.4104922,37.7894121],[-122.410304,37.7898276],[-122.4101683,37.7902556],[-122.4100863,37.7906921],[-122.4100589,37.7911329],[-122.4100863,37.7915736],[-122.4101682,37.7920101],[-122.4103038,37.7924382],[-122.4104919,37.7928537],[-122.4107306,37.7932526],[-122.4110177,37.7936311],[-122.4113503,37.7939855],[-122.4117253,37.7943125],[-122.4121391,37.7946089],[-122.4125876,37.7948717],[-122.4130666,37.7950986],[-122.4135714,37.7952873],[-122.4140972,37.795436],[-122.4146389,37.7955432],[-122.4151912,37.7956079],[-122.415749,37.7956296]]]}},{"type":"Feature","id":"leavenworthpost","properties":{"id":"leavenworthpost","name":"Leavenworth St & Post St","modes":["bus"]},"geometry":{"type":"Polygon","coordinates":[[[-122.414875,37.7918096],[-122.4154327,37.7917879],[-122.4159851,37.7917232],[-122.4165268,37.791616],[-122.4170525,37.7914673],[-122.4175573,37.7912786],[-122.4180362,37.7910517],[-122.4184847,37.7907889],[-122.4188985,37.7904925],[-122.4192735,37.7901655],[-122.4196061,37.7898111],[-122.4198931,37.7894326],[-122.4201318,37.7890337],[-122.4203199,37.7886182],[-122.4204555,37.7881901],[-122.4205374,37.7877536],[-122.4205648,37.7873129],[-122.4205374,37.7868721],[-122.4204554,37.7864356],[-122.4203197,37.7860076],[-122.4201316,37.7855921],[-122.4198928,37.7851932],[-122.4196057,37.7848147],[-122.4192731,37.7844603],[-122.4188981,37.7841334],[-122.4184844,37.783837],[-122.4180359,37.7835742],[-122.417557,37.7833473],[-122.4170523,37.7831587],[-122.4165266,37.78301],[-122.415985,37.7829028],[-122.4154327,37.782838],[-122.414875,37.7828164],[-122.4143173,37.782838],[-122.413765,37.7829028],[-122.4132234,37.78301],[-122.4126977,37.7831587],[-122.412193,37.7833473],[-122.4117141,37.7835742],[-122.4112656,37.783837],[-122.4108519,37.7841334],[-122.4104769,37.7844603],[-122.4101443,37.7848147],[-122.4098572,37.7851932],[-122.4096184,37.7855921],[-122.4094303,37.7860076],[-122.4092946,37.7864356],[-122.4092126,37.7868721],[-122.4091852,37.7873129],[-122.4092126,37.7877536],[-122.4092945,37.7881901],[-122.4094301,37.7886182],[-122.4096182,37.7890337],[-122.4098569,37.7894326],[-122.4101439,37.7898111],[-122.4104765,37.7901655],[-122.4108515,37.7904925],[-122.4112653,37.7907889],[-122.4117138,37.7910517],[-122.4121927,37.7912786],[-122.4126975,37.7914673],[-122.4132232,37.791616],[-122.4137649,37.7917232],[-122.4143173,37.7917879],[-122.414875,37.7918096]]]}},{"type":"Feature","id":"folsom3rd","properties":{"id":"folsom3rd","name":"Folsom St & 3rd St","modes":["bus"]},"geometry":{"type":"Polygon","coordinates":[[[-122.398684,37.7883696],[-122.3992417,37.7883479],[-122.399794,37.7882832],[-122.4003357,37.788176],[-122.4008614,37.7880273],[-122.4013662,37.7878386],[-122.4018451,37.7876117],[-122.4022936,37.7873489],[-122.4027073,37.7870525],[-122.4030822,37.7867255],[-122.4034148,37.7863711],[-122.4037019,37.7859926],[-122.4039406,37.7855937],[-122.4041286,37.7851782],[-122.4042643,37.7847501],[-122.4043462,37.7843136],[-122.4043735,37.7838729],[-122.4043461,37.7834321],[-122.4042642,37.7829956],[-122.4041285,37.7825676],[-122.4039403,37.7821521],[-122.4037016,37.7817532],[-122.4034145,37.7813747],[-122.4030819,37.7810203],[-122.4027069,37.7806934],[-122.4022932,37.780397],[-122.4018448,37.7801342],[-122.4013659,37.7799073],[-122.4008612,37.7797187],[-122.4003355,37.77957],[-122.3997939,37.7794628],[-122.3992416,37.779398],[-122.398684,37.7793764],[-122.3981264,37.779398],[-122.3975741,37.7794628],[-122.3970325,37.77957],[-122.3965068,37.7797187],[-122.3960021,37.7799073],[-122.3955232,37.7801342],[-122.3950748,37.780397],[-122.3946611,37.7806934],[-122.3942861,37.7810203],[-122.3939535,37.7813747],[-122.3936664,37.7817532],[-122.3934277,37.7821521],[-122.3932395,37.7825676],[-122.3931038,37.7829956],[-122.3930219,37.7834321],[-122.3929945,37.7838729],[-122.3930218,37.7843136],[-122.3931037,37.7847501],[-122.3932394,37.7851782],[-122.3934274,37.7855937],[-122.3936661,37.7859926],[-122.3939532,37.7863711],[-122.3942858,37.7867255],[-122.3946607,37.7870525],[-122.3950744,37.7873489],[-122.3955229,37.7876117],[-122.3960018,37.7878386],[-122.3965066,37.7880273],[-122.3970323,37.788176],[-122.397574,37.7882832],[-122.3981263,37.7883479],[-122.398684,37.7883696]]]}},{"type":"Feature","id":"7thfolsom","properties":{"id":"7thfolsom","name":"7th St & Folsom St","modes":["bus"]},"geometry":{"type":"Polygon","coordinates":[[[-122.407904,37.7813606],[-122.4084617,37.7813389],[-122.4090139,37.7812742],[-122.4095555,37.781167],[-122.4100812,37.7810183],[-122.4105859,37.7808296],[-122.4110648,37.7806027],[-122.4115132,37.7803399],[-122.4119269,37.7800435],[-122.4123018,37.7797165],[-122.4126344,37.7793621],[-122.4129214,37.7789836],[-122.4131601,37.7785847],[-122.4133481,37.7781692],[-122.4134838,37.7777411],[-122.4135656,37.7773046],[-122.413593,37.7768639],[-122.4135656,37.7764231],[-122.4134836,37.7759866],[-122.4133479,37.7755586],[-122.4131598,37.7751431],[-122.4129211,37.7747442],[-122.4126341,37.7743657],[-122.4123015,37.7740113],[-122.4119266,37.7736844],[-122.4115129,37.773388],[-122.4110645,37.7731252],[-122.4105856,37.7728983],[-122.410081,37.7727097],[-122.4095553,37.772561],[-122.4090138,37.7724538],[-122.4084616,37.772389],[-122.407904,37.7723674],[-122.4073464,37.772389],[-122.4067942,37.7724538],[-122.4062527,37.772561],[-122.405727,37.7727097],[-122.4052224,37.7728983],[-122.4047435,37.7731252],[-122.4042951,37.773388],[-122.4038814,37.7736844],[-122.4035065,37.7740113],[-122.4031739,37.7743657],[-122.4028869,37.7747442],[-122.4026482,37.7751431],[-122.4024601,37.7755586],[-122.4023244,37.7759866],[-122.4022424,37.7764231],[-122.402215,37.7768639],[-122.4022424,37.7773046],[-122.4023242,37.7777411],[-122.4024599,37.7781692],[-122.4026479,37.7785847],[-122.4028866,37.7789836],[-122.4031736,37.7793621],[-122.4035062,37.7797165],[-122.4038811,37.7800435],[-122.4042948,37.7803399],[-122.4047432,37.7806027],[-122.4052221,37.7808296],[-122.4057268,37.7810183],[-122.4062525,37.781167],[-122.4067941,37.7812742],[-122.4073463,37.7813389],[-122.407904,37.7813606]]]}},{"type":"Feature","id":"16thbryant","properties":{"id":"16thbryant","name":"16th St & Bryant St","modes":["bus"]},"geometry":{"type":"Polygon","coordinates":[[[-122.410294,37.7701546],[-122.4108516,37.7701329],[-122.4114038,37.7700682],[-122.4119453,37.769961],[-122.4124709,37.7698123],[-122.4129755,37.7696236],[-122.4134543,37.7693967],[-122.4139027,37.7691339],[-122.4143163,37.7688375],[-122.4146912,37.7685105],[-122.4150237,37.7681561],[-122.4153106,37.7677776],[-122.4155493,37.7673787],[-122.4157373,37.7669632],[-122.4158729,37.7665351],[-122.4159548,37.7660986],[-122.4159821,37.7656579],[-122.4159547,37.7652171],[-122.4158728,37.7647806],[-122.4157371,37.7643526],[-122.415549,37.7639371],[-122.4153103,37.7635382],[-122.4150234,37.7631597],[-122.4146908,37.7628053],[-122.414316,37.7624784],[-122.4139023,37.762182],[-122.413454,37.7619192],[-122.4129752,37.7616923],[-122.4124706,37.7615037],[-122.4119451,37.761355],[-122.4114036,37.7612478],[-122.4108515,37.761183],[-122.410294,37.7611614],[-122.4097365,37.761183],[-122.4091844,37.7612478],[-122.4086429,37.761355],[-122.4081174,37.7615037],[-122.4076128,37.7616923],[-122.407134,37.7619192],[-122.4066857,37.762182],[-122.406272,37.7624784],[-122.4058972,37.7628053],[-122.4055646,37.7631597],[-122.4052777,37.7635382],[-122.405039,37.7639371],[-122.4048509,37.7643526],[-122.4047152,37.7647806],[-122.4046333,37.7652171],[-122.4046059,37.7656579],[-122.4046332,37.7660986],[-122.4047151,37.7665351],[-122.4048507,37.7669632],[-122.4050387,37.7673787],[-122.4052774,37.7677776],[-122.4055643,37.7681561],[-122.4058968,37.7685105],[-122.4062717,37.7688375],[-122.4066853,37.7691339],[-122.4071337,37.7693967],[-122.4076125,37.7696236],[-122.4081171,37.7698123],[-122.4086427,37.769961],[-122.4091842,37.7700682],[-122.4097364,37.7701329],[-122.410294,37.7701546]]]}},{"type":"Feature","id":"folsom11th","properties":{"id":"folsom11th","name":"Folsom St & 11th St","modes":["bus"]},"geometry":{"type":"Polygon","coordinates":[[[-122.413958,37.7764016],[-122.4145156,37.7763799],[-122.4150679,37.7763152],[-122.4156094,37.776208],[-122.4161351,37.7760593],[-122.4166397,37.7758706],[-122.4171186,37.7756437],[-122.417567,37.7753809],[-122.4179806,37.7750845],[-122.4183555,37.7747575],[-122.4186881,37.7744031],[-122.4189751,37.7740246],[-122.4192137,37.7736257],[-122.4194018,37.7732102],[-122.4195374,37.7727821],[-122.4196193,37.7723456],[-122.4196466,37.7719049],[-122.4196192,37.7714641],[-122.4195372,37.7710276],[-122.4194016,37.7705996],[-122.4192135,37.7701841],[-122.4189748,37.7697852],[-122.4186878,37.7694067],[-122.4183552,37.7690523],[-122.4179803,37.7687254],[-122.4175667,37.768429],[-122.4171183,37.7681662],[-122.4166395,37.7679393],[-122.4161348,37.7677507],[-122.4156092,37.767602],[-122.4150677,37.7674948],[-122.4145155,37.76743],[-122.413958,37.7674084],[-122.4134005,37.76743],[-122.4128483,37.7674948],[-122.4123068,37.767602],[-122.4117812,37.7677507],[-122.4112765,37.7679393],[-122.4107977,37.7681662],[-122.4103493,37.768429],[-122.4099357,37.7687254],[-122.4095608,37.7690523],[-122.4092282,37.7694067],[-122.4089412,37.7697852],[-122.4087025,37.7701841],[-122.4085144,37.7705996],[-122.4083788,37.7710276],[-122.4082968,37.7714641],[-122.4082694,37.7719049],[-122.4082967,37.7723456],[-122.4083786,37.7727821],[-122.4085142,37.7732102],[-122.4087023,37.7736257],[-122.4089409,37.7740246],[-122.4092279,37.7744031],[-122.4095605,37.7747575],[-122.4099354,37.7750845],[-122.410349,37.7753809],[-122.4107974,37.7756437],[-122.4112763,37.7758706],[-122.4117809,37.7760593],[-122.4123066,37.776208],[-122.4128481,37.7763152],[-122.4134004,37.7763799],[-122.413958,37.7764016]]]}},{"type":"Feature","id":"16thmission","properties":{"id":"16thmission","name":"16th St & Mission St","modes":["bus","metro"]},"geometry":{"type":"Polygon","coordinates":[[[-122.419611,37.7696486],[-122.4201686,37.7696269],[-122.4207208,37.7695622],[-122.4212623,37.769455],[-122.4217879,37.7693063],[-122.4222925,37.7691176],[-122.4227713,37.7688907],[-122.4232197,37.7686279],[-122.4236333,37.7683315],[-122.4240081,37.7680045],[-122.4243406,37.7676501],[-122.4246276,37.7672716],[-122.4248662,37.7668727],[-122.4250543,37.7664572],[-122.4251899,37.7660291],[-122.4252717,37.7655926],[-122.4252991,37.7651519],[-122.4252717,37.7647111],[-122.4251897,37.7642746],[-122.4250541,37.7638466],[-122.424866,37.7634311],[-122.4246273,37.7630322],[-122.4243403,37.7626537],[-122.4240078,37.7622993],[-122.4236329,37.7619724],[-122.4232193,37.761676],[-122.422771,37.7614132],[-122.4222922,37.7611863],[-122.4217876,37.7609977],[-122.4212621,37.760849],[-122.4207206,37.7607418],[-122.4201685,37.760677],[-122.419611,37.7606554],[-122.4190535,37.760677],[-122.4185014,37.7607418],[-122.4179599,37.760849],[-122.4174344,37.7609977],[-122.4169298,37.7611863],[-122.416451,37.7614132],[-122.4160027,37.761676],[-122.4155891,37.7619724],[-122.4152142,37.7622993],[-122.4148817,37.7626537],[-122.4145947,37.7630322],[-122.414356,37.7634311],[-122.4141679,37.7638466],[-122.4140323,37.7642746],[-122.4139503,37.7647111],[-122.4139229,37.7651519],[-122.4139503,37.7655926],[-122.4140321,37.7660291],[-122.4141677,37.7664572],[-122.4143558,37.7668727],[-122.4145944,37.7672716],[-122.4148814,37.7676501],[-122.4152139,37.7680045],[-122.4155887,37.7683315],[-122.4160023,37.7686279],[-122.4164507,37.7688907],[-122.4169295,37.7691176],[-122.4174341,37.7693063],[-122.4179597,37.769455],[-122.4185012,37.7695622],[-122.4190534,37.7696269],[-122.419611,37.7696486]]]}},{"type":"Feature","id":"bryant18th","properties":{"id":"bryant18th","name":"Bryant St & 18th St","modes":["bus"]},"geometry":{"type":"Polygon","coordinates":[[[-122.4102,37.7663666],[-122.4107575,37.7663449],[-122.4113097,37.7662802],[-122.4118512,37.766173],[-122.4123768,37.7660243],[-122.4128814,37.7658356],[-122.4133602,37.7656087],[-122.4138085,37.7653459],[-122.4142221,37.7650495],[-122.4145969,37.7647225],[-122.4149294,37.7643681],[-122.4152164,37.7639896],[-122.415455,37.7635907],[-122.415643,37.7631752],[-122.4157786,37.7627471],[-122.4158605,37.7623106],[-122.4158878,37.7618699],[-122.4158604,37.7614291],[-122.4157785,37.7609926],[-122.4156428,37.7605646],[-122.4154548,37.7601491],[-122.4152161,37.7597502],[-122.4149291,37.7593717],[-122.4145966,37.7590173],[-122.4142217,37.7586904],[-122.4138082,37.758394],[-122.4133598,37.7581312],[-122.4128811,37.7579043],[-122.4123765,37.7577157],[-122.411851,37.757567],[-122.4113096,37.7574598],[-122.4107575,37.757395],[-122.4102,37.7573734],[-122.4096425,37.757395],[-122.4090904,37.7574598],[-122.408549,37.757567],[-122.4080235,37.7577157],[-122.4075189,37.7579043],[-122.4070402,37.7581312],[-122.4065918,37.758394],[-122.4061783,37.7586904],[-122.4058034,37.7590173],[-122.4054709,37.7593717],[-122.4051839,37.7597502],[-122.4049452,37.7601491],[-122.4047572,37.7605646],[-122.4046215,37.7609926],[-122.4045396,37.7614291],[-122.4045122,37.7618699],[-122.4045395,37.7623106],[-122.4046214,37.7627471],[-122.404757,37.7631752],[-122.404945,37.7635907],[-122.4051836,37.7639896],[-122.4054706,37.7643681],[-122.4058031,37.7647225],[-122.4061779,37.7650495],[-122.4065915,37.7653459],[-122.4070398,37.7656087],[-122.4075186,37.7658356],[-122.4080232,37.7660243],[-122.4085488,37.766173],[-122.4090903,37.7662802],[-122.4096425,37.7663449],[-122.4102,37.7663666]]]}},{"type":"Feature","id":"bryant24th","properties":{"id":"bryant24th","name":"Bryant St & 24th St","modes":["bus"]},"geometry":{"type":"Polygon","coordinates":[[[-122.409178,37.7572246],[-122.4097355,37.7572029],[-122.4102876,37.7571382],[-122.410829,37.757031],[-122.4113545,37.7568823],[-122.411859,37.7566936],[-122.4123378,37.7564667],[-122.4127861,37.7562039],[-122.4131996,37.7559075],[-122.4135744,37.7555805],[-122.4139068,37.7552261],[-122.4141938,37.7548476],[-122.4144324,37.7544487],[-122.4146204,37.7540332],[-122.4147559,37.7536051],[-122.4148378,37.7531686],[-122.4148651,37.7527279],[-122.4148377,37.7522871],[-122.4147558,37.7518506],[-122.4146202,37.7514226],[-122.4144321,37.7510071],[-122.4141935,37.7506082],[-122.4139065,37.7502297],[-122.4135741,37.7498753],[-122.4131992,37.7495484],[-122.4127857,37.749252],[-122.4123374,37.7489892],[-122.4118588,37.7487623],[-122.4113543,37.7485737],[-122.4108288,37.748425],[-122.4102874,37.7483178],[-122.4097354,37.748253],[-122.409178,37.7482314],[-122.4086206,37.748253],[-122.4080686,37.7483178],[-122.4075272,37.748425],[-122.4070017,37.7485737],[-122.4064972,37.7487623],[-122.4060186,37.7489892],[-122.4055703,37.749252],[-122.4051568,37.7495484],[-122.4047819,37.7498753],[-122.4044495,37.7502297],[-122.4041625,37.7506082],[-122.4039239,37.7510071],[-122.4037358,37.7514226],[-122.4036002,37.7518506],[-122.4035183,37.7522871],[-122.4034909,37.7527279],[-122.4035182,37.7531686],[-122.4036001,37.7536051],[-122.4037356,37.7540332],[-122.4039236,37.7544487],[-122.4041622,37.7548476],[-122.4044492,37.7552261],[-122.4047816,37.7555805],[-122.4051564,37.7559075],[-122.4055699,37.7562039],[-122.4060182,37.7564667],[-122.406497,37.7566936],[-122.4070015,37.7568823],[-122.407527,37.757031],[-122.4080684,37.7571382],[-122.4086205,37.7572029],[-122.409178,37.7572246]]]}},{"type":"Feature","id":"mission24th","properties":{"id":"mission24th","name":"Mission St & 24th St","modes":["bus","metro"]},"geometry":{"type":"Polygon","coordinates":[[[-122.418528,37.7564606],[-122.4190855,37.7564389],[-122.4196376,37.7563742],[-122.420179,37.756267],[-122.4207045,37.7561183],[-122.421209,37.7559296],[-122.4216877,37.7557027],[-122.422136,37.7554399],[-122.4225496,37.7551435],[-122.4229243,37.7548165],[-122.4232568,37.7544621],[-122.4235437,37.7540836],[-122.4237823,37.7536847],[-122.4239703,37.7532692],[-122.4241059,37.7528411],[-122.4241877,37.7524046],[-122.4242151,37.7519639],[-122.4241877,37.7515231],[-122.4241057,37.7510866],[-122.4239701,37.7506586],[-122.4237821,37.7502431],[-122.4235434,37.7498442],[-122.4232565,37.7494657],[-122.422924,37.7491113],[-122.4225492,37.7487844],[-122.4221357,37.748488],[-122.4216874,37.7482252],[-122.4212087,37.7479983],[-122.4207042,37.7478097],[-122.4201788,37.747661],[-122.4196374,37.7475538],[-122.4190854,37.747489],[-122.418528,37.7474674],[-122.4179706,37.747489],[-122.4174186,37.7475538],[-122.4168772,37.747661],[-122.4163518,37.7478097],[-122.4158473,37.7479983],[-122.4153686,37.7482252],[-122.4149203,37.748488],[-122.4145068,37.7487844],[-122.414132,37.7491113],[-122.4137995,37.7494657],[-122.4135126,37.7498442],[-122.4132739,37.7502431],[-122.4130859,37.7506586],[-122.4129503,37.7510866],[-122.4128683,37.7515231],[-122.4128409,37.7519639],[-122.4128683,37.7524046],[-122.4129501,37.7528411],[-122.4130857,37.7532692],[-122.4132737,37.7536847],[-122.4135123,37.7540836],[-122.4137992,37.7544621],[-122.4141317,37.7548165],[-122.4145064,37.7551435],[-122.41492,37.7554399],[-122.4153683,37.7557027],[-122.415847,37.7559296],[-122.4163515,37.7561183],[-122.416877,37.756267],[-122.4174184,37.7563742],[-122.4179705,37.7564389],[-122.418528,37.7564606]]]}},{"type":"Feature","id":"mission20th","properties":{"id":"mission20th","name":"Mission St & 20th St","modes":["bus"]},"geometry":{"type":"Polygon","coordinates":[[[-122.41902,37.7636066],[-122.4195775,37.7635849],[-122.4201297,37.7635202],[-122.4206711,37.763413],[-122.4211967,37.7632643],[-122.4217013,37.7630756],[-122.42218,37.7628487],[-122.4226284,37.7625859],[-122.4230419,37.7622895],[-122.4234168,37.7619625],[-122.4237493,37.7616081],[-122.4240362,37.7612296],[-122.4242748,37.7608307],[-122.4244628,37.7604152],[-122.4245984,37.7599871],[-122.4246803,37.7595506],[-122.4247076,37.7591099],[-122.4246802,37.7586691],[-122.4245983,37.7582326],[-122.4244626,37.7578046],[-122.4242746,37.7573891],[-122.4240359,37.7569902],[-122.4237489,37.7566117],[-122.4234164,37.7562573],[-122.4230416,37.7559304],[-122.422628,37.755634],[-122.4221797,37.7553712],[-122.421701,37.7551443],[-122.4211964,37.7549557],[-122.4206709,37.754807],[-122.4201295,37.7546998],[-122.4195775,37.754635],[-122.41902,37.7546134],[-122.4184625,37.754635],[-122.4179105,37.7546998],[-122.4173691,37.754807],[-122.4168436,37.7549557],[-122.416339,37.7551443],[-122.4158603,37.7553712],[-122.415412,37.755634],[-122.4149984,37.7559304],[-122.4146236,37.7562573],[-122.4142911,37.7566117],[-122.4140041,37.7569902],[-122.4137654,37.7573891],[-122.4135774,37.7578046],[-122.4134417,37.7582326],[-122.4133598,37.7586691],[-122.4133324,37.7591099],[-122.4133597,37.7595506],[-122.4134416,37.7599871],[-122.4135772,37.7604152],[-122.4137652,37.7608307],[-122.4140038,37.7612296],[-122.4142907,37.7616081],[-122.4146232,37.7619625],[-122.4149981,37.7622895],[-122.4154116,37.7625859],[-122.41586,37.7628487],[-122.4163387,37.7630756],[-122.4168433,37.7632643],[-122.4173689,37.763413],[-122.4179103,37.7635202],[-122.4184625,37.7635849],[-122.41902,37.7636066]]]}},{"type":"Feature","id":"folsomcesarchavez","properties":{"id":"folsomcesarchavez","name":"Folsom St & Cesar Chavez St","modes":["bus"]},"geometry":{"type":"Polygon","coordinates":[[[-122.413763,37.7528186],[-122.4143204,37.7527969],[-122.4148725,37.7527322],[-122.4154139,37.752625],[-122.4159394,37.7524763],[-122.4164439,37.7522876],[-122.4169226,37.7520607],[-122.4173708,37.7517979],[-122.4177844,37.7515015],[-122.4181591,37.7511745],[-122.4184916,37.7508201],[-122.4187785,37.7504416],[-122.419017,37.7500427],[-122.419205,37.7496272],[-122.4193406,37.7491991],[-122.4194225,37.7487626],[-122.4194498,37.7483219],[-122.4194224,37.7478811],[-122.4193405,37.7474446],[-122.4192048,37.7470166],[-122.4190168,37.7466011],[-122.4187782,37.7462022],[-122.4184912,37.7458237],[-122.4181588,37.7454693],[-122.417784,37.7451424],[-122.4173705,37.744846],[-122.4169223,37.7445832],[-122.4164436,37.7443563],[-122.4159391,37.7441677],[-122.4154137,37.744019],[-122.4148724,37.7439118],[-122.4143204,37.743847],[-122.413763,37.7438254],[-122.4132056,37.743847],[-122.4126536,37.7439118],[-122.4121123,37.744019],[-122.4115869,37.7441677],[-122.4110824,37.7443563],[-122.4106037,37.7445832],[-122.4101555,37.744846],[-122.409742,37.7451424],[-122.4093672,37.7454693],[-122.4090348,37.7458237],[-122.4087478,37.7462022],[-122.4085092,37.7466011],[-122.4083212,37.7470166],[-122.4081855,37.7474446],[-122.4081036,37.7478811],[-122.4080762,37.7483219],[-122.4081035,37.7487626],[-122.4081854,37.7491991],[-122.408321,37.7496272],[-122.408509,37.7500427],[-122.4087475,37.7504416],[-122.4090344,37.7508201],[-122.4093669,37.7511745],[-122.4097416,37.7515015],[-122.4101552,37.7517979],[-122.4106034,37.7520607],[-122.4110821,37.7522876],[-122.4115866,37.7524763],[-122.4121121,37.752625],[-122.4126535,37.7527322],[-122.4132056,37.7527969],[-122.413763,37.7528186]]]}},{"type":"Feature","id":"nevadacortland","properties":{"id":"nevadacortland","name":"Nevada St & Cortland Ave","modes":["bus"]},"geometry":{"type":"Polygon","coordinates":[[[-122.41141,37.7444166],[-122.4119674,37.7443949],[-122.4125194,37.7443302],[-122.4130607,37.744223],[-122.4135861,37.7440743],[-122.4140906,37.7438856],[-122.4145692,37.7436587],[-122.4150174,37.7433959],[-122.4154309,37.7430995],[-122.4158056,37.7427725],[-122.416138,37.7424181],[-122.4164249,37.7420396],[-122.4166635,37.7416407],[-122.4168514,37.7412252],[-122.416987,37.7407971],[-122.4170688,37.7403606],[-122.4170962,37.7399199],[-122.4170687,37.7394791],[-122.4169868,37.7390426],[-122.4168512,37.7386146],[-122.4166632,37.7381991],[-122.4164246,37.7378002],[-122.4161377,37.7374217],[-122.4158053,37.7370673],[-122.4154306,37.7367404],[-122.4150171,37.736444],[-122.4145689,37.7361812],[-122.4140903,37.7359543],[-122.4135859,37.7357657],[-122.4130605,37.735617],[-122.4125192,37.7355098],[-122.4119673,37.735445],[-122.41141,37.7354234],[-122.4108527,37.735445],[-122.4103008,37.7355098],[-122.4097595,37.735617],[-122.4092341,37.7357657],[-122.4087297,37.7359543],[-122.4082511,37.7361812],[-122.4078029,37.736444],[-122.4073894,37.7367404],[-122.4070147,37.7370673],[-122.4066823,37.7374217],[-122.4063954,37.7378002],[-122.4061568,37.7381991],[-122.4059688,37.7386146],[-122.4058332,37.7390426],[-122.4057513,37.7394791],[-122.4057238,37.7399199],[-122.4057512,37.7403606],[-122.405833,37.7407971],[-122.4059686,37.7412252],[-122.4061565,37.7416407],[-122.4063951,37.7420396],[-122.406682,37.7424181],[-122.4070144,37.7427725],[-122.4073891,37.7430995],[-122.4078026,37.7433959],[-122.4082508,37.7436587],[-122.4087294,37.7438856],[-122.4092339,37.7440743],[-122.4097593,37.744223],[-122.4103006,37.7443302],[-122.4108526,37.7443949],[-122.41141,37.7444166]]]}},{"type":"Feature","id":"missioncortland","properties":{"id":"missioncortland","name":"Mission St & Cortland Ave","modes":["bus"]},"geometry":{"type":"Polygon","coordinates":[[[-122.422874,37.7455756],[-122.4234314,37.7455539],[-122.4239834,37.7454892],[-122.4245247,37.745382],[-122.4250502,37.7452333],[-122.4255546,37.7450446],[-122.4260333,37.7448177],[-122.4264815,37.7445549],[-122.426895,37.7442585],[-122.4272697,37.7439315],[-122.4276021,37.7435771],[-122.427889,37.7431986],[-122.4281275,37.7427997],[-122.4283155,37.7423842],[-122.4284511,37.7419561],[-122.4285329,37.7415196],[-122.4285603,37.7410789],[-122.4285328,37.7406381],[-122.4284509,37.7402016],[-122.4283153,37.7397736],[-122.4281273,37.7393581],[-122.4278887,37.7389592],[-122.4276018,37.7385807],[-122.4272694,37.7382263],[-122.4268946,37.7378994],[-122.4264812,37.737603],[-122.426033,37.7373402],[-122.4255543,37.7371133],[-122.4250499,37.7369247],[-122.4245245,37.736776],[-122.4239833,37.7366688],[-122.4234313,37.736604],[-122.422874,37.7365824],[-122.4223167,37.736604],[-122.4217647,37.7366688],[-122.4212235,37.736776],[-122.4206981,37.7369247],[-122.4201937,37.7371133],[-122.419715,37.7373402],[-122.4192668,37.737603],[-122.4188534,37.7378994],[-122.4184786,37.7382263],[-122.4181462,37.7385807],[-122.4178593,37.7389592],[-122.4176207,37.7393581],[-122.4174327,37.7397736],[-122.4172971,37.7402016],[-122.4172152,37.7406381],[-122.4171877,37.7410789],[-122.4172151,37.7415196],[-122.4172969,37.7419561],[-122.4174325,37.7423842],[-122.4176205,37.7427997],[-122.417859,37.7431986],[-122.4181459,37.7435771],[-122.4184783,37.7439315],[-122.418853,37.7442585],[-122.4192665,37.7445549],[-122.4197147,37.7448177],[-122.4201934,37.7450446],[-122.4206978,37.7452333],[-122.4212233,37.745382],[-122.4217646,37.7454892],[-122.4223166,37.7455539],[-122.422874,37.7455756]]]}},{"type":"Feature","id":"cheneryroanoke","properties":{"id":"cheneryroanoke","name":"Chenery St & Roanoke St","modes":["bus"]},"geometry":{"type":"Polygon","coordinates":[[[-122.4302,37.7401266],[-122.4307573,37.7401049],[-122.4313093,37.7400402],[-122.4318506,37.739933],[-122.432376,37.7397843],[-122.4328804,37.7395956],[-122.433359,37.7393687],[-122.4338072,37.7391059],[-122.4342207,37.7388095],[-122.4345954,37.7384825],[-122.4349278,37.7381281],[-122.4352146,37.7377496],[-122.4354531,37.7373507],[-122.4356411,37.7369352],[-122.4357766,37.7365071],[-122.4358585,37.7360706],[-122.4358858,37.7356299],[-122.4358584,37.7351891],[-122.4357765,37.7347526],[-122.4356409,37.7343246],[-122.4354529,37.7339091],[-122.4352143,37.7335102],[-122.4349274,37.7331317],[-122.434595,37.7327773],[-122.4342203,37.7324504],[-122.4338069,37.732154],[-122.4333587,37.7318912],[-122.4328801,37.7316643],[-122.4323758,37.7314757],[-122.4318504,37.731327],[-122.4313092,37.7312198],[-122.4307573,37.731155],[-122.4302,37.7311334],[-122.4296427,37.731155],[-122.4290908,37.7312198],[-122.4285496,37.731327],[-122.4280242,37.7314757],[-122.4275199,37.7316643],[-122.4270413,37.7318912],[-122.4265931,37.732154],[-122.4261797,37.7324504],[-122.425805,37.7327773],[-122.4254726,37.7331317],[-122.4251857,37.7335102],[-122.4249471,37.7339091],[-122.4247591,37.7343246],[-122.4246235,37.7347526],[-122.4245416,37.7351891],[-122.4245142,37.7356299],[-122.4245415,37.7360706],[-122.4246234,37.7365071],[-122.4247589,37.7369352],[-122.4249469,37.7373507],[-122.4251854,37.7377496],[-122.4254722,37.7381281],[-122.4258046,37.7384825],[-122.4261793,37.7388095],[-122.4265928,37.7391059],[-122.427041,37.7393687],[-122.4275196,37.7395956],[-122.428024,37.7397843],[-122.4285494,37.739933],[-122.4290907,37.7400402],[-122.4296427,37.7401049],[-122.4302,37.7401266]]]}},{"type":"Feature","id":"missionsilver","properties":{"id":"missionsilver","name":"Mission St & Silver Ave","modes":["bus"]},"geometry":{"type":"Polygon","coordinates":[[[-122.43132,37.7332196],[-122.4318773,37.7331979],[-122.4324292,37.7331332],[-122.4329705,37.733026],[-122.4334958,37.7328773],[-122.4340002,37.7326886],[-122.4344787,37.7324617],[-122.4349269,37.7321989],[-122.4353403,37.7319025],[-122.435715,37.7315755],[-122.4360473,37.7312211],[-122.4363341,37.7308426],[-122.4365727,37.7304437],[-122.4367606,37.7300282],[-122.4368961,37.7296001],[-122.436978,37.7291636],[-122.4370053,37.7287229],[-122.4369779,37.7282821],[-122.436896,37.7278456],[-122.4367604,37.7274176],[-122.4365724,37.7270021],[-122.4363338,37.7266032],[-122.436047,37.7262247],[-122.4357146,37.7258703],[-122.4353399,37.7255434],[-122.4349265,37.725247],[-122.4344784,37.7249842],[-122.4339999,37.7247573],[-122.4334955,37.7245687],[-122.4329703,37.72442],[-122.4324291,37.7243128],[-122.4318772,37.724248],[-122.43132,37.7242264],[-122.4307628,37.724248],[-122.4302109,37.7243128],[-122.4296697,37.72442],[-122.4291445,37.7245687],[-122.4286401,37.7247573],[-122.4281616,37.7249842],[-122.4277135,37.725247],[-122.4273001,37.7255434],[-122.4269254,37.7258703],[-122.426593,37.7262247],[-122.4263062,37.7266032],[-122.4260676,37.7270021],[-122.4258796,37.7274176],[-122.425744,37.7278456],[-122.4256621,37.7282821],[-122.4256347,37.7287229],[-122.425662,37.7291636],[-122.4257439,37.7296001],[-122.4258794,37.7300282],[-122.4260673,37.7304437],[-122.4263059,37.7308426],[-122.4265927,37.7312211],[-122.426925,37.7315755],[-122.4272997,37.7319025],[-122.4277131,37.7321989],[-122.4281613,37.7324617],[-122.4286398,37.7326886],[-122.4291442,37.7328773],[-122.4296695,37.733026],[-122.4302108,37.7331332],[-122.4307627,37.7331979],[-122.43132,37.7332196]]]}},{"type":"Feature","id":"crescentfolsom","properties":{"id":"crescentfolsom","name":"Crescent Ave & Folsom St","modes":["bus"]},"geometry":{"type":"Polygon","coordinates":[[[-122.413804,37.7391666],[-122.4143613,37.7391449],[-122.4149133,37.7390802],[-122.4154546,37.738973],[-122.41598,37.7388243],[-122.4164844,37.7386356],[-122.416963,37.7384087],[-122.4174112,37.7381459],[-122.4178246,37.7378495],[-122.4181993,37.7375225],[-122.4185317,37.7371681],[-122.4188185,37.7367896],[-122.4190571,37.7363907],[-122.419245,37.7359752],[-122.4193806,37.7355471],[-122.4194624,37.7351106],[-122.4194898,37.7346699],[-122.4194623,37.7342291],[-122.4193804,37.7337926],[-122.4192448,37.7333646],[-122.4190568,37.7329491],[-122.4188182,37.7325502],[-122.4185314,37.7321717],[-122.418199,37.7318173],[-122.4178243,37.7314904],[-122.4174108,37.731194],[-122.4169627,37.7309312],[-122.4164841,37.7307043],[-122.4159797,37.7305157],[-122.4154544,37.730367],[-122.4149132,37.7302598],[-122.4143613,37.730195],[-122.413804,37.7301734],[-122.4132467,37.730195],[-122.4126948,37.7302598],[-122.4121536,37.730367],[-122.4116283,37.7305157],[-122.4111239,37.7307043],[-122.4106453,37.7309312],[-122.4101972,37.731194],[-122.4097837,37.7314904],[-122.409409,37.7318173],[-122.4090766,37.7321717],[-122.4087898,37.7325502],[-122.4085512,37.7329491],[-122.4083632,37.7333646],[-122.4082276,37.7337926],[-122.4081457,37.7342291],[-122.4081182,37.7346699],[-122.4081456,37.7351106],[-122.4082274,37.7355471],[-122.408363,37.7359752],[-122.4085509,37.7363907],[-122.4087895,37.7367896],[-122.4090763,37.7371681],[-122.4094087,37.7375225],[-122.4097834,37.7378495],[-122.4101968,37.7381459],[-122.410645,37.7384087],[-122.4111236,37.7386356],[-122.411628,37.7388243],[-122.4121534,37.738973],[-122.4126947,37.7390802],[-122.4132467,37.7391449],[-122.413804,37.7391666]]]}},{"type":"Feature","id":"manselljohnfshelleydr","properties":{"id":"manselljohnfshelleydr","name":"Mansell St & John F Shelley Dr","modes":["bus"]},"geometry":{"type":"Polygon","coordinates":[[[-122.4183,37.7232596],[-122.4188572,37.7232379],[-122.4194091,37.7231732],[-122.4199502,37.723066],[-122.4204755,37.7229173],[-122.4209798,37.7227286],[-122.4214583,37.7225017],[-122.4219064,37.7222389],[-122.4223197,37.7219425],[-122.4226944,37.7216155],[-122.4230267,37.7212611],[-122.4233135,37.7208826],[-122.423552,37.7204837],[-122.4237399,37.7200682],[-122.4238754,37.7196401],[-122.4239572,37.7192036],[-122.4239845,37.7187629],[-122.4239571,37.7183221],[-122.4238752,37.7178856],[-122.4237397,37.7174576],[-122.4235517,37.7170421],[-122.4233132,37.7166432],[-122.4230264,37.7162647],[-122.422694,37.7159103],[-122.4223194,37.7155834],[-122.4219061,37.715287],[-122.421458,37.7150242],[-122.4209795,37.7147973],[-122.4204753,37.7146087],[-122.41995,37.71446],[-122.4194089,37.7143528],[-122.4188571,37.714288],[-122.4183,37.7142664],[-122.4177429,37.714288],[-122.4171911,37.7143528],[-122.41665,37.71446],[-122.4161247,37.7146087],[-122.4156205,37.7147973],[-122.415142,37.7150242],[-122.4146939,37.715287],[-122.4142806,37.7155834],[-122.413906,37.7159103],[-122.4135736,37.7162647],[-122.4132868,37.7166432],[-122.4130483,37.7170421],[-122.4128603,37.7174576],[-122.4127248,37.7178856],[-122.4126429,37.7183221],[-122.4126155,37.7187629],[-122.4126428,37.7192036],[-122.4127246,37.7196401],[-122.4128601,37.7200682],[-122.413048,37.7204837],[-122.4132865,37.7208826],[-122.4135733,37.7212611],[-122.4139056,37.7216155],[-122.4142803,37.7219425],[-122.4146936,37.7222389],[-122.4151417,37.7225017],[-122.4156202,37.7227286],[-122.4161245,37.7229173],[-122.4166498,37.723066],[-122.4171909,37.7231732],[-122.4177428,37.7232379],[-122.4183,37.7232596]]]}},{"type":"Feature","id":"praguepersia","properties":{"id":"praguepersia","name":"Prague St & Persia Ave","modes":["bus"]},"geometry":{"type":"Polygon","coordinates":[[[-122.42718,37.7235266],[-122.4277372,37.7235049],[-122.4282891,37.7234402],[-122.4288302,37.723333],[-122.4293555,37.7231843],[-122.4298598,37.7229956],[-122.4303383,37.7227687],[-122.4307864,37.7225059],[-122.4311998,37.7222095],[-122.4315744,37.7218825],[-122.4319067,37.7215281],[-122.4321935,37.7211496],[-122.432432,37.7207507],[-122.4326199,37.7203352],[-122.4327554,37.7199071],[-122.4328372,37.7194706],[-122.4328646,37.7190299],[-122.4328372,37.7185891],[-122.4327553,37.7181526],[-122.4326197,37.7177246],[-122.4324317,37.7173091],[-122.4321932,37.7169102],[-122.4319064,37.7165317],[-122.4315741,37.7161773],[-122.4311994,37.7158504],[-122.4307861,37.715554],[-122.430338,37.7152912],[-122.4298595,37.7150643],[-122.4293553,37.7148757],[-122.42883,37.714727],[-122.4282889,37.7146198],[-122.4277372,37.714555],[-122.42718,37.7145334],[-122.4266228,37.714555],[-122.4260711,37.7146198],[-122.42553,37.714727],[-122.4250047,37.7148757],[-122.4245005,37.7150643],[-122.424022,37.7152912],[-122.4235739,37.715554],[-122.4231606,37.7158504],[-122.4227859,37.7161773],[-122.4224536,37.7165317],[-122.4221668,37.7169102],[-122.4219283,37.7173091],[-122.4217403,37.7177246],[-122.4216047,37.7181526],[-122.4215228,37.7185891],[-122.4214954,37.7190299],[-122.4215228,37.7194706],[-122.4216046,37.7199071],[-122.4217401,37.7203352],[-122.421928,37.7207507],[-122.4221665,37.7211496],[-122.4224533,37.7215281],[-122.4227856,37.7218825],[-122.4231602,37.7222095],[-122.4235736,37.7225059],[-122.4240217,37.7227687],[-122.4245002,37.7229956],[-122.4250045,37.7231843],[-122.4255298,37.723333],[-122.4260709,37.7234402],[-122.4266228,37.7235049],[-122.42718,37.7235266]]]}},{"type":"Feature","id":"feltonmadison","properties":{"id":"feltonmadison","name":"Felton St & Madison St","modes":["bus"]},"geometry":{"type":"Polygon","coordinates":[[[-122.422043,37.7300946],[-122.4226003,37.7300729],[-122.4231522,37.7300082],[-122.4236934,37.729901],[-122.4242187,37.7297523],[-122.4247231,37.7295636],[-122.4252016,37.7293367],[-122.4256497,37.7290739],[-122.4260631,37.7287775],[-122.4264378,37.7284505],[-122.4267701,37.7280961],[-122.4270569,37.7277176],[-122.4272954,37.7273187],[-122.4274834,37.7269032],[-122.4276189,37.7264751],[-122.4277007,37.7260386],[-122.4277281,37.7255979],[-122.4277007,37.7251571],[-122.4276188,37.7247206],[-122.4274832,37.7242926],[-122.4272952,37.7238771],[-122.4270566,37.7234782],[-122.4267698,37.7230997],[-122.4264374,37.7227453],[-122.4260628,37.7224184],[-122.4256494,37.722122],[-122.4252013,37.7218592],[-122.4247228,37.7216323],[-122.4242185,37.7214437],[-122.4236932,37.721295],[-122.423152,37.7211878],[-122.4226002,37.721123],[-122.422043,37.7211014],[-122.4214858,37.721123],[-122.420934,37.7211878],[-122.4203928,37.721295],[-122.4198675,37.7214437],[-122.4193632,37.7216323],[-122.4188847,37.7218592],[-122.4184366,37.722122],[-122.4180232,37.7224184],[-122.4176486,37.7227453],[-122.4173162,37.7230997],[-122.4170294,37.7234782],[-122.4167908,37.7238771],[-122.4166028,37.7242926],[-122.4164672,37.7247206],[-122.4163853,37.7251571],[-122.4163579,37.7255979],[-122.4163853,37.7260386],[-122.4164671,37.7264751],[-122.4166026,37.7269032],[-122.4167906,37.7273187],[-122.4170291,37.7277176],[-122.4173159,37.7280961],[-122.4176482,37.7284505],[-122.4180229,37.7287775],[-122.4184363,37.7290739],[-122.4188844,37.7293367],[-122.4193629,37.7295636],[-122.4198673,37.7297523],[-122.4203926,37.729901],[-122.4209338,37.7300082],[-122.4214857,37.7300729],[-122.422043,37.7300946]]]}},{"type":"Feature","id":"sunnyvalewaccess","properties":{"id":"sunnyvalewaccess","name":"Sunnyvale Ave & W.Access RD","modes":["bus"]},"geometry":{"type":"Polygon","coordinates":[[[-122.42215,37.7180846],[-122.4227072,37.7180629],[-122.423259,37.7179982],[-122.4238001,37.717891],[-122.4243253,37.7177423],[-122.4248296,37.7175536],[-122.4253081,37.7173267],[-122.4257562,37.7170639],[-122.4261695,37.7167675],[-122.4265441,37.7164405],[-122.4268764,37.7160861],[-122.4271631,37.7157076],[-122.4274016,37.7153087],[-122.4275895,37.7148932],[-122.427725,37.7144651],[-122.4278068,37.7140286],[-122.4278341,37.7135879],[-122.4278067,37.7131471],[-122.4277249,37.7127106],[-122.4275893,37.7122826],[-122.4274013,37.7118671],[-122.4271628,37.7114682],[-122.426876,37.7110897],[-122.4265437,37.7107353],[-122.4261691,37.7104084],[-122.4257558,37.710112],[-122.4253078,37.7098492],[-122.4248293,37.7096223],[-122.4243251,37.7094337],[-122.4237999,37.709285],[-122.4232589,37.7091778],[-122.4227071,37.709113],[-122.42215,37.7090914],[-122.4215929,37.709113],[-122.4210411,37.7091778],[-122.4205001,37.709285],[-122.4199749,37.7094337],[-122.4194707,37.7096223],[-122.4189922,37.7098492],[-122.4185442,37.710112],[-122.4181309,37.7104084],[-122.4177563,37.7107353],[-122.417424,37.7110897],[-122.4171372,37.7114682],[-122.4168987,37.7118671],[-122.4167107,37.7122826],[-122.4165751,37.7127106],[-122.4164933,37.7131471],[-122.4164659,37.7135879],[-122.4164932,37.7140286],[-122.416575,37.7144651],[-122.4167105,37.7148932],[-122.4168984,37.7153087],[-122.4171369,37.7157076],[-122.4174236,37.7160861],[-122.4177559,37.7164405],[-122.4181305,37.7167675],[-122.4185438,37.7170639],[-122.4189919,37.7173267],[-122.4194704,37.7175536],[-122.4199747,37.7177423],[-122.4204999,37.717891],[-122.421041,37.7179982],[-122.4215928,37.7180629],[-122.42215,37.7180846]]]}},{"type":"Feature","id":"visitacionvalleymiddleschool","properties":{"id":"visitacionvalleymiddleschool","name":"Visitacion Valley Middle School","modes":["bus"]},"geometry":{"type":"Polygon","coordinates":[[[-122.413938,37.7207066],[-122.4144952,37.7206849],[-122.415047,37.7206202],[-122.4155882,37.720513],[-122.4161134,37.7203643],[-122.4166177,37.7201756],[-122.4170962,37.7199487],[-122.4175443,37.7196859],[-122.4179576,37.7193895],[-122.4183322,37.7190625],[-122.4186645,37.7187081],[-122.4189513,37.7183296],[-122.4191898,37.7179307],[-122.4193777,37.7175152],[-122.4195132,37.7170871],[-122.419595,37.7166506],[-122.4196223,37.7162099],[-122.4195949,37.7157691],[-122.4195131,37.7153326],[-122.4193775,37.7149046],[-122.4191895,37.7144891],[-122.418951,37.7140902],[-122.4186642,37.7137117],[-122.4183319,37.7133573],[-122.4179573,37.7130304],[-122.4175439,37.712734],[-122.4170959,37.7124712],[-122.4166174,37.7122443],[-122.4161132,37.7120557],[-122.415588,37.711907],[-122.4150469,37.7117998],[-122.4144951,37.711735],[-122.413938,37.7117134],[-122.4133809,37.711735],[-122.4128291,37.7117998],[-122.412288,37.711907],[-122.4117628,37.7120557],[-122.4112586,37.7122443],[-122.4107801,37.7124712],[-122.4103321,37.712734],[-122.4099187,37.7130304],[-122.4095441,37.7133573],[-122.4092118,37.7137117],[-122.408925,37.7140902],[-122.4086865,37.7144891],[-122.4084985,37.7149046],[-122.4083629,37.7153326],[-122.4082811,37.7157691],[-122.4082537,37.7162099],[-122.408281,37.7166506],[-122.4083628,37.7170871],[-122.4084983,37.7175152],[-122.4086862,37.7179307],[-122.4089247,37.7183296],[-122.4092115,37.7187081],[-122.4095438,37.7190625],[-122.4099184,37.7193895],[-122.4103317,37.7196859],[-122.4107798,37.7199487],[-122.4112583,37.7201756],[-122.4117626,37.7203643],[-122.4122878,37.720513],[-122.412829,37.7206202],[-122.4133808,37.7206849],[-122.413938,37.7207066]]]}},{"type":"Feature","id":"woolseyuniversity","properties":{"id":"woolseyuniversity","name":"Woolsey St & University St","modes":["bus"]},"geometry":{"type":"Polygon","coordinates":[[[-122.41238,37.7272066],[-122.4129372,37.7271849],[-122.4134891,37.7271202],[-122.4140303,37.727013],[-122.4145556,37.7268643],[-122.41506,37.7266756],[-122.4155385,37.7264487],[-122.4159866,37.7261859],[-122.4164,37.7258895],[-122.4167746,37.7255625],[-122.4171069,37.7252081],[-122.4173937,37.7248296],[-122.4176322,37.7244307],[-122.4178201,37.7240152],[-122.4179557,37.7235871],[-122.4180375,37.7231506],[-122.4180648,37.7227099],[-122.4180374,37.7222691],[-122.4179555,37.7218326],[-122.41782,37.7214046],[-122.417632,37.7209891],[-122.4173934,37.7205902],[-122.4171066,37.7202117],[-122.4167743,37.7198573],[-122.4163996,37.7195304],[-122.4159863,37.719234],[-122.4155382,37.7189712],[-122.4150597,37.7187443],[-122.4145554,37.7185557],[-122.4140301,37.718407],[-122.413489,37.7182998],[-122.4129372,37.718235],[-122.41238,37.7182134],[-122.4118228,37.718235],[-122.411271,37.7182998],[-122.4107299,37.718407],[-122.4102046,37.7185557],[-122.4097003,37.7187443],[-122.4092218,37.7189712],[-122.4087737,37.719234],[-122.4083604,37.7195304],[-122.4079857,37.7198573],[-122.4076534,37.7202117],[-122.4073666,37.7205902],[-122.407128,37.7209891],[-122.40694,37.7214046],[-122.4068045,37.7218326],[-122.4067226,37.7222691],[-122.4066952,37.7227099],[-122.4067225,37.7231506],[-122.4068043,37.7235871],[-122.4069399,37.7240152],[-122.4071278,37.7244307],[-122.4073663,37.7248296],[-122.4076531,37.7252081],[-122.4079854,37.7255625],[-122.40836,37.7258895],[-122.4087734,37.7261859],[-122.4092215,37.7264487],[-122.4097,37.7266756],[-122.4102044,37.7268643],[-122.4107297,37.727013],[-122.4112709,37.7271202],[-122.4118228,37.7271849],[-122.41238,37.7272066]]]}},{"type":"Feature","id":"bayshoresunnydale","properties":{"id":"bayshoresunnydale","name":"Bayshore Blvd & Sunnydale Ave","modes":["bus","metro"]},"geometry":{"type":"Polygon","coordinates":[[[-122.405113,37.7134666],[-122.4056701,37.7134449],[-122.4062219,37.7133802],[-122.406763,37.713273],[-122.4072882,37.7131243],[-122.4077925,37.7129356],[-122.4082709,37.7127087],[-122.4087189,37.7124459],[-122.4091322,37.7121495],[-122.4095068,37.7118225],[-122.4098391,37.7114681],[-122.4101258,37.7110896],[-122.4103643,37.7106907],[-122.4105521,37.7102752],[-122.4106876,37.7098471],[-122.4107695,37.7094106],[-122.4107968,37.7089699],[-122.4107694,37.7085291],[-122.4106875,37.7080926],[-122.4105519,37.7076646],[-122.410364,37.7072491],[-122.4101255,37.7068502],[-122.4098387,37.7064717],[-122.4095065,37.7061173],[-122.4091319,37.7057904],[-122.4087186,37.705494],[-122.4082706,37.7052312],[-122.4077922,37.7050043],[-122.407288,37.7048157],[-122.4067628,37.704667],[-122.4062218,37.7045598],[-122.4056701,37.704495],[-122.405113,37.7044734],[-122.4045559,37.704495],[-122.4040042,37.7045598],[-122.4034632,37.704667],[-122.402938,37.7048157],[-122.4024338,37.7050043],[-122.4019554,37.7052312],[-122.4015074,37.705494],[-122.4010941,37.7057904],[-122.4007195,37.7061173],[-122.4003873,37.7064717],[-122.4001005,37.7068502],[-122.399862,37.7072491],[-122.3996741,37.7076646],[-122.3995385,37.7080926],[-122.3994566,37.7085291],[-122.3994292,37.7089699],[-122.3994565,37.7094106],[-122.3995384,37.7098471],[-122.3996739,37.7102752],[-122.3998617,37.7106907],[-122.4001002,37.7110896],[-122.4003869,37.7114681],[-122.4007192,37.7118225],[-122.4010938,37.7121495],[-122.4015071,37.7124459],[-122.4019551,37.7127087],[-122.4024335,37.7129356],[-122.4029378,37.7131243],[-122.403463,37.713273],[-122.4040041,37.7133802],[-122.4045559,37.7134449],[-122.405113,37.7134666]]]}},{"type":"Feature","id":"mansellgoettingen","properties":{"id":"mansellgoettingen","name":"Mansell St & Goettingen St","modes":["bus"]},"geometry":{"type":"Polygon","coordinates":[[[-122.404098,37.7251736],[-122.4046552,37.7251519],[-122.4052071,37.7250872],[-122.4057483,37.72498],[-122.4062736,37.7248313],[-122.4067779,37.7246426],[-122.4072564,37.7244157],[-122.4077045,37.7241529],[-122.4081179,37.7238565],[-122.4084925,37.7235295],[-122.4088248,37.7231751],[-122.4091116,37.7227966],[-122.4093501,37.7223977],[-122.409538,37.7219822],[-122.4096735,37.7215541],[-122.4097553,37.7211176],[-122.4097827,37.7206769],[-122.4097553,37.7202361],[-122.4096734,37.7197996],[-122.4095378,37.7193716],[-122.4093498,37.7189561],[-122.4091113,37.7185572],[-122.4088245,37.7181787],[-122.4084922,37.7178243],[-122.4081175,37.7174974],[-122.4077042,37.717201],[-122.4072561,37.7169382],[-122.4067776,37.7167113],[-122.4062733,37.7165227],[-122.4057481,37.716374],[-122.405207,37.7162668],[-122.4046552,37.716202],[-122.404098,37.7161804],[-122.4035408,37.716202],[-122.402989,37.7162668],[-122.4024479,37.716374],[-122.4019227,37.7165227],[-122.4014184,37.7167113],[-122.4009399,37.7169382],[-122.4004918,37.717201],[-122.4000785,37.7174974],[-122.3997038,37.7178243],[-122.3993715,37.7181787],[-122.3990847,37.7185572],[-122.3988462,37.7189561],[-122.3986582,37.7193716],[-122.3985226,37.7197996],[-122.3984407,37.7202361],[-122.3984133,37.7206769],[-122.3984407,37.7211176],[-122.3985225,37.7215541],[-122.398658,37.7219822],[-122.3988459,37.7223977],[-122.3990844,37.7227966],[-122.3993712,37.7231751],[-122.3997035,37.7235295],[-122.4000781,37.7238565],[-122.4004915,37.7241529],[-122.4009396,37.7244157],[-122.4014181,37.7246426],[-122.4019224,37.7248313],[-122.4024477,37.72498],[-122.4029889,37.7250872],[-122.4035408,37.7251519],[-122.404098,37.7251736]]]}},{"type":"Feature","id":"bacongirard","properties":{"id":"bacongirard","name":"Bacon St & Girard St","modes":["bus"]},"geometry":{"type":"Polygon","coordinates":[[[-122.40451,37.7319366],[-122.4050673,37.7319149],[-122.4056192,37.7318502],[-122.4061604,37.731743],[-122.4066858,37.7315943],[-122.4071901,37.7314056],[-122.4076687,37.7311787],[-122.4081168,37.7309159],[-122.4085302,37.7306195],[-122.4089049,37.7302925],[-122.4092372,37.7299381],[-122.409524,37.7295596],[-122.4097626,37.7291607],[-122.4099505,37.7287452],[-122.410086,37.7283171],[-122.4101679,37.7278806],[-122.4101952,37.7274399],[-122.4101678,37.7269991],[-122.4100859,37.7265626],[-122.4099503,37.7261346],[-122.4097623,37.7257191],[-122.4095238,37.7253202],[-122.4092369,37.7249417],[-122.4089046,37.7245873],[-122.4085299,37.7242604],[-122.4081165,37.723964],[-122.4076684,37.7237012],[-122.4071898,37.7234743],[-122.4066855,37.7232857],[-122.4061602,37.723137],[-122.4056191,37.7230298],[-122.4050672,37.722965],[-122.40451,37.7229434],[-122.4039528,37.722965],[-122.4034009,37.7230298],[-122.4028598,37.723137],[-122.4023345,37.7232857],[-122.4018302,37.7234743],[-122.4013516,37.7237012],[-122.4009035,37.723964],[-122.4004901,37.7242604],[-122.4001154,37.7245873],[-122.3997831,37.7249417],[-122.3994962,37.7253202],[-122.3992577,37.7257191],[-122.3990697,37.7261346],[-122.3989341,37.7265626],[-122.3988522,37.7269991],[-122.3988248,37.7274399],[-122.3988521,37.7278806],[-122.398934,37.7283171],[-122.3990695,37.7287452],[-122.3992574,37.7291607],[-122.399496,37.7295596],[-122.3997828,37.7299381],[-122.4001151,37.7302925],[-122.4004898,37.7306195],[-122.4009032,37.7309159],[-122.4013513,37.7311787],[-122.4018299,37.7314056],[-122.4023342,37.7315943],[-122.4028596,37.731743],[-122.4034008,37.7318502],[-122.4039527,37.7319149],[-122.40451,37.7319366]]]}},{"type":"Feature","id":"silverboylston","properties":{"id":"silverboylston","name":"Silver Ave & Boylston St","modes":["bus"]},"geometry":{"type":"Polygon","coordinates":[[[-122.410839,37.7354096],[-122.4113963,37.7353879],[-122.4119482,37.7353232],[-122.4124895,37.735216],[-122.4130149,37.7350673],[-122.4135193,37.7348786],[-122.4139978,37.7346517],[-122.414446,37.7343889],[-122.4148594,37.7340925],[-122.4152341,37.7337655],[-122.4155665,37.7334111],[-122.4158533,37.7330326],[-122.4160918,37.7326337],[-122.4162798,37.7322182],[-122.4164153,37.7317901],[-122.4164971,37.7313536],[-122.4165245,37.7309129],[-122.4164971,37.7304721],[-122.4164152,37.7300356],[-122.4162796,37.7296076],[-122.4160916,37.7291921],[-122.415853,37.7287932],[-122.4155661,37.7284147],[-122.4152338,37.7280603],[-122.4148591,37.7277334],[-122.4144457,37.727437],[-122.4139975,37.7271742],[-122.413519,37.7269473],[-122.4130146,37.7267587],[-122.4124893,37.72661],[-122.4119481,37.7265028],[-122.4113962,37.726438],[-122.410839,37.7264164],[-122.4102818,37.726438],[-122.4097299,37.7265028],[-122.4091887,37.72661],[-122.4086634,37.7267587],[-122.408159,37.7269473],[-122.4076805,37.7271742],[-122.4072323,37.727437],[-122.4068189,37.7277334],[-122.4064442,37.7280603],[-122.4061119,37.7284147],[-122.405825,37.7287932],[-122.4055864,37.7291921],[-122.4053984,37.7296076],[-122.4052628,37.7300356],[-122.4051809,37.7304721],[-122.4051535,37.7309129],[-122.4051809,37.7313536],[-122.4052627,37.7317901],[-122.4053982,37.7322182],[-122.4055862,37.7326337],[-122.4058247,37.7330326],[-122.4061115,37.7334111],[-122.4064439,37.7337655],[-122.4068186,37.7340925],[-122.407232,37.7343889],[-122.4076802,37.7346517],[-122.4081587,37.7348786],[-122.4086631,37.7350673],[-122.4091885,37.735216],[-122.4097298,37.7353232],[-122.4102817,37.7353879],[-122.410839,37.7354096]]]}},{"type":"Feature","id":"oakdaletoland","properties":{"id":"oakdaletoland","name":"Oakdale Ave & Toland St","modes":["bus"]},"geometry":{"type":"Polygon","coordinates":[[[-122.401623,37.7454626],[-122.4021804,37.7454409],[-122.4027324,37.7453762],[-122.4032737,37.745269],[-122.4037992,37.7451203],[-122.4043036,37.7449316],[-122.4047823,37.7447047],[-122.4052305,37.7444419],[-122.405644,37.7441455],[-122.4060187,37.7438185],[-122.4063511,37.7434641],[-122.406638,37.7430856],[-122.4068765,37.7426867],[-122.4070645,37.7422712],[-122.4072,37.7418431],[-122.4072819,37.7414066],[-122.4073092,37.7409659],[-122.4072818,37.7405251],[-122.4071999,37.7400886],[-122.4070643,37.7396606],[-122.4068763,37.7392451],[-122.4066377,37.7388462],[-122.4063508,37.7384677],[-122.4060184,37.7381133],[-122.4056436,37.7377864],[-122.4052301,37.73749],[-122.4047819,37.7372272],[-122.4043033,37.7370003],[-122.4037989,37.7368117],[-122.4032735,37.736663],[-122.4027323,37.7365558],[-122.4021803,37.736491],[-122.401623,37.7364694],[-122.4010657,37.736491],[-122.4005137,37.7365558],[-122.3999725,37.736663],[-122.3994471,37.7368117],[-122.3989427,37.7370003],[-122.3984641,37.7372272],[-122.3980159,37.73749],[-122.3976024,37.7377864],[-122.3972276,37.7381133],[-122.3968952,37.7384677],[-122.3966083,37.7388462],[-122.3963697,37.7392451],[-122.3961817,37.7396606],[-122.3960461,37.7400886],[-122.3959642,37.7405251],[-122.3959368,37.7409659],[-122.3959641,37.7414066],[-122.396046,37.7418431],[-122.3961815,37.7422712],[-122.3963695,37.7426867],[-122.396608,37.7430856],[-122.3968949,37.7434641],[-122.3972273,37.7438185],[-122.397602,37.7441455],[-122.3980155,37.7444419],[-122.3984637,37.7447047],[-122.3989424,37.7449316],[-122.3994468,37.7451203],[-122.3999723,37.745269],[-122.4005136,37.7453762],[-122.4010656,37.7454409],[-122.401623,37.7454626]]]}},{"type":"Feature","id":"16thrhodeisland","properties":{"id":"16thrhodeisland","name":"16th Street & Rhode Island St","modes":["bus"]},"geometry":{"type":"Polygon","coordinates":[[[-122.402822,37.7706066],[-122.4033796,37.7705849],[-122.4039318,37.7705202],[-122.4044733,37.770413],[-122.4049989,37.7702643],[-122.4055035,37.7700756],[-122.4059823,37.7698487],[-122.4064307,37.7695859],[-122.4068443,37.7692895],[-122.4072192,37.7689625],[-122.4075517,37.7686081],[-122.4078387,37.7682296],[-122.4080773,37.7678307],[-122.4082653,37.7674152],[-122.4084009,37.7669871],[-122.4084828,37.7665506],[-122.4085102,37.7661099],[-122.4084828,37.7656691],[-122.4084008,37.7652326],[-122.4082651,37.7648046],[-122.4080771,37.7643891],[-122.4078384,37.7639902],[-122.4075514,37.7636117],[-122.4072188,37.7632573],[-122.406844,37.7629304],[-122.4064304,37.762634],[-122.405982,37.7623712],[-122.4055032,37.7621443],[-122.4049986,37.7619557],[-122.4044731,37.761807],[-122.4039316,37.7616998],[-122.4033795,37.761635],[-122.402822,37.7616134],[-122.4022645,37.761635],[-122.4017124,37.7616998],[-122.4011709,37.761807],[-122.4006454,37.7619557],[-122.4001408,37.7621443],[-122.399662,37.7623712],[-122.3992136,37.762634],[-122.3988,37.7629304],[-122.3984252,37.7632573],[-122.3980926,37.7636117],[-122.3978056,37.7639902],[-122.3975669,37.7643891],[-122.3973789,37.7648046],[-122.3972432,37.7652326],[-122.3971612,37.7656691],[-122.3971338,37.7661099],[-122.3971612,37.7665506],[-122.3972431,37.7669871],[-122.3973787,37.7674152],[-122.3975667,37.7678307],[-122.3978053,37.7682296],[-122.3980923,37.7686081],[-122.3984248,37.7689625],[-122.3987997,37.7692895],[-122.3992133,37.7695859],[-122.3996617,37.7698487],[-122.4001405,37.7700756],[-122.4006451,37.7702643],[-122.4011707,37.770413],[-122.4017122,37.7705202],[-122.4022644,37.7705849],[-122.402822,37.7706066]]]}},{"type":"Feature","id":"connecticut19th","properties":{"id":"connecticut19th","name":"Connecticut St & 19th St","modes":["bus"]},"geometry":{"type":"Polygon","coordinates":[[[-122.397473,37.7658226],[-122.3980305,37.7658009],[-122.3985827,37.7657362],[-122.3991242,37.765629],[-122.3996498,37.7654803],[-122.4001544,37.7652916],[-122.4006331,37.7650647],[-122.4010815,37.7648019],[-122.4014951,37.7645055],[-122.4018699,37.7641785],[-122.4022024,37.7638241],[-122.4024893,37.7634456],[-122.402728,37.7630467],[-122.402916,37.7626312],[-122.4030516,37.7622031],[-122.4031335,37.7617666],[-122.4031608,37.7613259],[-122.4031334,37.7608851],[-122.4030515,37.7604486],[-122.4029158,37.7600206],[-122.4027277,37.7596051],[-122.4024891,37.7592062],[-122.4022021,37.7588277],[-122.4018696,37.7584733],[-122.4014947,37.7581464],[-122.4010811,37.75785],[-122.4006328,37.7575872],[-122.4001541,37.7573603],[-122.3996495,37.7571717],[-122.399124,37.757023],[-122.3985826,37.7569158],[-122.3980305,37.756851],[-122.397473,37.7568294],[-122.3969155,37.756851],[-122.3963634,37.7569158],[-122.395822,37.757023],[-122.3952965,37.7571717],[-122.3947919,37.7573603],[-122.3943132,37.7575872],[-122.3938649,37.75785],[-122.3934513,37.7581464],[-122.3930764,37.7584733],[-122.3927439,37.7588277],[-122.3924569,37.7592062],[-122.3922183,37.7596051],[-122.3920302,37.7600206],[-122.3918945,37.7604486],[-122.3918126,37.7608851],[-122.3917852,37.7613259],[-122.3918125,37.7617666],[-122.3918944,37.7622031],[-122.39203,37.7626312],[-122.392218,37.7630467],[-122.3924567,37.7634456],[-122.3927436,37.7638241],[-122.3930761,37.7641785],[-122.3934509,37.7645055],[-122.3938645,37.7648019],[-122.3943129,37.7650647],[-122.3947916,37.7652916],[-122.3952962,37.7654803],[-122.3958218,37.765629],[-122.3963633,37.7657362],[-122.3969155,37.7658009],[-122.397473,37.7658226]]]}},{"type":"Feature","id":"rhodeisland24th","properties":{"id":"rhodeisland24th","name":"Rhode Island St & 24th St","modes":["bus"]},"geometry":{"type":"Polygon","coordinates":[[[-122.40161,37.7580166],[-122.4021675,37.7579949],[-122.4027196,37.7579302],[-122.403261,37.757823],[-122.4037865,37.7576743],[-122.4042911,37.7574856],[-122.4047698,37.7572587],[-122.4052181,37.7569959],[-122.4056316,37.7566995],[-122.4060064,37.7563725],[-122.4063389,37.7560181],[-122.4066258,37.7556396],[-122.4068644,37.7552407],[-122.4070524,37.7548252],[-122.407188,37.7543971],[-122.4072699,37.7539606],[-122.4072972,37.7535199],[-122.4072698,37.7530791],[-122.4071879,37.7526426],[-122.4070522,37.7522146],[-122.4068642,37.7517991],[-122.4066255,37.7514002],[-122.4063386,37.7510217],[-122.4060061,37.7506673],[-122.4056313,37.7503404],[-122.4052178,37.750044],[-122.4047695,37.7497812],[-122.4042908,37.7495543],[-122.4037863,37.7493657],[-122.4032608,37.749217],[-122.4027195,37.7491098],[-122.4021674,37.749045],[-122.40161,37.7490234],[-122.4010526,37.749045],[-122.4005005,37.7491098],[-122.3999592,37.749217],[-122.3994337,37.7493657],[-122.3989292,37.7495543],[-122.3984505,37.7497812],[-122.3980022,37.750044],[-122.3975887,37.7503404],[-122.3972139,37.7506673],[-122.3968814,37.7510217],[-122.3965945,37.7514002],[-122.3963558,37.7517991],[-122.3961678,37.7522146],[-122.3960321,37.7526426],[-122.3959502,37.7530791],[-122.3959228,37.7535199],[-122.3959501,37.7539606],[-122.396032,37.7543971],[-122.3961676,37.7548252],[-122.3963556,37.7552407],[-122.3965942,37.7556396],[-122.3968811,37.7560181],[-122.3972136,37.7563725],[-122.3975884,37.7566995],[-122.3980019,37.7569959],[-122.3984502,37.7572587],[-122.3989289,37.7574856],[-122.3994335,37.7576743],[-122.399959,37.757823],[-122.4005004,37.7579302],[-122.4010525,37.7579949],[-122.40161,37.7580166]]]}},{"type":"Feature","id":"marinalaguna","properties":{"id":"marinalaguna","name":"Marina Blvd & Laguna St","modes":["bus"]},"geometry":{"type":"Polygon","coordinates":[[[-122.432185,37.8096146],[-122.4327429,37.8095929],[-122.4332954,37.8095282],[-122.4338372,37.809421],[-122.434363,37.8092723],[-122.4348679,37.8090836],[-122.435347,37.8088567],[-122.4357956,37.8085939],[-122.4362094,37.8082975],[-122.4365845,37.8079705],[-122.4369172,37.8076161],[-122.4372043,37.8072376],[-122.4374431,37.8068387],[-122.4376312,37.8064232],[-122.4377669,37.8059951],[-122.4378488,37.8055586],[-122.4378762,37.8051179],[-122.4378487,37.8046771],[-122.4377668,37.8042406],[-122.437631,37.8038126],[-122.4374428,37.8033971],[-122.437204,37.8029982],[-122.4369169,37.8026197],[-122.4365842,37.8022653],[-122.4362091,37.8019384],[-122.4357953,37.801642],[-122.4353467,37.8013792],[-122.4348677,37.8011523],[-122.4343628,37.8009637],[-122.433837,37.800815],[-122.4332952,37.8007078],[-122.4327428,37.800643],[-122.432185,37.8006214],[-122.4316272,37.800643],[-122.4310748,37.8007078],[-122.430533,37.800815],[-122.4300072,37.8009637],[-122.4295023,37.8011523],[-122.4290233,37.8013792],[-122.4285747,37.801642],[-122.4281609,37.8019384],[-122.4277858,37.8022653],[-122.4274531,37.8026197],[-122.427166,37.8029982],[-122.4269272,37.8033971],[-122.426739,37.8038126],[-122.4266032,37.8042406],[-122.4265213,37.8046771],[-122.4264938,37.8051179],[-122.4265212,37.8055586],[-122.4266031,37.8059951],[-122.4267388,37.8064232],[-122.4269269,37.8068387],[-122.4271657,37.8072376],[-122.4274528,37.8076161],[-122.4277855,37.8079705],[-122.4281606,37.8082975],[-122.4285744,37.8085939],[-122.429023,37.8088567],[-122.4295021,37.8090836],[-122.430007,37.8092723],[-122.4305328,37.809421],[-122.4310746,37.8095282],[-122.4316271,37.8095929],[-122.432185,37.8096146]]]}},{"type":"Feature","id":"fillmorechestnut","properties":{"id":"fillmorechestnut","name":"Fillmore St & Chestnut St","modes":["bus"]},"geometry":{"type":"Polygon","coordinates":[[[-122.436229,37.8055876],[-122.4367868,37.8055659],[-122.4373393,37.8055012],[-122.4378811,37.805394],[-122.4384069,37.8052453],[-122.4389118,37.8050566],[-122.4393908,37.8048297],[-122.4398394,37.8045669],[-122.4402532,37.8042705],[-122.4406283,37.8039435],[-122.4409609,37.8035891],[-122.441248,37.8032106],[-122.4414868,37.8028117],[-122.4416749,37.8023962],[-122.4418106,37.8019681],[-122.4418925,37.8015316],[-122.4419199,37.8010909],[-122.4418924,37.8006501],[-122.4418105,37.8002136],[-122.4416747,37.7997856],[-122.4414866,37.7993701],[-122.4412478,37.7989712],[-122.4409606,37.7985927],[-122.4406279,37.7982383],[-122.4402529,37.7979114],[-122.4398391,37.797615],[-122.4393905,37.7973522],[-122.4389115,37.7971253],[-122.4384067,37.7969367],[-122.4378809,37.796788],[-122.4373392,37.7966808],[-122.4367868,37.796616],[-122.436229,37.7965944],[-122.4356712,37.796616],[-122.4351188,37.7966808],[-122.4345771,37.796788],[-122.4340513,37.7969367],[-122.4335465,37.7971253],[-122.4330675,37.7973522],[-122.4326189,37.797615],[-122.4322051,37.7979114],[-122.4318301,37.7982383],[-122.4314974,37.7985927],[-122.4312102,37.7989712],[-122.4309714,37.7993701],[-122.4307833,37.7997856],[-122.4306475,37.8002136],[-122.4305656,37.8006501],[-122.4305381,37.8010909],[-122.4305655,37.8015316],[-122.4306474,37.8019681],[-122.4307831,37.8023962],[-122.4309712,37.8028117],[-122.43121,37.8032106],[-122.4314971,37.8035891],[-122.4318297,37.8039435],[-122.4322048,37.8042705],[-122.4326186,37.8045669],[-122.4330672,37.8048297],[-122.4335462,37.8050566],[-122.4340511,37.8052453],[-122.4345769,37.805394],[-122.4351187,37.8055012],[-122.4356712,37.8055659],[-122.436229,37.8055876]]]}},{"type":"Feature","id":"fillmoresacramento","properties":{"id":"fillmoresacramento","name":"Fillmore St & Sacramento St","modes":["bus"]},"geometry":{"type":"Polygon","coordinates":[[[-122.433947,37.7942406],[-122.4345048,37.7942189],[-122.4350571,37.7941542],[-122.4355988,37.794047],[-122.4361246,37.7938983],[-122.4366294,37.7937096],[-122.4371084,37.7934827],[-122.4375569,37.7932199],[-122.4379706,37.7929235],[-122.4383456,37.7925965],[-122.4386782,37.7922421],[-122.4389653,37.7918636],[-122.439204,37.7914647],[-122.4393921,37.7910492],[-122.4395277,37.7906211],[-122.4396096,37.7901846],[-122.439637,37.7897439],[-122.4396096,37.7893031],[-122.4395276,37.7888666],[-122.4393919,37.7884386],[-122.4392037,37.7880231],[-122.438965,37.7876242],[-122.4386779,37.7872457],[-122.4383453,37.7868913],[-122.4379703,37.7865644],[-122.4375565,37.786268],[-122.437108,37.7860052],[-122.4366291,37.7857783],[-122.4361243,37.7855897],[-122.4355986,37.785441],[-122.435057,37.7853338],[-122.4345047,37.785269],[-122.433947,37.7852474],[-122.4333893,37.785269],[-122.432837,37.7853338],[-122.4322954,37.785441],[-122.4317697,37.7855897],[-122.4312649,37.7857783],[-122.430786,37.7860052],[-122.4303375,37.786268],[-122.4299237,37.7865644],[-122.4295487,37.7868913],[-122.4292161,37.7872457],[-122.428929,37.7876242],[-122.4286903,37.7880231],[-122.4285021,37.7884386],[-122.4283664,37.7888666],[-122.4282844,37.7893031],[-122.428257,37.7897439],[-122.4282844,37.7901846],[-122.4283663,37.7906211],[-122.4285019,37.7910492],[-122.42869,37.7914647],[-122.4289287,37.7918636],[-122.4292158,37.7922421],[-122.4295484,37.7925965],[-122.4299234,37.7929235],[-122.4303371,37.7932199],[-122.4307856,37.7934827],[-122.4312646,37.7937096],[-122.4317694,37.7938983],[-122.4322952,37.794047],[-122.4328369,37.7941542],[-122.4333892,37.7942189],[-122.433947,37.7942406]]]}},{"type":"Feature","id":"sacramentooctavia","properties":{"id":"sacramentooctavia","name":"Sacramento St & Octavia St","modes":["bus"]},"geometry":{"type":"Polygon","coordinates":[[[-122.42746,37.7952566],[-122.4280178,37.7952349],[-122.4285701,37.7951702],[-122.4291118,37.795063],[-122.4296376,37.7949143],[-122.4301424,37.7947256],[-122.4306214,37.7944987],[-122.4310699,37.7942359],[-122.4314837,37.7939395],[-122.4318587,37.7936125],[-122.4321913,37.7932581],[-122.4324783,37.7928796],[-122.4327171,37.7924807],[-122.4329052,37.7920652],[-122.4330408,37.7916371],[-122.4331227,37.7912006],[-122.4331501,37.7907599],[-122.4331226,37.7903191],[-122.4330407,37.7898826],[-122.432905,37.7894546],[-122.4327168,37.7890391],[-122.4324781,37.7886402],[-122.432191,37.7882617],[-122.4318583,37.7879073],[-122.4314833,37.7875804],[-122.4310696,37.787284],[-122.4306211,37.7870212],[-122.4301421,37.7867943],[-122.4296374,37.7866057],[-122.4291116,37.786457],[-122.42857,37.7863498],[-122.4280177,37.786285],[-122.42746,37.7862634],[-122.4269023,37.786285],[-122.42635,37.7863498],[-122.4258084,37.786457],[-122.4252826,37.7866057],[-122.4247779,37.7867943],[-122.4242989,37.7870212],[-122.4238504,37.787284],[-122.4234367,37.7875804],[-122.4230617,37.7879073],[-122.422729,37.7882617],[-122.4224419,37.7886402],[-122.4222032,37.7890391],[-122.422015,37.7894546],[-122.4218793,37.7898826],[-122.4217974,37.7903191],[-122.4217699,37.7907599],[-122.4217973,37.7912006],[-122.4218792,37.7916371],[-122.4220148,37.7920652],[-122.4222029,37.7924807],[-122.4224417,37.7928796],[-122.4227287,37.7932581],[-122.4230613,37.7936125],[-122.4234363,37.7939395],[-122.4238501,37.7942359],[-122.4242986,37.7944987],[-122.4247776,37.7947256],[-122.4252824,37.7949143],[-122.4258082,37.795063],[-122.4263499,37.7951702],[-122.4269022,37.7952349],[-122.42746,37.7952566]]]}},{"type":"Feature","id":"jacksonscott","properties":{"id":"jacksonscott","name":"Jackson St & Scott St","modes":["bus"]},"geometry":{"type":"Polygon","coordinates":[[[-122.439612,37.7962686],[-122.4401698,37.7962469],[-122.4407222,37.7961822],[-122.4412639,37.796075],[-122.4417896,37.7959263],[-122.4422945,37.7957376],[-122.4427734,37.7955107],[-122.443222,37.7952479],[-122.4436357,37.7949515],[-122.4440107,37.7946245],[-122.4443433,37.7942701],[-122.4446304,37.7938916],[-122.4448691,37.7934927],[-122.4450572,37.7930772],[-122.4451929,37.7926491],[-122.4452748,37.7922126],[-122.4453022,37.7917719],[-122.4452747,37.7913311],[-122.4451927,37.7908946],[-122.445057,37.7904666],[-122.4448689,37.7900511],[-122.4446301,37.7896522],[-122.444343,37.7892737],[-122.4440104,37.7889193],[-122.4436354,37.7885924],[-122.4432216,37.788296],[-122.4427731,37.7880332],[-122.4422942,37.7878063],[-122.4417894,37.7876177],[-122.4412637,37.787469],[-122.440722,37.7873618],[-122.4401697,37.787297],[-122.439612,37.7872754],[-122.4390543,37.787297],[-122.438502,37.7873618],[-122.4379603,37.787469],[-122.4374346,37.7876177],[-122.4369298,37.7878063],[-122.4364509,37.7880332],[-122.4360024,37.788296],[-122.4355886,37.7885924],[-122.4352136,37.7889193],[-122.434881,37.7892737],[-122.4345939,37.7896522],[-122.4343551,37.7900511],[-122.434167,37.7904666],[-122.4340313,37.7908946],[-122.4339493,37.7913311],[-122.4339218,37.7917719],[-122.4339492,37.7922126],[-122.4340311,37.7926491],[-122.4341668,37.7930772],[-122.4343549,37.7934927],[-122.4345936,37.7938916],[-122.4348807,37.7942701],[-122.4352133,37.7946245],[-122.4355883,37.7949515],[-122.436002,37.7952479],[-122.4364506,37.7955107],[-122.4369295,37.7957376],[-122.4374344,37.7959263],[-122.4379601,37.796075],[-122.4385018,37.7961822],[-122.4390542,37.7962469],[-122.439612,37.7962686]]]}},{"type":"Feature","id":"lyonunion","properties":{"id":"lyonunion","name":"Lyon St & Union St","modes":["bus"]},"geometry":{"type":"Polygon","coordinates":[[[-122.446965,37.8002206],[-122.4475228,37.8001989],[-122.4480752,37.8001342],[-122.4486169,37.800027],[-122.4491428,37.7998783],[-122.4496476,37.7996896],[-122.4501266,37.7994627],[-122.4505752,37.7991999],[-122.4509889,37.7989035],[-122.451364,37.7985765],[-122.4516966,37.7982221],[-122.4519837,37.7978436],[-122.4522224,37.7974447],[-122.4524105,37.7970292],[-122.4525462,37.7966011],[-122.4526281,37.7961646],[-122.4526555,37.7957239],[-122.452628,37.7952831],[-122.452546,37.7948466],[-122.4524103,37.7944186],[-122.4522222,37.7940031],[-122.4519834,37.7936042],[-122.4516963,37.7932257],[-122.4513636,37.7928713],[-122.4509886,37.7925444],[-122.4505748,37.792248],[-122.4501263,37.7919852],[-122.4496473,37.7917583],[-122.4491425,37.7915697],[-122.4486168,37.791421],[-122.4480751,37.7913138],[-122.4475227,37.791249],[-122.446965,37.7912274],[-122.4464073,37.791249],[-122.4458549,37.7913138],[-122.4453132,37.791421],[-122.4447875,37.7915697],[-122.4442827,37.7917583],[-122.4438037,37.7919852],[-122.4433552,37.792248],[-122.4429414,37.7925444],[-122.4425664,37.7928713],[-122.4422337,37.7932257],[-122.4419466,37.7936042],[-122.4417078,37.7940031],[-122.4415197,37.7944186],[-122.441384,37.7948466],[-122.441302,37.7952831],[-122.4412745,37.7957239],[-122.4413019,37.7961646],[-122.4413838,37.7966011],[-122.4415195,37.7970292],[-122.4417076,37.7974447],[-122.4419463,37.7978436],[-122.4422334,37.7982221],[-122.442566,37.7985765],[-122.4429411,37.7989035],[-122.4433548,37.7991999],[-122.4438034,37.7994627],[-122.4442824,37.7996896],[-122.4447872,37.7998783],[-122.4453131,37.800027],[-122.4458548,37.8001342],[-122.4464072,37.8001989],[-122.446965,37.8002206]]]}},{"type":"Feature","id":"masonyachtgirard","properties":{"id":"masonyachtgirard","name":"Mason St - Yacht/Girard","modes":["bus"]},"geometry":{"type":"Polygon","coordinates":[[[-122.448502,37.8095176],[-122.4490599,37.8094959],[-122.4496124,37.8094312],[-122.4501542,37.809324],[-122.45068,37.8091753],[-122.4511849,37.8089866],[-122.451664,37.8087597],[-122.4521126,37.8084969],[-122.4525264,37.8082005],[-122.4529015,37.8078735],[-122.4532342,37.8075191],[-122.4535213,37.8071406],[-122.4537601,37.8067417],[-122.4539482,37.8063262],[-122.4540839,37.8058981],[-122.4541658,37.8054616],[-122.4541932,37.8050209],[-122.4541657,37.8045801],[-122.4540838,37.8041436],[-122.453948,37.8037156],[-122.4537598,37.8033001],[-122.453521,37.8029012],[-122.4532339,37.8025227],[-122.4529012,37.8021683],[-122.4525261,37.8018414],[-122.4521123,37.801545],[-122.4516637,37.8012822],[-122.4511847,37.8010553],[-122.4506798,37.8008667],[-122.450154,37.800718],[-122.4496122,37.8006108],[-122.4490598,37.800546],[-122.448502,37.8005244],[-122.4479442,37.800546],[-122.4473918,37.8006108],[-122.44685,37.800718],[-122.4463242,37.8008667],[-122.4458193,37.8010553],[-122.4453403,37.8012822],[-122.4448917,37.801545],[-122.4444779,37.8018414],[-122.4441028,37.8021683],[-122.4437701,37.8025227],[-122.443483,37.8029012],[-122.4432442,37.8033001],[-122.443056,37.8037156],[-122.4429202,37.8041436],[-122.4428383,37.8045801],[-122.4428108,37.8050209],[-122.4428382,37.8054616],[-122.4429201,37.8058981],[-122.4430558,37.8063262],[-122.4432439,37.8067417],[-122.4434827,37.8071406],[-122.4437698,37.8075191],[-122.4441025,37.8078735],[-122.4444776,37.8082005],[-122.4448914,37.8084969],[-122.44534,37.8087597],[-122.4458191,37.8089866],[-122.446324,37.8091753],[-122.4468498,37.809324],[-122.4473916,37.8094312],[-122.4479441,37.8094959],[-122.448502,37.8095176]]]}},{"type":"Feature","id":"masonsportsbasement","properties":{"id":"masonsportsbasement","name":"Mason St - Sports Basement","modes":["bus"]},"geometry":{"type":"Polygon","coordinates":[[[-122.458967,37.8080616],[-122.4595249,37.8080399],[-122.4600773,37.8079752],[-122.4606191,37.807868],[-122.461145,37.8077193],[-122.4616499,37.8075306],[-122.4621289,37.8073037],[-122.4625775,37.8070409],[-122.4629914,37.8067445],[-122.4633664,37.8064175],[-122.4636991,37.8060631],[-122.4639862,37.8056846],[-122.464225,37.8052857],[-122.4644131,37.8048702],[-122.4645488,37.8044421],[-122.4646307,37.8040056],[-122.4646581,37.8035649],[-122.4646306,37.8031241],[-122.4645486,37.8026876],[-122.4644129,37.8022596],[-122.4642247,37.8018441],[-122.4639859,37.8014452],[-122.4636988,37.8010667],[-122.4633661,37.8007123],[-122.462991,37.8003854],[-122.4625772,37.800089],[-122.4621286,37.7998262],[-122.4616496,37.7995993],[-122.4611448,37.7994107],[-122.4606189,37.799262],[-122.4600772,37.7991548],[-122.4595248,37.79909],[-122.458967,37.7990684],[-122.4584092,37.79909],[-122.4578568,37.7991548],[-122.4573151,37.799262],[-122.4567892,37.7994107],[-122.4562844,37.7995993],[-122.4558054,37.7998262],[-122.4553568,37.800089],[-122.454943,37.8003854],[-122.4545679,37.8007123],[-122.4542352,37.8010667],[-122.4539481,37.8014452],[-122.4537093,37.8018441],[-122.4535211,37.8022596],[-122.4533854,37.8026876],[-122.4533034,37.8031241],[-122.4532759,37.8035649],[-122.4533033,37.8040056],[-122.4533852,37.8044421],[-122.4535209,37.8048702],[-122.453709,37.8052857],[-122.4539478,37.8056846],[-122.4542349,37.8060631],[-122.4545676,37.8064175],[-122.4549426,37.8067445],[-122.4553565,37.8070409],[-122.4558051,37.8073037],[-122.4562841,37.8075306],[-122.456789,37.8077193],[-122.4573149,37.807868],[-122.4578567,37.8079752],[-122.4584091,37.8080399],[-122.458967,37.8080616]]]}},{"type":"Feature","id":"lincolnpershingdr","properties":{"id":"lincolnpershingdr","name":"Lincoln Blvd & Pershing Dr","modes":["bus"]},"geometry":{"type":"Polygon","coordinates":[[[-122.480968,37.7965846],[-122.4815258,37.7965629],[-122.4820782,37.7964982],[-122.4826199,37.796391],[-122.4831457,37.7962423],[-122.4836505,37.7960536],[-122.4841295,37.7958267],[-122.484578,37.7955639],[-122.4849917,37.7952675],[-122.4853667,37.7949405],[-122.4856994,37.7945861],[-122.4859864,37.7942076],[-122.4862252,37.7938087],[-122.4864133,37.7933932],[-122.4865489,37.7929651],[-122.4866308,37.7925286],[-122.4866582,37.7920879],[-122.4866307,37.7916471],[-122.4865488,37.7912106],[-122.4864131,37.7907826],[-122.4862249,37.7903671],[-122.4859861,37.7899682],[-122.485699,37.7895897],[-122.4853664,37.7892353],[-122.4849914,37.7889084],[-122.4845776,37.788612],[-122.4841291,37.7883492],[-122.4836502,37.7881223],[-122.4831454,37.7879337],[-122.4826197,37.787785],[-122.482078,37.7876778],[-122.4815257,37.787613],[-122.480968,37.7875914],[-122.4804103,37.787613],[-122.479858,37.7876778],[-122.4793163,37.787785],[-122.4787906,37.7879337],[-122.4782858,37.7881223],[-122.4778069,37.7883492],[-122.4773584,37.788612],[-122.4769446,37.7889084],[-122.4765696,37.7892353],[-122.476237,37.7895897],[-122.4759499,37.7899682],[-122.4757111,37.7903671],[-122.4755229,37.7907826],[-122.4753872,37.7912106],[-122.4753053,37.7916471],[-122.4752778,37.7920879],[-122.4753052,37.7925286],[-122.4753871,37.7929651],[-122.4755227,37.7933932],[-122.4757108,37.7938087],[-122.4759496,37.7942076],[-122.4762366,37.7945861],[-122.4765693,37.7949405],[-122.4769443,37.7952675],[-122.477358,37.7955639],[-122.4778065,37.7958267],[-122.4782855,37.7960536],[-122.4787903,37.7962423],[-122.4793161,37.796391],[-122.4798578,37.7964982],[-122.4804102,37.7965629],[-122.480968,37.7965846]]]}},{"type":"Feature","id":"legionofhonor","properties":{"id":"legionofhonor","name":"Legion of Honor","modes":["bus"]},"geometry":{"type":"Polygon","coordinates":[[[-122.49969,37.7894766],[-122.5002477,37.7894549],[-122.5008001,37.7893902],[-122.5013417,37.789283],[-122.5018674,37.7891343],[-122.5023722,37.7889456],[-122.5028511,37.7887187],[-122.5032996,37.7884559],[-122.5037133,37.7881595],[-122.5040883,37.7878325],[-122.5044209,37.7874781],[-122.5047079,37.7870996],[-122.5049467,37.7867007],[-122.5051347,37.7862852],[-122.5052704,37.7858571],[-122.5053523,37.7854206],[-122.5053796,37.7849799],[-122.5053522,37.7845391],[-122.5052702,37.7841026],[-122.5051345,37.7836746],[-122.5049464,37.7832591],[-122.5047077,37.7828602],[-122.5044206,37.7824817],[-122.504088,37.7821273],[-122.503713,37.7818004],[-122.5032993,37.781504],[-122.5028508,37.7812412],[-122.5023719,37.7810143],[-122.5018672,37.7808257],[-122.5013415,37.780677],[-122.5007999,37.7805698],[-122.5002476,37.780505],[-122.49969,37.7804834],[-122.4991324,37.780505],[-122.4985801,37.7805698],[-122.4980385,37.780677],[-122.4975128,37.7808257],[-122.4970081,37.7810143],[-122.4965292,37.7812412],[-122.4960807,37.781504],[-122.495667,37.7818004],[-122.495292,37.7821273],[-122.4949594,37.7824817],[-122.4946723,37.7828602],[-122.4944336,37.7832591],[-122.4942455,37.7836746],[-122.4941098,37.7841026],[-122.4940278,37.7845391],[-122.4940004,37.7849799],[-122.4940277,37.7854206],[-122.4941096,37.7858571],[-122.4942453,37.7862852],[-122.4944333,37.7867007],[-122.4946721,37.7870996],[-122.4949591,37.7874781],[-122.4952917,37.7878325],[-122.4956667,37.7881595],[-122.4960804,37.7884559],[-122.4965289,37.7887187],[-122.4970078,37.7889456],[-122.4975126,37.7891343],[-122.4980383,37.789283],[-122.4985799,37.7893902],[-122.4991323,37.7894549],[-122.49969,37.7894766]]]}},{"type":"Feature","id":"43rdclement","properties":{"id":"43rdclement","name":"43rd Ave & Clement St","modes":["bus"]},"geometry":{"type":"Polygon","coordinates":[[[-122.504232,37.7855036],[-122.5047897,37.7854819],[-122.505342,37.7854172],[-122.5058836,37.78531],[-122.5064093,37.7851613],[-122.5069141,37.7849726],[-122.507393,37.7847457],[-122.5078414,37.7844829],[-122.5082551,37.7841865],[-122.5086301,37.7838595],[-122.5089627,37.7835051],[-122.5092497,37.7831266],[-122.5094884,37.7827277],[-122.5096764,37.7823122],[-122.5098121,37.7818841],[-122.509894,37.7814476],[-122.5099213,37.7810069],[-122.5098939,37.7805661],[-122.5098119,37.7801296],[-122.5096762,37.7797016],[-122.5094881,37.7792861],[-122.5092494,37.7788872],[-122.5089623,37.7785087],[-122.5086297,37.7781543],[-122.5082548,37.7778274],[-122.5078411,37.777531],[-122.5073927,37.7772682],[-122.5069138,37.7770413],[-122.5064091,37.7768527],[-122.5058834,37.776704],[-122.5053419,37.7765968],[-122.5047896,37.776532],[-122.504232,37.7765104],[-122.5036744,37.776532],[-122.5031221,37.7765968],[-122.5025806,37.776704],[-122.5020549,37.7768527],[-122.5015502,37.7770413],[-122.5010713,37.7772682],[-122.5006229,37.777531],[-122.5002092,37.7778274],[-122.4998343,37.7781543],[-122.4995017,37.7785087],[-122.4992146,37.7788872],[-122.4989759,37.7792861],[-122.4987878,37.7797016],[-122.4986521,37.7801296],[-122.4985701,37.7805661],[-122.4985427,37.7810069],[-122.49857,37.7814476],[-122.4986519,37.7818841],[-122.4987876,37.7823122],[-122.4989756,37.7827277],[-122.4992143,37.7831266],[-122.4995013,37.7835051],[-122.4998339,37.7838595],[-122.5002089,37.7841865],[-122.5006226,37.7844829],[-122.501071,37.7847457],[-122.5015499,37.7849726],[-122.5020547,37.7851613],[-122.5025804,37.78531],[-122.503122,37.7854172],[-122.5036743,37.7854819],[-122.504232,37.7855036]]]}},{"type":"Feature","id":"laplayacabrillo","properties":{"id":"laplayacabrillo","name":"La Playa St & Cabrillo St","modes":["bus"]},"geometry":{"type":"Polygon","coordinates":[[[-122.51006,37.7777106],[-122.5106176,37.7776889],[-122.5111699,37.7776242],[-122.5117114,37.777517],[-122.5122371,37.7773683],[-122.5127418,37.7771796],[-122.5132206,37.7769527],[-122.5136691,37.7766899],[-122.5140827,37.7763935],[-122.5144576,37.7760665],[-122.5147902,37.7757121],[-122.5150771,37.7753336],[-122.5153158,37.7749347],[-122.5155039,37.7745192],[-122.5156395,37.7740911],[-122.5157214,37.7736546],[-122.5157487,37.7732139],[-122.5157213,37.7727731],[-122.5156393,37.7723366],[-122.5155037,37.7719086],[-122.5153156,37.7714931],[-122.5150769,37.7710942],[-122.5147898,37.7707157],[-122.5144573,37.7703613],[-122.5140824,37.7700344],[-122.5136687,37.769738],[-122.5132203,37.7694752],[-122.5127415,37.7692483],[-122.5122369,37.7690597],[-122.5117113,37.768911],[-122.5111697,37.7688038],[-122.5106176,37.768739],[-122.51006,37.7687174],[-122.5095024,37.768739],[-122.5089503,37.7688038],[-122.5084087,37.768911],[-122.5078831,37.7690597],[-122.5073785,37.7692483],[-122.5068997,37.7694752],[-122.5064513,37.769738],[-122.5060376,37.7700344],[-122.5056627,37.7703613],[-122.5053302,37.7707157],[-122.5050431,37.7710942],[-122.5048044,37.7714931],[-122.5046163,37.7719086],[-122.5044807,37.7723366],[-122.5043987,37.7727731],[-122.5043713,37.7732139],[-122.5043986,37.7736546],[-122.5044805,37.7740911],[-122.5046161,37.7745192],[-122.5048042,37.7749347],[-122.5050429,37.7753336],[-122.5053298,37.7757121],[-122.5056624,37.7760665],[-122.5060373,37.7763935],[-122.5064509,37.7766899],[-122.5068994,37.7769527],[-122.5073782,37.7771796],[-122.5078829,37.7773683],[-122.5084086,37.777517],[-122.5089501,37.7776242],[-122.5095024,37.7776889],[-122.51006,37.7777106]]]}},{"type":"Feature","id":"48thpointlobos","properties":{"id":"48thpointlobos","name":"48th Ave & Point Lobos Ave","modes":["bus"]},"geometry":{"type":"Polygon","coordinates":[[[-122.509411,37.7835196],[-122.5099687,37.7834979],[-122.510521,37.7834332],[-122.5110626,37.783326],[-122.5115883,37.7831773],[-122.512093,37.7829886],[-122.5125719,37.7827617],[-122.5130203,37.7824989],[-122.513434,37.7822025],[-122.513809,37.7818755],[-122.5141415,37.7815211],[-122.5144285,37.7811426],[-122.5146672,37.7807437],[-122.5148553,37.7803282],[-122.5149909,37.7799001],[-122.5150728,37.7794636],[-122.5151002,37.7790229],[-122.5150727,37.7785821],[-122.5149908,37.7781456],[-122.5148551,37.7777176],[-122.514667,37.7773021],[-122.5144283,37.7769032],[-122.5141412,37.7765247],[-122.5138086,37.7761703],[-122.5134337,37.7758434],[-122.51302,37.775547],[-122.5125716,37.7752842],[-122.5120927,37.7750573],[-122.511588,37.7748687],[-122.5110624,37.77472],[-122.5105208,37.7746128],[-122.5099686,37.774548],[-122.509411,37.7745264],[-122.5088534,37.774548],[-122.5083012,37.7746128],[-122.5077596,37.77472],[-122.507234,37.7748687],[-122.5067293,37.7750573],[-122.5062504,37.7752842],[-122.505802,37.775547],[-122.5053883,37.7758434],[-122.5050134,37.7761703],[-122.5046808,37.7765247],[-122.5043937,37.7769032],[-122.504155,37.7773021],[-122.5039669,37.7777176],[-122.5038312,37.7781456],[-122.5037493,37.7785821],[-122.5037218,37.7790229],[-122.5037492,37.7794636],[-122.5038311,37.7799001],[-122.5039667,37.7803282],[-122.5041548,37.7807437],[-122.5043935,37.7811426],[-122.5046805,37.7815211],[-122.505013,37.7818755],[-122.505388,37.7822025],[-122.5058017,37.7824989],[-122.5062501,37.7827617],[-122.506729,37.7829886],[-122.5072337,37.7831773],[-122.5077594,37.783326],[-122.508301,37.7834332],[-122.5088533,37.7834979],[-122.509411,37.7835196]]]}},{"type":"Feature","id":"greathwynearbeachchalet","properties":{"id":"greathwynearbeachchalet","name":"Great Hwy near Beach Chalet","modes":["bus"]},"geometry":{"type":"Polygon","coordinates":[[[-122.510456,37.7718666],[-122.5110136,37.7718449],[-122.5115658,37.7717802],[-122.5121073,37.771673],[-122.5126329,37.7715243],[-122.5131376,37.7713356],[-122.5136164,37.7711087],[-122.5140648,37.7708459],[-122.5144784,37.7705495],[-122.5148533,37.7702225],[-122.5151858,37.7698681],[-122.5154728,37.7694896],[-122.5157114,37.7690907],[-122.5158994,37.7686752],[-122.516035,37.7682471],[-122.5161169,37.7678106],[-122.5161443,37.7673699],[-122.5161168,37.7669291],[-122.5160349,37.7664926],[-122.5158992,37.7660646],[-122.5157112,37.7656491],[-122.5154725,37.7652502],[-122.5151855,37.7648717],[-122.5148529,37.7645173],[-122.514478,37.7641904],[-122.5140644,37.763894],[-122.5136161,37.7636312],[-122.5131373,37.7634043],[-122.5126327,37.7632157],[-122.5121071,37.763067],[-122.5115657,37.7629598],[-122.5110135,37.762895],[-122.510456,37.7628734],[-122.5098985,37.762895],[-122.5093463,37.7629598],[-122.5088049,37.763067],[-122.5082793,37.7632157],[-122.5077747,37.7634043],[-122.5072959,37.7636312],[-122.5068476,37.763894],[-122.506434,37.7641904],[-122.5060591,37.7645173],[-122.5057265,37.7648717],[-122.5054395,37.7652502],[-122.5052008,37.7656491],[-122.5050128,37.7660646],[-122.5048771,37.7664926],[-122.5047952,37.7669291],[-122.5047677,37.7673699],[-122.5047951,37.7678106],[-122.504877,37.7682471],[-122.5050126,37.7686752],[-122.5052006,37.7690907],[-122.5054392,37.7694896],[-122.5057262,37.7698681],[-122.5060587,37.7702225],[-122.5064336,37.7705495],[-122.5068472,37.7708459],[-122.5072956,37.7711087],[-122.5077744,37.7713356],[-122.5082791,37.7715243],[-122.5088047,37.771673],[-122.5093462,37.7717802],[-122.5098984,37.7718449],[-122.510456,37.7718666]]]}},{"type":"Feature","id":"fulton40th","properties":{"id":"fulton40th","name":"Fulton St & 40th Ave","modes":["bus"]},"geometry":{"type":"Polygon","coordinates":[[[-122.50034,37.7763766],[-122.5008976,37.7763549],[-122.5014499,37.7762902],[-122.5019914,37.776183],[-122.5025171,37.7760343],[-122.5030217,37.7758456],[-122.5035006,37.7756187],[-122.503949,37.7753559],[-122.5043626,37.7750595],[-122.5047375,37.7747325],[-122.5050701,37.7743781],[-122.5053571,37.7739996],[-122.5055957,37.7736007],[-122.5057838,37.7731852],[-122.5059194,37.7727571],[-122.5060013,37.7723206],[-122.5060286,37.7718799],[-122.5060012,37.7714391],[-122.5059192,37.7710026],[-122.5057836,37.7705746],[-122.5055955,37.7701591],[-122.5053568,37.7697602],[-122.5050698,37.7693817],[-122.5047372,37.7690273],[-122.5043623,37.7687004],[-122.5039487,37.768404],[-122.5035003,37.7681412],[-122.5030215,37.7679143],[-122.5025168,37.7677257],[-122.5019912,37.767577],[-122.5014497,37.7674698],[-122.5008975,37.767405],[-122.50034,37.7673834],[-122.4997825,37.767405],[-122.4992303,37.7674698],[-122.4986888,37.767577],[-122.4981632,37.7677257],[-122.4976585,37.7679143],[-122.4971797,37.7681412],[-122.4967313,37.768404],[-122.4963177,37.7687004],[-122.4959428,37.7690273],[-122.4956102,37.7693817],[-122.4953232,37.7697602],[-122.4950845,37.7701591],[-122.4948964,37.7705746],[-122.4947608,37.7710026],[-122.4946788,37.7714391],[-122.4946514,37.7718799],[-122.4946787,37.7723206],[-122.4947606,37.7727571],[-122.4948962,37.7731852],[-122.4950843,37.7736007],[-122.4953229,37.7739996],[-122.4956099,37.7743781],[-122.4959425,37.7747325],[-122.4963174,37.7750595],[-122.496731,37.7753559],[-122.4971794,37.7756187],[-122.4976583,37.7758456],[-122.4981629,37.7760343],[-122.4986886,37.776183],[-122.4992301,37.7762902],[-122.4997824,37.7763549],[-122.50034,37.7763766]]]}},{"type":"Feature","id":"fulton33rd","properties":{"id":"fulton33rd","name":"Fulton St & 33rd Ave","modes":["bus"]},"geometry":{"type":"Polygon","coordinates":[[[-122.49318,37.7767266],[-122.4937376,37.7767049],[-122.4942899,37.7766402],[-122.4948314,37.776533],[-122.4953571,37.7763843],[-122.4958618,37.7761956],[-122.4963406,37.7759687],[-122.496789,37.7757059],[-122.4972027,37.7754095],[-122.4975776,37.7750825],[-122.4979101,37.7747281],[-122.4981971,37.7743496],[-122.4984357,37.7739507],[-122.4986238,37.7735352],[-122.4987594,37.7731071],[-122.4988413,37.7726706],[-122.4988686,37.7722299],[-122.4988412,37.7717891],[-122.4987593,37.7713526],[-122.4986236,37.7709246],[-122.4984355,37.7705091],[-122.4981968,37.7701102],[-122.4979098,37.7697317],[-122.4975772,37.7693773],[-122.4972023,37.7690504],[-122.4967887,37.768754],[-122.4963403,37.7684912],[-122.4958615,37.7682643],[-122.4953568,37.7680757],[-122.4948312,37.767927],[-122.4942897,37.7678198],[-122.4937376,37.767755],[-122.49318,37.7677334],[-122.4926224,37.767755],[-122.4920703,37.7678198],[-122.4915288,37.767927],[-122.4910032,37.7680757],[-122.4904985,37.7682643],[-122.4900197,37.7684912],[-122.4895713,37.768754],[-122.4891577,37.7690504],[-122.4887828,37.7693773],[-122.4884502,37.7697317],[-122.4881632,37.7701102],[-122.4879245,37.7705091],[-122.4877364,37.7709246],[-122.4876007,37.7713526],[-122.4875188,37.7717891],[-122.4874914,37.7722299],[-122.4875187,37.7726706],[-122.4876006,37.7731071],[-122.4877362,37.7735352],[-122.4879243,37.7739507],[-122.4881629,37.7743496],[-122.4884499,37.7747281],[-122.4887824,37.7750825],[-122.4891573,37.7754095],[-122.489571,37.7757059],[-122.4900194,37.7759687],[-122.4904982,37.7761956],[-122.4910029,37.7763843],[-122.4915286,37.776533],[-122.4920701,37.7766402],[-122.4926224,37.7767049],[-122.49318,37.7767266]]]}},{"type":"Feature","id":"fulton28th","properties":{"id":"fulton28th","name":"Fulton St & 28th Ave","modes":["bus"]},"geometry":{"type":"Polygon","coordinates":[[[-122.48717,37.7768466],[-122.4877276,37.7768249],[-122.4882799,37.7767602],[-122.4888214,37.776653],[-122.4893471,37.7765043],[-122.4898518,37.7763156],[-122.4903306,37.7760887],[-122.490779,37.7758259],[-122.4911927,37.7755295],[-122.4915676,37.7752025],[-122.4919001,37.7748481],[-122.4921871,37.7744696],[-122.4924258,37.7740707],[-122.4926138,37.7736552],[-122.4927494,37.7732271],[-122.4928313,37.7727906],[-122.4928587,37.7723499],[-122.4928312,37.7719091],[-122.4927493,37.7714726],[-122.4926136,37.7710446],[-122.4924255,37.7706291],[-122.4921868,37.7702302],[-122.4918998,37.7698517],[-122.4915672,37.7694973],[-122.4911923,37.7691704],[-122.4907787,37.768874],[-122.4903303,37.7686112],[-122.4898515,37.7683843],[-122.4893468,37.7681957],[-122.4888212,37.768047],[-122.4882797,37.7679398],[-122.4877276,37.767875],[-122.48717,37.7678534],[-122.4866124,37.767875],[-122.4860603,37.7679398],[-122.4855188,37.768047],[-122.4849932,37.7681957],[-122.4844885,37.7683843],[-122.4840097,37.7686112],[-122.4835613,37.768874],[-122.4831477,37.7691704],[-122.4827728,37.7694973],[-122.4824402,37.7698517],[-122.4821532,37.7702302],[-122.4819145,37.7706291],[-122.4817264,37.7710446],[-122.4815907,37.7714726],[-122.4815088,37.7719091],[-122.4814813,37.7723499],[-122.4815087,37.7727906],[-122.4815906,37.7732271],[-122.4817262,37.7736552],[-122.4819142,37.7740707],[-122.4821529,37.7744696],[-122.4824399,37.7748481],[-122.4827724,37.7752025],[-122.4831473,37.7755295],[-122.483561,37.7758259],[-122.4840094,37.7760887],[-122.4844882,37.7763156],[-122.4849929,37.7765043],[-122.4855186,37.776653],[-122.4860601,37.7767602],[-122.4866124,37.7768249],[-122.48717,37.7768466]]]}},{"type":"Feature","id":"fulton22nd","properties":{"id":"fulton22nd","name":"Fulton St & 22nd Ave","modes":["bus"]},"geometry":{"type":"Polygon","coordinates":[[[-122.48061,37.7771566],[-122.4811676,37.7771349],[-122.4817199,37.7770702],[-122.4822614,37.776963],[-122.4827871,37.7768143],[-122.4832918,37.7766256],[-122.4837706,37.7763987],[-122.484219,37.7761359],[-122.4846327,37.7758395],[-122.4850076,37.7755125],[-122.4853401,37.7751581],[-122.4856271,37.7747796],[-122.4858658,37.7743807],[-122.4860538,37.7739652],[-122.4861894,37.7735371],[-122.4862713,37.7731006],[-122.4862987,37.7726599],[-122.4862713,37.7722191],[-122.4861893,37.7717826],[-122.4860536,37.7713546],[-122.4858655,37.7709391],[-122.4856268,37.7705402],[-122.4853398,37.7701617],[-122.4850072,37.7698073],[-122.4846323,37.7694804],[-122.4842187,37.769184],[-122.4837703,37.7689212],[-122.4832915,37.7686943],[-122.4827868,37.7685057],[-122.4822612,37.768357],[-122.4817197,37.7682498],[-122.4811676,37.768185],[-122.48061,37.7681634],[-122.4800524,37.768185],[-122.4795003,37.7682498],[-122.4789588,37.768357],[-122.4784332,37.7685057],[-122.4779285,37.7686943],[-122.4774497,37.7689212],[-122.4770013,37.769184],[-122.4765877,37.7694804],[-122.4762128,37.7698073],[-122.4758802,37.7701617],[-122.4755932,37.7705402],[-122.4753545,37.7709391],[-122.4751664,37.7713546],[-122.4750307,37.7717826],[-122.4749487,37.7722191],[-122.4749213,37.7726599],[-122.4749487,37.7731006],[-122.4750306,37.7735371],[-122.4751662,37.7739652],[-122.4753542,37.7743807],[-122.4755929,37.7747796],[-122.4758799,37.7751581],[-122.4762124,37.7755125],[-122.4765873,37.7758395],[-122.477001,37.7761359],[-122.4774494,37.7763987],[-122.4779282,37.7766256],[-122.4784329,37.7768143],[-122.4789586,37.776963],[-122.4795001,37.7770702],[-122.4800524,37.7771349],[-122.48061,37.7771566]]]}},{"type":"Feature","id":"parkpresidiofulton","properties":{"id":"parkpresidiofulton","name":"Park Presidio Blvd & Fulton St","modes":["bus"]},"geometry":{"type":"Polygon","coordinates":[[[-122.47191,37.7777666],[-122.4724676,37.7777449],[-122.4730199,37.7776802],[-122.4735614,37.777573],[-122.4740871,37.7774243],[-122.4745918,37.7772356],[-122.4750706,37.7770087],[-122.4755191,37.7767459],[-122.4759327,37.7764495],[-122.4763076,37.7761225],[-122.4766402,37.7757681],[-122.4769272,37.7753896],[-122.4771658,37.7749907],[-122.4773539,37.7745752],[-122.4774895,37.7741471],[-122.4775714,37.7737106],[-122.4775987,37.7732699],[-122.4775713,37.7728291],[-122.4774894,37.7723926],[-122.4773537,37.7719646],[-122.4771656,37.7715491],[-122.4769269,37.7711502],[-122.4766398,37.7707717],[-122.4763073,37.7704173],[-122.4759324,37.7700904],[-122.4755187,37.769794],[-122.4750703,37.7695312],[-122.4745915,37.7693043],[-122.4740869,37.7691157],[-122.4735613,37.768967],[-122.4730197,37.7688598],[-122.4724676,37.768795],[-122.47191,37.7687734],[-122.4713524,37.768795],[-122.4708003,37.7688598],[-122.4702587,37.768967],[-122.4697331,37.7691157],[-122.4692285,37.7693043],[-122.4687497,37.7695312],[-122.4683013,37.769794],[-122.4678876,37.7700904],[-122.4675127,37.7704173],[-122.4671802,37.7707717],[-122.4668931,37.7711502],[-122.4666544,37.7715491],[-122.4664663,37.7719646],[-122.4663306,37.7723926],[-122.4662487,37.7728291],[-122.4662213,37.7732699],[-122.4662486,37.7737106],[-122.4663305,37.7741471],[-122.4664661,37.7745752],[-122.4666542,37.7749907],[-122.4668928,37.7753896],[-122.4671798,37.7757681],[-122.4675124,37.7761225],[-122.4678873,37.7764495],[-122.4683009,37.7767459],[-122.4687494,37.7770087],[-122.4692282,37.7772356],[-122.4697329,37.7774243],[-122.4702586,37.777573],[-122.4708001,37.7776802],[-122.4713524,37.7777449],[-122.47191,37.7777666]]]}},{"type":"Feature","id":"balboaparkpresidio","properties":{"id":"balboaparkpresidio","name":"Balboa St & Park Presidio Blvd","modes":["bus"]},"geometry":{"type":"Polygon","coordinates":[[[-122.472227,37.7813916],[-122.4727847,37.7813699],[-122.4733369,37.7813052],[-122.4738785,37.781198],[-122.4744042,37.7810493],[-122.4749089,37.7808606],[-122.4753878,37.7806337],[-122.4758362,37.7803709],[-122.4762499,37.7800745],[-122.4766248,37.7797475],[-122.4769574,37.7793931],[-122.4772444,37.7790146],[-122.4774831,37.7786157],[-122.4776711,37.7782002],[-122.4778068,37.7777721],[-122.4778886,37.7773356],[-122.477916,37.7768949],[-122.4778886,37.7764541],[-122.4778066,37.7760176],[-122.4776709,37.7755896],[-122.4774828,37.7751741],[-122.4772441,37.7747752],[-122.4769571,37.7743967],[-122.4766245,37.7740423],[-122.4762496,37.7737154],[-122.4758359,37.773419],[-122.4753875,37.7731562],[-122.4749086,37.7729293],[-122.474404,37.7727407],[-122.4738783,37.772592],[-122.4733368,37.7724848],[-122.4727846,37.77242],[-122.472227,37.7723984],[-122.4716694,37.77242],[-122.4711172,37.7724848],[-122.4705757,37.772592],[-122.47005,37.7727407],[-122.4695454,37.7729293],[-122.4690665,37.7731562],[-122.4686181,37.773419],[-122.4682044,37.7737154],[-122.4678295,37.7740423],[-122.4674969,37.7743967],[-122.4672099,37.7747752],[-122.4669712,37.7751741],[-122.4667831,37.7755896],[-122.4666474,37.7760176],[-122.4665654,37.7764541],[-122.466538,37.7768949],[-122.4665654,37.7773356],[-122.4666472,37.7777721],[-122.4667829,37.7782002],[-122.4669709,37.7786157],[-122.4672096,37.7790146],[-122.4674966,37.7793931],[-122.4678292,37.7797475],[-122.4682041,37.7800745],[-122.4686178,37.7803709],[-122.4690662,37.7806337],[-122.4695451,37.7808606],[-122.4700498,37.7810493],[-122.4705755,37.781198],[-122.4711171,37.7813052],[-122.4716693,37.7813699],[-122.472227,37.7813916]]]}},{"type":"Feature","id":"balboa23rd","properties":{"id":"balboa23rd","name":"Balboa St & 23rd Ave","modes":["bus"]},"geometry":{"type":"Polygon","coordinates":[[[-122.48219,37.7809666],[-122.4827477,37.7809449],[-122.4832999,37.7808802],[-122.4838415,37.780773],[-122.4843672,37.7806243],[-122.4848719,37.7804356],[-122.4853508,37.7802087],[-122.4857992,37.7799459],[-122.4862129,37.7796495],[-122.4865878,37.7793225],[-122.4869204,37.7789681],[-122.4872074,37.7785896],[-122.487446,37.7781907],[-122.4876341,37.7777752],[-122.4877697,37.7773471],[-122.4878516,37.7769106],[-122.487879,37.7764699],[-122.4878515,37.7760291],[-122.4877696,37.7755926],[-122.4876339,37.7751646],[-122.4874458,37.7747491],[-122.4872071,37.7743502],[-122.48692,37.7739717],[-122.4865875,37.7736173],[-122.4862125,37.7732904],[-122.4857989,37.772994],[-122.4853505,37.7727312],[-122.4848716,37.7725043],[-122.484367,37.7723157],[-122.4838413,37.772167],[-122.4832998,37.7720598],[-122.4827476,37.771995],[-122.48219,37.7719734],[-122.4816324,37.771995],[-122.4810802,37.7720598],[-122.4805387,37.772167],[-122.480013,37.7723157],[-122.4795084,37.7725043],[-122.4790295,37.7727312],[-122.4785811,37.772994],[-122.4781675,37.7732904],[-122.4777925,37.7736173],[-122.47746,37.7739717],[-122.4771729,37.7743502],[-122.4769342,37.7747491],[-122.4767461,37.7751646],[-122.4766104,37.7755926],[-122.4765285,37.7760291],[-122.476501,37.7764699],[-122.4765284,37.7769106],[-122.4766103,37.7773471],[-122.4767459,37.7777752],[-122.476934,37.7781907],[-122.4771726,37.7785896],[-122.4774596,37.7789681],[-122.4777922,37.7793225],[-122.4781671,37.7796495],[-122.4785808,37.7799459],[-122.4790292,37.7802087],[-122.4795081,37.7804356],[-122.4800128,37.7806243],[-122.4805385,37.780773],[-122.4810801,37.7808802],[-122.4816323,37.7809449],[-122.48219,37.7809666]]]}},{"type":"Feature","id":"geary33rd","properties":{"id":"geary33rd","name":"Geary Blvd & 33rd Ave","modes":["bus"]},"geometry":{"type":"Polygon","coordinates":[[[-122.493112,37.7842316],[-122.4936697,37.7842099],[-122.494222,37.7841452],[-122.4947636,37.784038],[-122.4952893,37.7838893],[-122.495794,37.7837006],[-122.4962729,37.7834737],[-122.4967214,37.7832109],[-122.4971351,37.7829145],[-122.49751,37.7825875],[-122.4978426,37.7822331],[-122.4981296,37.7818546],[-122.4983683,37.7814557],[-122.4985563,37.7810402],[-122.498692,37.7806121],[-122.4987739,37.7801756],[-122.4988012,37.7797349],[-122.4987738,37.7792941],[-122.4986918,37.7788576],[-122.4985562,37.7784296],[-122.498368,37.7780141],[-122.4981293,37.7776152],[-122.4978423,37.7772367],[-122.4975097,37.7768823],[-122.4971347,37.7765554],[-122.496721,37.776259],[-122.4962726,37.7759962],[-122.4957937,37.7757693],[-122.495289,37.7755807],[-122.4947634,37.775432],[-122.4942218,37.7753248],[-122.4936696,37.77526],[-122.493112,37.7752384],[-122.4925544,37.77526],[-122.4920022,37.7753248],[-122.4914606,37.775432],[-122.490935,37.7755807],[-122.4904303,37.7757693],[-122.4899514,37.7759962],[-122.489503,37.776259],[-122.4890893,37.7765554],[-122.4887143,37.7768823],[-122.4883817,37.7772367],[-122.4880947,37.7776152],[-122.487856,37.7780141],[-122.4876678,37.7784296],[-122.4875322,37.7788576],[-122.4874502,37.7792941],[-122.4874228,37.7797349],[-122.4874501,37.7801756],[-122.487532,37.7806121],[-122.4876677,37.7810402],[-122.4878557,37.7814557],[-122.4880944,37.7818546],[-122.4883814,37.7822331],[-122.488714,37.7825875],[-122.4890889,37.7829145],[-122.4895026,37.7832109],[-122.4899511,37.7834737],[-122.49043,37.7837006],[-122.4909347,37.7838893],[-122.4914604,37.784038],[-122.492002,37.7841452],[-122.4925543,37.7842099],[-122.493112,37.7842316]]]}},{"type":"Feature","id":"california25th","properties":{"id":"california25th","name":"California St & 25th Ave","modes":["bus"]},"geometry":{"type":"Polygon","coordinates":[[[-122.485286,37.7883046],[-122.4858437,37.7882829],[-122.486396,37.7882182],[-122.4869377,37.788111],[-122.4874634,37.7879623],[-122.4879682,37.7877736],[-122.4884471,37.7875467],[-122.4888956,37.7872839],[-122.4893093,37.7869875],[-122.4896842,37.7866605],[-122.4900168,37.7863061],[-122.4903039,37.7859276],[-122.4905426,37.7855287],[-122.4907306,37.7851132],[-122.4908663,37.7846851],[-122.4909482,37.7842486],[-122.4909755,37.7838079],[-122.4909481,37.7833671],[-122.4908661,37.7829306],[-122.4907305,37.7825026],[-122.4905423,37.7820871],[-122.4903036,37.7816882],[-122.4900165,37.7813097],[-122.4896839,37.7809553],[-122.4893089,37.7806284],[-122.4888952,37.780332],[-122.4884468,37.7800692],[-122.4879679,37.7798423],[-122.4874632,37.7796537],[-122.4869375,37.779505],[-122.4863959,37.7793978],[-122.4858436,37.779333],[-122.485286,37.7793114],[-122.4847284,37.779333],[-122.4841761,37.7793978],[-122.4836345,37.779505],[-122.4831088,37.7796537],[-122.4826041,37.7798423],[-122.4821252,37.7800692],[-122.4816768,37.780332],[-122.4812631,37.7806284],[-122.4808881,37.7809553],[-122.4805555,37.7813097],[-122.4802684,37.7816882],[-122.4800297,37.7820871],[-122.4798415,37.7825026],[-122.4797059,37.7829306],[-122.4796239,37.7833671],[-122.4795965,37.7838079],[-122.4796238,37.7842486],[-122.4797057,37.7846851],[-122.4798414,37.7851132],[-122.4800294,37.7855287],[-122.4802681,37.7859276],[-122.4805552,37.7863061],[-122.4808878,37.7866605],[-122.4812627,37.7869875],[-122.4816764,37.7872839],[-122.4821249,37.7875467],[-122.4826038,37.7877736],[-122.4831086,37.7879623],[-122.4836343,37.788111],[-122.484176,37.7882182],[-122.4847283,37.7882829],[-122.485286,37.7883046]]]}},{"type":"Feature","id":"californiaparkpresidio","properties":{"id":"californiaparkpresidio","name":"California St & Park Presidio Blvd","modes":["bus"]},"geometry":{"type":"Polygon","coordinates":[[[-122.472764,37.7888616],[-122.4733217,37.7888399],[-122.473874,37.7887752],[-122.4744157,37.788668],[-122.4749414,37.7885193],[-122.4754462,37.7883306],[-122.4759251,37.7881037],[-122.4763736,37.7878409],[-122.4767873,37.7875445],[-122.4771623,37.7872175],[-122.4774949,37.7868631],[-122.4777819,37.7864846],[-122.4780206,37.7860857],[-122.4782087,37.7856702],[-122.4783443,37.7852421],[-122.4784262,37.7848056],[-122.4784536,37.7843649],[-122.4784261,37.7839241],[-122.4783442,37.7834876],[-122.4782085,37.7830596],[-122.4780204,37.7826441],[-122.4777816,37.7822452],[-122.4774946,37.7818667],[-122.4771619,37.7815123],[-122.476787,37.7811854],[-122.4763733,37.780889],[-122.4759248,37.7806262],[-122.4754459,37.7803993],[-122.4749412,37.7802107],[-122.4744155,37.780062],[-122.4738739,37.7799548],[-122.4733216,37.77989],[-122.472764,37.7798684],[-122.4722064,37.77989],[-122.4716541,37.7799548],[-122.4711125,37.780062],[-122.4705868,37.7802107],[-122.4700821,37.7803993],[-122.4696032,37.7806262],[-122.4691547,37.780889],[-122.468741,37.7811854],[-122.4683661,37.7815123],[-122.4680334,37.7818667],[-122.4677464,37.7822452],[-122.4675076,37.7826441],[-122.4673195,37.7830596],[-122.4671838,37.7834876],[-122.4671019,37.7839241],[-122.4670744,37.7843649],[-122.4671018,37.7848056],[-122.4671837,37.7852421],[-122.4673193,37.7856702],[-122.4675074,37.7860857],[-122.4677461,37.7864846],[-122.4680331,37.7868631],[-122.4683657,37.7872175],[-122.4687407,37.7875445],[-122.4691544,37.7878409],[-122.4696029,37.7881037],[-122.4700818,37.7883306],[-122.4705866,37.7885193],[-122.4711123,37.788668],[-122.471654,37.7887752],[-122.4722063,37.7888399],[-122.472764,37.7888616]]]}},{"type":"Feature","id":"arguellocalifornia","properties":{"id":"arguellocalifornia","name":"Arguello Blvd & California St","modes":["bus"]},"geometry":{"type":"Polygon","coordinates":[[[-122.459254,37.7900566],[-122.4598117,37.7900349],[-122.4603641,37.7899702],[-122.4609057,37.789863],[-122.4614315,37.7897143],[-122.4619362,37.7895256],[-122.4624152,37.7892987],[-122.4628637,37.7890359],[-122.4632774,37.7887395],[-122.4636523,37.7884125],[-122.4639849,37.7880581],[-122.464272,37.7876796],[-122.4645107,37.7872807],[-122.4646988,37.7868652],[-122.4648344,37.7864371],[-122.4649163,37.7860006],[-122.4649437,37.7855599],[-122.4649162,37.7851191],[-122.4648343,37.7846826],[-122.4646986,37.7842546],[-122.4645104,37.7838391],[-122.4642717,37.7834402],[-122.4639846,37.7830617],[-122.463652,37.7827073],[-122.463277,37.7823804],[-122.4628633,37.782084],[-122.4624149,37.7818212],[-122.4619359,37.7815943],[-122.4614312,37.7814057],[-122.4609055,37.781257],[-122.4603639,37.7811498],[-122.4598117,37.781085],[-122.459254,37.7810634],[-122.4586963,37.781085],[-122.4581441,37.7811498],[-122.4576025,37.781257],[-122.4570768,37.7814057],[-122.4565721,37.7815943],[-122.4560931,37.7818212],[-122.4556447,37.782084],[-122.455231,37.7823804],[-122.454856,37.7827073],[-122.4545234,37.7830617],[-122.4542363,37.7834402],[-122.4539976,37.7838391],[-122.4538094,37.7842546],[-122.4536737,37.7846826],[-122.4535918,37.7851191],[-122.4535643,37.7855599],[-122.4535917,37.7860006],[-122.4536736,37.7864371],[-122.4538092,37.7868652],[-122.4539973,37.7872807],[-122.454236,37.7876796],[-122.4545231,37.7880581],[-122.4548557,37.7884125],[-122.4552306,37.7887395],[-122.4556443,37.7890359],[-122.4560928,37.7892987],[-122.4565718,37.7895256],[-122.4570765,37.7897143],[-122.4576023,37.789863],[-122.4581439,37.7899702],[-122.4586963,37.7900349],[-122.459254,37.7900566]]]}},{"type":"Feature","id":"lincolnwaylaplaya","properties":{"id":"lincolnwaylaplaya","name":"Lincoln Way & La Playa St","modes":["bus"]},"geometry":{"type":"Polygon","coordinates":[[[-122.50957,37.7684226],[-122.5101276,37.7684009],[-122.5106797,37.7683362],[-122.5112212,37.768229],[-122.5117468,37.7680803],[-122.5122515,37.7678916],[-122.5127302,37.7676647],[-122.5131786,37.7674019],[-122.5135922,37.7671055],[-122.5139671,37.7667785],[-122.5142996,37.7664241],[-122.5145865,37.7660456],[-122.5148252,37.7656467],[-122.5150132,37.7652312],[-122.5151488,37.7648031],[-122.5152307,37.7643666],[-122.515258,37.7639259],[-122.5152306,37.7634851],[-122.5151486,37.7630486],[-122.515013,37.7626206],[-122.5148249,37.7622051],[-122.5145862,37.7618062],[-122.5142992,37.7614277],[-122.5139667,37.7610733],[-122.5135919,37.7607464],[-122.5131783,37.76045],[-122.5127299,37.7601872],[-122.5122512,37.7599603],[-122.5117466,37.7597717],[-122.511221,37.759623],[-122.5106796,37.7595158],[-122.5101275,37.759451],[-122.50957,37.7594294],[-122.5090125,37.759451],[-122.5084604,37.7595158],[-122.507919,37.759623],[-122.5073934,37.7597717],[-122.5068888,37.7599603],[-122.5064101,37.7601872],[-122.5059617,37.76045],[-122.5055481,37.7607464],[-122.5051733,37.7610733],[-122.5048408,37.7614277],[-122.5045538,37.7618062],[-122.5043151,37.7622051],[-122.504127,37.7626206],[-122.5039914,37.7630486],[-122.5039094,37.7634851],[-122.503882,37.7639259],[-122.5039093,37.7643666],[-122.5039912,37.7648031],[-122.5041268,37.7652312],[-122.5043148,37.7656467],[-122.5045535,37.7660456],[-122.5048404,37.7664241],[-122.5051729,37.7667785],[-122.5055478,37.7671055],[-122.5059614,37.7674019],[-122.5064098,37.7676647],[-122.5068885,37.7678916],[-122.5073932,37.7680803],[-122.5079188,37.768229],[-122.5084603,37.7683362],[-122.5090124,37.7684009],[-122.50957,37.7684226]]]}},{"type":"Feature","id":"goldengatebridgeparkinglot","properties":{"id":"goldengatebridgeparkinglot","name":"Golden Gate Bridge/Parking Lot","modes":["bus"]},"geometry":{"type":"Polygon","coordinates":[[[-122.475024,37.8120576],[-122.4755819,37.8120359],[-122.4761344,37.8119712],[-122.4766762,37.811864],[-122.4772021,37.8117153],[-122.477707,37.8115266],[-122.4781861,37.8112997],[-122.4786347,37.8110369],[-122.4790486,37.8107405],[-122.4794237,37.8104135],[-122.4797564,37.8100591],[-122.4800435,37.8096806],[-122.4802823,37.8092817],[-122.4804704,37.8088662],[-122.4806061,37.8084381],[-122.480688,37.8080016],[-122.4807154,37.8075609],[-122.4806879,37.8071201],[-122.4806059,37.8066836],[-122.4804702,37.8062556],[-122.480282,37.8058401],[-122.4800432,37.8054412],[-122.479756,37.8050627],[-122.4794233,37.8047083],[-122.4790482,37.8043814],[-122.4786344,37.804085],[-122.4781858,37.8038222],[-122.4777067,37.8035953],[-122.4772019,37.8034067],[-122.476676,37.803258],[-122.4761343,37.8031508],[-122.4755818,37.803086],[-122.475024,37.8030644],[-122.4744662,37.803086],[-122.4739137,37.8031508],[-122.473372,37.803258],[-122.4728461,37.8034067],[-122.4723413,37.8035953],[-122.4718622,37.8038222],[-122.4714136,37.804085],[-122.4709998,37.8043814],[-122.4706247,37.8047083],[-122.470292,37.8050627],[-122.4700048,37.8054412],[-122.469766,37.8058401],[-122.4695778,37.8062556],[-122.4694421,37.8066836],[-122.4693601,37.8071201],[-122.4693326,37.8075609],[-122.46936,37.8080016],[-122.4694419,37.8084381],[-122.4695776,37.8088662],[-122.4697657,37.8092817],[-122.4700045,37.8096806],[-122.4702916,37.8100591],[-122.4706243,37.8104135],[-122.4709994,37.8107405],[-122.4714133,37.8110369],[-122.4718619,37.8112997],[-122.472341,37.8115266],[-122.4728459,37.8117153],[-122.4733718,37.811864],[-122.4739136,37.8119712],[-122.4744661,37.8120359],[-122.475024,37.8120576]]]}},{"type":"Feature","id":"fulton6th","properties":{"id":"fulton6th","name":"Fulton St & 6th Ave","modes":["bus"]},"geometry":{"type":"Polygon","coordinates":[[[-122.463837,37.7780286],[-122.4643946,37.7780069],[-122.4649469,37.7779422],[-122.4654885,37.777835],[-122.4660141,37.7776863],[-122.4665188,37.7774976],[-122.4669977,37.7772707],[-122.4674461,37.7770079],[-122.4678597,37.7767115],[-122.4682346,37.7763845],[-122.4685672,37.7760301],[-122.4688542,37.7756516],[-122.4690928,37.7752527],[-122.4692809,37.7748372],[-122.4694165,37.7744091],[-122.4694984,37.7739726],[-122.4695257,37.7735319],[-122.4694983,37.7730911],[-122.4694164,37.7726546],[-122.4692807,37.7722266],[-122.4690926,37.7718111],[-122.4688539,37.7714122],[-122.4685669,37.7710337],[-122.4682343,37.7706793],[-122.4678594,37.7703524],[-122.4674457,37.770056],[-122.4669973,37.7697932],[-122.4665185,37.7695663],[-122.4660139,37.7693777],[-122.4654883,37.769229],[-122.4649468,37.7691218],[-122.4643946,37.769057],[-122.463837,37.7690354],[-122.4632794,37.769057],[-122.4627272,37.7691218],[-122.4621857,37.769229],[-122.4616601,37.7693777],[-122.4611555,37.7695663],[-122.4606767,37.7697932],[-122.4602283,37.770056],[-122.4598146,37.7703524],[-122.4594397,37.7706793],[-122.4591071,37.7710337],[-122.4588201,37.7714122],[-122.4585814,37.7718111],[-122.4583933,37.7722266],[-122.4582576,37.7726546],[-122.4581757,37.7730911],[-122.4581483,37.7735319],[-122.4581756,37.7739726],[-122.4582575,37.7744091],[-122.4583931,37.7748372],[-122.4585812,37.7752527],[-122.4588198,37.7756516],[-122.4591068,37.7760301],[-122.4594394,37.7763845],[-122.4598143,37.7767115],[-122.4602279,37.7770079],[-122.4606763,37.7772707],[-122.4611552,37.7774976],[-122.4616599,37.7776863],[-122.4621855,37.777835],[-122.4627271,37.7779422],[-122.4632794,37.7780069],[-122.463837,37.7780286]]]}},{"type":"Feature","id":"fultonarguello","properties":{"id":"fultonarguello","name":"Fulton St & Arguello Blvd","modes":["bus"]},"geometry":{"type":"Polygon","coordinates":[[[-122.458416,37.7788506],[-122.4589736,37.7788289],[-122.4595259,37.7787642],[-122.4600675,37.778657],[-122.4605931,37.7785083],[-122.4610978,37.7783196],[-122.4615767,37.7780927],[-122.4620251,37.7778299],[-122.4624388,37.7775335],[-122.4628137,37.7772065],[-122.4631462,37.7768521],[-122.4634332,37.7764736],[-122.4636719,37.7760747],[-122.4638599,37.7756592],[-122.4639956,37.7752311],[-122.4640775,37.7747946],[-122.4641048,37.7743539],[-122.4640774,37.7739131],[-122.4639954,37.7734766],[-122.4638598,37.7730486],[-122.4636717,37.7726331],[-122.4634329,37.7722342],[-122.4631459,37.7718557],[-122.4628133,37.7715013],[-122.4624384,37.7711744],[-122.4620248,37.770878],[-122.4615764,37.7706152],[-122.4610975,37.7703883],[-122.4605929,37.7701997],[-122.4600673,37.770051],[-122.4595258,37.7699438],[-122.4589736,37.769879],[-122.458416,37.7698574],[-122.4578584,37.769879],[-122.4573062,37.7699438],[-122.4567647,37.770051],[-122.4562391,37.7701997],[-122.4557345,37.7703883],[-122.4552556,37.7706152],[-122.4548072,37.770878],[-122.4543936,37.7711744],[-122.4540187,37.7715013],[-122.4536861,37.7718557],[-122.4533991,37.7722342],[-122.4531603,37.7726331],[-122.4529722,37.7730486],[-122.4528366,37.7734766],[-122.4527546,37.7739131],[-122.4527272,37.7743539],[-122.4527545,37.7747946],[-122.4528364,37.7752311],[-122.4529721,37.7756592],[-122.4531601,37.7760747],[-122.4533988,37.7764736],[-122.4536858,37.7768521],[-122.4540183,37.7772065],[-122.4543932,37.7775335],[-122.4548069,37.7778299],[-122.4552553,37.7780927],[-122.4557342,37.7783196],[-122.4562389,37.7785083],[-122.4567645,37.778657],[-122.4573061,37.7787642],[-122.4578584,37.7788289],[-122.458416,37.7788506]]]}},{"type":"Feature","id":"arguelloturk","properties":{"id":"arguelloturk","name":"Arguello Blvd & Turk St","modes":["bus"]},"geometry":{"type":"Polygon","coordinates":[[[-122.458519,37.7819736],[-122.4590767,37.7819519],[-122.4596289,37.7818872],[-122.4601705,37.78178],[-122.4606962,37.7816313],[-122.4612009,37.7814426],[-122.4616798,37.7812157],[-122.4621283,37.7809529],[-122.4625419,37.7806565],[-122.4629169,37.7803295],[-122.4632494,37.7799751],[-122.4635364,37.7795966],[-122.4637751,37.7791977],[-122.4639632,37.7787822],[-122.4640988,37.7783541],[-122.4641807,37.7779176],[-122.4642081,37.7774769],[-122.4641806,37.7770361],[-122.4640987,37.7765996],[-122.463963,37.7761716],[-122.4637749,37.7757561],[-122.4635362,37.7753572],[-122.4632491,37.7749787],[-122.4629165,37.7746243],[-122.4625416,37.7742974],[-122.4621279,37.774001],[-122.4616795,37.7737382],[-122.4612007,37.7735113],[-122.460696,37.7733227],[-122.4601703,37.773174],[-122.4596288,37.7730668],[-122.4590766,37.773002],[-122.458519,37.7729804],[-122.4579614,37.773002],[-122.4574092,37.7730668],[-122.4568677,37.773174],[-122.456342,37.7733227],[-122.4558373,37.7735113],[-122.4553585,37.7737382],[-122.4549101,37.774001],[-122.4544964,37.7742974],[-122.4541215,37.7746243],[-122.4537889,37.7749787],[-122.4535018,37.7753572],[-122.4532631,37.7757561],[-122.453075,37.7761716],[-122.4529393,37.7765996],[-122.4528574,37.7770361],[-122.4528299,37.7774769],[-122.4528573,37.7779176],[-122.4529392,37.7783541],[-122.4530748,37.7787822],[-122.4532629,37.7791977],[-122.4535016,37.7795966],[-122.4537886,37.7799751],[-122.4541211,37.7803295],[-122.4544961,37.7806565],[-122.4549097,37.7809529],[-122.4553582,37.7812157],[-122.4558371,37.7814426],[-122.4563418,37.7816313],[-122.4568675,37.78178],[-122.4574091,37.7818872],[-122.4579613,37.7819519],[-122.458519,37.7819736]]]}},{"type":"Feature","id":"masonicfulton","properties":{"id":"masonicfulton","name":"Masonic Ave & Fulton St","modes":["bus"]},"geometry":{"type":"Polygon","coordinates":[[[-122.446553,37.7800736],[-122.4471106,37.7800519],[-122.4476629,37.7799872],[-122.4482045,37.77988],[-122.4487302,37.7797313],[-122.4492349,37.7795426],[-122.4497137,37.7793157],[-122.4501622,37.7790529],[-122.4505758,37.7787565],[-122.4509508,37.7784295],[-122.4512833,37.7780751],[-122.4515703,37.7776966],[-122.451809,37.7772977],[-122.451997,37.7768822],[-122.4521327,37.7764541],[-122.4522145,37.7760176],[-122.4522419,37.7755769],[-122.4522145,37.7751361],[-122.4521325,37.7746996],[-122.4519968,37.7742716],[-122.4518087,37.7738561],[-122.45157,37.7734572],[-122.451283,37.7730787],[-122.4509504,37.7727243],[-122.4505755,37.7723974],[-122.4501618,37.772101],[-122.4497134,37.7718382],[-122.4492346,37.7716113],[-122.4487299,37.7714227],[-122.4482043,37.771274],[-122.4476628,37.7711668],[-122.4471106,37.771102],[-122.446553,37.7710804],[-122.4459954,37.771102],[-122.4454432,37.7711668],[-122.4449017,37.771274],[-122.4443761,37.7714227],[-122.4438714,37.7716113],[-122.4433926,37.7718382],[-122.4429442,37.772101],[-122.4425305,37.7723974],[-122.4421556,37.7727243],[-122.441823,37.7730787],[-122.441536,37.7734572],[-122.4412973,37.7738561],[-122.4411092,37.7742716],[-122.4409735,37.7746996],[-122.4408915,37.7751361],[-122.4408641,37.7755769],[-122.4408915,37.7760176],[-122.4409733,37.7764541],[-122.441109,37.7768822],[-122.441297,37.7772977],[-122.4415357,37.7776966],[-122.4418227,37.7780751],[-122.4421552,37.7784295],[-122.4425302,37.7787565],[-122.4429438,37.7790529],[-122.4433923,37.7793157],[-122.4438711,37.7795426],[-122.4443758,37.7797313],[-122.4449015,37.77988],[-122.4454431,37.7799872],[-122.4459954,37.7800519],[-122.446553,37.7800736]]]}},{"type":"Feature","id":"turkmasonic","properties":{"id":"turkmasonic","name":"Turk St & Masonic Ave","modes":["bus"]},"geometry":{"type":"Polygon","coordinates":[[[-122.447206,37.7831606],[-122.4477637,37.7831389],[-122.448316,37.7830742],[-122.4488576,37.782967],[-122.4493833,37.7828183],[-122.449888,37.7826296],[-122.4503669,37.7824027],[-122.4508153,37.7821399],[-122.451229,37.7818435],[-122.4516039,37.7815165],[-122.4519365,37.7811621],[-122.4522235,37.7807836],[-122.4524622,37.7803847],[-122.4526503,37.7799692],[-122.4527859,37.7795411],[-122.4528678,37.7791046],[-122.4528951,37.7786639],[-122.4528677,37.7782231],[-122.4527858,37.7777866],[-122.4526501,37.7773586],[-122.452462,37.7769431],[-122.4522232,37.7765442],[-122.4519362,37.7761657],[-122.4516036,37.7758113],[-122.4512287,37.7754844],[-122.450815,37.775188],[-122.4503666,37.7749252],[-122.4498877,37.7746983],[-122.449383,37.7745097],[-122.4488574,37.774361],[-122.4483158,37.7742538],[-122.4477636,37.774189],[-122.447206,37.7741674],[-122.4466484,37.774189],[-122.4460962,37.7742538],[-122.4455546,37.774361],[-122.445029,37.7745097],[-122.4445243,37.7746983],[-122.4440454,37.7749252],[-122.443597,37.775188],[-122.4431833,37.7754844],[-122.4428084,37.7758113],[-122.4424758,37.7761657],[-122.4421888,37.7765442],[-122.44195,37.7769431],[-122.4417619,37.7773586],[-122.4416262,37.7777866],[-122.4415443,37.7782231],[-122.4415169,37.7786639],[-122.4415442,37.7791046],[-122.4416261,37.7795411],[-122.4417617,37.7799692],[-122.4419498,37.7803847],[-122.4421885,37.7807836],[-122.4424755,37.7811621],[-122.4428081,37.7815165],[-122.443183,37.7818435],[-122.4435967,37.7821399],[-122.4440451,37.7824027],[-122.444524,37.7826296],[-122.4450287,37.7828183],[-122.4455544,37.782967],[-122.446096,37.7830742],[-122.4466483,37.7831389],[-122.447206,37.7831606]]]}},{"type":"Feature","id":"masonichaight","properties":{"id":"masonichaight","name":"Masonic Ave & Haight St","modes":["bus"]},"geometry":{"type":"Polygon","coordinates":[[[-122.44542,37.7748066],[-122.4459776,37.7747849],[-122.4465298,37.7747202],[-122.4470714,37.774613],[-122.447597,37.7744643],[-122.4481017,37.7742756],[-122.4485805,37.7740487],[-122.4490289,37.7737859],[-122.4494425,37.7734895],[-122.4498174,37.7731625],[-122.45015,37.7728081],[-122.450437,37.7724296],[-122.4506756,37.7720307],[-122.4508636,37.7716152],[-122.4509993,37.7711871],[-122.4510811,37.7707506],[-122.4511085,37.7703099],[-122.4510811,37.7698691],[-122.4509991,37.7694326],[-122.4508635,37.7690046],[-122.4506754,37.7685891],[-122.4504367,37.7681902],[-122.4501497,37.7678117],[-122.4498171,37.7674573],[-122.4494422,37.7671304],[-122.4490286,37.766834],[-122.4485802,37.7665712],[-122.4481014,37.7663443],[-122.4475968,37.7661557],[-122.4470712,37.766007],[-122.4465297,37.7658998],[-122.4459775,37.765835],[-122.44542,37.7658134],[-122.4448625,37.765835],[-122.4443103,37.7658998],[-122.4437688,37.766007],[-122.4432432,37.7661557],[-122.4427386,37.7663443],[-122.4422598,37.7665712],[-122.4418114,37.766834],[-122.4413978,37.7671304],[-122.4410229,37.7674573],[-122.4406903,37.7678117],[-122.4404033,37.7681902],[-122.4401646,37.7685891],[-122.4399765,37.7690046],[-122.4398409,37.7694326],[-122.4397589,37.7698691],[-122.4397315,37.7703099],[-122.4397589,37.7707506],[-122.4398407,37.7711871],[-122.4399764,37.7716152],[-122.4401644,37.7720307],[-122.440403,37.7724296],[-122.44069,37.7728081],[-122.4410226,37.7731625],[-122.4413975,37.7734895],[-122.4418111,37.7737859],[-122.4422595,37.7740487],[-122.4427383,37.7742756],[-122.443243,37.7744643],[-122.4437686,37.774613],[-122.4443102,37.7747202],[-122.4448624,37.7747849],[-122.44542,37.7748066]]]}},{"type":"Feature","id":"frederickashbury","properties":{"id":"frederickashbury","name":"Frederick St & Ashbury St","modes":["bus"]},"geometry":{"type":"Polygon","coordinates":[[[-122.446691,37.7717576],[-122.4472486,37.7717359],[-122.4478008,37.7716712],[-122.4483423,37.771564],[-122.4488679,37.7714153],[-122.4493726,37.7712266],[-122.4498514,37.7709997],[-122.4502998,37.7707369],[-122.4507134,37.7704405],[-122.4510883,37.7701135],[-122.4514208,37.7697591],[-122.4517077,37.7693806],[-122.4519464,37.7689817],[-122.4521344,37.7685662],[-122.45227,37.7681381],[-122.4523519,37.7677016],[-122.4523793,37.7672609],[-122.4523518,37.7668201],[-122.4522699,37.7663836],[-122.4521342,37.7659556],[-122.4519461,37.7655401],[-122.4517075,37.7651412],[-122.4514205,37.7647627],[-122.4510879,37.7644083],[-122.450713,37.7640814],[-122.4502994,37.763785],[-122.4498511,37.7635222],[-122.4493723,37.7632953],[-122.4488677,37.7631067],[-122.4483421,37.762958],[-122.4478007,37.7628508],[-122.4472485,37.762786],[-122.446691,37.7627644],[-122.4461335,37.762786],[-122.4455813,37.7628508],[-122.4450399,37.762958],[-122.4445143,37.7631067],[-122.4440097,37.7632953],[-122.4435309,37.7635222],[-122.4430826,37.763785],[-122.442669,37.7640814],[-122.4422941,37.7644083],[-122.4419615,37.7647627],[-122.4416745,37.7651412],[-122.4414359,37.7655401],[-122.4412478,37.7659556],[-122.4411121,37.7663836],[-122.4410302,37.7668201],[-122.4410027,37.7672609],[-122.4410301,37.7677016],[-122.441112,37.7681381],[-122.4412476,37.7685662],[-122.4414356,37.7689817],[-122.4416743,37.7693806],[-122.4419612,37.7697591],[-122.4422937,37.7701135],[-122.4426686,37.7704405],[-122.4430822,37.7707369],[-122.4435306,37.7709997],[-122.4440094,37.7712266],[-122.4445141,37.7714153],[-122.4450397,37.771564],[-122.4455812,37.7716712],[-122.4461334,37.7717359],[-122.446691,37.7717576]]]}},{"type":"Feature","id":"hayespierce","properties":{"id":"hayespierce","name":"Hayes St & Pierce St","modes":["bus"]},"geometry":{"type":"Polygon","coordinates":[[[-122.434443,37.7799686],[-122.4350006,37.7799469],[-122.4355529,37.7798822],[-122.4360945,37.779775],[-122.4366202,37.7796263],[-122.4371249,37.7794376],[-122.4376037,37.7792107],[-122.4380522,37.7789479],[-122.4384658,37.7786515],[-122.4388407,37.7783245],[-122.4391733,37.7779701],[-122.4394603,37.7775916],[-122.439699,37.7771927],[-122.439887,37.7767772],[-122.4400227,37.7763491],[-122.4401045,37.7759126],[-122.4401319,37.7754719],[-122.4401045,37.7750311],[-122.4400225,37.7745946],[-122.4398868,37.7741666],[-122.4396987,37.7737511],[-122.43946,37.7733522],[-122.439173,37.7729737],[-122.4388404,37.7726193],[-122.4384655,37.7722924],[-122.4380518,37.771996],[-122.4376034,37.7717332],[-122.4371246,37.7715063],[-122.4366199,37.7713177],[-122.4360943,37.771169],[-122.4355528,37.7710618],[-122.4350006,37.770997],[-122.434443,37.7709754],[-122.4338854,37.770997],[-122.4333332,37.7710618],[-122.4327917,37.771169],[-122.4322661,37.7713177],[-122.4317614,37.7715063],[-122.4312826,37.7717332],[-122.4308342,37.771996],[-122.4304205,37.7722924],[-122.4300456,37.7726193],[-122.429713,37.7729737],[-122.429426,37.7733522],[-122.4291873,37.7737511],[-122.4289992,37.7741666],[-122.4288635,37.7745946],[-122.4287815,37.7750311],[-122.4287541,37.7754719],[-122.4287815,37.7759126],[-122.4288633,37.7763491],[-122.428999,37.7767772],[-122.429187,37.7771927],[-122.4294257,37.7775916],[-122.4297127,37.7779701],[-122.4300453,37.7783245],[-122.4304202,37.7786515],[-122.4308338,37.7789479],[-122.4312823,37.7792107],[-122.4317611,37.7794376],[-122.4322658,37.7796263],[-122.4327915,37.779775],[-122.4333331,37.7798822],[-122.4338854,37.7799469],[-122.434443,37.7799686]]]}},{"type":"Feature","id":"hayesdivisadero","properties":{"id":"hayesdivisadero","name":"Hayes St & Divisadero St","modes":["bus"]},"geometry":{"type":"Polygon","coordinates":[[[-122.437911,37.7793946],[-122.4384686,37.7793729],[-122.4390209,37.7793082],[-122.4395625,37.779201],[-122.4400882,37.7790523],[-122.4405928,37.7788636],[-122.4410717,37.7786367],[-122.4415201,37.7783739],[-122.4419338,37.7780775],[-122.4423087,37.7777505],[-122.4426413,37.7773961],[-122.4429283,37.7770176],[-122.4431669,37.7766187],[-122.443355,37.7762032],[-122.4434906,37.7757751],[-122.4435725,37.7753386],[-122.4435999,37.7748979],[-122.4435724,37.7744571],[-122.4434905,37.7740206],[-122.4433548,37.7735926],[-122.4431667,37.7731771],[-122.442928,37.7727782],[-122.4426409,37.7723997],[-122.4423084,37.7720453],[-122.4419335,37.7717184],[-122.4415198,37.771422],[-122.4410714,37.7711592],[-122.4405926,37.7709323],[-122.4400879,37.7707437],[-122.4395623,37.770595],[-122.4390208,37.7704878],[-122.4384686,37.770423],[-122.437911,37.7704014],[-122.4373534,37.770423],[-122.4368012,37.7704878],[-122.4362597,37.770595],[-122.4357341,37.7707437],[-122.4352294,37.7709323],[-122.4347506,37.7711592],[-122.4343022,37.771422],[-122.4338885,37.7717184],[-122.4335136,37.7720453],[-122.4331811,37.7723997],[-122.432894,37.7727782],[-122.4326553,37.7731771],[-122.4324672,37.7735926],[-122.4323315,37.7740206],[-122.4322496,37.7744571],[-122.4322221,37.7748979],[-122.4322495,37.7753386],[-122.4323314,37.7757751],[-122.432467,37.7762032],[-122.4326551,37.7766187],[-122.4328937,37.7770176],[-122.4331807,37.7773961],[-122.4335133,37.7777505],[-122.4338882,37.7780775],[-122.4343019,37.7783739],[-122.4347503,37.7786367],[-122.4352292,37.7788636],[-122.4357338,37.7790523],[-122.4362595,37.779201],[-122.4368011,37.7793082],[-122.4373534,37.7793729],[-122.437911,37.7793946]]]}},{"type":"Feature","id":"castro14th","properties":{"id":"castro14th","name":"Castro St & 14th St","modes":["bus"]},"geometry":{"type":"Polygon","coordinates":[[[-122.43571,37.7719166],[-122.4362676,37.7718949],[-122.4368198,37.7718302],[-122.4373613,37.771723],[-122.4378869,37.7715743],[-122.4383916,37.7713856],[-122.4388704,37.7711587],[-122.4393188,37.7708959],[-122.4397324,37.7705995],[-122.4401073,37.7702725],[-122.4404398,37.7699181],[-122.4407268,37.7695396],[-122.4409654,37.7691407],[-122.4411534,37.7687252],[-122.441289,37.7682971],[-122.4413709,37.7678606],[-122.4413983,37.7674199],[-122.4413709,37.7669791],[-122.4412889,37.7665426],[-122.4411532,37.7661146],[-122.4409652,37.7656991],[-122.4407265,37.7653002],[-122.4404395,37.7649217],[-122.4401069,37.7645673],[-122.439732,37.7642404],[-122.4393184,37.763944],[-122.4388701,37.7636812],[-122.4383913,37.7634543],[-122.4378867,37.7632657],[-122.4373611,37.763117],[-122.4368197,37.7630098],[-122.4362675,37.762945],[-122.43571,37.7629234],[-122.4351525,37.762945],[-122.4346003,37.7630098],[-122.4340589,37.763117],[-122.4335333,37.7632657],[-122.4330287,37.7634543],[-122.4325499,37.7636812],[-122.4321016,37.763944],[-122.431688,37.7642404],[-122.4313131,37.7645673],[-122.4309805,37.7649217],[-122.4306935,37.7653002],[-122.4304548,37.7656991],[-122.4302668,37.7661146],[-122.4301311,37.7665426],[-122.4300491,37.7669791],[-122.4300217,37.7674199],[-122.4300491,37.7678606],[-122.430131,37.7682971],[-122.4302666,37.7687252],[-122.4304546,37.7691407],[-122.4306932,37.7695396],[-122.4309802,37.7699181],[-122.4313127,37.7702725],[-122.4316876,37.7705995],[-122.4321012,37.7708959],[-122.4325496,37.7711587],[-122.4330284,37.7713856],[-122.4335331,37.7715743],[-122.4340587,37.771723],[-122.4346002,37.7718302],[-122.4351524,37.7718949],[-122.43571,37.7719166]]]}},{"type":"Feature","id":"sunsettunneleastportal","properties":{"id":"sunsettunneleastportal","name":"Sunset Tunnel East Portal","modes":["bus","metro"]},"geometry":{"type":"Polygon","coordinates":[[[-122.433511,37.7737816],[-122.4340686,37.7737599],[-122.4346208,37.7736952],[-122.4351624,37.773588],[-122.435688,37.7734393],[-122.4361926,37.7732506],[-122.4366715,37.7730237],[-122.4371199,37.7727609],[-122.4375335,37.7724645],[-122.4379084,37.7721375],[-122.4382409,37.7717831],[-122.4385279,37.7714046],[-122.4387665,37.7710057],[-122.4389546,37.7705902],[-122.4390902,37.7701621],[-122.4391721,37.7697256],[-122.4391994,37.7692849],[-122.439172,37.7688441],[-122.4390901,37.7684076],[-122.4389544,37.7679796],[-122.4387663,37.7675641],[-122.4385276,37.7671652],[-122.4382406,37.7667867],[-122.437908,37.7664323],[-122.4375331,37.7661054],[-122.4371195,37.765809],[-122.4366712,37.7655462],[-122.4361924,37.7653193],[-122.4356877,37.7651307],[-122.4351622,37.764982],[-122.4346207,37.7648748],[-122.4340685,37.76481],[-122.433511,37.7647884],[-122.4329535,37.76481],[-122.4324013,37.7648748],[-122.4318598,37.764982],[-122.4313343,37.7651307],[-122.4308296,37.7653193],[-122.4303508,37.7655462],[-122.4299025,37.765809],[-122.4294889,37.7661054],[-122.429114,37.7664323],[-122.4287814,37.7667867],[-122.4284944,37.7671652],[-122.4282557,37.7675641],[-122.4280676,37.7679796],[-122.4279319,37.7684076],[-122.42785,37.7688441],[-122.4278226,37.7692849],[-122.4278499,37.7697256],[-122.4279318,37.7701621],[-122.4280674,37.7705902],[-122.4282555,37.7710057],[-122.4284941,37.7714046],[-122.4287811,37.7717831],[-122.4291136,37.7721375],[-122.4294885,37.7724645],[-122.4299021,37.7727609],[-122.4303505,37.7730237],[-122.4308294,37.7732506],[-122.431334,37.7734393],[-122.4318596,37.773588],[-122.4324012,37.7736952],[-122.4329534,37.7737599],[-122.433511,37.7737816]]]}},{"type":"Feature","id":"dubocechurch","properties":{"id":"dubocechurch","name":"Duboce Ave & Church St","modes":["bus","metro"]},"geometry":{"type":"Polygon","coordinates":[[[-122.429351,37.7738706],[-122.4299086,37.7738489],[-122.4304608,37.7737842],[-122.4310024,37.773677],[-122.431528,37.7735283],[-122.4320326,37.7733396],[-122.4325115,37.7731127],[-122.4329599,37.7728499],[-122.4333735,37.7725535],[-122.4337484,37.7722265],[-122.4340809,37.7718721],[-122.4343679,37.7714936],[-122.4346065,37.7710947],[-122.4347946,37.7706792],[-122.4349302,37.7702511],[-122.4350121,37.7698146],[-122.4350394,37.7693739],[-122.435012,37.7689331],[-122.4349301,37.7684966],[-122.4347944,37.7680686],[-122.4346063,37.7676531],[-122.4343676,37.7672542],[-122.4340806,37.7668757],[-122.433748,37.7665213],[-122.4333732,37.7661944],[-122.4329595,37.765898],[-122.4325112,37.7656352],[-122.4320324,37.7654083],[-122.4315277,37.7652197],[-122.4310022,37.765071],[-122.4304607,37.7649638],[-122.4299085,37.764899],[-122.429351,37.7648774],[-122.4287935,37.764899],[-122.4282413,37.7649638],[-122.4276998,37.765071],[-122.4271743,37.7652197],[-122.4266696,37.7654083],[-122.4261908,37.7656352],[-122.4257425,37.765898],[-122.4253288,37.7661944],[-122.424954,37.7665213],[-122.4246214,37.7668757],[-122.4243344,37.7672542],[-122.4240957,37.7676531],[-122.4239076,37.7680686],[-122.4237719,37.7684966],[-122.42369,37.7689331],[-122.4236626,37.7693739],[-122.4236899,37.7698146],[-122.4237718,37.7702511],[-122.4239074,37.7706792],[-122.4240955,37.7710947],[-122.4243341,37.7714936],[-122.4246211,37.7718721],[-122.4249536,37.7722265],[-122.4253285,37.7725535],[-122.4257421,37.7728499],[-122.4261905,37.7731127],[-122.4266694,37.7733396],[-122.427174,37.7735283],[-122.4276996,37.773677],[-122.4282412,37.7737842],[-122.4287934,37.7738489],[-122.429351,37.7738706]]]}},{"type":"Feature","id":"haightfillmore","properties":{"id":"haightfillmore","name":"Haight St & Fillmore St","modes":["bus"]},"geometry":{"type":"Polygon","coordinates":[[[-122.430589,37.7765456],[-122.4311466,37.7765239],[-122.4316989,37.7764592],[-122.4322404,37.776352],[-122.4327661,37.7762033],[-122.4332707,37.7760146],[-122.4337496,37.7757877],[-122.434198,37.7755249],[-122.4346116,37.7752285],[-122.4349865,37.7749015],[-122.4353191,37.7745471],[-122.4356061,37.7741686],[-122.4358447,37.7737697],[-122.4360328,37.7733542],[-122.4361684,37.7729261],[-122.4362503,37.7724896],[-122.4362776,37.7720489],[-122.4362502,37.7716081],[-122.4361683,37.7711716],[-122.4360326,37.7707436],[-122.4358445,37.7703281],[-122.4356058,37.7699292],[-122.4353188,37.7695507],[-122.4349862,37.7691963],[-122.4346113,37.7688694],[-122.4341977,37.768573],[-122.4337493,37.7683102],[-122.4332705,37.7680833],[-122.4327658,37.7678947],[-122.4322402,37.767746],[-122.4316987,37.7676388],[-122.4311465,37.767574],[-122.430589,37.7675524],[-122.4300315,37.767574],[-122.4294793,37.7676388],[-122.4289378,37.767746],[-122.4284122,37.7678947],[-122.4279075,37.7680833],[-122.4274287,37.7683102],[-122.4269803,37.768573],[-122.4265667,37.7688694],[-122.4261918,37.7691963],[-122.4258592,37.7695507],[-122.4255722,37.7699292],[-122.4253335,37.7703281],[-122.4251454,37.7707436],[-122.4250097,37.7711716],[-122.4249278,37.7716081],[-122.4249004,37.7720489],[-122.4249277,37.7724896],[-122.4250096,37.7729261],[-122.4251452,37.7733542],[-122.4253333,37.7737697],[-122.4255719,37.7741686],[-122.4258589,37.7745471],[-122.4261915,37.7749015],[-122.4265664,37.7752285],[-122.42698,37.7755249],[-122.4274284,37.7757877],[-122.4279073,37.7760146],[-122.4284119,37.7762033],[-122.4289376,37.776352],[-122.4294791,37.7764592],[-122.4300314,37.7765239],[-122.430589,37.7765456]]]}},{"type":"Feature","id":"hayesbuchanan","properties":{"id":"hayesbuchanan","name":"Hayes St & Buchanan St","modes":["bus"]},"geometry":{"type":"Polygon","coordinates":[[[-122.427555,37.7807406],[-122.4281126,37.7807189],[-122.4286649,37.7806542],[-122.4292065,37.780547],[-122.4297322,37.7803983],[-122.4302369,37.7802096],[-122.4307158,37.7799827],[-122.4311642,37.7797199],[-122.4315779,37.7794235],[-122.4319528,37.7790965],[-122.4322854,37.7787421],[-122.4325724,37.7783636],[-122.432811,37.7779647],[-122.4329991,37.7775492],[-122.4331347,37.7771211],[-122.4332166,37.7766846],[-122.433244,37.7762439],[-122.4332165,37.7758031],[-122.4331346,37.7753666],[-122.4329989,37.7749386],[-122.4328108,37.7745231],[-122.4325721,37.7741242],[-122.432285,37.7737457],[-122.4319525,37.7733913],[-122.4315775,37.7730644],[-122.4311639,37.772768],[-122.4307155,37.7725052],[-122.4302366,37.7722783],[-122.4297319,37.7720897],[-122.4292063,37.771941],[-122.4286648,37.7718338],[-122.4281126,37.771769],[-122.427555,37.7717474],[-122.4269974,37.771769],[-122.4264452,37.7718338],[-122.4259037,37.771941],[-122.4253781,37.7720897],[-122.4248734,37.7722783],[-122.4243945,37.7725052],[-122.4239461,37.772768],[-122.4235325,37.7730644],[-122.4231575,37.7733913],[-122.422825,37.7737457],[-122.4225379,37.7741242],[-122.4222992,37.7745231],[-122.4221111,37.7749386],[-122.4219754,37.7753666],[-122.4218935,37.7758031],[-122.421866,37.7762439],[-122.4218934,37.7766846],[-122.4219753,37.7771211],[-122.4221109,37.7775492],[-122.422299,37.7779647],[-122.4225376,37.7783636],[-122.4228246,37.7787421],[-122.4231572,37.7790965],[-122.4235321,37.7794235],[-122.4239458,37.7797199],[-122.4243942,37.7799827],[-122.4248731,37.7802096],[-122.4253778,37.7803983],[-122.4259035,37.780547],[-122.4264451,37.7806542],[-122.4269974,37.7807189],[-122.427555,37.7807406]]]}},{"type":"Feature","id":"eddyfillmore","properties":{"id":"eddyfillmore","name":"Eddy St & Fillmore St","modes":["bus"]},"geometry":{"type":"Polygon","coordinates":[[[-122.432236,37.7859966],[-122.4327937,37.7859749],[-122.433346,37.7859102],[-122.4338876,37.785803],[-122.4344133,37.7856543],[-122.4349181,37.7854656],[-122.435397,37.7852387],[-122.4358455,37.7849759],[-122.4362592,37.7846795],[-122.4366341,37.7843525],[-122.4369667,37.7839981],[-122.4372537,37.7836196],[-122.4374924,37.7832207],[-122.4376805,37.7828052],[-122.4378161,37.7823771],[-122.437898,37.7819406],[-122.4379254,37.7814999],[-122.4378979,37.7810591],[-122.437816,37.7806226],[-122.4376803,37.7801946],[-122.4374922,37.7797791],[-122.4372534,37.7793802],[-122.4369664,37.7790017],[-122.4366338,37.7786473],[-122.4362588,37.7783204],[-122.4358451,37.778024],[-122.4353967,37.7777612],[-122.4349178,37.7775343],[-122.4344131,37.7773457],[-122.4338874,37.777197],[-122.4333459,37.7770898],[-122.4327936,37.777025],[-122.432236,37.7770034],[-122.4316784,37.777025],[-122.4311261,37.7770898],[-122.4305846,37.777197],[-122.4300589,37.7773457],[-122.4295542,37.7775343],[-122.4290753,37.7777612],[-122.4286269,37.778024],[-122.4282132,37.7783204],[-122.4278382,37.7786473],[-122.4275056,37.7790017],[-122.4272186,37.7793802],[-122.4269798,37.7797791],[-122.4267917,37.7801946],[-122.426656,37.7806226],[-122.4265741,37.7810591],[-122.4265466,37.7814999],[-122.426574,37.7819406],[-122.4266559,37.7823771],[-122.4267915,37.7828052],[-122.4269796,37.7832207],[-122.4272183,37.7836196],[-122.4275053,37.7839981],[-122.4278379,37.7843525],[-122.4282128,37.7846795],[-122.4286265,37.7849759],[-122.429075,37.7852387],[-122.4295539,37.7854656],[-122.4300587,37.7856543],[-122.4305844,37.785803],[-122.431126,37.7859102],[-122.4316783,37.7859749],[-122.432236,37.7859966]]]}},{"type":"Feature","id":"fillmoresutter","properties":{"id":"fillmoresutter","name":"Fillmore St & Sutter St","modes":["bus"]},"geometry":{"type":"Polygon","coordinates":[[[-122.433244,37.7905476],[-122.4338017,37.7905259],[-122.4343541,37.7904612],[-122.4348957,37.790354],[-122.4354215,37.7902053],[-122.4359263,37.7900166],[-122.4364052,37.7897897],[-122.4368537,37.7895269],[-122.4372674,37.7892305],[-122.4376424,37.7889035],[-122.437975,37.7885491],[-122.438262,37.7881706],[-122.4385007,37.7877717],[-122.4386888,37.7873562],[-122.4388245,37.7869281],[-122.4389063,37.7864916],[-122.4389337,37.7860509],[-122.4389063,37.7856101],[-122.4388243,37.7851736],[-122.4386886,37.7847456],[-122.4385005,37.7843301],[-122.4382617,37.7839312],[-122.4379747,37.7835527],[-122.437642,37.7831983],[-122.4372671,37.7828714],[-122.4368533,37.782575],[-122.4364049,37.7823122],[-122.435926,37.7820853],[-122.4354212,37.7818967],[-122.4348955,37.781748],[-122.4343539,37.7816408],[-122.4338017,37.781576],[-122.433244,37.7815544],[-122.4326863,37.781576],[-122.4321341,37.7816408],[-122.4315925,37.781748],[-122.4310668,37.7818967],[-122.430562,37.7820853],[-122.4300831,37.7823122],[-122.4296347,37.782575],[-122.4292209,37.7828714],[-122.428846,37.7831983],[-122.4285133,37.7835527],[-122.4282263,37.7839312],[-122.4279875,37.7843301],[-122.4277994,37.7847456],[-122.4276637,37.7851736],[-122.4275817,37.7856101],[-122.4275543,37.7860509],[-122.4275817,37.7864916],[-122.4276635,37.7869281],[-122.4277992,37.7873562],[-122.4279873,37.7877717],[-122.428226,37.7881706],[-122.428513,37.7885491],[-122.4288456,37.7889035],[-122.4292206,37.7892305],[-122.4296343,37.7895269],[-122.4300828,37.7897897],[-122.4305617,37.7900166],[-122.4310665,37.7902053],[-122.4315923,37.790354],[-122.4321339,37.7904612],[-122.4326863,37.7905259],[-122.433244,37.7905476]]]}},{"type":"Feature","id":"divisaderosutter","properties":{"id":"divisaderosutter","name":"Divisadero St & Sutter St","modes":["bus"]},"geometry":{"type":"Polygon","coordinates":[[[-122.439939,37.7896466],[-122.4404967,37.7896249],[-122.4410491,37.7895602],[-122.4415907,37.789453],[-122.4421165,37.7893043],[-122.4426212,37.7891156],[-122.4431002,37.7888887],[-122.4435486,37.7886259],[-122.4439624,37.7883295],[-122.4443373,37.7880025],[-122.4446699,37.7876481],[-122.444957,37.7872696],[-122.4451957,37.7868707],[-122.4453837,37.7864552],[-122.4455194,37.7860271],[-122.4456013,37.7855906],[-122.4456286,37.7851499],[-122.4456012,37.7847091],[-122.4455192,37.7842726],[-122.4453836,37.7838446],[-122.4451954,37.7834291],[-122.4449567,37.7830302],[-122.4446696,37.7826517],[-122.444337,37.7822973],[-122.443962,37.7819704],[-122.4435483,37.781674],[-122.4430998,37.7814112],[-122.4426209,37.7811843],[-122.4421162,37.7809957],[-122.4415905,37.780847],[-122.4410489,37.7807398],[-122.4404966,37.780675],[-122.439939,37.7806534],[-122.4393814,37.780675],[-122.4388291,37.7807398],[-122.4382875,37.780847],[-122.4377618,37.7809957],[-122.4372571,37.7811843],[-122.4367782,37.7814112],[-122.4363297,37.781674],[-122.435916,37.7819704],[-122.435541,37.7822973],[-122.4352084,37.7826517],[-122.4349213,37.7830302],[-122.4346826,37.7834291],[-122.4344944,37.7838446],[-122.4343588,37.7842726],[-122.4342768,37.7847091],[-122.4342494,37.7851499],[-122.4342767,37.7855906],[-122.4343586,37.7860271],[-122.4344943,37.7864552],[-122.4346823,37.7868707],[-122.434921,37.7872696],[-122.4352081,37.7876481],[-122.4355407,37.7880025],[-122.4359156,37.7883295],[-122.4363294,37.7886259],[-122.4367778,37.7888887],[-122.4372568,37.7891156],[-122.4377615,37.7893043],[-122.4382873,37.789453],[-122.4388289,37.7895602],[-122.4393813,37.7896249],[-122.439939,37.7896466]]]}},{"type":"Feature","id":"divisaderoeddy","properties":{"id":"divisaderoeddy","name":"Divisadero St & Eddy St","modes":["bus"]},"geometry":{"type":"Polygon","coordinates":[[[-122.438942,37.7850876],[-122.4394997,37.7850659],[-122.440052,37.7850012],[-122.4405936,37.784894],[-122.4411193,37.7847453],[-122.4416241,37.7845566],[-122.442103,37.7843297],[-122.4425514,37.7840669],[-122.4429651,37.7837705],[-122.4433401,37.7834435],[-122.4436726,37.7830891],[-122.4439596,37.7827106],[-122.4441983,37.7823117],[-122.4443864,37.7818962],[-122.444522,37.7814681],[-122.4446039,37.7810316],[-122.4446313,37.7805909],[-122.4446039,37.7801501],[-122.4445219,37.7797136],[-122.4443862,37.7792856],[-122.4441981,37.7788701],[-122.4439594,37.7784712],[-122.4436723,37.7780927],[-122.4433397,37.7777383],[-122.4429648,37.7774114],[-122.4425511,37.777115],[-122.4421026,37.7768522],[-122.4416238,37.7766253],[-122.4411191,37.7764367],[-122.4405934,37.776288],[-122.4400519,37.7761808],[-122.4394996,37.776116],[-122.438942,37.7760944],[-122.4383844,37.776116],[-122.4378321,37.7761808],[-122.4372906,37.776288],[-122.4367649,37.7764367],[-122.4362602,37.7766253],[-122.4357814,37.7768522],[-122.4353329,37.777115],[-122.4349192,37.7774114],[-122.4345443,37.7777383],[-122.4342117,37.7780927],[-122.4339246,37.7784712],[-122.4336859,37.7788701],[-122.4334978,37.7792856],[-122.4333621,37.7797136],[-122.4332801,37.7801501],[-122.4332527,37.7805909],[-122.4332801,37.7810316],[-122.433362,37.7814681],[-122.4334976,37.7818962],[-122.4336857,37.7823117],[-122.4339244,37.7827106],[-122.4342114,37.7830891],[-122.4345439,37.7834435],[-122.4349189,37.7837705],[-122.4353326,37.7840669],[-122.435781,37.7843297],[-122.4362599,37.7845566],[-122.4367647,37.7847453],[-122.4372904,37.784894],[-122.437832,37.7850012],[-122.4383843,37.7850659],[-122.438942,37.7850876]]]}},{"type":"Feature","id":"divisaderoeddy-2","properties":{"id":"divisaderoeddy-2","name":"Divisadero St & Eddy St","modes":["bus"]},"geometry":{"type":"Polygon","coordinates":[[[-122.438942,37.7850876],[-122.4394997,37.7850659],[-122.440052,37.7850012],[-122.4405936,37.784894],[-122.4411193,37.7847453],[-122.4416241,37.7845566],[-122.442103,37.7843297],[-122.4425514,37.7840669],[-122.4429651,37.7837705],[-122.4433401,37.7834435],[-122.4436726,37.7830891],[-122.4439596,37.7827106],[-122.4441983,37.7823117],[-122.4443864,37.7818962],[-122.444522,37.7814681],[-122.4446039,37.7810316],[-122.4446313,37.7805909],[-122.4446039,37.7801501],[-122.4445219,37.7797136],[-122.4443862,37.7792856],[-122.4441981,37.7788701],[-122.4439594,37.7784712],[-122.4436723,37.7780927],[-122.4433397,37.7777383],[-122.4429648,37.7774114],[-122.4425511,37.777115],[-122.4421026,37.7768522],[-122.4416238,37.7766253],[-122.4411191,37.7764367],[-122.4405934,37.776288],[-122.4400519,37.7761808],[-122.4394996,37.776116],[-122.438942,37.7760944],[-122.4383844,37.776116],[-122.4378321,37.7761808],[-122.4372906,37.776288],[-122.4367649,37.7764367],[-122.4362602,37.7766253],[-122.4357814,37.7768522],[-122.4353329,37.777115],[-122.4349192,37.7774114],[-122.4345443,37.7777383],[-122.4342117,37.7780927],[-122.4339246,37.7784712],[-122.4336859,37.7788701],[-122.4334978,37.7792856],[-122.4333621,37.7797136],[-122.4332801,37.7801501],[-122.4332527,37.7805909],[-122.4332801,37.7810316],[-122.433362,37.7814681],[-122.4334976,37.7818962],[-122.4336857,37.7823117],[-122.4339244,37.7827106],[-122.4342114,37.7830891],[-122.4345439,37.7834435],[-122.4349189,37.7837705],[-122.4353326,37.7840669],[-122.435781,37.7843297],[-122.4362599,37.7845566],[-122.4367647,37.7847453],[-122.4372904,37.784894],[-122.437832,37.7850012],[-122.4383843,37.7850659],[-122.438942,37.7850876]]]}},{"type":"Feature","id":"presidiocalifornia","properties":{"id":"presidiocalifornia","name":"Presidio Ave & California St","modes":["bus"]},"geometry":{"type":"Polygon","coordinates":[[[-122.446965,37.7921726],[-122.4475227,37.7921509],[-122.4480751,37.7920862],[-122.4486168,37.791979],[-122.4491425,37.7918303],[-122.4496473,37.7916416],[-122.4501263,37.7914147],[-122.4505748,37.7911519],[-122.4509885,37.7908555],[-122.4513635,37.7905285],[-122.4516961,37.7901741],[-122.4519831,37.7897956],[-122.4522218,37.7893967],[-122.4524099,37.7889812],[-122.4525456,37.7885531],[-122.4526275,37.7881166],[-122.4526548,37.7876759],[-122.4526274,37.7872351],[-122.4525454,37.7867986],[-122.4524097,37.7863706],[-122.4522216,37.7859551],[-122.4519828,37.7855562],[-122.4516958,37.7851777],[-122.4513631,37.7848233],[-122.4509881,37.7844964],[-122.4505744,37.7842],[-122.4501259,37.7839372],[-122.449647,37.7837103],[-122.4491423,37.7835217],[-122.4486166,37.783373],[-122.448075,37.7832658],[-122.4475227,37.783201],[-122.446965,37.7831794],[-122.4464073,37.783201],[-122.445855,37.7832658],[-122.4453134,37.783373],[-122.4447877,37.7835217],[-122.444283,37.7837103],[-122.4438041,37.7839372],[-122.4433556,37.7842],[-122.4429419,37.7844964],[-122.4425669,37.7848233],[-122.4422342,37.7851777],[-122.4419472,37.7855562],[-122.4417084,37.7859551],[-122.4415203,37.7863706],[-122.4413846,37.7867986],[-122.4413026,37.7872351],[-122.4412752,37.7876759],[-122.4413025,37.7881166],[-122.4413844,37.7885531],[-122.4415201,37.7889812],[-122.4417082,37.7893967],[-122.4419469,37.7897956],[-122.4422339,37.7901741],[-122.4425665,37.7905285],[-122.4429415,37.7908555],[-122.4433552,37.7911519],[-122.4438037,37.7914147],[-122.4442827,37.7916416],[-122.4447875,37.7918303],[-122.4453132,37.791979],[-122.4458549,37.7920862],[-122.4464073,37.7921509],[-122.446965,37.7921726]]]}},{"type":"Feature","id":"presidiojackson","properties":{"id":"presidiojackson","name":"Presidio Ave & Jackson St","modes":["bus"]},"geometry":{"type":"Polygon","coordinates":[[[-122.447607,37.7954016],[-122.4481648,37.7953799],[-122.4487171,37.7953152],[-122.4492588,37.795208],[-122.4497846,37.7950593],[-122.4502894,37.7948706],[-122.4507684,37.7946437],[-122.4512169,37.7943809],[-122.4516307,37.7940845],[-122.4520057,37.7937575],[-122.4523383,37.7934031],[-122.4526253,37.7930246],[-122.4528641,37.7926257],[-122.4530522,37.7922102],[-122.4531878,37.7917821],[-122.4532697,37.7913456],[-122.4532971,37.7909049],[-122.4532697,37.7904641],[-122.4531877,37.7900276],[-122.453052,37.7895996],[-122.4528638,37.7891841],[-122.4526251,37.7887852],[-122.452338,37.7884067],[-122.4520053,37.7880523],[-122.4516303,37.7877254],[-122.4512166,37.787429],[-122.4507681,37.7871662],[-122.4502891,37.7869393],[-122.4497844,37.7867507],[-122.4492586,37.786602],[-122.448717,37.7864948],[-122.4481647,37.78643],[-122.447607,37.7864084],[-122.4470493,37.78643],[-122.446497,37.7864948],[-122.4459554,37.786602],[-122.4454296,37.7867507],[-122.4449249,37.7869393],[-122.4444459,37.7871662],[-122.4439974,37.787429],[-122.4435837,37.7877254],[-122.4432087,37.7880523],[-122.442876,37.7884067],[-122.4425889,37.7887852],[-122.4423502,37.7891841],[-122.442162,37.7895996],[-122.4420263,37.7900276],[-122.4419443,37.7904641],[-122.4419169,37.7909049],[-122.4419443,37.7913456],[-122.4420262,37.7917821],[-122.4421618,37.7922102],[-122.4423499,37.7926257],[-122.4425887,37.7930246],[-122.4428757,37.7934031],[-122.4432083,37.7937575],[-122.4435833,37.7940845],[-122.4439971,37.7943809],[-122.4444456,37.7946437],[-122.4449246,37.7948706],[-122.4454294,37.7950593],[-122.4459552,37.795208],[-122.4464969,37.7953152],[-122.4470492,37.7953799],[-122.447607,37.7954016]]]}},{"type":"Feature","id":"presidiolettermandr","properties":{"id":"presidiolettermandr","name":"Presidio Blvd & Letterman Dr","modes":["bus"]},"geometry":{"type":"Polygon","coordinates":[[[-122.452423,37.8036196],[-122.4529808,37.8035979],[-122.4535333,37.8035332],[-122.454075,37.803426],[-122.4546009,37.8032773],[-122.4551057,37.8030886],[-122.4555848,37.8028617],[-122.4560333,37.8025989],[-122.4564471,37.8023025],[-122.4568222,37.8019755],[-122.4571548,37.8016211],[-122.4574419,37.8012426],[-122.4576807,37.8008437],[-122.4578688,37.8004282],[-122.4580044,37.8000001],[-122.4580863,37.7995636],[-122.4581137,37.7991229],[-122.4580863,37.7986821],[-122.4580043,37.7982456],[-122.4578686,37.7978176],[-122.4576804,37.7974021],[-122.4574416,37.7970032],[-122.4571545,37.7966247],[-122.4568218,37.7962703],[-122.4564468,37.7959434],[-122.456033,37.795647],[-122.4555844,37.7953842],[-122.4551054,37.7951573],[-122.4546006,37.7949687],[-122.4540748,37.79482],[-122.4535331,37.7947128],[-122.4529808,37.794648],[-122.452423,37.7946264],[-122.4518652,37.794648],[-122.4513129,37.7947128],[-122.4507712,37.79482],[-122.4502454,37.7949687],[-122.4497406,37.7951573],[-122.4492616,37.7953842],[-122.448813,37.795647],[-122.4483992,37.7959434],[-122.4480242,37.7962703],[-122.4476915,37.7966247],[-122.4474044,37.7970032],[-122.4471656,37.7974021],[-122.4469774,37.7978176],[-122.4468417,37.7982456],[-122.4467597,37.7986821],[-122.4467323,37.7991229],[-122.4467597,37.7995636],[-122.4468416,37.8000001],[-122.4469772,37.8004282],[-122.4471653,37.8008437],[-122.4474041,37.8012426],[-122.4476912,37.8016211],[-122.4480238,37.8019755],[-122.4483989,37.8023025],[-122.4488127,37.8025989],[-122.4492612,37.8028617],[-122.4497403,37.8030886],[-122.4502451,37.8032773],[-122.450771,37.803426],[-122.4513127,37.8035332],[-122.4518652,37.8035979],[-122.452423,37.8036196]]]}},{"type":"Feature","id":"37thlincolnway","properties":{"id":"37thlincolnway","name":"37th Ave & Lincoln Way","modes":["bus"]},"geometry":{"type":"Polygon","coordinates":[[[-122.496621,37.7688566],[-122.4971786,37.7688349],[-122.4977307,37.7687702],[-122.4982722,37.768663],[-122.4987978,37.7685143],[-122.4993025,37.7683256],[-122.4997813,37.7680987],[-122.5002296,37.7678359],[-122.5006432,37.7675395],[-122.5010181,37.7672125],[-122.5013506,37.7668581],[-122.5016375,37.7664796],[-122.5018762,37.7660807],[-122.5020642,37.7656652],[-122.5021998,37.7652371],[-122.5022817,37.7648006],[-122.502309,37.7643599],[-122.5022816,37.7639191],[-122.5021997,37.7634826],[-122.502064,37.7630546],[-122.5018759,37.7626391],[-122.5016373,37.7622402],[-122.5013503,37.7618617],[-122.5010177,37.7615073],[-122.5006429,37.7611804],[-122.5002293,37.760884],[-122.4997809,37.7606212],[-122.4993022,37.7603943],[-122.4987976,37.7602057],[-122.4982721,37.760057],[-122.4977306,37.7599498],[-122.4971785,37.759885],[-122.496621,37.7598634],[-122.4960635,37.759885],[-122.4955114,37.7599498],[-122.4949699,37.760057],[-122.4944444,37.7602057],[-122.4939398,37.7603943],[-122.4934611,37.7606212],[-122.4930127,37.760884],[-122.4925991,37.7611804],[-122.4922243,37.7615073],[-122.4918917,37.7618617],[-122.4916047,37.7622402],[-122.4913661,37.7626391],[-122.491178,37.7630546],[-122.4910423,37.7634826],[-122.4909604,37.7639191],[-122.490933,37.7643599],[-122.4909603,37.7648006],[-122.4910422,37.7652371],[-122.4911778,37.7656652],[-122.4913658,37.7660807],[-122.4916045,37.7664796],[-122.4918914,37.7668581],[-122.4922239,37.7672125],[-122.4925988,37.7675395],[-122.4930124,37.7678359],[-122.4934607,37.7680987],[-122.4939395,37.7683256],[-122.4944442,37.7685143],[-122.4949698,37.768663],[-122.4955113,37.7687702],[-122.4960634,37.7688349],[-122.496621,37.7688566]]]}},{"type":"Feature","id":"lincolnway29th","properties":{"id":"lincolnway29th","name":"Lincoln Way & 29th Ave","modes":["bus"]},"geometry":{"type":"Polygon","coordinates":[[[-122.488267,37.7695286],[-122.4888246,37.7695069],[-122.4893768,37.7694422],[-122.4899183,37.769335],[-122.4904439,37.7691863],[-122.4909485,37.7689976],[-122.4914273,37.7687707],[-122.4918757,37.7685079],[-122.4922893,37.7682115],[-122.4926641,37.7678845],[-122.4929966,37.7675301],[-122.4932836,37.7671516],[-122.4935222,37.7667527],[-122.4937103,37.7663372],[-122.4938459,37.7659091],[-122.4939277,37.7654726],[-122.4939551,37.7650319],[-122.4939277,37.7645911],[-122.4938457,37.7641546],[-122.4937101,37.7637266],[-122.493522,37.7633111],[-122.4932833,37.7629122],[-122.4929963,37.7625337],[-122.4926638,37.7621793],[-122.4922889,37.7618524],[-122.4918753,37.761556],[-122.491427,37.7612932],[-122.4909482,37.7610663],[-122.4904436,37.7608777],[-122.4899181,37.760729],[-122.4893766,37.7606218],[-122.4888245,37.760557],[-122.488267,37.7605354],[-122.4877095,37.760557],[-122.4871574,37.7606218],[-122.4866159,37.760729],[-122.4860904,37.7608777],[-122.4855858,37.7610663],[-122.485107,37.7612932],[-122.4846587,37.761556],[-122.4842451,37.7618524],[-122.4838702,37.7621793],[-122.4835377,37.7625337],[-122.4832507,37.7629122],[-122.483012,37.7633111],[-122.4828239,37.7637266],[-122.4826883,37.7641546],[-122.4826063,37.7645911],[-122.4825789,37.7650319],[-122.4826063,37.7654726],[-122.4826881,37.7659091],[-122.4828237,37.7663372],[-122.4830118,37.7667527],[-122.4832504,37.7671516],[-122.4835374,37.7675301],[-122.4838699,37.7678845],[-122.4842447,37.7682115],[-122.4846583,37.7685079],[-122.4851067,37.7687707],[-122.4855855,37.7689976],[-122.4860901,37.7691863],[-122.4866157,37.769335],[-122.4871572,37.7694422],[-122.4877094,37.7695069],[-122.488267,37.7695286]]]}},{"type":"Feature","id":"lincolnway21st","properties":{"id":"lincolnway21st","name":"Lincoln Way & 21st Ave","modes":["bus"]},"geometry":{"type":"Polygon","coordinates":[[[-122.479696,37.7699246],[-122.4802536,37.7699029],[-122.4808058,37.7698382],[-122.4813473,37.769731],[-122.4818729,37.7695823],[-122.4823775,37.7693936],[-122.4828563,37.7691667],[-122.4833047,37.7689039],[-122.4837183,37.7686075],[-122.4840931,37.7682805],[-122.4844257,37.7679261],[-122.4847126,37.7675476],[-122.4849513,37.7671487],[-122.4851393,37.7667332],[-122.4852749,37.7663051],[-122.4853568,37.7658686],[-122.4853841,37.7654279],[-122.4853567,37.7649871],[-122.4852748,37.7645506],[-122.4851391,37.7641226],[-122.484951,37.7637071],[-122.4847123,37.7633082],[-122.4844253,37.7629297],[-122.4840928,37.7625753],[-122.4837179,37.7622484],[-122.4833043,37.761952],[-122.482856,37.7616892],[-122.4823772,37.7614623],[-122.4818726,37.7612737],[-122.4813471,37.761125],[-122.4808056,37.7610178],[-122.4802535,37.760953],[-122.479696,37.7609314],[-122.4791385,37.760953],[-122.4785864,37.7610178],[-122.4780449,37.761125],[-122.4775194,37.7612737],[-122.4770148,37.7614623],[-122.476536,37.7616892],[-122.4760877,37.761952],[-122.4756741,37.7622484],[-122.4752992,37.7625753],[-122.4749667,37.7629297],[-122.4746797,37.7633082],[-122.474441,37.7637071],[-122.4742529,37.7641226],[-122.4741172,37.7645506],[-122.4740353,37.7649871],[-122.4740079,37.7654279],[-122.4740352,37.7658686],[-122.4741171,37.7663051],[-122.4742527,37.7667332],[-122.4744407,37.7671487],[-122.4746794,37.7675476],[-122.4749663,37.7679261],[-122.4752989,37.7682805],[-122.4756737,37.7686075],[-122.4760873,37.7689039],[-122.4765357,37.7691667],[-122.4770145,37.7693936],[-122.4775191,37.7695823],[-122.4780447,37.769731],[-122.4785862,37.7698382],[-122.4791384,37.7699029],[-122.479696,37.7699246]]]}},{"type":"Feature","id":"lincolnway15th","properties":{"id":"lincolnway15th","name":"Lincoln Way & 15th Ave","modes":["bus"]},"geometry":{"type":"Polygon","coordinates":[[[-122.47305,37.7700566],[-122.4736076,37.7700349],[-122.4741598,37.7699702],[-122.4747013,37.769863],[-122.4752269,37.7697143],[-122.4757315,37.7695256],[-122.4762103,37.7692987],[-122.4766587,37.7690359],[-122.4770723,37.7687395],[-122.4774472,37.7684125],[-122.4777797,37.7680581],[-122.4780666,37.7676796],[-122.4783053,37.7672807],[-122.4784933,37.7668652],[-122.4786289,37.7664371],[-122.4787108,37.7660006],[-122.4787381,37.7655599],[-122.4787107,37.7651191],[-122.4786288,37.7646826],[-122.4784931,37.7642546],[-122.478305,37.7638391],[-122.4780663,37.7634402],[-122.4777794,37.7630617],[-122.4774468,37.7627073],[-122.4770719,37.7623804],[-122.4766583,37.762084],[-122.47621,37.7618212],[-122.4757312,37.7615943],[-122.4752266,37.7614057],[-122.4747011,37.761257],[-122.4741596,37.7611498],[-122.4736075,37.761085],[-122.47305,37.7610634],[-122.4724925,37.761085],[-122.4719404,37.7611498],[-122.4713989,37.761257],[-122.4708734,37.7614057],[-122.4703688,37.7615943],[-122.46989,37.7618212],[-122.4694417,37.762084],[-122.4690281,37.7623804],[-122.4686532,37.7627073],[-122.4683206,37.7630617],[-122.4680337,37.7634402],[-122.467795,37.7638391],[-122.4676069,37.7642546],[-122.4674712,37.7646826],[-122.4673893,37.7651191],[-122.4673619,37.7655599],[-122.4673892,37.7660006],[-122.4674711,37.7664371],[-122.4676067,37.7668652],[-122.4677947,37.7672807],[-122.4680334,37.7676796],[-122.4683203,37.7680581],[-122.4686528,37.7684125],[-122.4690277,37.7687395],[-122.4694413,37.7690359],[-122.4698897,37.7692987],[-122.4703685,37.7695256],[-122.4708731,37.7697143],[-122.4713987,37.769863],[-122.4719402,37.7699702],[-122.4724924,37.7700349],[-122.47305,37.7700566]]]}},{"type":"Feature","id":"lincolnway9th","properties":{"id":"lincolnway9th","name":"Lincoln Way & 9th Ave","modes":["bus"]},"geometry":{"type":"Polygon","coordinates":[[[-122.46623,37.7703556],[-122.4667876,37.7703339],[-122.4673398,37.7702692],[-122.4678813,37.770162],[-122.4684069,37.7700133],[-122.4689115,37.7698246],[-122.4693903,37.7695977],[-122.4698387,37.7693349],[-122.4702523,37.7690385],[-122.4706272,37.7687115],[-122.4709597,37.7683571],[-122.4712466,37.7679786],[-122.4714853,37.7675797],[-122.4716733,37.7671642],[-122.4718089,37.7667361],[-122.4718908,37.7662996],[-122.4719182,37.7658589],[-122.4718907,37.7654181],[-122.4718088,37.7649816],[-122.4716731,37.7645536],[-122.471485,37.7641381],[-122.4712464,37.7637392],[-122.4709594,37.7633607],[-122.4706268,37.7630063],[-122.470252,37.7626794],[-122.4698384,37.762383],[-122.46939,37.7621202],[-122.4689112,37.7618933],[-122.4684066,37.7617047],[-122.4678811,37.761556],[-122.4673396,37.7614488],[-122.4667875,37.761384],[-122.46623,37.7613624],[-122.4656725,37.761384],[-122.4651204,37.7614488],[-122.4645789,37.761556],[-122.4640534,37.7617047],[-122.4635488,37.7618933],[-122.46307,37.7621202],[-122.4626216,37.762383],[-122.462208,37.7626794],[-122.4618332,37.7630063],[-122.4615006,37.7633607],[-122.4612136,37.7637392],[-122.460975,37.7641381],[-122.4607869,37.7645536],[-122.4606512,37.7649816],[-122.4605693,37.7654181],[-122.4605418,37.7658589],[-122.4605692,37.7662996],[-122.4606511,37.7667361],[-122.4607867,37.7671642],[-122.4609747,37.7675797],[-122.4612134,37.7679786],[-122.4615003,37.7683571],[-122.4618328,37.7687115],[-122.4622077,37.7690385],[-122.4626213,37.7693349],[-122.4630697,37.7695977],[-122.4635485,37.7698246],[-122.4640531,37.7700133],[-122.4645787,37.770162],[-122.4651202,37.7702692],[-122.4656724,37.7703339],[-122.46623,37.7703556]]]}},{"type":"Feature","id":"46thirving","properties":{"id":"46thirving","name":"46th Ave & Irving St","modes":["bus"]},"geometry":{"type":"Polygon","coordinates":[[[-122.506143,37.7668716],[-122.5067005,37.7668499],[-122.5072527,37.7667852],[-122.5077942,37.766678],[-122.5083198,37.7665293],[-122.5088244,37.7663406],[-122.5093032,37.7661137],[-122.5097515,37.7658509],[-122.5101651,37.7655545],[-122.51054,37.7652275],[-122.5108725,37.7648731],[-122.5111594,37.7644946],[-122.511398,37.7640957],[-122.5115861,37.7636802],[-122.5117217,37.7632521],[-122.5118035,37.7628156],[-122.5118309,37.7623749],[-122.5118035,37.7619341],[-122.5117215,37.7614976],[-122.5115859,37.7610696],[-122.5113978,37.7606541],[-122.5111591,37.7602552],[-122.5108721,37.7598767],[-122.5105396,37.7595223],[-122.5101648,37.7591954],[-122.5097512,37.758899],[-122.5093029,37.7586362],[-122.5088241,37.7584093],[-122.5083195,37.7582207],[-122.507794,37.758072],[-122.5072526,37.7579648],[-122.5067005,37.7579],[-122.506143,37.7578784],[-122.5055855,37.7579],[-122.5050334,37.7579648],[-122.504492,37.758072],[-122.5039665,37.7582207],[-122.5034619,37.7584093],[-122.5029831,37.7586362],[-122.5025348,37.758899],[-122.5021212,37.7591954],[-122.5017464,37.7595223],[-122.5014139,37.7598767],[-122.5011269,37.7602552],[-122.5008882,37.7606541],[-122.5007001,37.7610696],[-122.5005645,37.7614976],[-122.5004825,37.7619341],[-122.5004551,37.7623749],[-122.5004825,37.7628156],[-122.5005643,37.7632521],[-122.5006999,37.7636802],[-122.500888,37.7640957],[-122.5011266,37.7644946],[-122.5014135,37.7648731],[-122.501746,37.7652275],[-122.5021209,37.7655545],[-122.5025345,37.7658509],[-122.5029828,37.7661137],[-122.5034616,37.7663406],[-122.5039662,37.7665293],[-122.5044918,37.766678],[-122.5050333,37.7667852],[-122.5055855,37.7668499],[-122.506143,37.7668716]]]}},{"type":"Feature","id":"sunsetjudah","properties":{"id":"sunsetjudah","name":"Sunset Blvd & Judah St","modes":["bus","metro"]},"geometry":{"type":"Polygon","coordinates":[[[-122.495646,37.7656366],[-122.4962035,37.7656149],[-122.4967557,37.7655502],[-122.4972972,37.765443],[-122.4978227,37.7652943],[-122.4983274,37.7651056],[-122.4988061,37.7648787],[-122.4992545,37.7646159],[-122.4996681,37.7643195],[-122.5000429,37.7639925],[-122.5003754,37.7636381],[-122.5006623,37.7632596],[-122.500901,37.7628607],[-122.501089,37.7624452],[-122.5012246,37.7620171],[-122.5013064,37.7615806],[-122.5013338,37.7611399],[-122.5013064,37.7606991],[-122.5012244,37.7602626],[-122.5010888,37.7598346],[-122.5009007,37.7594191],[-122.500662,37.7590202],[-122.5003751,37.7586417],[-122.5000426,37.7582873],[-122.4996677,37.7579604],[-122.4992541,37.757664],[-122.4988058,37.7574012],[-122.4983271,37.7571743],[-122.4978225,37.7569857],[-122.497297,37.756837],[-122.4967556,37.7567298],[-122.4962035,37.756665],[-122.495646,37.7566434],[-122.4950885,37.756665],[-122.4945364,37.7567298],[-122.493995,37.756837],[-122.4934695,37.7569857],[-122.4929649,37.7571743],[-122.4924862,37.7574012],[-122.4920379,37.757664],[-122.4916243,37.7579604],[-122.4912494,37.7582873],[-122.4909169,37.7586417],[-122.49063,37.7590202],[-122.4903913,37.7594191],[-122.4902032,37.7598346],[-122.4900676,37.7602626],[-122.4899856,37.7606991],[-122.4899582,37.7611399],[-122.4899856,37.7615806],[-122.4900674,37.7620171],[-122.490203,37.7624452],[-122.490391,37.7628607],[-122.4906297,37.7632596],[-122.4909166,37.7636381],[-122.4912491,37.7639925],[-122.4916239,37.7643195],[-122.4920375,37.7646159],[-122.4924859,37.7648787],[-122.4929646,37.7651056],[-122.4934693,37.7652943],[-122.4939948,37.765443],[-122.4945363,37.7655502],[-122.4950885,37.7656149],[-122.495646,37.7656366]]]}},{"type":"Feature","id":"sunsetnoriega","properties":{"id":"sunsetnoriega","name":"Sunset Blvd & Noriega St","modes":["bus"]},"geometry":{"type":"Polygon","coordinates":[[[-122.495121,37.7581976],[-122.4956785,37.7581759],[-122.4962306,37.7581112],[-122.496772,37.758004],[-122.4972975,37.7578553],[-122.4978021,37.7576666],[-122.4982808,37.7574397],[-122.4987291,37.7571769],[-122.4991426,37.7568805],[-122.4995175,37.7565535],[-122.4998499,37.7561991],[-122.5001368,37.7558206],[-122.5003754,37.7554217],[-122.5005634,37.7550062],[-122.500699,37.7545781],[-122.5007809,37.7541416],[-122.5008082,37.7537009],[-122.5007808,37.7532601],[-122.5006989,37.7528236],[-122.5005632,37.7523956],[-122.5003752,37.7519801],[-122.5001365,37.7515812],[-122.4998496,37.7512027],[-122.4995171,37.7508483],[-122.4991423,37.7505214],[-122.4987288,37.750225],[-122.4982805,37.7499622],[-122.4978018,37.7497353],[-122.4972973,37.7495467],[-122.4967718,37.749398],[-122.4962305,37.7492908],[-122.4956784,37.749226],[-122.495121,37.7492044],[-122.4945636,37.749226],[-122.4940115,37.7492908],[-122.4934702,37.749398],[-122.4929447,37.7495467],[-122.4924402,37.7497353],[-122.4919615,37.7499622],[-122.4915132,37.750225],[-122.4910997,37.7505214],[-122.4907249,37.7508483],[-122.4903924,37.7512027],[-122.4901055,37.7515812],[-122.4898668,37.7519801],[-122.4896788,37.7523956],[-122.4895431,37.7528236],[-122.4894612,37.7532601],[-122.4894338,37.7537009],[-122.4894611,37.7541416],[-122.489543,37.7545781],[-122.4896786,37.7550062],[-122.4898666,37.7554217],[-122.4901052,37.7558206],[-122.4903921,37.7561991],[-122.4907245,37.7565535],[-122.4910994,37.7568805],[-122.4915129,37.7571769],[-122.4919612,37.7574397],[-122.4924399,37.7576666],[-122.4929445,37.7578553],[-122.49347,37.758004],[-122.4940114,37.7581112],[-122.4945635,37.7581759],[-122.495121,37.7581976]]]}},{"type":"Feature","id":"noriega46th","properties":{"id":"noriega46th","name":"Noriega St & 46th Ave","modes":["bus"]},"geometry":{"type":"Polygon","coordinates":[[[-122.505712,37.7575306],[-122.5062695,37.7575089],[-122.5068216,37.7574442],[-122.507363,37.757337],[-122.5078885,37.7571883],[-122.5083931,37.7569996],[-122.5088718,37.7567727],[-122.5093201,37.7565099],[-122.5097336,37.7562135],[-122.5101084,37.7558865],[-122.5104409,37.7555321],[-122.5107278,37.7551536],[-122.5109664,37.7547547],[-122.5111544,37.7543392],[-122.51129,37.7539111],[-122.5113718,37.7534746],[-122.5113992,37.7530339],[-122.5113718,37.7525931],[-122.5112898,37.7521566],[-122.5111542,37.7517286],[-122.5109661,37.7513131],[-122.5107275,37.7509142],[-122.5104405,37.7505357],[-122.5101081,37.7501813],[-122.5097333,37.7498544],[-122.5093197,37.749558],[-122.5088715,37.7492952],[-122.5083928,37.7490683],[-122.5078883,37.7488797],[-122.5073628,37.748731],[-122.5068214,37.7486238],[-122.5062694,37.748559],[-122.505712,37.7485374],[-122.5051546,37.748559],[-122.5046026,37.7486238],[-122.5040612,37.748731],[-122.5035357,37.7488797],[-122.5030312,37.7490683],[-122.5025525,37.7492952],[-122.5021043,37.749558],[-122.5016907,37.7498544],[-122.5013159,37.7501813],[-122.5009835,37.7505357],[-122.5006965,37.7509142],[-122.5004579,37.7513131],[-122.5002698,37.7517286],[-122.5001342,37.7521566],[-122.5000522,37.7525931],[-122.5000248,37.7530339],[-122.5000522,37.7534746],[-122.500134,37.7539111],[-122.5002696,37.7543392],[-122.5004576,37.7547547],[-122.5006962,37.7551536],[-122.5009831,37.7555321],[-122.5013156,37.7558865],[-122.5016904,37.7562135],[-122.5021039,37.7565099],[-122.5025522,37.7567727],[-122.5030309,37.7569996],[-122.5035355,37.7571883],[-122.504061,37.757337],[-122.5046024,37.7574442],[-122.5051545,37.7575089],[-122.505712,37.7575306]]]}},{"type":"Feature","id":"sunsetrivera","properties":{"id":"sunsetrivera","name":"Sunset Blvd & Rivera St","modes":["bus"]},"geometry":{"type":"Polygon","coordinates":[[[-122.494576,37.7507986],[-122.4951334,37.7507769],[-122.4956855,37.7507122],[-122.4962268,37.750605],[-122.4967523,37.7504563],[-122.4972568,37.7502676],[-122.4977355,37.7500407],[-122.4981837,37.7497779],[-122.4985972,37.7494815],[-122.498972,37.7491545],[-122.4993044,37.7488001],[-122.4995913,37.7484216],[-122.4998299,37.7480227],[-122.5000179,37.7476072],[-122.5001535,37.7471791],[-122.5002353,37.7467426],[-122.5002627,37.7463019],[-122.5002352,37.7458611],[-122.5001533,37.7454246],[-122.5000177,37.7449966],[-122.4998297,37.7445811],[-122.499591,37.7441822],[-122.4993041,37.7438037],[-122.4989717,37.7434493],[-122.4985969,37.7431224],[-122.4981834,37.742826],[-122.4977352,37.7425632],[-122.4972565,37.7423363],[-122.4967521,37.7421477],[-122.4962267,37.741999],[-122.4956853,37.7418918],[-122.4951334,37.741827],[-122.494576,37.7418054],[-122.4940186,37.741827],[-122.4934667,37.7418918],[-122.4929253,37.741999],[-122.4923999,37.7421477],[-122.4918955,37.7423363],[-122.4914168,37.7425632],[-122.4909686,37.742826],[-122.4905551,37.7431224],[-122.4901803,37.7434493],[-122.4898479,37.7438037],[-122.489561,37.7441822],[-122.4893223,37.7445811],[-122.4891343,37.7449966],[-122.4889987,37.7454246],[-122.4889168,37.7458611],[-122.4888893,37.7463019],[-122.4889167,37.7467426],[-122.4889985,37.7471791],[-122.4891341,37.7476072],[-122.4893221,37.7480227],[-122.4895607,37.7484216],[-122.4898476,37.7488001],[-122.49018,37.7491545],[-122.4905548,37.7494815],[-122.4909683,37.7497779],[-122.4914165,37.7500407],[-122.4918952,37.7502676],[-122.4923997,37.7504563],[-122.4929252,37.750605],[-122.4934665,37.7507122],[-122.4940186,37.7507769],[-122.494576,37.7507986]]]}},{"type":"Feature","id":"30thquintara","properties":{"id":"30thquintara","name":"30th Ave & Quintara St","modes":["bus"]},"geometry":{"type":"Polygon","coordinates":[[[-122.487926,37.7525766],[-122.4884834,37.7525549],[-122.4890355,37.7524902],[-122.4895769,37.752383],[-122.4901024,37.7522343],[-122.4906069,37.7520456],[-122.4910856,37.7518187],[-122.4915338,37.7515559],[-122.4919473,37.7512595],[-122.4923221,37.7509325],[-122.4926546,37.7505781],[-122.4929414,37.7501996],[-122.49318,37.7498007],[-122.493368,37.7493852],[-122.4935036,37.7489571],[-122.4935854,37.7485206],[-122.4936128,37.7480799],[-122.4935854,37.7476391],[-122.4935035,37.7472026],[-122.4933678,37.7467746],[-122.4931798,37.7463591],[-122.4929412,37.7459602],[-122.4926542,37.7455817],[-122.4923218,37.7452273],[-122.491947,37.7449004],[-122.4915335,37.744604],[-122.4910853,37.7443412],[-122.4906066,37.7441143],[-122.4901021,37.7439257],[-122.4895767,37.743777],[-122.4890354,37.7436698],[-122.4884834,37.743605],[-122.487926,37.7435834],[-122.4873686,37.743605],[-122.4868166,37.7436698],[-122.4862753,37.743777],[-122.4857499,37.7439257],[-122.4852454,37.7441143],[-122.4847667,37.7443412],[-122.4843185,37.744604],[-122.483905,37.7449004],[-122.4835302,37.7452273],[-122.4831978,37.7455817],[-122.4829108,37.7459602],[-122.4826722,37.7463591],[-122.4824842,37.7467746],[-122.4823485,37.7472026],[-122.4822666,37.7476391],[-122.4822392,37.7480799],[-122.4822666,37.7485206],[-122.4823484,37.7489571],[-122.482484,37.7493852],[-122.482672,37.7498007],[-122.4829106,37.7501996],[-122.4831974,37.7505781],[-122.4835299,37.7509325],[-122.4839047,37.7512595],[-122.4843182,37.7515559],[-122.4847664,37.7518187],[-122.4852451,37.7520456],[-122.4857496,37.7522343],[-122.4862751,37.752383],[-122.4868165,37.7524902],[-122.4873686,37.7525549],[-122.487926,37.7525766]]]}},{"type":"Feature","id":"taraval30th","properties":{"id":"taraval30th","name":"Taraval St & 30th Ave","modes":["bus","metro"]},"geometry":{"type":"Polygon","coordinates":[[[-122.487681,37.7469906],[-122.4882384,37.7469689],[-122.4887904,37.7469042],[-122.4893318,37.746797],[-122.4898572,37.7466483],[-122.4903617,37.7464596],[-122.4908403,37.7462327],[-122.4912886,37.7459699],[-122.491702,37.7456735],[-122.4920768,37.7453465],[-122.4924092,37.7449921],[-122.4926961,37.7446136],[-122.4929346,37.7442147],[-122.4931226,37.7437992],[-122.4932582,37.7433711],[-122.49334,37.7429346],[-122.4933674,37.7424939],[-122.4933399,37.7420531],[-122.493258,37.7416166],[-122.4931224,37.7411886],[-122.4929344,37.7407731],[-122.4926958,37.7403742],[-122.4924089,37.7399957],[-122.4920764,37.7396413],[-122.4917017,37.7393144],[-122.4912882,37.739018],[-122.49084,37.7387552],[-122.4903614,37.7385283],[-122.489857,37.7383397],[-122.4893316,37.738191],[-122.4887903,37.7380838],[-122.4882383,37.738019],[-122.487681,37.7379974],[-122.4871237,37.738019],[-122.4865717,37.7380838],[-122.4860304,37.738191],[-122.485505,37.7383397],[-122.4850006,37.7385283],[-122.484522,37.7387552],[-122.4840738,37.739018],[-122.4836603,37.7393144],[-122.4832856,37.7396413],[-122.4829531,37.7399957],[-122.4826662,37.7403742],[-122.4824276,37.7407731],[-122.4822396,37.7411886],[-122.482104,37.7416166],[-122.4820221,37.7420531],[-122.4819946,37.7424939],[-122.482022,37.7429346],[-122.4821038,37.7433711],[-122.4822394,37.7437992],[-122.4824274,37.7442147],[-122.4826659,37.7446136],[-122.4829528,37.7449921],[-122.4832852,37.7453465],[-122.48366,37.7456735],[-122.4840734,37.7459699],[-122.4845217,37.7462327],[-122.4850003,37.7464596],[-122.4855048,37.7466483],[-122.4860302,37.746797],[-122.4865716,37.7469042],[-122.4871236,37.7469689],[-122.487681,37.7469906]]]}},{"type":"Feature","id":"sloat47th","properties":{"id":"sloat47th","name":"Sloat Blvd & 47th Ave","modes":["bus","metro"]},"geometry":{"type":"Polygon","coordinates":[[[-122.50493,37.7398906],[-122.5054873,37.7398689],[-122.5060393,37.7398042],[-122.5065806,37.739697],[-122.507106,37.7395483],[-122.5076104,37.7393596],[-122.508089,37.7391327],[-122.5085372,37.7388699],[-122.5089507,37.7385735],[-122.5093254,37.7382465],[-122.5096577,37.7378921],[-122.5099446,37.7375136],[-122.5101831,37.7371147],[-122.5103711,37.7366992],[-122.5105066,37.7362711],[-122.5105885,37.7358346],[-122.5106158,37.7353939],[-122.5105884,37.7349531],[-122.5105065,37.7345166],[-122.5103709,37.7340886],[-122.5101829,37.7336731],[-122.5099443,37.7332742],[-122.5096574,37.7328957],[-122.509325,37.7325413],[-122.5089503,37.7322144],[-122.5085369,37.731918],[-122.5080887,37.7316552],[-122.5076101,37.7314283],[-122.5071057,37.7312397],[-122.5065804,37.731091],[-122.5060392,37.7309838],[-122.5054873,37.730919],[-122.50493,37.7308974],[-122.5043727,37.730919],[-122.5038208,37.7309838],[-122.5032796,37.731091],[-122.5027543,37.7312397],[-122.5022499,37.7314283],[-122.5017713,37.7316552],[-122.5013231,37.731918],[-122.5009097,37.7322144],[-122.500535,37.7325413],[-122.5002026,37.7328957],[-122.4999157,37.7332742],[-122.4996771,37.7336731],[-122.4994891,37.7340886],[-122.4993535,37.7345166],[-122.4992716,37.7349531],[-122.4992442,37.7353939],[-122.4992715,37.7358346],[-122.4993534,37.7362711],[-122.4994889,37.7366992],[-122.4996769,37.7371147],[-122.4999154,37.7375136],[-122.5002023,37.7378921],[-122.5005346,37.7382465],[-122.5009093,37.7385735],[-122.5013228,37.7388699],[-122.501771,37.7391327],[-122.5022496,37.7393596],[-122.502754,37.7395483],[-122.5032794,37.739697],[-122.5038207,37.7398042],[-122.5043727,37.7398689],[-122.50493,37.7398906]]]}},{"type":"Feature","id":"rivera46th","properties":{"id":"rivera46th","name":"Rivera St & 46th Ave","modes":["bus"]},"geometry":{"type":"Polygon","coordinates":[[[-122.50504,37.7499266],[-122.5055974,37.7499049],[-122.5061495,37.7498402],[-122.5066908,37.749733],[-122.5072163,37.7495843],[-122.5077208,37.7493956],[-122.5081995,37.7491687],[-122.5086477,37.7489059],[-122.5090612,37.7486095],[-122.509436,37.7482825],[-122.5097684,37.7479281],[-122.5100553,37.7475496],[-122.5102938,37.7471507],[-122.5104818,37.7467352],[-122.5106174,37.7463071],[-122.5106992,37.7458706],[-122.5107266,37.7454299],[-122.5106992,37.7449891],[-122.5106173,37.7445526],[-122.5104816,37.7441246],[-122.5102936,37.7437091],[-122.510055,37.7433102],[-122.5097681,37.7429317],[-122.5094356,37.7425773],[-122.5090609,37.7422504],[-122.5086474,37.741954],[-122.5081991,37.7416912],[-122.5077205,37.7414643],[-122.507216,37.7412757],[-122.5066906,37.741127],[-122.5061493,37.7410198],[-122.5055973,37.740955],[-122.50504,37.7409334],[-122.5044827,37.740955],[-122.5039307,37.7410198],[-122.5033894,37.741127],[-122.502864,37.7412757],[-122.5023595,37.7414643],[-122.5018809,37.7416912],[-122.5014326,37.741954],[-122.5010191,37.7422504],[-122.5006444,37.7425773],[-122.5003119,37.7429317],[-122.500025,37.7433102],[-122.4997864,37.7437091],[-122.4995984,37.7441246],[-122.4994627,37.7445526],[-122.4993808,37.7449891],[-122.4993534,37.7454299],[-122.4993808,37.7458706],[-122.4994626,37.7463071],[-122.4995982,37.7467352],[-122.4997862,37.7471507],[-122.5000247,37.7475496],[-122.5003116,37.7479281],[-122.500644,37.7482825],[-122.5010188,37.7486095],[-122.5014323,37.7489059],[-122.5018805,37.7491687],[-122.5023592,37.7493956],[-122.5028637,37.7495843],[-122.5033892,37.749733],[-122.5039305,37.7498402],[-122.5044826,37.7499049],[-122.50504,37.7499266]]]}},{"type":"Feature","id":"sloatskyline","properties":{"id":"sloatskyline","name":"Sloat Blvd & Skyline Blvd","modes":["bus"]},"geometry":{"type":"Polygon","coordinates":[[[-122.496492,37.7381776],[-122.4970493,37.7381559],[-122.4976013,37.7380912],[-122.4981426,37.737984],[-122.4986679,37.7378353],[-122.4991724,37.7376466],[-122.499651,37.7374197],[-122.5000991,37.7371569],[-122.5005126,37.7368605],[-122.5008873,37.7365335],[-122.5012196,37.7361791],[-122.5015065,37.7358006],[-122.501745,37.7354017],[-122.501933,37.7349862],[-122.5020685,37.7345581],[-122.5021503,37.7341216],[-122.5021777,37.7336809],[-122.5021503,37.7332401],[-122.5020684,37.7328036],[-122.5019328,37.7323756],[-122.5017448,37.7319601],[-122.5015062,37.7315612],[-122.5012193,37.7311827],[-122.5008869,37.7308283],[-122.5005122,37.7305014],[-122.5000988,37.730205],[-122.4996506,37.7299422],[-122.4991721,37.7297153],[-122.4986677,37.7295267],[-122.4981424,37.729378],[-122.4976012,37.7292708],[-122.4970493,37.729206],[-122.496492,37.7291844],[-122.4959347,37.729206],[-122.4953828,37.7292708],[-122.4948416,37.729378],[-122.4943163,37.7295267],[-122.4938119,37.7297153],[-122.4933334,37.7299422],[-122.4928852,37.730205],[-122.4924718,37.7305014],[-122.4920971,37.7308283],[-122.4917647,37.7311827],[-122.4914778,37.7315612],[-122.4912392,37.7319601],[-122.4910512,37.7323756],[-122.4909156,37.7328036],[-122.4908337,37.7332401],[-122.4908063,37.7336809],[-122.4908337,37.7341216],[-122.4909155,37.7345581],[-122.491051,37.7349862],[-122.491239,37.7354017],[-122.4914775,37.7358006],[-122.4917644,37.7361791],[-122.4920967,37.7365335],[-122.4924714,37.7368605],[-122.4928849,37.7371569],[-122.493333,37.7374197],[-122.4938116,37.7376466],[-122.4943161,37.7378353],[-122.4948414,37.737984],[-122.4953827,37.7380912],[-122.4959347,37.7381559],[-122.496492,37.7381776]]]}},{"type":"Feature","id":"johnmuirdrskyline","properties":{"id":"johnmuirdrskyline","name":"John Muir Dr & Skyline Blvd","modes":["bus"]},"geometry":{"type":"Polygon","coordinates":[[[-122.500028,37.7234926],[-122.5005852,37.7234709],[-122.5011371,37.7234062],[-122.5016782,37.723299],[-122.5022035,37.7231503],[-122.5027078,37.7229616],[-122.5031863,37.7227347],[-122.5036344,37.7224719],[-122.5040478,37.7221755],[-122.5044224,37.7218485],[-122.5047547,37.7214941],[-122.5050415,37.7211156],[-122.50528,37.7207167],[-122.5054679,37.7203012],[-122.5056034,37.7198731],[-122.5056852,37.7194366],[-122.5057126,37.7189959],[-122.5056851,37.7185551],[-122.5056033,37.7181186],[-122.5054677,37.7176906],[-122.5052797,37.7172751],[-122.5050412,37.7168762],[-122.5047544,37.7164977],[-122.5044221,37.7161433],[-122.5040474,37.7158164],[-122.5036341,37.71552],[-122.503186,37.7152572],[-122.5027075,37.7150303],[-122.5022033,37.7148417],[-122.501678,37.714693],[-122.5011369,37.7145858],[-122.5005852,37.714521],[-122.500028,37.7144994],[-122.4994708,37.714521],[-122.4989191,37.7145858],[-122.498378,37.714693],[-122.4978527,37.7148417],[-122.4973485,37.7150303],[-122.49687,37.7152572],[-122.4964219,37.71552],[-122.4960086,37.7158164],[-122.4956339,37.7161433],[-122.4953016,37.7164977],[-122.4950148,37.7168762],[-122.4947763,37.7172751],[-122.4945883,37.7176906],[-122.4944527,37.7181186],[-122.4943709,37.7185551],[-122.4943434,37.7189959],[-122.4943708,37.7194366],[-122.4944526,37.7198731],[-122.4945881,37.7203012],[-122.494776,37.7207167],[-122.4950145,37.7211156],[-122.4953013,37.7214941],[-122.4956336,37.7218485],[-122.4960082,37.7221755],[-122.4964216,37.7224719],[-122.4968697,37.7227347],[-122.4973482,37.7229616],[-122.4978525,37.7231503],[-122.4983778,37.723299],[-122.4989189,37.7234062],[-122.4994708,37.7234709],[-122.500028,37.7234926]]]}},{"type":"Feature","id":"515johnmuirdr","properties":{"id":"515johnmuirdr","name":"515 John Muir Dr","modes":["bus"]},"geometry":{"type":"Polygon","coordinates":[[[-122.49539,37.7205666],[-122.4959472,37.7205449],[-122.496499,37.7204802],[-122.4970402,37.720373],[-122.4975654,37.7202243],[-122.4980697,37.7200356],[-122.4985482,37.7198087],[-122.4989963,37.7195459],[-122.4994096,37.7192495],[-122.4997842,37.7189225],[-122.5001165,37.7185681],[-122.5004033,37.7181896],[-122.5006418,37.7177907],[-122.5008297,37.7173752],[-122.5009652,37.7169471],[-122.501047,37.7165106],[-122.5010743,37.7160699],[-122.5010469,37.7156291],[-122.500965,37.7151926],[-122.5008295,37.7147646],[-122.5006415,37.7143491],[-122.500403,37.7139502],[-122.5001162,37.7135717],[-122.4997839,37.7132173],[-122.4994093,37.7128904],[-122.4989959,37.712594],[-122.4985479,37.7123312],[-122.4980694,37.7121043],[-122.4975652,37.7119157],[-122.49704,37.711767],[-122.4964989,37.7116598],[-122.4959471,37.711595],[-122.49539,37.7115734],[-122.4948329,37.711595],[-122.4942811,37.7116598],[-122.49374,37.711767],[-122.4932148,37.7119157],[-122.4927106,37.7121043],[-122.4922321,37.7123312],[-122.4917841,37.712594],[-122.4913707,37.7128904],[-122.4909961,37.7132173],[-122.4906638,37.7135717],[-122.490377,37.7139502],[-122.4901385,37.7143491],[-122.4899505,37.7147646],[-122.489815,37.7151926],[-122.4897331,37.7156291],[-122.4897057,37.7160699],[-122.489733,37.7165106],[-122.4898148,37.7169471],[-122.4899503,37.7173752],[-122.4901382,37.7177907],[-122.4903767,37.7181896],[-122.4906635,37.7185681],[-122.4909958,37.7189225],[-122.4913704,37.7192495],[-122.4917837,37.7195459],[-122.4922318,37.7198087],[-122.4927103,37.7200356],[-122.4932146,37.7202243],[-122.4937398,37.720373],[-122.494281,37.7204802],[-122.4948328,37.7205449],[-122.49539,37.7205666]]]}},{"type":"Feature","id":"lakemercedjohnmuir","properties":{"id":"lakemercedjohnmuir","name":"LAKE MERCED & JOHN MUIR","modes":["bus"]},"geometry":{"type":"Polygon","coordinates":[[[-122.485533,37.7127156],[-122.4860901,37.7126939],[-122.4866419,37.7126292],[-122.487183,37.712522],[-122.4877082,37.7123733],[-122.4882124,37.7121846],[-122.4886909,37.7119577],[-122.4891389,37.7116949],[-122.4895522,37.7113985],[-122.4899268,37.7110715],[-122.490259,37.7107171],[-122.4905457,37.7103386],[-122.4907842,37.7099397],[-122.4909721,37.7095242],[-122.4911076,37.7090961],[-122.4911894,37.7086596],[-122.4912167,37.7082189],[-122.4911893,37.7077781],[-122.4911075,37.7073416],[-122.4909719,37.7069136],[-122.490784,37.7064981],[-122.4905455,37.7060992],[-122.4902587,37.7057207],[-122.4899264,37.7053663],[-122.4895518,37.7050394],[-122.4891386,37.704743],[-122.4886906,37.7044802],[-122.4882121,37.7042533],[-122.4877079,37.7040647],[-122.4871828,37.703916],[-122.4866418,37.7038088],[-122.4860901,37.703744],[-122.485533,37.7037224],[-122.4849759,37.703744],[-122.4844242,37.7038088],[-122.4838832,37.703916],[-122.4833581,37.7040647],[-122.4828539,37.7042533],[-122.4823754,37.7044802],[-122.4819274,37.704743],[-122.4815142,37.7050394],[-122.4811396,37.7053663],[-122.4808073,37.7057207],[-122.4805205,37.7060992],[-122.480282,37.7064981],[-122.4800941,37.7069136],[-122.4799585,37.7073416],[-122.4798767,37.7077781],[-122.4798493,37.7082189],[-122.4798766,37.7086596],[-122.4799584,37.7090961],[-122.4800939,37.7095242],[-122.4802818,37.7099397],[-122.4805203,37.7103386],[-122.480807,37.7107171],[-122.4811392,37.7110715],[-122.4815138,37.7113985],[-122.4819271,37.7116949],[-122.4823751,37.7119577],[-122.4828536,37.7121846],[-122.4833578,37.7123733],[-122.483883,37.712522],[-122.4844241,37.7126292],[-122.4849759,37.7126939],[-122.485533,37.7127156]]]}},{"type":"Feature","id":"sloatvale","properties":{"id":"sloatvale","name":"Sloat Blvd & Vale Ave","modes":["bus"]},"geometry":{"type":"Polygon","coordinates":[[[-122.483955,37.7389796],[-122.4845123,37.7389579],[-122.4850643,37.7388932],[-122.4856056,37.738786],[-122.486131,37.7386373],[-122.4866354,37.7384486],[-122.487114,37.7382217],[-122.4875622,37.7379589],[-122.4879756,37.7376625],[-122.4883503,37.7373355],[-122.4886827,37.7369811],[-122.4889695,37.7366026],[-122.4892081,37.7362037],[-122.489396,37.7357882],[-122.4895316,37.7353601],[-122.4896134,37.7349236],[-122.4896407,37.7344829],[-122.4896133,37.7340421],[-122.4895314,37.7336056],[-122.4893958,37.7331776],[-122.4892078,37.7327621],[-122.4889692,37.7323632],[-122.4886824,37.7319847],[-122.48835,37.7316303],[-122.4879753,37.7313034],[-122.4875618,37.731007],[-122.4871137,37.7307442],[-122.4866351,37.7305173],[-122.4861307,37.7303287],[-122.4856054,37.73018],[-122.4850642,37.7300728],[-122.4845123,37.730008],[-122.483955,37.7299864],[-122.4833977,37.730008],[-122.4828458,37.7300728],[-122.4823046,37.73018],[-122.4817793,37.7303287],[-122.4812749,37.7305173],[-122.4807963,37.7307442],[-122.4803482,37.731007],[-122.4799347,37.7313034],[-122.47956,37.7316303],[-122.4792276,37.7319847],[-122.4789408,37.7323632],[-122.4787022,37.7327621],[-122.4785142,37.7331776],[-122.4783786,37.7336056],[-122.4782967,37.7340421],[-122.4782693,37.7344829],[-122.4782966,37.7349236],[-122.4783784,37.7353601],[-122.478514,37.7357882],[-122.4787019,37.7362037],[-122.4789405,37.7366026],[-122.4792273,37.7369811],[-122.4795597,37.7373355],[-122.4799344,37.7376625],[-122.4803478,37.7379589],[-122.480796,37.7382217],[-122.4812746,37.7384486],[-122.481779,37.7386373],[-122.4823044,37.738786],[-122.4828457,37.7388932],[-122.4833977,37.7389579],[-122.483955,37.7389796]]]}},{"type":"Feature","id":"sloat19th","properties":{"id":"sloat19th","name":"Sloat Blvd & 19th Ave","modes":["bus"]},"geometry":{"type":"Polygon","coordinates":[[[-122.475272,37.7389906],[-122.4758293,37.7389689],[-122.4763813,37.7389042],[-122.4769226,37.738797],[-122.477448,37.7386483],[-122.4779524,37.7384596],[-122.478431,37.7382327],[-122.4788792,37.7379699],[-122.4792926,37.7376735],[-122.4796673,37.7373465],[-122.4799997,37.7369921],[-122.4802865,37.7366136],[-122.4805251,37.7362147],[-122.480713,37.7357992],[-122.4808486,37.7353711],[-122.4809304,37.7349346],[-122.4809577,37.7344939],[-122.4809303,37.7340531],[-122.4808484,37.7336166],[-122.4807128,37.7331886],[-122.4805248,37.7327731],[-122.4802862,37.7323742],[-122.4799994,37.7319957],[-122.479667,37.7316413],[-122.4792923,37.7313144],[-122.4788788,37.731018],[-122.4784307,37.7307552],[-122.4779521,37.7305283],[-122.4774477,37.7303397],[-122.4769224,37.730191],[-122.4763812,37.7300838],[-122.4758293,37.730019],[-122.475272,37.7299974],[-122.4747147,37.730019],[-122.4741628,37.7300838],[-122.4736216,37.730191],[-122.4730963,37.7303397],[-122.4725919,37.7305283],[-122.4721133,37.7307552],[-122.4716652,37.731018],[-122.4712517,37.7313144],[-122.470877,37.7316413],[-122.4705446,37.7319957],[-122.4702578,37.7323742],[-122.4700192,37.7327731],[-122.4698312,37.7331886],[-122.4696956,37.7336166],[-122.4696137,37.7340531],[-122.4695863,37.7344939],[-122.4696136,37.7349346],[-122.4696954,37.7353711],[-122.469831,37.7357992],[-122.4700189,37.7362147],[-122.4702575,37.7366136],[-122.4705443,37.7369921],[-122.4708767,37.7373465],[-122.4712514,37.7376735],[-122.4716648,37.7379699],[-122.472113,37.7382327],[-122.4725916,37.7384596],[-122.473096,37.7386483],[-122.4736214,37.738797],[-122.4741627,37.7389042],[-122.4747147,37.7389689],[-122.475272,37.7389906]]]}},{"type":"Feature","id":"portoladrdorchesterway","properties":{"id":"portoladrdorchesterway","name":"Portola Dr & Dorchester Way","modes":["bus"]},"geometry":{"type":"Polygon","coordinates":[[[-122.46344,37.7445966],[-122.4639974,37.7445749],[-122.4645494,37.7445102],[-122.4650907,37.744403],[-122.4656161,37.7442543],[-122.4661206,37.7440656],[-122.4665992,37.7438387],[-122.4670474,37.7435759],[-122.4674609,37.7432795],[-122.4678356,37.7429525],[-122.468168,37.7425981],[-122.4684549,37.7422196],[-122.4686935,37.7418207],[-122.4688814,37.7414052],[-122.469017,37.7409771],[-122.4690988,37.7405406],[-122.4691262,37.7400999],[-122.4690988,37.7396591],[-122.4690169,37.7392226],[-122.4688812,37.7387946],[-122.4686932,37.7383791],[-122.4684546,37.7379802],[-122.4681677,37.7376017],[-122.4678353,37.7372473],[-122.4674606,37.7369204],[-122.4670471,37.736624],[-122.4665989,37.7363612],[-122.4661203,37.7361343],[-122.4656159,37.7359457],[-122.4650905,37.735797],[-122.4645493,37.7356898],[-122.4639973,37.735625],[-122.46344,37.7356034],[-122.4628827,37.735625],[-122.4623307,37.7356898],[-122.4617895,37.735797],[-122.4612641,37.7359457],[-122.4607597,37.7361343],[-122.4602811,37.7363612],[-122.4598329,37.736624],[-122.4594194,37.7369204],[-122.4590447,37.7372473],[-122.4587123,37.7376017],[-122.4584254,37.7379802],[-122.4581868,37.7383791],[-122.4579988,37.7387946],[-122.4578631,37.7392226],[-122.4577812,37.7396591],[-122.4577538,37.7400999],[-122.4577812,37.7405406],[-122.457863,37.7409771],[-122.4579986,37.7414052],[-122.4581865,37.7418207],[-122.4584251,37.7422196],[-122.458712,37.7425981],[-122.4590444,37.7429525],[-122.4594191,37.7432795],[-122.4598326,37.7435759],[-122.4602808,37.7438387],[-122.4607594,37.7440656],[-122.4612639,37.7442543],[-122.4617893,37.744403],[-122.4623306,37.7445102],[-122.4628826,37.7445749],[-122.46344,37.7445966]]]}},{"type":"Feature","id":"taraval19th","properties":{"id":"taraval19th","name":"Taraval St & 19th Ave","modes":["bus","metro"]},"geometry":{"type":"Polygon","coordinates":[[[-122.475444,37.7476066],[-122.4760014,37.7475849],[-122.4765534,37.7475202],[-122.4770948,37.747413],[-122.4776202,37.7472643],[-122.4781247,37.7470756],[-122.4786034,37.7468487],[-122.4790516,37.7465859],[-122.4794651,37.7462895],[-122.4798398,37.7459625],[-122.4801722,37.7456081],[-122.4804591,37.7452296],[-122.4806977,37.7448307],[-122.4808856,37.7444152],[-122.4810212,37.7439871],[-122.4811031,37.7435506],[-122.4811304,37.7431099],[-122.481103,37.7426691],[-122.4810211,37.7422326],[-122.4808855,37.7418046],[-122.4806974,37.7413891],[-122.4804588,37.7409902],[-122.4801719,37.7406117],[-122.4798395,37.7402573],[-122.4794647,37.7399304],[-122.4790512,37.739634],[-122.478603,37.7393712],[-122.4781244,37.7391443],[-122.47762,37.7389557],[-122.4770946,37.738807],[-122.4765533,37.7386998],[-122.4760013,37.738635],[-122.475444,37.7386134],[-122.4748867,37.738635],[-122.4743347,37.7386998],[-122.4737934,37.738807],[-122.473268,37.7389557],[-122.4727636,37.7391443],[-122.472285,37.7393712],[-122.4718368,37.739634],[-122.4714233,37.7399304],[-122.4710485,37.7402573],[-122.4707161,37.7406117],[-122.4704292,37.7409902],[-122.4701906,37.7413891],[-122.4700025,37.7418046],[-122.4698669,37.7422326],[-122.469785,37.7426691],[-122.4697576,37.7431099],[-122.4697849,37.7435506],[-122.4698668,37.7439871],[-122.4700024,37.7444152],[-122.4701903,37.7448307],[-122.4704289,37.7452296],[-122.4707158,37.7456081],[-122.4710482,37.7459625],[-122.4714229,37.7462895],[-122.4718364,37.7465859],[-122.4722846,37.7468487],[-122.4727633,37.7470756],[-122.4732678,37.7472643],[-122.4737932,37.747413],[-122.4743346,37.7475202],[-122.4748866,37.7475849],[-122.475444,37.7476066]]]}},{"type":"Feature","id":"19thquintara","properties":{"id":"19thquintara","name":"19th Ave & Quintara St","modes":["bus"]},"geometry":{"type":"Polygon","coordinates":[[[-122.4759,37.7530266],[-122.4764574,37.7530049],[-122.4770095,37.7529402],[-122.4775509,37.752833],[-122.4780764,37.7526843],[-122.4785809,37.7524956],[-122.4790596,37.7522687],[-122.4795079,37.7520059],[-122.4799214,37.7517095],[-122.4802961,37.7513825],[-122.4806286,37.7510281],[-122.4809155,37.7506496],[-122.4811541,37.7502507],[-122.481342,37.7498352],[-122.4814776,37.7494071],[-122.4815595,37.7489706],[-122.4815868,37.7485299],[-122.4815594,37.7480891],[-122.4814775,37.7476526],[-122.4813419,37.7472246],[-122.4811538,37.7468091],[-122.4809152,37.7464102],[-122.4806283,37.7460317],[-122.4802958,37.7456773],[-122.479921,37.7453504],[-122.4795075,37.745054],[-122.4790593,37.7447912],[-122.4785806,37.7445643],[-122.4780761,37.7443757],[-122.4775507,37.744227],[-122.4770094,37.7441198],[-122.4764574,37.744055],[-122.4759,37.7440334],[-122.4753426,37.744055],[-122.4747906,37.7441198],[-122.4742493,37.744227],[-122.4737239,37.7443757],[-122.4732194,37.7445643],[-122.4727407,37.7447912],[-122.4722925,37.745054],[-122.471879,37.7453504],[-122.4715042,37.7456773],[-122.4711717,37.7460317],[-122.4708848,37.7464102],[-122.4706462,37.7468091],[-122.4704581,37.7472246],[-122.4703225,37.7476526],[-122.4702406,37.7480891],[-122.4702132,37.7485299],[-122.4702405,37.7489706],[-122.4703224,37.7494071],[-122.470458,37.7498352],[-122.4706459,37.7502507],[-122.4708845,37.7506496],[-122.4711714,37.7510281],[-122.4715039,37.7513825],[-122.4718786,37.7517095],[-122.4722921,37.7520059],[-122.4727404,37.7522687],[-122.4732191,37.7524956],[-122.4737236,37.7526843],[-122.4742491,37.752833],[-122.4747905,37.7529402],[-122.4753426,37.7530049],[-122.4759,37.7530266]]]}},{"type":"Feature","id":"ulloa14th","properties":{"id":"ulloa14th","name":"Ulloa St & 14th Ave","modes":["bus","metro"]},"geometry":{"type":"Polygon","coordinates":[[[-122.469969,37.7459966],[-122.4705264,37.7459749],[-122.4710784,37.7459102],[-122.4716197,37.745803],[-122.4721452,37.7456543],[-122.4726496,37.7454656],[-122.4731283,37.7452387],[-122.4735765,37.7449759],[-122.47399,37.7446795],[-122.4743647,37.7443525],[-122.4746971,37.7439981],[-122.474984,37.7436196],[-122.4752226,37.7432207],[-122.4754105,37.7428052],[-122.4755461,37.7423771],[-122.4756279,37.7419406],[-122.4756553,37.7414999],[-122.4756279,37.7410591],[-122.475546,37.7406226],[-122.4754103,37.7401946],[-122.4752223,37.7397791],[-122.4749837,37.7393802],[-122.4746968,37.7390017],[-122.4743644,37.7386473],[-122.4739896,37.7383204],[-122.4735762,37.738024],[-122.473128,37.7377612],[-122.4726494,37.7375343],[-122.4721449,37.7373457],[-122.4716195,37.737197],[-122.4710783,37.7370898],[-122.4705263,37.737025],[-122.469969,37.7370034],[-122.4694117,37.737025],[-122.4688597,37.7370898],[-122.4683185,37.737197],[-122.4677931,37.7373457],[-122.4672886,37.7375343],[-122.46681,37.7377612],[-122.4663618,37.738024],[-122.4659484,37.7383204],[-122.4655736,37.7386473],[-122.4652412,37.7390017],[-122.4649543,37.7393802],[-122.4647157,37.7397791],[-122.4645277,37.7401946],[-122.464392,37.7406226],[-122.4643101,37.7410591],[-122.4642827,37.7414999],[-122.4643101,37.7419406],[-122.4643919,37.7423771],[-122.4645275,37.7428052],[-122.4647154,37.7432207],[-122.464954,37.7436196],[-122.4652409,37.7439981],[-122.4655733,37.7443525],[-122.465948,37.7446795],[-122.4663615,37.7449759],[-122.4668097,37.7452387],[-122.4672884,37.7454656],[-122.4677928,37.7456543],[-122.4683183,37.745803],[-122.4688596,37.7459102],[-122.4694116,37.7459749],[-122.469969,37.7459966]]]}},{"type":"Feature","id":"quintarafunston","properties":{"id":"quintarafunston","name":"Quintara St & Funston Ave","modes":["bus"]},"geometry":{"type":"Polygon","coordinates":[[[-122.469423,37.7534816],[-122.4699804,37.7534599],[-122.4705325,37.7533952],[-122.4710739,37.753288],[-122.4715994,37.7531393],[-122.4721039,37.7529506],[-122.4725826,37.7527237],[-122.4730309,37.7524609],[-122.4734444,37.7521645],[-122.4738192,37.7518375],[-122.4741516,37.7514831],[-122.4744385,37.7511046],[-122.4746771,37.7507057],[-122.4748651,37.7502902],[-122.4750007,37.7498621],[-122.4750825,37.7494256],[-122.4751099,37.7489849],[-122.4750824,37.7485441],[-122.4750005,37.7481076],[-122.4748649,37.7476796],[-122.4746769,37.7472641],[-122.4744382,37.7468652],[-122.4741513,37.7464867],[-122.4738188,37.7461323],[-122.473444,37.7458054],[-122.4730305,37.745509],[-122.4725823,37.7452462],[-122.4721036,37.7450193],[-122.4715991,37.7448307],[-122.4710737,37.744682],[-122.4705324,37.7445748],[-122.4699804,37.74451],[-122.469423,37.7444884],[-122.4688656,37.74451],[-122.4683136,37.7445748],[-122.4677723,37.744682],[-122.4672469,37.7448307],[-122.4667424,37.7450193],[-122.4662637,37.7452462],[-122.4658155,37.745509],[-122.465402,37.7458054],[-122.4650272,37.7461323],[-122.4646947,37.7464867],[-122.4644078,37.7468652],[-122.4641691,37.7472641],[-122.4639811,37.7476796],[-122.4638455,37.7481076],[-122.4637636,37.7485441],[-122.4637361,37.7489849],[-122.4637635,37.7494256],[-122.4638453,37.7498621],[-122.4639809,37.7502902],[-122.4641689,37.7507057],[-122.4644075,37.7511046],[-122.4646944,37.7514831],[-122.4650268,37.7518375],[-122.4654016,37.7521645],[-122.4658151,37.7524609],[-122.4662634,37.7527237],[-122.4667421,37.7529506],[-122.4672466,37.7531393],[-122.4677721,37.753288],[-122.4683135,37.7533952],[-122.4688656,37.7534599],[-122.469423,37.7534816]]]}},{"type":"Feature","id":"noriega24th","properties":{"id":"noriega24th","name":"Noriega St & 24th Ave","modes":["bus"]},"geometry":{"type":"Polygon","coordinates":[[[-122.482773,37.7585386],[-122.4833305,37.7585169],[-122.4838826,37.7584522],[-122.484424,37.758345],[-122.4849495,37.7581963],[-122.4854541,37.7580076],[-122.4859328,37.7577807],[-122.4863811,37.7575179],[-122.4867947,37.7572215],[-122.4871695,37.7568945],[-122.4875019,37.7565401],[-122.4877888,37.7561616],[-122.4880275,37.7557627],[-122.4882155,37.7553472],[-122.488351,37.7549191],[-122.4884329,37.7544826],[-122.4884602,37.7540419],[-122.4884328,37.7536011],[-122.4883509,37.7531646],[-122.4882153,37.7527366],[-122.4880272,37.7523211],[-122.4877886,37.7519222],[-122.4875016,37.7515437],[-122.4871691,37.7511893],[-122.4867943,37.7508624],[-122.4863808,37.750566],[-122.4859325,37.7503032],[-122.4854538,37.7500763],[-122.4849493,37.7498877],[-122.4844238,37.749739],[-122.4838825,37.7496318],[-122.4833304,37.749567],[-122.482773,37.7495454],[-122.4822156,37.749567],[-122.4816635,37.7496318],[-122.4811222,37.749739],[-122.4805967,37.7498877],[-122.4800922,37.7500763],[-122.4796135,37.7503032],[-122.4791652,37.750566],[-122.4787517,37.7508624],[-122.4783769,37.7511893],[-122.4780444,37.7515437],[-122.4777574,37.7519222],[-122.4775188,37.7523211],[-122.4773307,37.7527366],[-122.4771951,37.7531646],[-122.4771132,37.7536011],[-122.4770858,37.7540419],[-122.4771131,37.7544826],[-122.477195,37.7549191],[-122.4773305,37.7553472],[-122.4775185,37.7557627],[-122.4777572,37.7561616],[-122.4780441,37.7565401],[-122.4783765,37.7568945],[-122.4787513,37.7572215],[-122.4791649,37.7575179],[-122.4796132,37.7577807],[-122.4800919,37.7580076],[-122.4805965,37.7581963],[-122.481122,37.758345],[-122.4816634,37.7584522],[-122.4822155,37.7585169],[-122.482773,37.7585386]]]}},{"type":"Feature","id":"lawton9th","properties":{"id":"lawton9th","name":"Lawton St & 9th Ave","modes":["bus"]},"geometry":{"type":"Polygon","coordinates":[[[-122.465804,37.7630206],[-122.4663615,37.7629989],[-122.4669137,37.7629342],[-122.4674551,37.762827],[-122.4679807,37.7626783],[-122.4684853,37.7624896],[-122.468964,37.7622627],[-122.4694123,37.7619999],[-122.4698259,37.7617035],[-122.4702007,37.7613765],[-122.4705332,37.7610221],[-122.4708202,37.7606436],[-122.4710588,37.7602447],[-122.4712468,37.7598292],[-122.4713824,37.7594011],[-122.4714642,37.7589646],[-122.4714916,37.7585239],[-122.4714642,37.7580831],[-122.4713822,37.7576466],[-122.4712466,37.7572186],[-122.4710585,37.7568031],[-122.4708199,37.7564042],[-122.4705329,37.7560257],[-122.4702004,37.7556713],[-122.4698256,37.7553444],[-122.469412,37.755048],[-122.4689637,37.7547852],[-122.468485,37.7545583],[-122.4679804,37.7543697],[-122.4674549,37.754221],[-122.4669135,37.7541138],[-122.4663614,37.754049],[-122.465804,37.7540274],[-122.4652466,37.754049],[-122.4646945,37.7541138],[-122.4641531,37.754221],[-122.4636276,37.7543697],[-122.463123,37.7545583],[-122.4626443,37.7547852],[-122.462196,37.755048],[-122.4617824,37.7553444],[-122.4614076,37.7556713],[-122.4610751,37.7560257],[-122.4607881,37.7564042],[-122.4605495,37.7568031],[-122.4603614,37.7572186],[-122.4602258,37.7576466],[-122.4601438,37.7580831],[-122.4601164,37.7585239],[-122.4601438,37.7589646],[-122.4602256,37.7594011],[-122.4603612,37.7598292],[-122.4605492,37.7602447],[-122.4607878,37.7606436],[-122.4610748,37.7610221],[-122.4614073,37.7613765],[-122.4617821,37.7617035],[-122.4621957,37.7619999],[-122.462644,37.7622627],[-122.4631227,37.7624896],[-122.4636273,37.7626783],[-122.4641529,37.762827],[-122.4646943,37.7629342],[-122.4652465,37.7629989],[-122.465804,37.7630206]]]}},{"type":"Feature","id":"lagunahondaforesthillsta","properties":{"id":"lagunahondaforesthillsta","name":"Laguna Honda Blvd/Forest Hill Sta","modes":["bus","metro"]},"geometry":{"type":"Polygon","coordinates":[[[-122.45887,37.7526176],[-122.4594274,37.7525959],[-122.4599795,37.7525312],[-122.4605209,37.752424],[-122.4610464,37.7522753],[-122.4615509,37.7520866],[-122.4620296,37.7518597],[-122.4624778,37.7515969],[-122.4628913,37.7513005],[-122.4632661,37.7509735],[-122.4635986,37.7506191],[-122.4638854,37.7502406],[-122.464124,37.7498417],[-122.464312,37.7494262],[-122.4644476,37.7489981],[-122.4645294,37.7485616],[-122.4645568,37.7481209],[-122.4645294,37.7476801],[-122.4644475,37.7472436],[-122.4643118,37.7468156],[-122.4641238,37.7464001],[-122.4638852,37.7460012],[-122.4635982,37.7456227],[-122.4632658,37.7452683],[-122.462891,37.7449414],[-122.4624775,37.744645],[-122.4620293,37.7443822],[-122.4615506,37.7441553],[-122.4610461,37.7439667],[-122.4605207,37.743818],[-122.4599794,37.7437108],[-122.4594274,37.743646],[-122.45887,37.7436244],[-122.4583126,37.743646],[-122.4577606,37.7437108],[-122.4572193,37.743818],[-122.4566939,37.7439667],[-122.4561894,37.7441553],[-122.4557107,37.7443822],[-122.4552625,37.744645],[-122.454849,37.7449414],[-122.4544742,37.7452683],[-122.4541418,37.7456227],[-122.4538548,37.7460012],[-122.4536162,37.7464001],[-122.4534282,37.7468156],[-122.4532925,37.7472436],[-122.4532106,37.7476801],[-122.4531832,37.7481209],[-122.4532106,37.7485616],[-122.4532924,37.7489981],[-122.453428,37.7494262],[-122.453616,37.7498417],[-122.4538546,37.7502406],[-122.4541414,37.7506191],[-122.4544739,37.7509735],[-122.4548487,37.7513005],[-122.4552622,37.7515969],[-122.4557104,37.7518597],[-122.4561891,37.7520866],[-122.4566936,37.7522753],[-122.4572191,37.752424],[-122.4577605,37.7525312],[-122.4583126,37.7525959],[-122.45887,37.7526176]]]}},{"type":"Feature","id":"lagunahondaportoladr","properties":{"id":"lagunahondaportoladr","name":"Laguna Honda Blvd & Portola Dr","modes":["bus"]},"geometry":{"type":"Polygon","coordinates":[[[-122.45548,37.7476066],[-122.4560374,37.7475849],[-122.4565894,37.7475202],[-122.4571308,37.747413],[-122.4576562,37.7472643],[-122.4581607,37.7470756],[-122.4586394,37.7468487],[-122.4590876,37.7465859],[-122.4595011,37.7462895],[-122.4598758,37.7459625],[-122.4602082,37.7456081],[-122.4604951,37.7452296],[-122.4607337,37.7448307],[-122.4609216,37.7444152],[-122.4610572,37.7439871],[-122.4611391,37.7435506],[-122.4611664,37.7431099],[-122.461139,37.7426691],[-122.4610571,37.7422326],[-122.4609215,37.7418046],[-122.4607334,37.7413891],[-122.4604948,37.7409902],[-122.4602079,37.7406117],[-122.4598755,37.7402573],[-122.4595007,37.7399304],[-122.4590872,37.739634],[-122.458639,37.7393712],[-122.4581604,37.7391443],[-122.457656,37.7389557],[-122.4571306,37.738807],[-122.4565893,37.7386998],[-122.4560373,37.738635],[-122.45548,37.7386134],[-122.4549227,37.738635],[-122.4543707,37.7386998],[-122.4538294,37.738807],[-122.453304,37.7389557],[-122.4527996,37.7391443],[-122.452321,37.7393712],[-122.4518728,37.739634],[-122.4514593,37.7399304],[-122.4510845,37.7402573],[-122.4507521,37.7406117],[-122.4504652,37.7409902],[-122.4502266,37.7413891],[-122.4500385,37.7418046],[-122.4499029,37.7422326],[-122.449821,37.7426691],[-122.4497936,37.7431099],[-122.4498209,37.7435506],[-122.4499028,37.7439871],[-122.4500384,37.7444152],[-122.4502263,37.7448307],[-122.4504649,37.7452296],[-122.4507518,37.7456081],[-122.4510842,37.7459625],[-122.4514589,37.7462895],[-122.4518724,37.7465859],[-122.4523206,37.7468487],[-122.4527993,37.7470756],[-122.4533038,37.7472643],[-122.4538292,37.747413],[-122.4543706,37.7475202],[-122.4549226,37.7475849],[-122.45548,37.7476066]]]}},{"type":"Feature","id":"portoladroshaughnessy","properties":{"id":"portoladroshaughnessy","name":"Portola Dr & O'Shaughnessy Blvd","modes":["bus"]},"geometry":{"type":"Polygon","coordinates":[[[-122.4519,37.7498166],[-122.4524574,37.7497949],[-122.4530095,37.7497302],[-122.4535508,37.749623],[-122.4540763,37.7494743],[-122.4545808,37.7492856],[-122.4550595,37.7490587],[-122.4555077,37.7487959],[-122.4559212,37.7484995],[-122.456296,37.7481725],[-122.4566284,37.7478181],[-122.4569153,37.7474396],[-122.4571538,37.7470407],[-122.4573418,37.7466252],[-122.4574774,37.7461971],[-122.4575592,37.7457606],[-122.4575866,37.7453199],[-122.4575592,37.7448791],[-122.4574772,37.7444426],[-122.4573416,37.7440146],[-122.4571536,37.7435991],[-122.456915,37.7432002],[-122.4566281,37.7428217],[-122.4562956,37.7424673],[-122.4559208,37.7421404],[-122.4555074,37.741844],[-122.4550591,37.7415812],[-122.4545805,37.7413543],[-122.454076,37.7411657],[-122.4535506,37.741017],[-122.4530093,37.7409098],[-122.4524573,37.740845],[-122.4519,37.7408234],[-122.4513427,37.740845],[-122.4507907,37.7409098],[-122.4502494,37.741017],[-122.449724,37.7411657],[-122.4492195,37.7413543],[-122.4487409,37.7415812],[-122.4482926,37.741844],[-122.4478792,37.7421404],[-122.4475044,37.7424673],[-122.4471719,37.7428217],[-122.446885,37.7432002],[-122.4466464,37.7435991],[-122.4464584,37.7440146],[-122.4463228,37.7444426],[-122.4462408,37.7448791],[-122.4462134,37.7453199],[-122.4462408,37.7457606],[-122.4463226,37.7461971],[-122.4464582,37.7466252],[-122.4466462,37.7470407],[-122.4468847,37.7474396],[-122.4471716,37.7478181],[-122.447504,37.7481725],[-122.4478788,37.7484995],[-122.4482923,37.7487959],[-122.4487405,37.7490587],[-122.4492192,37.7492856],[-122.4497237,37.7494743],[-122.4502492,37.749623],[-122.4507905,37.7497302],[-122.4513426,37.7497949],[-122.4519,37.7498166]]]}},{"type":"Feature","id":"marketclayton","properties":{"id":"marketclayton","name":"Market St & Clayton St","modes":["bus"]},"geometry":{"type":"Polygon","coordinates":[[[-122.444479,37.7629866],[-122.4450365,37.7629649],[-122.4455887,37.7629002],[-122.4461301,37.762793],[-122.4466557,37.7626443],[-122.4471603,37.7624556],[-122.447639,37.7622287],[-122.4480873,37.7619659],[-122.4485009,37.7616695],[-122.4488757,37.7613425],[-122.4492082,37.7609881],[-122.4494951,37.7606096],[-122.4497338,37.7602107],[-122.4499218,37.7597952],[-122.4500574,37.7593671],[-122.4501392,37.7589306],[-122.4501666,37.7584899],[-122.4501392,37.7580491],[-122.4500572,37.7576126],[-122.4499216,37.7571846],[-122.4497335,37.7567691],[-122.4494949,37.7563702],[-122.4492079,37.7559917],[-122.4488754,37.7556373],[-122.4485006,37.7553104],[-122.448087,37.755014],[-122.4476387,37.7547512],[-122.44716,37.7545243],[-122.4466554,37.7543357],[-122.4461299,37.754187],[-122.4455885,37.7540798],[-122.4450364,37.754015],[-122.444479,37.7539934],[-122.4439216,37.754015],[-122.4433695,37.7540798],[-122.4428281,37.754187],[-122.4423026,37.7543357],[-122.441798,37.7545243],[-122.4413193,37.7547512],[-122.440871,37.755014],[-122.4404574,37.7553104],[-122.4400826,37.7556373],[-122.4397501,37.7559917],[-122.4394631,37.7563702],[-122.4392245,37.7567691],[-122.4390364,37.7571846],[-122.4389008,37.7576126],[-122.4388188,37.7580491],[-122.4387914,37.7584899],[-122.4388188,37.7589306],[-122.4389006,37.7593671],[-122.4390362,37.7597952],[-122.4392242,37.7602107],[-122.4394629,37.7606096],[-122.4397498,37.7609881],[-122.4400823,37.7613425],[-122.4404571,37.7616695],[-122.4408707,37.7619659],[-122.441319,37.7622287],[-122.4417977,37.7624556],[-122.4423023,37.7626443],[-122.4428279,37.762793],[-122.4433693,37.7629002],[-122.4439215,37.7629649],[-122.444479,37.7629866]]]}},{"type":"Feature","id":"crestlinedrburnett","properties":{"id":"crestlinedrburnett","name":"Crestline Dr & Burnett Ave","modes":["bus"]},"geometry":{"type":"Polygon","coordinates":[[[-122.44508,37.7537966],[-122.4456374,37.7537749],[-122.4461895,37.7537102],[-122.4467309,37.753603],[-122.4472564,37.7534543],[-122.4477609,37.7532656],[-122.4482396,37.7530387],[-122.4486879,37.7527759],[-122.4491014,37.7524795],[-122.4494762,37.7521525],[-122.4498086,37.7517981],[-122.4500955,37.7514196],[-122.4503341,37.7510207],[-122.4505221,37.7506052],[-122.4506577,37.7501771],[-122.4507395,37.7497406],[-122.4507669,37.7492999],[-122.4507395,37.7488591],[-122.4506575,37.7484226],[-122.4505219,37.7479946],[-122.4503339,37.7475791],[-122.4500952,37.7471802],[-122.4498083,37.7468017],[-122.4494759,37.7464473],[-122.4491011,37.7461204],[-122.4486876,37.745824],[-122.4482393,37.7455612],[-122.4477606,37.7453343],[-122.4472562,37.7451457],[-122.4467307,37.744997],[-122.4461894,37.7448898],[-122.4456374,37.744825],[-122.44508,37.7448034],[-122.4445226,37.744825],[-122.4439706,37.7448898],[-122.4434293,37.744997],[-122.4429038,37.7451457],[-122.4423994,37.7453343],[-122.4419207,37.7455612],[-122.4414724,37.745824],[-122.4410589,37.7461204],[-122.4406841,37.7464473],[-122.4403517,37.7468017],[-122.4400648,37.7471802],[-122.4398261,37.7475791],[-122.4396381,37.7479946],[-122.4395025,37.7484226],[-122.4394205,37.7488591],[-122.4393931,37.7492999],[-122.4394205,37.7497406],[-122.4395023,37.7501771],[-122.4396379,37.7506052],[-122.4398259,37.7510207],[-122.4400645,37.7514196],[-122.4403514,37.7517981],[-122.4406838,37.7521525],[-122.4410586,37.7524795],[-122.4414721,37.7527759],[-122.4419204,37.7530387],[-122.4423991,37.7532656],[-122.4429036,37.7534543],[-122.4434291,37.753603],[-122.4439705,37.7537102],[-122.4445226,37.7537749],[-122.44508,37.7537966]]]}},{"type":"Feature","id":"church18th","properties":{"id":"church18th","name":"Church St & 18th St","modes":["bus","metro"]},"geometry":{"type":"Polygon","coordinates":[[[-122.428416,37.7659636],[-122.4289735,37.7659419],[-122.4295257,37.7658772],[-122.4300672,37.76577],[-122.4305928,37.7656213],[-122.4310974,37.7654326],[-122.4315761,37.7652057],[-122.4320245,37.7649429],[-122.4324381,37.7646465],[-122.4328129,37.7643195],[-122.4331454,37.7639651],[-122.4334324,37.7635866],[-122.433671,37.7631877],[-122.433859,37.7627722],[-122.4339946,37.7623441],[-122.4340765,37.7619076],[-122.4341038,37.7614669],[-122.4340764,37.7610261],[-122.4339945,37.7605896],[-122.4338588,37.7601616],[-122.4336707,37.7597461],[-122.4334321,37.7593472],[-122.4331451,37.7589687],[-122.4328126,37.7586143],[-122.4324377,37.7582874],[-122.4320241,37.757991],[-122.4315758,37.7577282],[-122.4310971,37.7575013],[-122.4305925,37.7573127],[-122.430067,37.757164],[-122.4295256,37.7570568],[-122.4289735,37.756992],[-122.428416,37.7569704],[-122.4278585,37.756992],[-122.4273064,37.7570568],[-122.426765,37.757164],[-122.4262395,37.7573127],[-122.4257349,37.7575013],[-122.4252562,37.7577282],[-122.4248079,37.757991],[-122.4243943,37.7582874],[-122.4240194,37.7586143],[-122.4236869,37.7589687],[-122.4233999,37.7593472],[-122.4231613,37.7597461],[-122.4229732,37.7601616],[-122.4228375,37.7605896],[-122.4227556,37.7610261],[-122.4227282,37.7614669],[-122.4227555,37.7619076],[-122.4228374,37.7623441],[-122.422973,37.7627722],[-122.423161,37.7631877],[-122.4233996,37.7635866],[-122.4236866,37.7639651],[-122.4240191,37.7643195],[-122.4243939,37.7646465],[-122.4248075,37.7649429],[-122.4252559,37.7652057],[-122.4257346,37.7654326],[-122.4262392,37.7656213],[-122.4267648,37.76577],[-122.4273063,37.7658772],[-122.4278585,37.7659419],[-122.428416,37.7659636]]]}},{"type":"Feature","id":"24thchurch","properties":{"id":"24thchurch","name":"24th St & Church St","modes":["bus","metro"]},"geometry":{"type":"Polygon","coordinates":[[[-122.427327,37.7562746],[-122.4278845,37.7562529],[-122.4284366,37.7561882],[-122.428978,37.756081],[-122.4295035,37.7559323],[-122.430008,37.7557436],[-122.4304867,37.7555167],[-122.430935,37.7552539],[-122.4313485,37.7549575],[-122.4317233,37.7546305],[-122.4320558,37.7542761],[-122.4323427,37.7538976],[-122.4325813,37.7534987],[-122.4327693,37.7530832],[-122.4329049,37.7526551],[-122.4329867,37.7522186],[-122.4330141,37.7517779],[-122.4329867,37.7513371],[-122.4329047,37.7509006],[-122.4327691,37.7504726],[-122.432581,37.7500571],[-122.4323424,37.7496582],[-122.4320555,37.7492797],[-122.431723,37.7489253],[-122.4313482,37.7485984],[-122.4309347,37.748302],[-122.4304864,37.7480392],[-122.4300077,37.7478123],[-122.4295032,37.7476237],[-122.4289778,37.747475],[-122.4284364,37.7473678],[-122.4278844,37.747303],[-122.427327,37.7472814],[-122.4267696,37.747303],[-122.4262176,37.7473678],[-122.4256762,37.747475],[-122.4251508,37.7476237],[-122.4246463,37.7478123],[-122.4241676,37.7480392],[-122.4237193,37.748302],[-122.4233058,37.7485984],[-122.422931,37.7489253],[-122.4225985,37.7492797],[-122.4223116,37.7496582],[-122.422073,37.7500571],[-122.4218849,37.7504726],[-122.4217493,37.7509006],[-122.4216673,37.7513371],[-122.4216399,37.7517779],[-122.4216673,37.7522186],[-122.4217491,37.7526551],[-122.4218847,37.7530832],[-122.4220727,37.7534987],[-122.4223113,37.7538976],[-122.4225982,37.7542761],[-122.4229307,37.7546305],[-122.4233055,37.7549575],[-122.423719,37.7552539],[-122.4241673,37.7555167],[-122.424646,37.7557436],[-122.4251505,37.7559323],[-122.425676,37.756081],[-122.4262174,37.7561882],[-122.4267695,37.7562529],[-122.427327,37.7562746]]]}},{"type":"Feature","id":"castro17th","properties":{"id":"castro17th","name":"Castro St & 17th St","modes":["bus","metro"]},"geometry":{"type":"Polygon","coordinates":[[[-122.43508,37.7668666],[-122.4356375,37.7668449],[-122.4361897,37.7667802],[-122.4367312,37.766673],[-122.4372568,37.7665243],[-122.4377614,37.7663356],[-122.4382402,37.7661087],[-122.4386885,37.7658459],[-122.4391021,37.7655495],[-122.439477,37.7652225],[-122.4398095,37.7648681],[-122.4400964,37.7644896],[-122.440335,37.7640907],[-122.4405231,37.7636752],[-122.4406587,37.7632471],[-122.4407405,37.7628106],[-122.4407679,37.7623699],[-122.4407405,37.7619291],[-122.4406585,37.7614926],[-122.4405229,37.7610646],[-122.4403348,37.7606491],[-122.4400961,37.7602502],[-122.4398091,37.7598717],[-122.4394766,37.7595173],[-122.4391018,37.7591904],[-122.4386882,37.758894],[-122.4382399,37.7586312],[-122.4377611,37.7584043],[-122.4372565,37.7582157],[-122.436731,37.758067],[-122.4361896,37.7579598],[-122.4356375,37.757895],[-122.43508,37.7578734],[-122.4345225,37.757895],[-122.4339704,37.7579598],[-122.433429,37.758067],[-122.4329035,37.7582157],[-122.4323989,37.7584043],[-122.4319201,37.7586312],[-122.4314718,37.758894],[-122.4310582,37.7591904],[-122.4306834,37.7595173],[-122.4303509,37.7598717],[-122.4300639,37.7602502],[-122.4298252,37.7606491],[-122.4296371,37.7610646],[-122.4295015,37.7614926],[-122.4294195,37.7619291],[-122.4293921,37.7623699],[-122.4294195,37.7628106],[-122.4295013,37.7632471],[-122.4296369,37.7636752],[-122.429825,37.7640907],[-122.4300636,37.7644896],[-122.4303505,37.7648681],[-122.430683,37.7652225],[-122.4310579,37.7655495],[-122.4314715,37.7658459],[-122.4319198,37.7661087],[-122.4323986,37.7663356],[-122.4329032,37.7665243],[-122.4334288,37.766673],[-122.4339703,37.7667802],[-122.4345225,37.7668449],[-122.43508,37.7668666]]]}},{"type":"Feature","id":"24thcastro","properties":{"id":"24thcastro","name":"24th St & Castro St","modes":["bus"]},"geometry":{"type":"Polygon","coordinates":[[[-122.433939,37.7557586],[-122.4344965,37.7557369],[-122.4350486,37.7556722],[-122.43559,37.755565],[-122.4361155,37.7554163],[-122.43662,37.7552276],[-122.4370987,37.7550007],[-122.437547,37.7547379],[-122.4379605,37.7544415],[-122.4383353,37.7541145],[-122.4386678,37.7537601],[-122.4389547,37.7533816],[-122.4391933,37.7529827],[-122.4393812,37.7525672],[-122.4395168,37.7521391],[-122.4395987,37.7517026],[-122.439626,37.7512619],[-122.4395986,37.7508211],[-122.4395167,37.7503846],[-122.4393811,37.7499566],[-122.439193,37.7495411],[-122.4389544,37.7491422],[-122.4386674,37.7487637],[-122.438335,37.7484093],[-122.4379602,37.7480824],[-122.4375466,37.747786],[-122.4370984,37.7475232],[-122.4366197,37.7472963],[-122.4361152,37.7471077],[-122.4355898,37.746959],[-122.4350484,37.7468518],[-122.4344964,37.746787],[-122.433939,37.7467654],[-122.4333816,37.746787],[-122.4328296,37.7468518],[-122.4322882,37.746959],[-122.4317628,37.7471077],[-122.4312583,37.7472963],[-122.4307796,37.7475232],[-122.4303314,37.747786],[-122.4299178,37.7480824],[-122.429543,37.7484093],[-122.4292106,37.7487637],[-122.4289236,37.7491422],[-122.428685,37.7495411],[-122.4284969,37.7499566],[-122.4283613,37.7503846],[-122.4282794,37.7508211],[-122.428252,37.7512619],[-122.4282793,37.7517026],[-122.4283612,37.7521391],[-122.4284968,37.7525672],[-122.4286847,37.7529827],[-122.4289233,37.7533816],[-122.4292102,37.7537601],[-122.4295427,37.7541145],[-122.4299175,37.7544415],[-122.430331,37.7547379],[-122.4307793,37.7550007],[-122.431258,37.7552276],[-122.4317625,37.7554163],[-122.432288,37.755565],[-122.4328294,37.7556722],[-122.4333815,37.7557369],[-122.433939,37.7557586]]]}},{"type":"Feature","id":"diamond28th","properties":{"id":"diamond28th","name":"Diamond St & 28th St","modes":["bus"]},"geometry":{"type":"Polygon","coordinates":[[[-122.435762,37.7491466],[-122.4363194,37.7491249],[-122.4368715,37.7490602],[-122.4374128,37.748953],[-122.4379383,37.7488043],[-122.4384428,37.7486156],[-122.4389214,37.7483887],[-122.4393697,37.7481259],[-122.4397832,37.7478295],[-122.4401579,37.7475025],[-122.4404903,37.7471481],[-122.4407772,37.7467696],[-122.4410158,37.7463707],[-122.4412038,37.7459552],[-122.4413393,37.7455271],[-122.4414212,37.7450906],[-122.4414485,37.7446499],[-122.4414211,37.7442091],[-122.4413392,37.7437726],[-122.4412036,37.7433446],[-122.4410155,37.7429291],[-122.4407769,37.7425302],[-122.44049,37.7421517],[-122.4401576,37.7417973],[-122.4397828,37.7414704],[-122.4393693,37.741174],[-122.4389211,37.7409112],[-122.4384425,37.7406843],[-122.437938,37.7404957],[-122.4374126,37.740347],[-122.4368713,37.7402398],[-122.4363193,37.740175],[-122.435762,37.7401534],[-122.4352047,37.740175],[-122.4346527,37.7402398],[-122.4341114,37.740347],[-122.433586,37.7404957],[-122.4330815,37.7406843],[-122.4326029,37.7409112],[-122.4321547,37.741174],[-122.4317412,37.7414704],[-122.4313664,37.7417973],[-122.431034,37.7421517],[-122.4307471,37.7425302],[-122.4305085,37.7429291],[-122.4303204,37.7433446],[-122.4301848,37.7437726],[-122.4301029,37.7442091],[-122.4300755,37.7446499],[-122.4301028,37.7450906],[-122.4301847,37.7455271],[-122.4303202,37.7459552],[-122.4305082,37.7463707],[-122.4307468,37.7467696],[-122.4310337,37.7471481],[-122.4313661,37.7475025],[-122.4317408,37.7478295],[-122.4321543,37.7481259],[-122.4326026,37.7483887],[-122.4330812,37.7486156],[-122.4335857,37.7488043],[-122.4341112,37.748953],[-122.4346525,37.7490602],[-122.4352046,37.7491249],[-122.435762,37.7491466]]]}},{"type":"Feature","id":"juanbautistacirfont","properties":{"id":"juanbautistacirfont","name":"Juan Bautista Cir & Font Blvd","modes":["bus"]},"geometry":{"type":"Polygon","coordinates":[[[-122.478427,37.7231876],[-122.4789842,37.7231659],[-122.4795361,37.7231012],[-122.4800772,37.722994],[-122.4806025,37.7228453],[-122.4811068,37.7226566],[-122.4815853,37.7224297],[-122.4820334,37.7221669],[-122.4824467,37.7218705],[-122.4828214,37.7215435],[-122.4831537,37.7211891],[-122.4834405,37.7208106],[-122.4836789,37.7204117],[-122.4838669,37.7199962],[-122.4840024,37.7195681],[-122.4840842,37.7191316],[-122.4841115,37.7186909],[-122.4840841,37.7182501],[-122.4840022,37.7178136],[-122.4838667,37.7173856],[-122.4836787,37.7169701],[-122.4834402,37.7165712],[-122.4831534,37.7161927],[-122.482821,37.7158383],[-122.4824464,37.7155114],[-122.4820331,37.715215],[-122.481585,37.7149522],[-122.4811065,37.7147253],[-122.4806023,37.7145367],[-122.480077,37.714388],[-122.4795359,37.7142808],[-122.4789841,37.714216],[-122.478427,37.7141944],[-122.4778699,37.714216],[-122.4773181,37.7142808],[-122.476777,37.714388],[-122.4762517,37.7145367],[-122.4757475,37.7147253],[-122.475269,37.7149522],[-122.4748209,37.715215],[-122.4744076,37.7155114],[-122.474033,37.7158383],[-122.4737006,37.7161927],[-122.4734138,37.7165712],[-122.4731753,37.7169701],[-122.4729873,37.7173856],[-122.4728518,37.7178136],[-122.4727699,37.7182501],[-122.4727425,37.7186909],[-122.4727698,37.7191316],[-122.4728516,37.7195681],[-122.4729871,37.7199962],[-122.4731751,37.7204117],[-122.4734135,37.7208106],[-122.4737003,37.7211891],[-122.4740326,37.7215435],[-122.4744073,37.7218705],[-122.4748206,37.7221669],[-122.4752687,37.7224297],[-122.4757472,37.7226566],[-122.4762515,37.7228453],[-122.4767768,37.722994],[-122.4773179,37.7231012],[-122.4778698,37.7231659],[-122.478427,37.7231876]]]}},{"type":"Feature","id":"fontmarywardhall","properties":{"id":"fontmarywardhall","name":"Font Blvd & Mary Ward Hall","modes":["bus"]},"geometry":{"type":"Polygon","coordinates":[[[-122.483056,37.7269876],[-122.4836132,37.7269659],[-122.4841651,37.7269012],[-122.4847063,37.726794],[-122.4852316,37.7266453],[-122.485736,37.7264566],[-122.4862145,37.7262297],[-122.4866626,37.7259669],[-122.487076,37.7256705],[-122.4874506,37.7253435],[-122.4877829,37.7249891],[-122.4880697,37.7246106],[-122.4883082,37.7242117],[-122.4884961,37.7237962],[-122.4886317,37.7233681],[-122.4887135,37.7229316],[-122.4887408,37.7224909],[-122.4887134,37.7220501],[-122.4886315,37.7216136],[-122.4884959,37.7211856],[-122.488308,37.7207701],[-122.4880694,37.7203712],[-122.4877826,37.7199927],[-122.4874503,37.7196383],[-122.4870756,37.7193114],[-122.4866622,37.719015],[-122.4862142,37.7187522],[-122.4857357,37.7185253],[-122.4852314,37.7183367],[-122.4847061,37.718188],[-122.484165,37.7180808],[-122.4836132,37.718016],[-122.483056,37.7179944],[-122.4824988,37.718016],[-122.481947,37.7180808],[-122.4814059,37.718188],[-122.4808806,37.7183367],[-122.4803763,37.7185253],[-122.4798978,37.7187522],[-122.4794498,37.719015],[-122.4790364,37.7193114],[-122.4786617,37.7196383],[-122.4783294,37.7199927],[-122.4780426,37.7203712],[-122.477804,37.7207701],[-122.4776161,37.7211856],[-122.4774805,37.7216136],[-122.4773986,37.7220501],[-122.4773712,37.7224909],[-122.4773985,37.7229316],[-122.4774803,37.7233681],[-122.4776159,37.7237962],[-122.4778038,37.7242117],[-122.4780423,37.7246106],[-122.4783291,37.7249891],[-122.4786614,37.7253435],[-122.479036,37.7256705],[-122.4794494,37.7259669],[-122.4798975,37.7262297],[-122.480376,37.7264566],[-122.4808804,37.7266453],[-122.4814057,37.726794],[-122.4819469,37.7269012],[-122.4824988,37.7269659],[-122.483056,37.7269876]]]}},{"type":"Feature","id":"19thwinstondr","properties":{"id":"19thwinstondr","name":"19th Ave & Winston Dr","modes":["bus","metro"]},"geometry":{"type":"Polygon","coordinates":[[[-122.474846,37.7316916],[-122.4754033,37.7316699],[-122.4759552,37.7316052],[-122.4764964,37.731498],[-122.4770217,37.7313493],[-122.4775261,37.7311606],[-122.4780047,37.7309337],[-122.4784528,37.7306709],[-122.4788662,37.7303745],[-122.4792409,37.7300475],[-122.4795732,37.7296931],[-122.47986,37.7293146],[-122.4800985,37.7289157],[-122.4802865,37.7285002],[-122.480422,37.7280721],[-122.4805038,37.7276356],[-122.4805312,37.7271949],[-122.4805038,37.7267541],[-122.4804219,37.7263176],[-122.4802863,37.7258896],[-122.4800983,37.7254741],[-122.4798597,37.7250752],[-122.4795729,37.7246967],[-122.4792405,37.7243423],[-122.4788659,37.7240154],[-122.4784525,37.723719],[-122.4780044,37.7234562],[-122.4775258,37.7232293],[-122.4770215,37.7230407],[-122.4764962,37.722892],[-122.4759551,37.7227848],[-122.4754032,37.72272],[-122.474846,37.7226984],[-122.4742888,37.72272],[-122.4737369,37.7227848],[-122.4731958,37.722892],[-122.4726705,37.7230407],[-122.4721662,37.7232293],[-122.4716876,37.7234562],[-122.4712395,37.723719],[-122.4708261,37.7240154],[-122.4704515,37.7243423],[-122.4701191,37.7246967],[-122.4698323,37.7250752],[-122.4695937,37.7254741],[-122.4694057,37.7258896],[-122.4692701,37.7263176],[-122.4691882,37.7267541],[-122.4691608,37.7271949],[-122.4691882,37.7276356],[-122.46927,37.7280721],[-122.4694055,37.7285002],[-122.4695935,37.7289157],[-122.469832,37.7293146],[-122.4701188,37.7296931],[-122.4704511,37.7300475],[-122.4708258,37.7303745],[-122.4712392,37.7306709],[-122.4716873,37.7309337],[-122.4721659,37.7311606],[-122.4726703,37.7313493],[-122.4731956,37.731498],[-122.4737368,37.7316052],[-122.4742887,37.7316699],[-122.474846,37.7316916]]]}},{"type":"Feature","id":"winstondr20th","properties":{"id":"winstondr20th","name":"Winston Dr & 20th Ave","modes":["bus","metro"]},"geometry":{"type":"Polygon","coordinates":[[[-122.475922,37.7315136],[-122.4764793,37.7314919],[-122.4770312,37.7314272],[-122.4775724,37.73132],[-122.4780977,37.7311713],[-122.4786021,37.7309826],[-122.4790807,37.7307557],[-122.4795288,37.7304929],[-122.4799422,37.7301965],[-122.4803169,37.7298695],[-122.4806492,37.7295151],[-122.480936,37.7291366],[-122.4811745,37.7287377],[-122.4813625,37.7283222],[-122.481498,37.7278941],[-122.4815798,37.7274576],[-122.4816072,37.7270169],[-122.4815798,37.7265761],[-122.4814979,37.7261396],[-122.4813623,37.7257116],[-122.4811743,37.7252961],[-122.4809357,37.7248972],[-122.4806489,37.7245187],[-122.4803165,37.7241643],[-122.4799419,37.7238374],[-122.4795285,37.723541],[-122.4790804,37.7232782],[-122.4786018,37.7230513],[-122.4780975,37.7228627],[-122.4775722,37.722714],[-122.4770311,37.7226068],[-122.4764792,37.722542],[-122.475922,37.7225204],[-122.4753648,37.722542],[-122.4748129,37.7226068],[-122.4742718,37.722714],[-122.4737465,37.7228627],[-122.4732422,37.7230513],[-122.4727636,37.7232782],[-122.4723155,37.723541],[-122.4719021,37.7238374],[-122.4715275,37.7241643],[-122.4711951,37.7245187],[-122.4709083,37.7248972],[-122.4706697,37.7252961],[-122.4704817,37.7257116],[-122.4703461,37.7261396],[-122.4702642,37.7265761],[-122.4702368,37.7270169],[-122.4702642,37.7274576],[-122.470346,37.7278941],[-122.4704815,37.7283222],[-122.4706695,37.7287377],[-122.470908,37.7291366],[-122.4711948,37.7295151],[-122.4715271,37.7298695],[-122.4719018,37.7301965],[-122.4723152,37.7304929],[-122.4727633,37.7307557],[-122.4732419,37.7309826],[-122.4737463,37.7311713],[-122.4742716,37.73132],[-122.4748128,37.7314272],[-122.4753647,37.7314919],[-122.475922,37.7315136]]]}},{"type":"Feature","id":"brotherhoodwaychumaserodr","properties":{"id":"brotherhoodwaychumaserodr","name":"Brotherhood Way & Chumasero Dr","modes":["bus"]},"geometry":{"type":"Polygon","coordinates":[[[-122.472676,37.7174606],[-122.4732332,37.7174389],[-122.473785,37.7173742],[-122.4743261,37.717267],[-122.4748513,37.7171183],[-122.4753556,37.7169296],[-122.4758341,37.7167027],[-122.4762821,37.7164399],[-122.4766954,37.7161435],[-122.47707,37.7158165],[-122.4774023,37.7154621],[-122.4776891,37.7150836],[-122.4779275,37.7146847],[-122.4781154,37.7142692],[-122.4782509,37.7138411],[-122.4783328,37.7134046],[-122.4783601,37.7129639],[-122.4783327,37.7125231],[-122.4782508,37.7120866],[-122.4781152,37.7116586],[-122.4779273,37.7112431],[-122.4776888,37.7108442],[-122.477402,37.7104657],[-122.4770697,37.7101113],[-122.4766951,37.7097844],[-122.4762818,37.709488],[-122.4758338,37.7092252],[-122.4753553,37.7089983],[-122.4748511,37.7088097],[-122.4743259,37.708661],[-122.4737848,37.7085538],[-122.4732331,37.708489],[-122.472676,37.7084674],[-122.4721189,37.708489],[-122.4715672,37.7085538],[-122.4710261,37.708661],[-122.4705009,37.7088097],[-122.4699967,37.7089983],[-122.4695182,37.7092252],[-122.4690702,37.709488],[-122.4686569,37.7097844],[-122.4682823,37.7101113],[-122.46795,37.7104657],[-122.4676632,37.7108442],[-122.4674247,37.7112431],[-122.4672368,37.7116586],[-122.4671012,37.7120866],[-122.4670193,37.7125231],[-122.4669919,37.7129639],[-122.4670192,37.7134046],[-122.4671011,37.7138411],[-122.4672366,37.7142692],[-122.4674245,37.7146847],[-122.4676629,37.7150836],[-122.4679497,37.7154621],[-122.468282,37.7158165],[-122.4686566,37.7161435],[-122.4690699,37.7164399],[-122.4695179,37.7167027],[-122.4699964,37.7169296],[-122.4705007,37.7171183],[-122.4710259,37.717267],[-122.471567,37.7173742],[-122.4721188,37.7174389],[-122.472676,37.7174606]]]}},{"type":"Feature","id":"genevabalboaparkbart","properties":{"id":"genevabalboaparkbart","name":"Geneva Ave/Balboa Park BART","modes":["bus","metro"]},"geometry":{"type":"Polygon","coordinates":[[[-122.446738,37.7252976],[-122.4472952,37.7252759],[-122.4478471,37.7252112],[-122.4483883,37.725104],[-122.4489136,37.7249553],[-122.4494179,37.7247666],[-122.4498964,37.7245397],[-122.4503445,37.7242769],[-122.4507579,37.7239805],[-122.4511325,37.7236535],[-122.4514648,37.7232991],[-122.4517516,37.7229206],[-122.4519901,37.7225217],[-122.452178,37.7221062],[-122.4523135,37.7216781],[-122.4523954,37.7212416],[-122.4524227,37.7208009],[-122.4523953,37.7203601],[-122.4523134,37.7199236],[-122.4521778,37.7194956],[-122.4519899,37.7190801],[-122.4517513,37.7186812],[-122.4514645,37.7183027],[-122.4511322,37.7179483],[-122.4507575,37.7176214],[-122.4503442,37.717325],[-122.4498961,37.7170622],[-122.4494176,37.7168353],[-122.4489133,37.7166467],[-122.4483881,37.716498],[-122.447847,37.7163908],[-122.4472952,37.716326],[-122.446738,37.7163044],[-122.4461808,37.716326],[-122.445629,37.7163908],[-122.4450879,37.716498],[-122.4445627,37.7166467],[-122.4440584,37.7168353],[-122.4435799,37.7170622],[-122.4431318,37.717325],[-122.4427185,37.7176214],[-122.4423438,37.7179483],[-122.4420115,37.7183027],[-122.4417247,37.7186812],[-122.4414861,37.7190801],[-122.4412982,37.7194956],[-122.4411626,37.7199236],[-122.4410807,37.7203601],[-122.4410533,37.7208009],[-122.4410806,37.7212416],[-122.4411625,37.7216781],[-122.441298,37.7221062],[-122.4414859,37.7225217],[-122.4417244,37.7229206],[-122.4420112,37.7232991],[-122.4423435,37.7236535],[-122.4427181,37.7239805],[-122.4431315,37.7242769],[-122.4435796,37.7245397],[-122.4440581,37.7247666],[-122.4445624,37.7249553],[-122.4450877,37.725104],[-122.4456289,37.7252112],[-122.4461808,37.7252759],[-122.446738,37.7252976]]]}},{"type":"Feature","id":"citycollegeterminal","properties":{"id":"citycollegeterminal","name":"City College Terminal","modes":["bus","metro"]},"geometry":{"type":"Polygon","coordinates":[[[-122.45259,37.7282146],[-122.4531473,37.7281929],[-122.4536991,37.7281282],[-122.4542403,37.728021],[-122.4547656,37.7278723],[-122.45527,37.7276836],[-122.4557485,37.7274567],[-122.4561966,37.7271939],[-122.45661,37.7268975],[-122.4569847,37.7265705],[-122.457317,37.7262161],[-122.4576038,37.7258376],[-122.4578423,37.7254387],[-122.4580302,37.7250232],[-122.4581658,37.7245951],[-122.4582476,37.7241586],[-122.4582749,37.7237179],[-122.4582475,37.7232771],[-122.4581656,37.7228406],[-122.45803,37.7224126],[-122.4578421,37.7219971],[-122.4576035,37.7215982],[-122.4573167,37.7212197],[-122.4569843,37.7208653],[-122.4566097,37.7205384],[-122.4561963,37.720242],[-122.4557482,37.7199792],[-122.4552697,37.7197523],[-122.4547654,37.7195637],[-122.4542401,37.719415],[-122.453699,37.7193078],[-122.4531472,37.719243],[-122.45259,37.7192214],[-122.4520328,37.719243],[-122.451481,37.7193078],[-122.4509399,37.719415],[-122.4504146,37.7195637],[-122.4499103,37.7197523],[-122.4494318,37.7199792],[-122.4489837,37.720242],[-122.4485703,37.7205384],[-122.4481957,37.7208653],[-122.4478633,37.7212197],[-122.4475765,37.7215982],[-122.4473379,37.7219971],[-122.44715,37.7224126],[-122.4470144,37.7228406],[-122.4469325,37.7232771],[-122.4469051,37.7237179],[-122.4469324,37.7241586],[-122.4470142,37.7245951],[-122.4471498,37.7250232],[-122.4473377,37.7254387],[-122.4475762,37.7258376],[-122.447863,37.7262161],[-122.4481953,37.7265705],[-122.44857,37.7268975],[-122.4489834,37.7271939],[-122.4494315,37.7274567],[-122.44991,37.7276836],[-122.4504144,37.7278723],[-122.4509397,37.728021],[-122.4514809,37.7281282],[-122.4520327,37.7281929],[-122.45259,37.7282146]]]}},{"type":"Feature","id":"plymouthgrafton","properties":{"id":"plymouthgrafton","name":"Plymouth Ave & Grafton Ave","modes":["bus"]},"geometry":{"type":"Polygon","coordinates":[[[-122.456221,37.7246096],[-122.4567782,37.7245879],[-122.4573301,37.7245232],[-122.4578713,37.724416],[-122.4583965,37.7242673],[-122.4589009,37.7240786],[-122.4593794,37.7238517],[-122.4598275,37.7235889],[-122.4602408,37.7232925],[-122.4606155,37.7229655],[-122.4609478,37.7226111],[-122.4612345,37.7222326],[-122.461473,37.7218337],[-122.461661,37.7214182],[-122.4617965,37.7209901],[-122.4618783,37.7205536],[-122.4619056,37.7201129],[-122.4618782,37.7196721],[-122.4617963,37.7192356],[-122.4616608,37.7188076],[-122.4614728,37.7183921],[-122.4612343,37.7179932],[-122.4609474,37.7176147],[-122.4606151,37.7172603],[-122.4602405,37.7169334],[-122.4598271,37.716637],[-122.4593791,37.7163742],[-122.4589006,37.7161473],[-122.4583963,37.7159587],[-122.4578711,37.71581],[-122.45733,37.7157028],[-122.4567782,37.715638],[-122.456221,37.7156164],[-122.4556638,37.715638],[-122.455112,37.7157028],[-122.4545709,37.71581],[-122.4540457,37.7159587],[-122.4535414,37.7161473],[-122.4530629,37.7163742],[-122.4526149,37.716637],[-122.4522015,37.7169334],[-122.4518269,37.7172603],[-122.4514946,37.7176147],[-122.4512077,37.7179932],[-122.4509692,37.7183921],[-122.4507812,37.7188076],[-122.4506457,37.7192356],[-122.4505638,37.7196721],[-122.4505364,37.7201129],[-122.4505637,37.7205536],[-122.4506455,37.7209901],[-122.450781,37.7214182],[-122.450969,37.7218337],[-122.4512075,37.7222326],[-122.4514942,37.7226111],[-122.4518265,37.7229655],[-122.4522012,37.7232925],[-122.4526145,37.7235889],[-122.4530626,37.7238517],[-122.4535411,37.7240786],[-122.4540455,37.7242673],[-122.4545707,37.724416],[-122.4551119,37.7245232],[-122.4556638,37.7245879],[-122.456221,37.7246096]]]}},{"type":"Feature","id":"montereyfoerster","properties":{"id":"montereyfoerster","name":"Monterey Blvd & Foerster St","modes":["bus"]},"geometry":{"type":"Polygon","coordinates":[[[-122.449166,37.7361116],[-122.4497233,37.7360899],[-122.4502753,37.7360252],[-122.4508165,37.735918],[-122.4513419,37.7357693],[-122.4518463,37.7355806],[-122.4523249,37.7353537],[-122.452773,37.7350909],[-122.4531864,37.7347945],[-122.4535611,37.7344675],[-122.4538935,37.7341131],[-122.4541803,37.7337346],[-122.4544189,37.7333357],[-122.4546068,37.7329202],[-122.4547423,37.7324921],[-122.4548242,37.7320556],[-122.4548515,37.7316149],[-122.4548241,37.7311741],[-122.4547422,37.7307376],[-122.4546066,37.7303096],[-122.4544186,37.7298941],[-122.45418,37.7294952],[-122.4538932,37.7291167],[-122.4535608,37.7287623],[-122.4531861,37.7284354],[-122.4527727,37.728139],[-122.4523245,37.7278762],[-122.451846,37.7276493],[-122.4513416,37.7274607],[-122.4508163,37.727312],[-122.4502751,37.7272048],[-122.4497232,37.72714],[-122.449166,37.7271184],[-122.4486088,37.72714],[-122.4480569,37.7272048],[-122.4475157,37.727312],[-122.4469904,37.7274607],[-122.446486,37.7276493],[-122.4460075,37.7278762],[-122.4455593,37.728139],[-122.4451459,37.7284354],[-122.4447712,37.7287623],[-122.4444388,37.7291167],[-122.444152,37.7294952],[-122.4439134,37.7298941],[-122.4437254,37.7303096],[-122.4435898,37.7307376],[-122.4435079,37.7311741],[-122.4434805,37.7316149],[-122.4435078,37.7320556],[-122.4435897,37.7324921],[-122.4437252,37.7329202],[-122.4439131,37.7333357],[-122.4441517,37.7337346],[-122.4444385,37.7341131],[-122.4447709,37.7344675],[-122.4451456,37.7347945],[-122.445559,37.7350909],[-122.4460071,37.7353537],[-122.4464857,37.7355806],[-122.4469901,37.7357693],[-122.4475155,37.735918],[-122.4480567,37.7360252],[-122.4486087,37.7360899],[-122.449166,37.7361116]]]}},{"type":"Feature","id":"yerbabuenahazelwood","properties":{"id":"yerbabuenahazelwood","name":"Yerba Buena Ave & Hazelwood Ave","modes":["bus"]},"geometry":{"type":"Polygon","coordinates":[[[-122.459659,37.7390556],[-122.4602163,37.7390339],[-122.4607683,37.7389692],[-122.4613096,37.738862],[-122.461835,37.7387133],[-122.4623394,37.7385246],[-122.462818,37.7382977],[-122.4632662,37.7380349],[-122.4636796,37.7377385],[-122.4640543,37.7374115],[-122.4643867,37.7370571],[-122.4646735,37.7366786],[-122.4649121,37.7362797],[-122.4651,37.7358642],[-122.4652356,37.7354361],[-122.4653174,37.7349996],[-122.4653448,37.7345589],[-122.4653173,37.7341181],[-122.4652354,37.7336816],[-122.4650998,37.7332536],[-122.4649118,37.7328381],[-122.4646732,37.7324392],[-122.4643864,37.7320607],[-122.464054,37.7317063],[-122.4636793,37.7313794],[-122.4632658,37.731083],[-122.4628177,37.7308202],[-122.4623391,37.7305933],[-122.4618347,37.7304047],[-122.4613094,37.730256],[-122.4607682,37.7301488],[-122.4602163,37.730084],[-122.459659,37.7300624],[-122.4591017,37.730084],[-122.4585498,37.7301488],[-122.4580086,37.730256],[-122.4574833,37.7304047],[-122.4569789,37.7305933],[-122.4565003,37.7308202],[-122.4560522,37.731083],[-122.4556387,37.7313794],[-122.455264,37.7317063],[-122.4549316,37.7320607],[-122.4546448,37.7324392],[-122.4544062,37.7328381],[-122.4542182,37.7332536],[-122.4540826,37.7336816],[-122.4540007,37.7341181],[-122.4539732,37.7345589],[-122.4540006,37.7349996],[-122.4540824,37.7354361],[-122.454218,37.7358642],[-122.4544059,37.7362797],[-122.4546445,37.7366786],[-122.4549313,37.7370571],[-122.4552637,37.7374115],[-122.4556384,37.7377385],[-122.4560518,37.7380349],[-122.4565,37.7382977],[-122.4569786,37.7385246],[-122.457483,37.7387133],[-122.4580084,37.738862],[-122.4585497,37.7389692],[-122.4591017,37.7390339],[-122.459659,37.7390556]]]}},{"type":"Feature","id":"oceanpersia","properties":{"id":"oceanpersia","name":"Ocean Ave & Persia Ave","modes":["bus"]},"geometry":{"type":"Polygon","coordinates":[[[-122.43589,37.7283166],[-122.4364473,37.7282949],[-122.4369991,37.7282302],[-122.4375403,37.728123],[-122.4380656,37.7279743],[-122.43857,37.7277856],[-122.4390485,37.7275587],[-122.4394966,37.7272959],[-122.43991,37.7269995],[-122.4402847,37.7266725],[-122.440617,37.7263181],[-122.4409038,37.7259396],[-122.4411423,37.7255407],[-122.4413302,37.7251252],[-122.4414658,37.7246971],[-122.4415476,37.7242606],[-122.4415749,37.7238199],[-122.4415475,37.7233791],[-122.4414656,37.7229426],[-122.44133,37.7225146],[-122.4411421,37.7220991],[-122.4409035,37.7217002],[-122.4406167,37.7213217],[-122.4402843,37.7209673],[-122.4399097,37.7206404],[-122.4394963,37.720344],[-122.4390482,37.7200812],[-122.4385697,37.7198543],[-122.4380654,37.7196657],[-122.4375402,37.719517],[-122.436999,37.7194098],[-122.4364472,37.719345],[-122.43589,37.7193234],[-122.4353328,37.719345],[-122.434781,37.7194098],[-122.4342398,37.719517],[-122.4337146,37.7196657],[-122.4332103,37.7198543],[-122.4327318,37.7200812],[-122.4322837,37.720344],[-122.4318703,37.7206404],[-122.4314957,37.7209673],[-122.4311633,37.7213217],[-122.4308765,37.7217002],[-122.4306379,37.7220991],[-122.43045,37.7225146],[-122.4303144,37.7229426],[-122.4302325,37.7233791],[-122.4302051,37.7238199],[-122.4302324,37.7242606],[-122.4303142,37.7246971],[-122.4304498,37.7251252],[-122.4306377,37.7255407],[-122.4308762,37.7259396],[-122.431163,37.7263181],[-122.4314953,37.7266725],[-122.43187,37.7269995],[-122.4322834,37.7272959],[-122.4327315,37.7275587],[-122.43321,37.7277856],[-122.4337144,37.7279743],[-122.4342397,37.728123],[-122.4347809,37.7282302],[-122.4353327,37.7282949],[-122.43589,37.7283166]]]}},{"type":"Feature","id":"sanjosesantaynez","properties":{"id":"sanjosesantaynez","name":"San Jose Ave & Santa Ynez Ave","modes":["metro"]},"geometry":{"type":"Polygon","coordinates":[[[-122.442359,37.7303736],[-122.4429163,37.7303519],[-122.4434682,37.7302872],[-122.4440094,37.73018],[-122.4445347,37.7300313],[-122.4450391,37.7298426],[-122.4455176,37.7296157],[-122.4459657,37.7293529],[-122.4463791,37.7290565],[-122.4467538,37.7287295],[-122.4470861,37.7283751],[-122.4473729,37.7279966],[-122.4476115,37.7275977],[-122.4477994,37.7271822],[-122.4479349,37.7267541],[-122.4480167,37.7263176],[-122.4480441,37.7258769],[-122.4480167,37.7254361],[-122.4479348,37.7249996],[-122.4477992,37.7245716],[-122.4476112,37.7241561],[-122.4473727,37.7237572],[-122.4470858,37.7233787],[-122.4467535,37.7230243],[-122.4463788,37.7226974],[-122.4459654,37.722401],[-122.4455173,37.7221382],[-122.4450388,37.7219113],[-122.4445345,37.7217227],[-122.4440092,37.721574],[-122.443468,37.7214668],[-122.4429162,37.721402],[-122.442359,37.7213804],[-122.4418018,37.721402],[-122.44125,37.7214668],[-122.4407088,37.721574],[-122.4401835,37.7217227],[-122.4396792,37.7219113],[-122.4392007,37.7221382],[-122.4387526,37.722401],[-122.4383392,37.7226974],[-122.4379645,37.7230243],[-122.4376322,37.7233787],[-122.4373453,37.7237572],[-122.4371068,37.7241561],[-122.4369188,37.7245716],[-122.4367832,37.7249996],[-122.4367013,37.7254361],[-122.4366739,37.7258769],[-122.4367013,37.7263176],[-122.4367831,37.7267541],[-122.4369186,37.7271822],[-122.4371065,37.7275977],[-122.4373451,37.7279966],[-122.4376319,37.7283751],[-122.4379642,37.7287295],[-122.4383389,37.7290565],[-122.4387523,37.7293529],[-122.4392004,37.7296157],[-122.4396789,37.7298426],[-122.4401833,37.7300313],[-122.4407086,37.73018],[-122.4412498,37.7302872],[-122.4418017,37.7303519],[-122.442359,37.7303736]]]}},{"type":"Feature","id":"naplesrolph","properties":{"id":"naplesrolph","name":"Naples St & Rolph St","modes":["bus"]},"geometry":{"type":"Polygon","coordinates":[[[-122.436683,37.7181406],[-122.4372402,37.7181189],[-122.437792,37.7180542],[-122.4383331,37.717947],[-122.4388584,37.7177983],[-122.4393626,37.7176096],[-122.4398411,37.7173827],[-122.4402892,37.7171199],[-122.4407025,37.7168235],[-122.4410771,37.7164965],[-122.4414094,37.7161421],[-122.4416961,37.7157636],[-122.4419346,37.7153647],[-122.4421225,37.7149492],[-122.442258,37.7145211],[-122.4423398,37.7140846],[-122.4423671,37.7136439],[-122.4423397,37.7132031],[-122.4422579,37.7127666],[-122.4421223,37.7123386],[-122.4419343,37.7119231],[-122.4416958,37.7115242],[-122.441409,37.7111457],[-122.4410767,37.7107913],[-122.4407021,37.7104644],[-122.4402888,37.710168],[-122.4398408,37.7099052],[-122.4393623,37.7096783],[-122.4388581,37.7094897],[-122.4383329,37.709341],[-122.4377919,37.7092338],[-122.4372401,37.709169],[-122.436683,37.7091474],[-122.4361259,37.709169],[-122.4355741,37.7092338],[-122.4350331,37.709341],[-122.4345079,37.7094897],[-122.4340037,37.7096783],[-122.4335252,37.7099052],[-122.4330772,37.710168],[-122.4326639,37.7104644],[-122.4322893,37.7107913],[-122.431957,37.7111457],[-122.4316702,37.7115242],[-122.4314317,37.7119231],[-122.4312437,37.7123386],[-122.4311081,37.7127666],[-122.4310263,37.7132031],[-122.4309989,37.7136439],[-122.4310262,37.7140846],[-122.431108,37.7145211],[-122.4312435,37.7149492],[-122.4314314,37.7153647],[-122.4316699,37.7157636],[-122.4319566,37.7161421],[-122.4322889,37.7164965],[-122.4326635,37.7168235],[-122.4330768,37.7171199],[-122.4335249,37.7173827],[-122.4340034,37.7176096],[-122.4345076,37.7177983],[-122.4350329,37.717947],[-122.435574,37.7180542],[-122.4361258,37.7181189],[-122.436683,37.7181406]]]}},{"type":"Feature","id":"1650geneva","properties":{"id":"1650geneva","name":"1650 Geneva Ave","modes":["bus"]},"geometry":{"type":"Polygon","coordinates":[[[-122.42829,37.7162366],[-122.4288472,37.7162149],[-122.429399,37.7161502],[-122.4299401,37.716043],[-122.4304653,37.7158943],[-122.4309696,37.7157056],[-122.431448,37.7154787],[-122.4318961,37.7152159],[-122.4323094,37.7149195],[-122.432684,37.7145925],[-122.4330162,37.7142381],[-122.433303,37.7138596],[-122.4335415,37.7134607],[-122.4337293,37.7130452],[-122.4338648,37.7126171],[-122.4339467,37.7121806],[-122.433974,37.7117399],[-122.4339466,37.7112991],[-122.4338647,37.7108626],[-122.4337292,37.7104346],[-122.4335412,37.7100191],[-122.4333027,37.7096202],[-122.4330159,37.7092417],[-122.4326836,37.7088873],[-122.432309,37.7085604],[-122.4318957,37.708264],[-122.4314477,37.7080012],[-122.4309693,37.7077743],[-122.4304651,37.7075857],[-122.4299399,37.707437],[-122.4293988,37.7073298],[-122.4288471,37.707265],[-122.42829,37.7072434],[-122.4277329,37.707265],[-122.4271812,37.7073298],[-122.4266401,37.707437],[-122.4261149,37.7075857],[-122.4256107,37.7077743],[-122.4251323,37.7080012],[-122.4246843,37.708264],[-122.424271,37.7085604],[-122.4238964,37.7088873],[-122.4235641,37.7092417],[-122.4232773,37.7096202],[-122.4230388,37.7100191],[-122.4228508,37.7104346],[-122.4227153,37.7108626],[-122.4226334,37.7112991],[-122.422606,37.7117399],[-122.4226333,37.7121806],[-122.4227152,37.7126171],[-122.4228507,37.7130452],[-122.4230385,37.7134607],[-122.423277,37.7138596],[-122.4235638,37.7142381],[-122.423896,37.7145925],[-122.4242706,37.7149195],[-122.4246839,37.7152159],[-122.425132,37.7154787],[-122.4256104,37.7157056],[-122.4261147,37.7158943],[-122.4266399,37.716043],[-122.427181,37.7161502],[-122.4277328,37.7162149],[-122.42829,37.7162366]]]}},{"type":"Feature","id":"randolphbright","properties":{"id":"randolphbright","name":"Randolph St & Bright St","modes":["metro"]},"geometry":{"type":"Polygon","coordinates":[[[-122.463392,37.7188446],[-122.4639492,37.7188229],[-122.464501,37.7187582],[-122.4650421,37.718651],[-122.4655674,37.7185023],[-122.4660717,37.7183136],[-122.4665501,37.7180867],[-122.4669982,37.7178239],[-122.4674115,37.7175275],[-122.4677861,37.7172005],[-122.4681184,37.7168461],[-122.4684052,37.7164676],[-122.4686436,37.7160687],[-122.4688315,37.7156532],[-122.468967,37.7152251],[-122.4690489,37.7147886],[-122.4690762,37.7143479],[-122.4690488,37.7139071],[-122.4689669,37.7134706],[-122.4688313,37.7130426],[-122.4686434,37.7126271],[-122.4684049,37.7122282],[-122.4681181,37.7118497],[-122.4677858,37.7114953],[-122.4674112,37.7111684],[-122.4669978,37.710872],[-122.4665498,37.7106092],[-122.4660714,37.7103823],[-122.4655671,37.7101937],[-122.4650419,37.710045],[-122.4645009,37.7099378],[-122.4639491,37.709873],[-122.463392,37.7098514],[-122.4628349,37.709873],[-122.4622831,37.7099378],[-122.4617421,37.710045],[-122.4612169,37.7101937],[-122.4607126,37.7103823],[-122.4602342,37.7106092],[-122.4597862,37.710872],[-122.4593728,37.7111684],[-122.4589982,37.7114953],[-122.4586659,37.7118497],[-122.4583791,37.7122282],[-122.4581406,37.7126271],[-122.4579527,37.7130426],[-122.4578171,37.7134706],[-122.4577352,37.7139071],[-122.4577078,37.7143479],[-122.4577351,37.7147886],[-122.457817,37.7152251],[-122.4579525,37.7156532],[-122.4581404,37.7160687],[-122.4583788,37.7164676],[-122.4586656,37.7168461],[-122.4589979,37.7172005],[-122.4593725,37.7175275],[-122.4597858,37.7178239],[-122.4602339,37.7180867],[-122.4607123,37.7183136],[-122.4612166,37.7185023],[-122.4617419,37.718651],[-122.462283,37.7187582],[-122.4628348,37.7188229],[-122.463392,37.7188446]]]}},{"type":"Feature","id":"missionwhittier","properties":{"id":"missionwhittier","name":"Mission St & Whittier St","modes":["bus"]},"geometry":{"type":"Polygon","coordinates":[[[-122.44845,37.7147166],[-122.4490072,37.7146949],[-122.4495589,37.7146302],[-122.4501,37.714523],[-122.4506252,37.7143743],[-122.4511295,37.7141856],[-122.451608,37.7139587],[-122.452056,37.7136959],[-122.4524693,37.7133995],[-122.4528439,37.7130725],[-122.4531761,37.7127181],[-122.4534629,37.7123396],[-122.4537013,37.7119407],[-122.4538892,37.7115252],[-122.4540247,37.7110971],[-122.4541065,37.7106606],[-122.4541339,37.7102199],[-122.4541065,37.7097791],[-122.4540246,37.7093426],[-122.453889,37.7089146],[-122.4537011,37.7084991],[-122.4534626,37.7081002],[-122.4531758,37.7077217],[-122.4528435,37.7073673],[-122.4524689,37.7070404],[-122.4520556,37.706744],[-122.4516076,37.7064812],[-122.4511292,37.7062543],[-122.450625,37.7060657],[-122.4500998,37.705917],[-122.4495588,37.7058098],[-122.4490071,37.705745],[-122.44845,37.7057234],[-122.4478929,37.705745],[-122.4473412,37.7058098],[-122.4468002,37.705917],[-122.446275,37.7060657],[-122.4457708,37.7062543],[-122.4452924,37.7064812],[-122.4448444,37.706744],[-122.4444311,37.7070404],[-122.4440565,37.7073673],[-122.4437242,37.7077217],[-122.4434374,37.7081002],[-122.4431989,37.7084991],[-122.443011,37.7089146],[-122.4428754,37.7093426],[-122.4427935,37.7097791],[-122.4427661,37.7102199],[-122.4427935,37.7106606],[-122.4428753,37.7110971],[-122.4430108,37.7115252],[-122.4431987,37.7119407],[-122.4434371,37.7123396],[-122.4437239,37.7127181],[-122.4440561,37.7130725],[-122.4444307,37.7133995],[-122.444844,37.7136959],[-122.445292,37.7139587],[-122.4457705,37.7141856],[-122.4462748,37.7143743],[-122.4468,37.714523],[-122.4473411,37.7146302],[-122.4478928,37.7146949],[-122.44845,37.7147166]]]}},{"type":"Feature","id":"montereyplymouth","properties":{"id":"montereyplymouth","name":"Monterey Blvd & Plymouth Ave","modes":["bus"]},"geometry":{"type":"Polygon","coordinates":[[[-122.457654,37.7353706],[-122.4582113,37.7353489],[-122.4587632,37.7352842],[-122.4593045,37.735177],[-122.4598299,37.7350283],[-122.4603343,37.7348396],[-122.4608128,37.7346127],[-122.461261,37.7343499],[-122.4616744,37.7340535],[-122.4620491,37.7337265],[-122.4623815,37.7333721],[-122.4626683,37.7329936],[-122.4629068,37.7325947],[-122.4630947,37.7321792],[-122.4632303,37.7317511],[-122.4633121,37.7313146],[-122.4633395,37.7308739],[-122.4633121,37.7304331],[-122.4632302,37.7299966],[-122.4630946,37.7295686],[-122.4629066,37.7291531],[-122.462668,37.7287542],[-122.4623811,37.7283757],[-122.4620488,37.7280213],[-122.4616741,37.7276944],[-122.4612607,37.727398],[-122.4608125,37.7271352],[-122.460334,37.7269083],[-122.4598296,37.7267197],[-122.4593043,37.726571],[-122.4587631,37.7264638],[-122.4582112,37.726399],[-122.457654,37.7263774],[-122.4570968,37.726399],[-122.4565449,37.7264638],[-122.4560037,37.726571],[-122.4554784,37.7267197],[-122.454974,37.7269083],[-122.4544955,37.7271352],[-122.4540473,37.727398],[-122.4536339,37.7276944],[-122.4532592,37.7280213],[-122.4529269,37.7283757],[-122.45264,37.7287542],[-122.4524014,37.7291531],[-122.4522134,37.7295686],[-122.4520778,37.7299966],[-122.4519959,37.7304331],[-122.4519685,37.7308739],[-122.4519959,37.7313146],[-122.4520777,37.7317511],[-122.4522133,37.7321792],[-122.4524012,37.7325947],[-122.4526397,37.7329936],[-122.4529265,37.7333721],[-122.4532589,37.7337265],[-122.4536336,37.7340535],[-122.454047,37.7343499],[-122.4544952,37.7346127],[-122.4549737,37.7348396],[-122.4554781,37.7350283],[-122.4560035,37.735177],[-122.4565448,37.7352842],[-122.4570967,37.7353489],[-122.457654,37.7353706]]]}},{"type":"Feature","id":"sunnydaleschwerin","properties":{"id":"sunnydaleschwerin","name":"Sunnydale Ave & Schwerin St","modes":["bus"]},"geometry":{"type":"Polygon","coordinates":[[[-122.4115,37.7150866],[-122.4120572,37.7150649],[-122.4126089,37.7150002],[-122.41315,37.714893],[-122.4136753,37.7147443],[-122.4141795,37.7145556],[-122.414658,37.7143287],[-122.415106,37.7140659],[-122.4155193,37.7137695],[-122.4158939,37.7134425],[-122.4162262,37.7130881],[-122.4165129,37.7127096],[-122.4167514,37.7123107],[-122.4169393,37.7118952],[-122.4170748,37.7114671],[-122.4171566,37.7110306],[-122.4171839,37.7105899],[-122.4171565,37.7101491],[-122.4170746,37.7097126],[-122.4169391,37.7092846],[-122.4167511,37.7088691],[-122.4165126,37.7084702],[-122.4162258,37.7080917],[-122.4158936,37.7077373],[-122.415519,37.7074104],[-122.4151057,37.707114],[-122.4146577,37.7068512],[-122.4141792,37.7066243],[-122.413675,37.7064357],[-122.4131499,37.706287],[-122.4126088,37.7061798],[-122.4120571,37.706115],[-122.4115,37.7060934],[-122.4109429,37.706115],[-122.4103912,37.7061798],[-122.4098501,37.706287],[-122.409325,37.7064357],[-122.4088208,37.7066243],[-122.4083423,37.7068512],[-122.4078943,37.707114],[-122.407481,37.7074104],[-122.4071064,37.7077373],[-122.4067742,37.7080917],[-122.4064874,37.7084702],[-122.4062489,37.7088691],[-122.4060609,37.7092846],[-122.4059254,37.7097126],[-122.4058435,37.7101491],[-122.4058161,37.7105899],[-122.4058434,37.7110306],[-122.4059252,37.7114671],[-122.4060607,37.7118952],[-122.4062486,37.7123107],[-122.4064871,37.7127096],[-122.4067738,37.7130881],[-122.4071061,37.7134425],[-122.4074807,37.7137695],[-122.407894,37.7140659],[-122.408342,37.7143287],[-122.4088205,37.7145556],[-122.4093247,37.7147443],[-122.40985,37.714893],[-122.4103911,37.7150002],[-122.4109428,37.7150649],[-122.4115,37.7150866]]]}},{"type":"Feature","id":"irving2nd","properties":{"id":"irving2nd","name":"Irving St & 2nd Ave","modes":["bus","metro"]},"geometry":{"type":"Polygon","coordinates":[[[-122.458643,37.7689376],[-122.4592006,37.7689159],[-122.4597527,37.7688512],[-122.4602942,37.768744],[-122.4608198,37.7685953],[-122.4613245,37.7684066],[-122.4618033,37.7681797],[-122.4622516,37.7679169],[-122.4626652,37.7676205],[-122.4630401,37.7672935],[-122.4633726,37.7669391],[-122.4636596,37.7665606],[-122.4638982,37.7661617],[-122.4640862,37.7657462],[-122.4642218,37.7653181],[-122.4643037,37.7648816],[-122.464331,37.7644409],[-122.4643036,37.7640001],[-122.4642217,37.7635636],[-122.464086,37.7631356],[-122.4638979,37.7627201],[-122.4636593,37.7623212],[-122.4633723,37.7619427],[-122.4630398,37.7615883],[-122.4626649,37.7612614],[-122.4622513,37.760965],[-122.4618029,37.7607022],[-122.4613242,37.7604753],[-122.4608196,37.7602867],[-122.4602941,37.760138],[-122.4597526,37.7600308],[-122.4592005,37.759966],[-122.458643,37.7599444],[-122.4580855,37.759966],[-122.4575334,37.7600308],[-122.4569919,37.760138],[-122.4564664,37.7602867],[-122.4559618,37.7604753],[-122.4554831,37.7607022],[-122.4550347,37.760965],[-122.4546211,37.7612614],[-122.4542462,37.7615883],[-122.4539137,37.7619427],[-122.4536267,37.7623212],[-122.4533881,37.7627201],[-122.4532,37.7631356],[-122.4530643,37.7635636],[-122.4529824,37.7640001],[-122.452955,37.7644409],[-122.4529823,37.7648816],[-122.4530642,37.7653181],[-122.4531998,37.7657462],[-122.4533878,37.7661617],[-122.4536264,37.7665606],[-122.4539134,37.7669391],[-122.4542459,37.7672935],[-122.4546208,37.7676205],[-122.4550344,37.7679169],[-122.4554827,37.7681797],[-122.4559615,37.7684066],[-122.4564662,37.7685953],[-122.4569918,37.768744],[-122.4575333,37.7688512],[-122.4580854,37.7689159],[-122.458643,37.7689376]]]}},{"type":"Feature","id":"9thjudah","properties":{"id":"9thjudah","name":"9th Ave & Judah St","modes":["bus","metro"]},"geometry":{"type":"Polygon","coordinates":[[[-122.466241,37.7665366],[-122.4667985,37.7665149],[-122.4673507,37.7664502],[-122.4678922,37.766343],[-122.4684178,37.7661943],[-122.4689224,37.7660056],[-122.4694012,37.7657787],[-122.4698495,37.7655159],[-122.4702631,37.7652195],[-122.4706379,37.7648925],[-122.4709704,37.7645381],[-122.4712574,37.7641596],[-122.471496,37.7637607],[-122.471684,37.7633452],[-122.4718196,37.7629171],[-122.4719015,37.7624806],[-122.4719289,37.7620399],[-122.4719014,37.7615991],[-122.4718195,37.7611626],[-122.4716838,37.7607346],[-122.4714958,37.7603191],[-122.4712571,37.7599202],[-122.4709701,37.7595417],[-122.4706376,37.7591873],[-122.4702628,37.7588604],[-122.4698492,37.758564],[-122.4694008,37.7583012],[-122.4689221,37.7580743],[-122.4684175,37.7578857],[-122.467892,37.757737],[-122.4673506,37.7576298],[-122.4667985,37.757565],[-122.466241,37.7575434],[-122.4656835,37.757565],[-122.4651314,37.7576298],[-122.46459,37.757737],[-122.4640645,37.7578857],[-122.4635599,37.7580743],[-122.4630812,37.7583012],[-122.4626328,37.758564],[-122.4622192,37.7588604],[-122.4618444,37.7591873],[-122.4615119,37.7595417],[-122.4612249,37.7599202],[-122.4609862,37.7603191],[-122.4607982,37.7607346],[-122.4606625,37.7611626],[-122.4605806,37.7615991],[-122.4605531,37.7620399],[-122.4605805,37.7624806],[-122.4606624,37.7629171],[-122.460798,37.7633452],[-122.460986,37.7637607],[-122.4612246,37.7641596],[-122.4615116,37.7645381],[-122.4618441,37.7648925],[-122.4622189,37.7652195],[-122.4626325,37.7655159],[-122.4630808,37.7657787],[-122.4635596,37.7660056],[-122.4640642,37.7661943],[-122.4645898,37.766343],[-122.4651313,37.7664502],[-122.4656835,37.7665149],[-122.466241,37.7665366]]]}},{"type":"Feature","id":"carlstanyan","properties":{"id":"carlstanyan","name":"Carl St & Stanyan St","modes":["bus","metro"]},"geometry":{"type":"Polygon","coordinates":[[[-122.452928,37.7698676],[-122.4534856,37.7698459],[-122.4540378,37.7697812],[-122.4545793,37.769674],[-122.4551049,37.7695253],[-122.4556095,37.7693366],[-122.4560883,37.7691097],[-122.4565367,37.7688469],[-122.4569503,37.7685505],[-122.4573251,37.7682235],[-122.4576577,37.7678691],[-122.4579446,37.7674906],[-122.4581833,37.7670917],[-122.4583713,37.7666762],[-122.4585069,37.7662481],[-122.4585888,37.7658116],[-122.4586161,37.7653709],[-122.4585887,37.7649301],[-122.4585068,37.7644936],[-122.4583711,37.7640656],[-122.458183,37.7636501],[-122.4579443,37.7632512],[-122.4576573,37.7628727],[-122.4573248,37.7625183],[-122.4569499,37.7621914],[-122.4565363,37.761895],[-122.456088,37.7616322],[-122.4556092,37.7614053],[-122.4551046,37.7612167],[-122.4545791,37.761068],[-122.4540376,37.7609608],[-122.4534855,37.760896],[-122.452928,37.7608744],[-122.4523705,37.760896],[-122.4518184,37.7609608],[-122.4512769,37.761068],[-122.4507514,37.7612167],[-122.4502468,37.7614053],[-122.449768,37.7616322],[-122.4493197,37.761895],[-122.4489061,37.7621914],[-122.4485312,37.7625183],[-122.4481987,37.7628727],[-122.4479117,37.7632512],[-122.447673,37.7636501],[-122.4474849,37.7640656],[-122.4473492,37.7644936],[-122.4472673,37.7649301],[-122.4472399,37.7653709],[-122.4472672,37.7658116],[-122.4473491,37.7662481],[-122.4474847,37.7666762],[-122.4476727,37.7670917],[-122.4479114,37.7674906],[-122.4481983,37.7678691],[-122.4485309,37.7682235],[-122.4489057,37.7685505],[-122.4493193,37.7688469],[-122.4497677,37.7691097],[-122.4502465,37.7693366],[-122.4507511,37.7695253],[-122.4512767,37.769674],[-122.4518182,37.7697812],[-122.4523704,37.7698459],[-122.452928,37.7698676]]]}},{"type":"Feature","id":"16thmoraga","properties":{"id":"16thmoraga","name":"16th Ave & Moraga St","modes":["bus"]},"geometry":{"type":"Polygon","coordinates":[[[-122.47368,37.7608566],[-122.4742375,37.7608349],[-122.4747896,37.7607702],[-122.4753311,37.760663],[-122.4758566,37.7605143],[-122.4763612,37.7603256],[-122.4768399,37.7600987],[-122.4772882,37.7598359],[-122.4777018,37.7595395],[-122.4780766,37.7592125],[-122.4784091,37.7588581],[-122.478696,37.7584796],[-122.4789346,37.7580807],[-122.4791226,37.7576652],[-122.4792582,37.7572371],[-122.4793401,37.7568006],[-122.4793674,37.7563599],[-122.47934,37.7559191],[-122.4792581,37.7554826],[-122.4791224,37.7550546],[-122.4789344,37.7546391],[-122.4786957,37.7542402],[-122.4784088,37.7538617],[-122.4780763,37.7535073],[-122.4777014,37.7531804],[-122.4772879,37.752884],[-122.4768396,37.7526212],[-122.4763609,37.7523943],[-122.4758564,37.7522057],[-122.4753309,37.752057],[-122.4747895,37.7519498],[-122.4742374,37.751885],[-122.47368,37.7518634],[-122.4731226,37.751885],[-122.4725705,37.7519498],[-122.4720291,37.752057],[-122.4715036,37.7522057],[-122.4709991,37.7523943],[-122.4705204,37.7526212],[-122.4700721,37.752884],[-122.4696586,37.7531804],[-122.4692837,37.7535073],[-122.4689512,37.7538617],[-122.4686643,37.7542402],[-122.4684256,37.7546391],[-122.4682376,37.7550546],[-122.4681019,37.7554826],[-122.46802,37.7559191],[-122.4679926,37.7563599],[-122.4680199,37.7568006],[-122.4681018,37.7572371],[-122.4682374,37.7576652],[-122.4684254,37.7580807],[-122.468664,37.7584796],[-122.4689509,37.7588581],[-122.4692834,37.7592125],[-122.4696582,37.7595395],[-122.4700718,37.7598359],[-122.4705201,37.7600987],[-122.4709988,37.7603256],[-122.4715034,37.7605143],[-122.4720289,37.760663],[-122.4725704,37.7607702],[-122.4731225,37.7608349],[-122.47368,37.7608566]]]}},{"type":"Feature","id":"diamonddiamondheights","properties":{"id":"diamonddiamondheights","name":"Diamond St & Diamond Heights Blvd","modes":["bus"]},"geometry":{"type":"Polygon","coordinates":[[[-122.43726,37.7427166],[-122.4378174,37.7426949],[-122.4383694,37.7426302],[-122.4389107,37.742523],[-122.4394361,37.7423743],[-122.4399405,37.7421856],[-122.4404191,37.7419587],[-122.4408673,37.7416959],[-122.4412808,37.7413995],[-122.4416555,37.7410725],[-122.4419879,37.7407181],[-122.4422748,37.7403396],[-122.4425133,37.7399407],[-122.4427013,37.7395252],[-122.4428368,37.7390971],[-122.4429187,37.7386606],[-122.442946,37.7382199],[-122.4429186,37.7377791],[-122.4428367,37.7373426],[-122.4427011,37.7369146],[-122.4425131,37.7364991],[-122.4422745,37.7361002],[-122.4419876,37.7357217],[-122.4416552,37.7353673],[-122.4412805,37.7350404],[-122.440867,37.734744],[-122.4404188,37.7344812],[-122.4399402,37.7342543],[-122.4394358,37.7340657],[-122.4389105,37.733917],[-122.4383692,37.7338098],[-122.4378173,37.733745],[-122.43726,37.7337234],[-122.4367027,37.733745],[-122.4361508,37.7338098],[-122.4356095,37.733917],[-122.4350842,37.7340657],[-122.4345798,37.7342543],[-122.4341012,37.7344812],[-122.433653,37.734744],[-122.4332395,37.7350404],[-122.4328648,37.7353673],[-122.4325324,37.7357217],[-122.4322455,37.7361002],[-122.4320069,37.7364991],[-122.4318189,37.7369146],[-122.4316833,37.7373426],[-122.4316014,37.7377791],[-122.431574,37.7382199],[-122.4316013,37.7386606],[-122.4316832,37.7390971],[-122.4318187,37.7395252],[-122.4320067,37.7399407],[-122.4322452,37.7403396],[-122.4325321,37.7407181],[-122.4328645,37.7410725],[-122.4332392,37.7413995],[-122.4336527,37.7416959],[-122.4341009,37.7419587],[-122.4345795,37.7421856],[-122.4350839,37.7423743],[-122.4356093,37.742523],[-122.4361506,37.7426302],[-122.4367026,37.7426949],[-122.43726,37.7427166]]]}},{"type":"Feature","id":"church26th","properties":{"id":"church26th","name":"Church St & 26th St","modes":["bus","metro"]},"geometry":{"type":"Polygon","coordinates":[[[-122.42706,37.7529126],[-122.4276174,37.7528909],[-122.4281695,37.7528262],[-122.4287109,37.752719],[-122.4292364,37.7525703],[-122.4297409,37.7523816],[-122.4302196,37.7521547],[-122.4306678,37.7518919],[-122.4310814,37.7515955],[-122.4314561,37.7512685],[-122.4317886,37.7509141],[-122.4320755,37.7505356],[-122.4323141,37.7501367],[-122.432502,37.7497212],[-122.4326376,37.7492931],[-122.4327195,37.7488566],[-122.4327468,37.7484159],[-122.4327194,37.7479751],[-122.4326375,37.7475386],[-122.4325018,37.7471106],[-122.4323138,37.7466951],[-122.4320752,37.7462962],[-122.4317883,37.7459177],[-122.4314558,37.7455633],[-122.431081,37.7452364],[-122.4306675,37.74494],[-122.4302193,37.7446772],[-122.4297406,37.7444503],[-122.4292361,37.7442617],[-122.4287107,37.744113],[-122.4281694,37.7440058],[-122.4276174,37.743941],[-122.42706,37.7439194],[-122.4265026,37.743941],[-122.4259506,37.7440058],[-122.4254093,37.744113],[-122.4248839,37.7442617],[-122.4243794,37.7444503],[-122.4239007,37.7446772],[-122.4234525,37.74494],[-122.423039,37.7452364],[-122.4226642,37.7455633],[-122.4223317,37.7459177],[-122.4220448,37.7462962],[-122.4218062,37.7466951],[-122.4216182,37.7471106],[-122.4214825,37.7475386],[-122.4214006,37.7479751],[-122.4213732,37.7484159],[-122.4214005,37.7488566],[-122.4214824,37.7492931],[-122.421618,37.7497212],[-122.4218059,37.7501367],[-122.4220445,37.7505356],[-122.4223314,37.7509141],[-122.4226639,37.7512685],[-122.4230386,37.7515955],[-122.4234522,37.7518919],[-122.4239004,37.7521547],[-122.4243791,37.7523816],[-122.4248836,37.7525703],[-122.4254091,37.752719],[-122.4259505,37.7528262],[-122.4265026,37.7528909],[-122.42706,37.7529126]]]}},{"type":"Feature","id":"oceanaptos","properties":{"id":"oceanaptos","name":"Ocean Ave & Aptos Ave","modes":["bus","metro"]},"geometry":{"type":"Polygon","coordinates":[[[-122.467561,37.7327816],[-122.4681183,37.7327599],[-122.4686702,37.7326952],[-122.4692114,37.732588],[-122.4697368,37.7324393],[-122.4702412,37.7322506],[-122.4707197,37.7320237],[-122.4711679,37.7317609],[-122.4715813,37.7314645],[-122.4719559,37.7311375],[-122.4722883,37.7307831],[-122.4725751,37.7304046],[-122.4728136,37.7300057],[-122.4730016,37.7295902],[-122.4731371,37.7291621],[-122.4732189,37.7287256],[-122.4732463,37.7282849],[-122.4732189,37.7278441],[-122.473137,37.7274076],[-122.4730014,37.7269796],[-122.4728134,37.7265641],[-122.4725748,37.7261652],[-122.472288,37.7257867],[-122.4719556,37.7254323],[-122.4715809,37.7251054],[-122.4711675,37.724809],[-122.4707194,37.7245462],[-122.4702409,37.7243193],[-122.4697365,37.7241307],[-122.4692113,37.723982],[-122.4686701,37.7238748],[-122.4681182,37.72381],[-122.467561,37.7237884],[-122.4670038,37.72381],[-122.4664519,37.7238748],[-122.4659107,37.723982],[-122.4653855,37.7241307],[-122.4648811,37.7243193],[-122.4644026,37.7245462],[-122.4639545,37.724809],[-122.4635411,37.7251054],[-122.4631664,37.7254323],[-122.462834,37.7257867],[-122.4625472,37.7261652],[-122.4623086,37.7265641],[-122.4621206,37.7269796],[-122.461985,37.7274076],[-122.4619031,37.7278441],[-122.4618757,37.7282849],[-122.4619031,37.7287256],[-122.4619849,37.7291621],[-122.4621204,37.7295902],[-122.4623084,37.7300057],[-122.4625469,37.7304046],[-122.4628337,37.7307831],[-122.4631661,37.7311375],[-122.4635407,37.7314645],[-122.4639541,37.7317609],[-122.4644023,37.7320237],[-122.4648808,37.7322506],[-122.4653852,37.7324393],[-122.4659106,37.732588],[-122.4664518,37.7326952],[-122.4670037,37.7327599],[-122.467561,37.7327816]]]}},{"type":"Feature","id":"genevamission","properties":{"id":"genevamission","name":"Geneva Ave & Mission St","modes":["bus"]},"geometry":{"type":"Polygon","coordinates":[[[-122.440874,37.7209696],[-122.4414312,37.7209479],[-122.441983,37.7208832],[-122.4425242,37.720776],[-122.4430494,37.7206273],[-122.4435537,37.7204386],[-122.4440322,37.7202117],[-122.4444803,37.7199489],[-122.4448936,37.7196525],[-122.4452682,37.7193255],[-122.4456005,37.7189711],[-122.4458873,37.7185926],[-122.4461258,37.7181937],[-122.4463137,37.7177782],[-122.4464492,37.7173501],[-122.446531,37.7169136],[-122.4465584,37.7164729],[-122.446531,37.7160321],[-122.4464491,37.7155956],[-122.4463135,37.7151676],[-122.4461255,37.7147521],[-122.445887,37.7143532],[-122.4456002,37.7139747],[-122.4452679,37.7136203],[-122.4448933,37.7132934],[-122.44448,37.712997],[-122.4440319,37.7127342],[-122.4435534,37.7125073],[-122.4430492,37.7123187],[-122.442524,37.71217],[-122.4419829,37.7120628],[-122.4414311,37.711998],[-122.440874,37.7119764],[-122.4403169,37.711998],[-122.4397651,37.7120628],[-122.439224,37.71217],[-122.4386988,37.7123187],[-122.4381946,37.7125073],[-122.4377161,37.7127342],[-122.437268,37.712997],[-122.4368547,37.7132934],[-122.4364801,37.7136203],[-122.4361478,37.7139747],[-122.435861,37.7143532],[-122.4356225,37.7147521],[-122.4354345,37.7151676],[-122.4352989,37.7155956],[-122.435217,37.7160321],[-122.4351896,37.7164729],[-122.435217,37.7169136],[-122.4352988,37.7173501],[-122.4354343,37.7177782],[-122.4356222,37.7181937],[-122.4358607,37.7185926],[-122.4361475,37.7189711],[-122.4364798,37.7193255],[-122.4368544,37.7196525],[-122.4372677,37.7199489],[-122.4377158,37.7202117],[-122.4381943,37.7204386],[-122.4386986,37.7206273],[-122.4392238,37.720776],[-122.439765,37.7208832],[-122.4403168,37.7209479],[-122.440874,37.7209696]]]}},{"type":"Feature","id":"22ndiowa","properties":{"id":"22ndiowa","name":"22nd St & Iowa St","modes":["bus","rail"]},"geometry":{"type":"Polygon","coordinates":[[[-122.392308,37.7621706],[-122.3928655,37.7621489],[-122.3934176,37.7620842],[-122.3939591,37.761977],[-122.3944846,37.7618283],[-122.3949892,37.7616396],[-122.395468,37.7614127],[-122.3959163,37.7611499],[-122.3963299,37.7608535],[-122.3967047,37.7605265],[-122.3970372,37.7601721],[-122.3973241,37.7597936],[-122.3975627,37.7593947],[-122.3977507,37.7589792],[-122.3978863,37.7585511],[-122.3979682,37.7581146],[-122.3979955,37.7576739],[-122.3979681,37.7572331],[-122.3978862,37.7567966],[-122.3977505,37.7563686],[-122.3975625,37.7559531],[-122.3973238,37.7555542],[-122.3970368,37.7551757],[-122.3967043,37.7548213],[-122.3963295,37.7544944],[-122.395916,37.754198],[-122.3954677,37.7539352],[-122.3949889,37.7537083],[-122.3944844,37.7535197],[-122.3939589,37.753371],[-122.3934175,37.7532638],[-122.3928654,37.753199],[-122.392308,37.7531774],[-122.3917506,37.753199],[-122.3911985,37.7532638],[-122.3906571,37.753371],[-122.3901316,37.7535197],[-122.3896271,37.7537083],[-122.3891483,37.7539352],[-122.3887,37.754198],[-122.3882865,37.7544944],[-122.3879117,37.7548213],[-122.3875792,37.7551757],[-122.3872922,37.7555542],[-122.3870535,37.7559531],[-122.3868655,37.7563686],[-122.3867298,37.7567966],[-122.3866479,37.7572331],[-122.3866205,37.7576739],[-122.3866478,37.7581146],[-122.3867297,37.7585511],[-122.3868653,37.7589792],[-122.3870533,37.7593947],[-122.3872919,37.7597936],[-122.3875788,37.7601721],[-122.3879113,37.7605265],[-122.3882861,37.7608535],[-122.3886997,37.7611499],[-122.389148,37.7614127],[-122.3896268,37.7616396],[-122.3901314,37.7618283],[-122.3906569,37.761977],[-122.3911984,37.7620842],[-122.3917505,37.7621489],[-122.392308,37.7621706]]]}}]}