{
"type": "FeatureCollection",
"name": "stations_v2",
"crs": { "type": "name", "properties": { "name": "urn:ogc:def:crs:OGC:1.3:CRS84" } },
"features": [
{ "type": "Feature", "properties": { "id": null, "id_2": 4530, "name": "The Embarcadero & Stockton St", "modes": null, "routes": null, "nameLength": null, "stop_lat": 37.808351, "stop_lon": -122.410287, "n": 1, "distance": 0.00068087619708076758, "feature_x": -122.41078461212167, "feature_y": 37.808815730644689, "nearest_x": -122.410287, "nearest_y": 37.808351 }, "geometry": { "type": "MultiPolygon", "coordinates": [ [ [ [ -122.40714461212167, 37.808815730644689 ], [ -122.407322766402359, 37.807690908785162 ], [ -122.407839790262145, 37.806676192326343 ], [ -122.408645073803328, 37.805870908785167 ], [ -122.409659790262154, 37.805353884925374 ], [ -122.410784612121674, 37.805175730644692 ], [ -122.411909433981194, 37.805353884925374 ], [ -122.41292415044002, 37.805870908785167 ], [ -122.413729433981203, 37.806676192326343 ], [ -122.414246457840989, 37.807690908785162 ], [ -122.414424612121678, 37.808815730644689 ], [ -122.414246457840989, 37.809940552504216 ], [ -122.413729433981203, 37.810955268963035 ], [ -122.41292415044002, 37.811760552504211 ], [ -122.411909433981194, 37.812277576364004 ], [ -122.410784612121674, 37.812455730644686 ], [ -122.409659790262154, 37.812277576364004 ], [ -122.408645073803328, 37.811760552504211 ], [ -122.407839790262145, 37.810955268963035 ], [ -122.407322766402359, 37.809940552504216 ], [ -122.40714461212167, 37.808815730644689 ] ] ] ] } },
{ "type": "Feature", "properties": { "id": null, "id_2": 4823, "name": "Kearny St & North Point St", "modes": null, "routes": null, "nameLength": null, "stop_lat": 37.807182, "stop_lon": -122.407211, "n": 1, "distance": 0.00055629589287950574, "feature_x": -122.40715652952272, "feature_y": 37.807735622694203, "nearest_x": -122.407211, "nearest_y": 37.807182 }, "geometry": { "type": "MultiPolygon", "coordinates": [ [ [ [ -122.403516529522719, 37.807735622694203 ], [ -122.403694683803408, 37.806610800834676 ], [ -122.404211707663194, 37.805596084375857 ], [ -122.405016991204377, 37.804790800834681 ], [ -122.406031707663203, 37.804273776974888 ], [ -122.407156529522723, 37.804095622694206 ], [ -122.408281351382243, 37.804273776974888 ], [ -122.409296067841069, 37.804790800834681 ], [ -122.410101351382252, 37.805596084375857 ], [ -122.410618375242038, 37.806610800834676 ], [ -122.410796529522727, 37.807735622694203 ], [ -122.410618375242038, 37.80886044455373 ], [ -122.410101351382252, 37.809875161012549 ], [ -122.409296067841069, 37.810680444553725 ], [ -122.408281351382243, 37.811197468413518 ], [ -122.407156529522723, 37.8113756226942 ], [ -122.406031707663203, 37.811197468413518 ], [ -122.405016991204377, 37.810680444553725 ], [ -122.404211707663194, 37.809875161012549 ], [ -122.403694683803408, 37.80886044455373 ], [ -122.403516529522719, 37.807735622694203 ] ] ] ] } },
{ "type": "Feature", "properties": { "id": null, "id_2": 4529, "name": "The Embarcadero & Sansome St", "modes": null, "routes": null, "nameLength": null, "stop_lat": 37.805022, "stop_lon": -122.403314, "n": 1, "distance": 0.00093747984328307267, "feature_x": -122.40251188271695, "feature_y": 37.804536740975557, "nearest_x": -122.403314, "nearest_y": 37.805022 }, "geometry": { "type": "MultiPolygon", "coordinates": [ [ [ [ -122.398871882716946, 37.804536740975557 ], [ -122.399050036997636, 37.80341191911603 ], [ -122.399567060857422, 37.802397202657211 ], [ -122.400372344398605, 37.801591919116035 ], [ -122.401387060857431, 37.801074895256242 ], [ -122.402511882716951, 37.80089674097556 ], [ -122.403636704576471, 37.801074895256242 ], [ -122.404651421035297, 37.801591919116035 ], [ -122.40545670457648, 37.802397202657211 ], [ -122.405973728436265, 37.80341191911603 ], [ -122.406151882716955, 37.804536740975557 ], [ -122.405973728436265, 37.805661562835084 ], [ -122.40545670457648, 37.806676279293903 ], [ -122.404651421035297, 37.807481562835079 ], [ -122.403636704576471, 37.807998586694872 ], [ -122.402511882716951, 37.808176740975554 ], [ -122.401387060857431, 37.807998586694872 ], [ -122.400372344398605, 37.807481562835079 ], [ -122.399567060857422, 37.806676279293903 ], [ -122.399050036997636, 37.805661562835084 ], [ -122.398871882716946, 37.804536740975557 ] ] ] ] } },
{ "type": "Feature", "properties": { "id": null, "id_2": 4503, "name": "The Embarcadero & Broadway", "modes": null, "routes": null, "nameLength": null, "stop_lat": 37.799552, "stop_lon": -122.397869, "n": 1, "distance": 0.00045634138412946221, "feature_x": -122.39751669652988, "feature_y": 37.799842051243417, "nearest_x": -122.397869, "nearest_y": 37.799552 }, "geometry": { "type": "MultiPolygon", "coordinates": [ [ [ [ -122.393876696529873, 37.799842051243417 ], [ -122.394054850810562, 37.79871722938389 ], [ -122.394571874670348, 37.797702512925071 ], [ -122.395377158211531, 37.796897229383895 ], [ -122.396391874670357, 37.796380205524102 ], [ -122.397516696529877, 37.796202051243419 ], [ -122.398641518389397, 37.796380205524102 ], [ -122.399656234848223, 37.796897229383895 ], [ -122.400461518389406, 37.797702512925071 ], [ -122.400978542249192, 37.79871722938389 ], [ -122.401156696529881, 37.799842051243417 ], [ -122.400978542249192, 37.800966873102944 ], [ -122.400461518389406, 37.801981589561763 ], [ -122.399656234848223, 37.802786873102939 ], [ -122.398641518389397, 37.803303896962731 ], [ -122.397516696529877, 37.803482051243414 ], [ -122.396391874670357, 37.803303896962731 ], [ -122.395377158211531, 37.802786873102939 ], [ -122.394571874670348, 37.801981589561763 ], [ -122.394054850810562, 37.800966873102944 ], [ -122.393876696529873, 37.799842051243417 ] ] ] ] } },
{ "type": "Feature", "properties": { "id": null, "id_2": 4727, "name": "Don Chee Way/Steuart St", "modes": null, "routes": null, "nameLength": null, "stop_lat": 37.793918, "stop_lon": -122.393438, "n": 1, "distance": 0.00036295220997074201, "feature_x": -122.39325764304401, "feature_y": 37.794232969324135, "nearest_x": -122.393438, "nearest_y": 37.793918 }, "geometry": { "type": "MultiPolygon", "coordinates": [ [ [ [ -122.389617643044005, 37.794232969324135 ], [ -122.389795797324695, 37.793108147464608 ], [ -122.39031282118448, 37.792093431005789 ], [ -122.391118104725663, 37.791288147464613 ], [ -122.392132821184489, 37.79077112360482 ], [ -122.393257643044009, 37.790592969324138 ], [ -122.394382464903529, 37.79077112360482 ], [ -122.395397181362355, 37.791288147464613 ], [ -122.396202464903538, 37.792093431005789 ], [ -122.396719488763324, 37.793108147464608 ], [ -122.396897643044014, 37.794232969324135 ], [ -122.396719488763324, 37.795357791183662 ], [ -122.396202464903538, 37.796372507642481 ], [ -122.395397181362355, 37.797177791183657 ], [ -122.394382464903529, 37.79769481504345 ], [ -122.393257643044009, 37.797872969324132 ], [ -122.392132821184489, 37.79769481504345 ], [ -122.391118104725663, 37.797177791183657 ], [ -122.39031282118448, 37.796372507642481 ], [ -122.389795797324695, 37.795357791183662 ], [ -122.389617643044005, 37.794232969324135 ] ] ] ] } },
{ "type": "Feature", "properties": { "id": null, "id_2": 4509, "name": "The Embarcadero & Folsom St", "modes": null, "routes": null, "nameLength": null, "stop_lat": 37.790481, "stop_lon": -122.389692, "n": 1, "distance": 0.0021374049855859287, "feature_x": -122.38794697141321, "feature_y": 37.789246749092072, "nearest_x": -122.389692, "nearest_y": 37.790481 }, "geometry": { "type": "MultiPolygon", "coordinates": [ [ [ [ -122.38430697141321, 37.789246749092072 ], [ -122.384485125693899, 37.788121927232545 ], [ -122.385002149553685, 37.787107210773726 ], [ -122.385807433094868, 37.78630192723255 ], [ -122.386822149553694, 37.785784903372758 ], [ -122.387946971413214, 37.785606749092075 ], [ -122.389071793272734, 37.785784903372758 ], [ -122.39008650973156, 37.78630192723255 ], [ -122.390891793272743, 37.787107210773726 ], [ -122.391408817132529, 37.788121927232545 ], [ -122.391586971413219, 37.789246749092072 ], [ -122.391408817132529, 37.790371570951599 ], [ -122.390891793272743, 37.791386287410418 ], [ -122.39008650973156, 37.792191570951594 ], [ -122.389071793272734, 37.792708594811387 ], [ -122.387946971413214, 37.792886749092069 ], [ -122.386822149553694, 37.792708594811387 ], [ -122.385807433094868, 37.792191570951594 ], [ -122.385002149553685, 37.791386287410418 ], [ -122.384485125693899, 37.790371570951599 ], [ -122.38430697141321, 37.789246749092072 ] ] ] ] } },
{ "type": "Feature", "properties": { "id": null, "id_2": 4531, "name": "The Embarcadero & Townsend St", "modes": null, "routes": null, "nameLength": null, "stop_lat": 37.7836, "stop_lon": -122.38832, "n": 1, "distance": 0.00076375243548229565, "feature_x": -122.38764901293919, "feature_y": 37.783235179294799, "nearest_x": -122.38832, "nearest_y": 37.7836 }, "geometry": { "type": "MultiPolygon", "coordinates": [ [ [ [ -122.384009012939188, 37.783235179294799 ], [ -122.384187167219878, 37.782110357435272 ], [ -122.384704191079663, 37.781095640976453 ], [ -122.385509474620847, 37.780290357435277 ], [ -122.386524191079673, 37.779773333575484 ], [ -122.387649012939193, 37.779595179294802 ], [ -122.388773834798712, 37.779773333575484 ], [ -122.389788551257539, 37.780290357435277 ], [ -122.390593834798722, 37.781095640976453 ], [ -122.391110858658507, 37.782110357435272 ], [ -122.391289012939197, 37.783235179294799 ], [ -122.391110858658507, 37.784360001154326 ], [ -122.390593834798722, 37.785374717613145 ], [ -122.389788551257539, 37.786180001154321 ], [ -122.388773834798712, 37.786697025014114 ], [ -122.387649012939193, 37.786875179294796 ], [ -122.386524191079673, 37.786697025014114 ], [ -122.385509474620847, 37.786180001154321 ], [ -122.384704191079663, 37.785374717613145 ], [ -122.384187167219878, 37.784360001154326 ], [ -122.384009012939188, 37.783235179294799 ] ] ] ] } },
{ "type": "Feature", "properties": { "id": null, "id_2": 5235, "name": "King St & 2nd St", "modes": null, "routes": null, "nameLength": null, "stop_lat": 37.7796, "stop_lon": -122.38955, "n": 1, "distance": 6.1772439547601378e-05, "feature_x": -122.38954192559957, "feature_y": 37.779661242455418, "nearest_x": -122.38955, "nearest_y": 37.7796 }, "geometry": { "type": "MultiPolygon", "coordinates": [ [ [ [ -122.385901925599569, 37.779661242455418 ], [ -122.386080079880259, 37.778536420595891 ], [ -122.386597103740044, 37.777521704137072 ], [ -122.387402387281227, 37.776716420595896 ], [ -122.388417103740053, 37.776199396736104 ], [ -122.389541925599573, 37.776021242455421 ], [ -122.390666747459093, 37.776199396736104 ], [ -122.391681463917919, 37.776716420595896 ], [ -122.392486747459103, 37.777521704137072 ], [ -122.393003771318888, 37.778536420595891 ], [ -122.393181925599578, 37.779661242455418 ], [ -122.393003771318888, 37.780786064314945 ], [ -122.392486747459103, 37.781800780773764 ], [ -122.391681463917919, 37.78260606431494 ], [ -122.390666747459093, 37.783123088174733 ], [ -122.389541925599573, 37.783301242455416 ], [ -122.388417103740053, 37.783123088174733 ], [ -122.387402387281227, 37.78260606431494 ], [ -122.386597103740044, 37.781800780773764 ], [ -122.386080079880259, 37.780786064314945 ], [ -122.385901925599569, 37.779661242455418 ] ] ] ] } },
{ "type": "Feature", "properties": { "id": null, "id_2": 5239, "name": "King St & 4th St", "modes": null, "routes": null, "nameLength": null, "stop_lat": 37.776269, "stop_lon": -122.394173, "n": 1, "distance": 0.00026681164326888368, "feature_x": -122.39420409937419, "feature_y": 37.776004007015359, "nearest_x": -122.394173, "nearest_y": 37.776269 }, "geometry": { "type": "MultiPolygon", "coordinates": [ [ [ [ -122.390564099374188, 37.776004007015359 ], [ -122.390742253654878, 37.774879185155832 ], [ -122.391259277514663, 37.773864468697013 ], [ -122.392064561055847, 37.773059185155837 ], [ -122.393079277514673, 37.772542161296045 ], [ -122.394204099374193, 37.772364007015362 ], [ -122.395328921233713, 37.772542161296045 ], [ -122.396343637692539, 37.773059185155837 ], [ -122.397148921233722, 37.773864468697013 ], [ -122.397665945093507, 37.774879185155832 ], [ -122.397844099374197, 37.776004007015359 ], [ -122.397665945093507, 37.777128828874886 ], [ -122.397148921233722, 37.778143545333705 ], [ -122.396343637692539, 37.778948828874881 ], [ -122.395328921233713, 37.779465852734674 ], [ -122.394204099374193, 37.779644007015357 ], [ -122.393079277514673, 37.779465852734674 ], [ -122.392064561055847, 37.778948828874881 ], [ -122.391259277514663, 37.778143545333705 ], [ -122.390742253654878, 37.777128828874886 ], [ -122.390564099374188, 37.776004007015359 ] ] ] ] } },
{ "type": "Feature", "properties": { "id": null, "id_2": 7960, "name": "Townsend St & 7th St", "modes": null, "routes": null, "nameLength": null, "stop_lat": 37.771142, "stop_lon": -122.402383, "n": 1, "distance": 0.00043619563678495995, "feature_x": -122.40198607364454, "feature_y": 37.770961124070453, "nearest_x": -122.402383, "nearest_y": 37.771142 }, "geometry": { "type": "MultiPolygon", "coordinates": [ [ [ [ -122.398346073644532, 37.770961124070453 ], [ -122.398524227925222, 37.769836302210926 ], [ -122.399041251785007, 37.768821585752107 ], [ -122.399846535326191, 37.768016302210931 ], [ -122.400861251785017, 37.767499278351139 ], [ -122.401986073644537, 37.767321124070456 ], [ -122.403110895504057, 37.767499278351139 ], [ -122.404125611962883, 37.768016302210931 ], [ -122.404930895504066, 37.768821585752107 ], [ -122.405447919363851, 37.769836302210926 ], [ -122.405626073644541, 37.770961124070453 ], [ -122.405447919363851, 37.77208594592998 ], [ -122.404930895504066, 37.773100662388799 ], [ -122.404125611962883, 37.773905945929975 ], [ -122.403110895504057, 37.774422969789768 ], [ -122.401986073644537, 37.77460112407045 ], [ -122.400861251785017, 37.774422969789768 ], [ -122.399846535326191, 37.773905945929975 ], [ -122.399041251785007, 37.773100662388799 ], [ -122.398524227925222, 37.77208594592998 ], [ -122.398346073644532, 37.770961124070453 ] ] ] ] } },
{ "type": "Feature", "properties": { "id": null, "id_2": 7358, "name": "Third Street & Mission Rock St", "modes": null, "routes": null, "nameLength": null, "stop_lat": 37.772984, "stop_lon": -122.389683, "n": 1, "distance": 0.00016380254019123772, "feature_x": -122.38954192559949, "feature_y": 37.772900757668872, "nearest_x": -122.389683, "nearest_y": 37.772984 }, "geometry": { "type": "MultiPolygon", "coordinates": [ [ [ [ -122.385901925599484, 37.772900757668872 ], [ -122.386080079880173, 37.771775935809345 ], [ -122.386597103739959, 37.770761219350526 ], [ -122.387402387281142, 37.76995593580935 ], [ -122.388417103739968, 37.769438911949557 ], [ -122.389541925599488, 37.769260757668874 ], [ -122.390666747459008, 37.769438911949557 ], [ -122.391681463917834, 37.76995593580935 ], [ -122.392486747459017, 37.770761219350526 ], [ -122.393003771318803, 37.771775935809345 ], [ -122.393181925599492, 37.772900757668872 ], [ -122.393003771318803, 37.774025579528399 ], [ -122.392486747459017, 37.775040295987218 ], [ -122.391681463917834, 37.775845579528394 ], [ -122.390666747459008, 37.776362603388186 ], [ -122.389541925599488, 37.776540757668869 ], [ -122.388417103739968, 37.776362603388186 ], [ -122.387402387281142, 37.775845579528394 ], [ -122.386597103739959, 37.775040295987218 ], [ -122.386080079880173, 37.774025579528399 ], [ -122.385901925599484, 37.772900757668872 ] ] ] ] } },
{ "type": "Feature", "properties": { "id": null, "id_2": 7360, "name": "UCSF / Chase Center (16th Street)", "modes": null, "routes": null, "nameLength": null, "stop_lat": 37.768237, "stop_lon": -122.389366, "n": 1, "distance": 0.00049930709457648558, "feature_x": -122.38982235710479, "feature_y": 37.768439597550817, "nearest_x": -122.389366, "nearest_y": 37.768237 }, "geometry": { "type": "MultiPolygon", "coordinates": [ [ [ [ -122.386182357104786, 37.768439597550817 ], [ -122.386360511385476, 37.76731477569129 ], [ -122.386877535245262, 37.766300059232471 ], [ -122.387682818786445, 37.765494775691295 ], [ -122.388697535245271, 37.764977751831502 ], [ -122.389822357104791, 37.764799597550819 ], [ -122.390947178964311, 37.764977751831502 ], [ -122.391961895423137, 37.765494775691295 ], [ -122.39276717896432, 37.766300059232471 ], [ -122.393284202824105, 37.76731477569129 ], [ -122.393462357104795, 37.768439597550817 ], [ -122.393284202824105, 37.769564419410344 ], [ -122.39276717896432, 37.770579135869163 ], [ -122.391961895423137, 37.771384419410339 ], [ -122.390947178964311, 37.771901443270131 ], [ -122.389822357104791, 37.772079597550814 ], [ -122.388697535245271, 37.771901443270131 ], [ -122.387682818786445, 37.771384419410339 ], [ -122.386877535245262, 37.770579135869163 ], [ -122.386360511385476, 37.769564419410344 ], [ -122.386182357104786, 37.768439597550817 ] ] ] ] } },
{ "type": "Feature", "properties": { "id": null, "id_2": 7361, "name": "UCSF Medical Center (Mariposa)", "modes": null, "routes": null, "nameLength": null, "stop_lat": 37.764239, "stop_lon": -122.388865, "n": 1, "distance": 5.0188780431279146e-05, "feature_x": -122.38884084683642, "feature_y": 37.764282994753898, "nearest_x": -122.388865, "nearest_y": 37.764239 }, "geometry": { "type": "MultiPolygon", "coordinates": [ [ [ [ -122.385200846836412, 37.764282994753898 ], [ -122.385379001117101, 37.763158172894371 ], [ -122.385896024976887, 37.762143456435552 ], [ -122.38670130851807, 37.761338172894376 ], [ -122.387716024976896, 37.760821149034584 ], [ -122.388840846836416, 37.760642994753901 ], [ -122.389965668695936, 37.760821149034584 ], [ -122.390980385154762, 37.761338172894376 ], [ -122.391785668695945, 37.762143456435552 ], [ -122.392302692555731, 37.763158172894371 ], [ -122.39248084683642, 37.764282994753898 ], [ -122.392302692555731, 37.765407816613425 ], [ -122.391785668695945, 37.766422533072245 ], [ -122.390980385154762, 37.767227816613421 ], [ -122.389965668695936, 37.767744840473213 ], [ -122.388840846836416, 37.767922994753896 ], [ -122.387716024976896, 37.767744840473213 ], [ -122.38670130851807, 37.767227816613421 ], [ -122.385896024976887, 37.766422533072245 ], [ -122.385379001117101, 37.765407816613425 ], [ -122.385200846836412, 37.764282994753898 ] ] ] ] } },
{ "type": "Feature", "properties": { "id": null, "id_2": 7362, "name": "Third Street & 20th St", "modes": null, "routes": null, "nameLength": null, "stop_lat": 37.760367, "stop_lon": -122.388593, "n": 1, "distance": 0.0010735282258580307, "feature_x": -122.38884084683629, "feature_y": 37.759322473888574, "nearest_x": -122.388593, "nearest_y": 37.760367 }, "geometry": { "type": "MultiPolygon", "coordinates": [ [ [ [ -122.385200846836284, 37.759322473888574 ], [ -122.385379001116974, 37.758197652029047 ], [ -122.385896024976759, 37.757182935570228 ], [ -122.386701308517942, 37.756377652029052 ], [ -122.387716024976768, 37.755860628169259 ], [ -122.388840846836288, 37.755682473888577 ], [ -122.389965668695808, 37.755860628169259 ], [ -122.390980385154634, 37.756377652029052 ], [ -122.391785668695817, 37.757182935570228 ], [ -122.392302692555603, 37.758197652029047 ], [ -122.392480846836293, 37.759322473888574 ], [ -122.392302692555603, 37.760447295748101 ], [ -122.391785668695817, 37.76146201220692 ], [ -122.390980385154634, 37.762267295748096 ], [ -122.389965668695808, 37.762784319607889 ], [ -122.388840846836288, 37.762962473888571 ], [ -122.387716024976768, 37.762784319607889 ], [ -122.386701308517942, 37.762267295748096 ], [ -122.385896024976759, 37.76146201220692 ], [ -122.385379001116974, 37.760447295748101 ], [ -122.385200846836284, 37.759322473888574 ] ] ] ] } },
{ "type": "Feature", "properties": { "id": null, "id_2": 7377, "name": "Third St & Marin St", "modes": null, "routes": null, "nameLength": null, "stop_lat": 37.748954, "stop_lon": -122.38741, "n": 1, "distance": 0.00013228543393600567, "feature_x": -122.38733352749549, "feature_y": 37.748846058385759, "nearest_x": -122.38741, "nearest_y": 37.748954 }, "geometry": { "type": "MultiPolygon", "coordinates": [ [ [ [ -122.383693527495481, 37.748846058385759 ], [ -122.383871681776171, 37.747721236526232 ], [ -122.384388705635956, 37.746706520067413 ], [ -122.385193989177139, 37.745901236526237 ], [ -122.386208705635966, 37.745384212666444 ], [ -122.387333527495485, 37.745206058385762 ], [ -122.388458349355005, 37.745384212666444 ], [ -122.389473065813831, 37.745901236526237 ], [ -122.390278349355015, 37.746706520067413 ], [ -122.3907953732148, 37.747721236526232 ], [ -122.39097352749549, 37.748846058385759 ], [ -122.3907953732148, 37.749970880245286 ], [ -122.390278349355015, 37.750985596704105 ], [ -122.389473065813831, 37.751790880245281 ], [ -122.388458349355005, 37.752307904105074 ], [ -122.387333527495485, 37.752486058385756 ], [ -122.386208705635966, 37.752307904105074 ], [ -122.385193989177139, 37.751790880245281 ], [ -122.384388705635956, 37.750985596704105 ], [ -122.383871681776171, 37.749970880245286 ], [ -122.383693527495481, 37.748846058385759 ] ] ] ] } },
{ "type": "Feature", "properties": { "id": null, "id_2": 7961, "name": "3rd Street & Evans Ave", "modes": null, "routes": null, "nameLength": null, "stop_lat": 37.742521, "stop_lon": -122.387897, "n": 1, "distance": 0.00014793959948599121, "feature_x": -122.38791191747531, "feature_y": 37.742373814423175, "nearest_x": -122.387897, "nearest_y": 37.742521 }, "geometry": { "type": "MultiPolygon", "coordinates": [ [ [ [ -122.384271917475303, 37.742373814423175 ], [ -122.384450071755992, 37.741248992563648 ], [ -122.384967095615778, 37.740234276104829 ], [ -122.385772379156961, 37.739428992563653 ], [ -122.386787095615787, 37.73891196870386 ], [ -122.387911917475307, 37.738733814423178 ], [ -122.389036739334827, 37.73891196870386 ], [ -122.390051455793653, 37.739428992563653 ], [ -122.390856739334836, 37.740234276104829 ], [ -122.391373763194622, 37.741248992563648 ], [ -122.391551917475311, 37.742373814423175 ], [ -122.391373763194622, 37.743498636282702 ], [ -122.390856739334836, 37.744513352741521 ], [ -122.390051455793653, 37.745318636282697 ], [ -122.389036739334827, 37.74583566014249 ], [ -122.387911917475307, 37.746013814423172 ], [ -122.386787095615787, 37.74583566014249 ], [ -122.385772379156961, 37.745318636282697 ], [ -122.384967095615778, 37.744513352741521 ], [ -122.384450071755992, 37.743498636282702 ], [ -122.384271917475303, 37.742373814423175 ] ] ] ] } },
{ "type": "Feature", "properties": { "id": null, "id_2": 4550, "name": "Evans Ave & Keith St", "modes": null, "routes": null, "nameLength": null, "stop_lat": 37.73877, "stop_lon": -122.380797, "n": 1, "distance": 0.00024570790433513234, "feature_x": -122.38086607590597, "feature_y": 37.739005798417018, "nearest_x": -122.380797, "nearest_y": 37.73877 }, "geometry": { "type": "MultiPolygon", "coordinates": [ [ [ [ -122.377226075905966, 37.739005798417018 ], [ -122.377404230186656, 37.737880976557491 ], [ -122.377921254046441, 37.736866260098672 ], [ -122.378726537587625, 37.736060976557496 ], [ -122.379741254046451, 37.735543952697704 ], [ -122.380866075905971, 37.735365798417021 ], [ -122.38199089776549, 37.735543952697704 ], [ -122.383005614224317, 37.736060976557496 ], [ -122.3838108977655, 37.736866260098672 ], [ -122.384327921625285, 37.737880976557491 ], [ -122.384506075905975, 37.739005798417018 ], [ -122.384327921625285, 37.740130620276545 ], [ -122.3838108977655, 37.741145336735364 ], [ -122.383005614224317, 37.74195062027654 ], [ -122.38199089776549, 37.742467644136333 ], [ -122.380866075905971, 37.742645798417016 ], [ -122.379741254046451, 37.742467644136333 ], [ -122.378726537587625, 37.74195062027654 ], [ -122.377921254046441, 37.741145336735364 ], [ -122.377404230186656, 37.740130620276545 ], [ -122.377226075905966, 37.739005798417018 ] ] ] ] } },
{ "type": "Feature", "properties": { "id": null, "id_2": 5044, "name": "Hudson Ave & Ingalls St", "modes": null, "routes": null, "nameLength": null, "stop_lat": 37.732497, "stop_lon": -122.37991, "n": 1, "distance": 0.00027637894557755487, "feature_x": -122.37997220048315, "feature_y": 37.732227711267498, "nearest_x": -122.37991, "nearest_y": 37.732497 }, "geometry": { "type": "MultiPolygon", "coordinates": [ [ [ [ -122.376332200483148, 37.732227711267498 ], [ -122.376510354763838, 37.731102889407971 ], [ -122.377027378623623, 37.730088172949152 ], [ -122.377832662164806, 37.729282889407976 ], [ -122.378847378623632, 37.728765865548183 ], [ -122.379972200483152, 37.728587711267501 ], [ -122.381097022342672, 37.728765865548183 ], [ -122.382111738801498, 37.729282889407976 ], [ -122.382917022342681, 37.730088172949152 ], [ -122.383434046202467, 37.731102889407971 ], [ -122.383612200483157, 37.732227711267498 ], [ -122.383434046202467, 37.733352533127025 ], [ -122.382917022342681, 37.734367249585844 ], [ -122.382111738801498, 37.73517253312702 ], [ -122.381097022342672, 37.735689556986813 ], [ -122.379972200483152, 37.735867711267495 ], [ -122.378847378623632, 37.735689556986813 ], [ -122.377832662164806, 37.73517253312702 ], [ -122.377027378623623, 37.734367249585844 ], [ -122.376510354763838, 37.733352533127025 ], [ -122.376332200483148, 37.732227711267498 ] ] ] ] } },
{ "type": "Feature", "properties": { "id": null, "id_2": 5633, "name": "Galvez Ave & Hill Ave", "modes": null, "routes": null, "nameLength": null, "stop_lat": 37.728795, "stop_lon": -122.367027, "n": 1, "distance": 0.00048570803395185235, "feature_x": -122.36693213548942, "feature_y": 37.728318646120115, "nearest_x": -122.367027, "nearest_y": 37.728795 }, "geometry": { "type": "MultiPolygon", "coordinates": [ [ [ [ -122.363292135489417, 37.728318646120115 ], [ -122.363470289770106, 37.727193824260588 ], [ -122.363987313629892, 37.726179107801769 ], [ -122.364792597171075, 37.725373824260593 ], [ -122.365807313629901, 37.724856800400801 ], [ -122.366932135489421, 37.724678646120118 ], [ -122.368056957348941, 37.724856800400801 ], [ -122.369071673807767, 37.725373824260593 ], [ -122.36987695734895, 37.726179107801769 ], [ -122.370393981208736, 37.727193824260588 ], [ -122.370572135489425, 37.728318646120115 ], [ -122.370393981208736, 37.729443467979642 ], [ -122.36987695734895, 37.730458184438461 ], [ -122.369071673807767, 37.731263467979637 ], [ -122.368056957348941, 37.73178049183943 ], [ -122.366932135489421, 37.731958646120113 ], [ -122.365807313629901, 37.73178049183943 ], [ -122.364792597171075, 37.731263467979637 ], [ -122.363987313629892, 37.730458184438461 ], [ -122.363470289770106, 37.729443467979642 ], [ -122.363292135489417, 37.728318646120115 ] ] ] ] } },
{ "type": "Feature", "properties": { "id": null, "id_2": 4456, "name": "Earl St & Kirkwood Ave", "modes": null, "routes": null, "nameLength": null, "stop_lat": 37.728779, "stop_lon": -122.37313, "n": 1, "distance": 0.00012702212581952853, "feature_x": -122.37303152072835, "feature_y": 37.728859227510881, "nearest_x": -122.37313, "nearest_y": 37.728779 }, "geometry": { "type": "MultiPolygon", "coordinates": [ [ [ [ -122.369391520728342, 37.728859227510881 ], [ -122.369569675009032, 37.727734405651354 ], [ -122.370086698868818, 37.726719689192535 ], [ -122.370891982410001, 37.725914405651359 ], [ -122.371906698868827, 37.725397381791566 ], [ -122.373031520728347, 37.725219227510884 ], [ -122.374156342587867, 37.725397381791566 ], [ -122.375171059046693, 37.725914405651359 ], [ -122.375976342587876, 37.726719689192535 ], [ -122.376493366447662, 37.727734405651354 ], [ -122.376671520728351, 37.728859227510881 ], [ -122.376493366447662, 37.729984049370408 ], [ -122.375976342587876, 37.730998765829227 ], [ -122.375171059046693, 37.731804049370403 ], [ -122.374156342587867, 37.732321073230196 ], [ -122.373031520728347, 37.732499227510878 ], [ -122.371906698868827, 37.732321073230196 ], [ -122.370891982410001, 37.731804049370403 ], [ -122.370086698868818, 37.730998765829227 ], [ -122.369569675009032, 37.729984049370408 ], [ -122.369391520728342, 37.728859227510881 ] ] ] ] } },
{ "type": "Feature", "properties": { "id": null, "id_2": 5112, "name": "Ingalls St & Thomas Ave", "modes": null, "routes": null, "nameLength": null, "stop_lat": 37.72711, "stop_lon": -122.38572, "n": 1, "distance": 0.00047853649611448066, "feature_x": -122.38604529526852, "feature_y": 37.726759029678753, "nearest_x": -122.38572, "nearest_y": 37.72711 }, "geometry": { "type": "MultiPolygon", "coordinates": [ [ [ [ -122.382405295268512, 37.726759029678753 ], [ -122.382583449549202, 37.725634207819226 ], [ -122.383100473408987, 37.724619491360407 ], [ -122.38390575695017, 37.723814207819231 ], [ -122.384920473408997, 37.723297183959438 ], [ -122.386045295268516, 37.723119029678756 ], [ -122.387170117128036, 37.723297183959438 ], [ -122.388184833586863, 37.723814207819231 ], [ -122.388990117128046, 37.724619491360407 ], [ -122.389507140987831, 37.725634207819226 ], [ -122.389685295268521, 37.726759029678753 ], [ -122.389507140987831, 37.72788385153828 ], [ -122.388990117128046, 37.728898567997099 ], [ -122.388184833586863, 37.729703851538275 ], [ -122.387170117128036, 37.730220875398068 ], [ -122.386045295268516, 37.73039902967875 ], [ -122.384920473408997, 37.730220875398068 ], [ -122.38390575695017, 37.729703851538275 ], [ -122.383100473408987, 37.728898567997099 ], [ -122.382583449549202, 37.72788385153828 ], [ -122.382405295268512, 37.726759029678753 ] ] ] ] } },
{ "type": "Feature", "properties": { "id": null, "id_2": 4576, "name": "Executive Park Blvd & Blanken Ave", "modes": null, "routes": null, "nameLength": null, "stop_lat": 37.71088, "stop_lon": -122.39476, "n": 1, "distance": 0.00050876083831270672, "feature_x": -122.3947474354155, "feature_y": 37.710371394335645, "nearest_x": -122.39476, "nearest_y": 37.71088 }, "geometry": { "type": "MultiPolygon", "coordinates": [ [ [ [ -122.391107435415492, 37.710371394335645 ], [ -122.391285589696182, 37.709246572476118 ], [ -122.391802613555967, 37.708231856017299 ], [ -122.39260789709715, 37.707426572476123 ], [ -122.393622613555976, 37.706909548616331 ], [ -122.394747435415496, 37.706731394335648 ], [ -122.395872257275016, 37.706909548616331 ], [ -122.396886973733842, 37.707426572476123 ], [ -122.397692257275025, 37.708231856017299 ], [ -122.398209281134811, 37.709246572476118 ], [ -122.398387435415501, 37.710371394335645 ], [ -122.398209281134811, 37.711496216195172 ], [ -122.397692257275025, 37.712510932653991 ], [ -122.396886973733842, 37.713316216195167 ], [ -122.395872257275016, 37.71383324005496 ], [ -122.394747435415496, 37.714011394335643 ], [ -122.393622613555976, 37.71383324005496 ], [ -122.39260789709715, 37.713316216195167 ], [ -122.391802613555967, 37.712510932653991 ], [ -122.391285589696182, 37.711496216195172 ], [ -122.391107435415492, 37.710371394335645 ] ] ] ] } },
{ "type": "Feature", "properties": { "id": null, "id_2": 4783, "name": "Gilman Ave & 3rd St", "modes": null, "routes": null, "nameLength": null, "stop_lat": 37.722458, "stop_lon": -122.395415, "n": 1, "distance": 0.00022203834305152274, "feature_x": -122.3952206635807, "feature_y": 37.722350601760169, "nearest_x": -122.395415, "nearest_y": 37.722458 }, "geometry": { "type": "MultiPolygon", "coordinates": [ [ [ [ -122.391580663580697, 37.722350601760169 ], [ -122.391758817861387, 37.721225779900642 ], [ -122.392275841721172, 37.720211063441823 ], [ -122.393081125262356, 37.719405779900647 ], [ -122.394095841721182, 37.718888756040855 ], [ -122.395220663580702, 37.718710601760172 ], [ -122.396345485440222, 37.718888756040855 ], [ -122.397360201899048, 37.719405779900647 ], [ -122.398165485440231, 37.720211063441823 ], [ -122.398682509300016, 37.721225779900642 ], [ -122.398860663580706, 37.722350601760169 ], [ -122.398682509300016, 37.723475423619696 ], [ -122.398165485440231, 37.724490140078515 ], [ -122.397360201899048, 37.725295423619691 ], [ -122.396345485440222, 37.725812447479484 ], [ -122.395220663580702, 37.725990601760166 ], [ -122.394095841721182, 37.725812447479484 ], [ -122.393081125262356, 37.725295423619691 ], [ -122.392275841721172, 37.724490140078515 ], [ -122.391758817861387, 37.723475423619696 ], [ -122.391580663580697, 37.722350601760169 ] ] ] ] } },
{ "type": "Feature", "properties": { "id": null, "id_2": 7345, "name": "Third Street & Williams Ave", "modes": null, "routes": null, "nameLength": null, "stop_lat": 37.729291, "stop_lon": -122.392604, "n": 1, "distance": 0.0002224988150355823, "feature_x": -122.39253903731183, "feature_y": 37.729503804069132, "nearest_x": -122.392604, "nearest_y": 37.729291 }, "geometry": { "type": "MultiPolygon", "coordinates": [ [ [ [ -122.38889903731183, 37.729503804069132 ], [ -122.38907719159252, 37.728378982209605 ], [ -122.389594215452306, 37.727364265750786 ], [ -122.390399498993489, 37.72655898220961 ], [ -122.391414215452315, 37.726041958349818 ], [ -122.392539037311835, 37.725863804069135 ], [ -122.393663859171355, 37.726041958349818 ], [ -122.394678575630181, 37.72655898220961 ], [ -122.395483859171364, 37.727364265750786 ], [ -122.396000883031149, 37.728378982209605 ], [ -122.396179037311839, 37.729503804069132 ], [ -122.396000883031149, 37.730628625928659 ], [ -122.395483859171364, 37.731643342387478 ], [ -122.394678575630181, 37.732448625928654 ], [ -122.393663859171355, 37.732965649788447 ], [ -122.392539037311835, 37.73314380406913 ], [ -122.391414215452315, 37.732965649788447 ], [ -122.390399498993489, 37.732448625928654 ], [ -122.389594215452306, 37.731643342387478 ], [ -122.38907719159252, 37.730628625928659 ], [ -122.38889903731183, 37.729503804069132 ] ] ] ] } },
{ "type": "Feature", "properties": { "id": null, "id_2": 3134, "name": "3rd St & La Salle Ave", "modes": null, "routes": null, "nameLength": null, "stop_lat": 37.737213, "stop_lon": -122.389803, "n": 1, "distance": 0.00099242690669688275, "feature_x": -122.39043580102249, "feature_y": 37.736448490986923, "nearest_x": -122.389803, "nearest_y": 37.737213 }, "geometry": { "type": "MultiPolygon", "coordinates": [ [ [ [ -122.386795801022487, 37.736448490986923 ], [ -122.386973955303176, 37.735323669127396 ], [ -122.387490979162962, 37.734308952668577 ], [ -122.388296262704145, 37.733503669127401 ], [ -122.389310979162971, 37.732986645267609 ], [ -122.390435801022491, 37.732808490986926 ], [ -122.391560622882011, 37.732986645267609 ], [ -122.392575339340837, 37.733503669127401 ], [ -122.39338062288202, 37.734308952668577 ], [ -122.393897646741806, 37.735323669127396 ], [ -122.394075801022495, 37.736448490986923 ], [ -122.393897646741806, 37.73757331284645 ], [ -122.39338062288202, 37.738588029305269 ], [ -122.392575339340837, 37.739393312846445 ], [ -122.391560622882011, 37.739910336706238 ], [ -122.390435801022491, 37.740088490986921 ], [ -122.389310979162971, 37.739910336706238 ], [ -122.388296262704145, 37.739393312846445 ], [ -122.387490979162962, 37.738588029305269 ], [ -122.386973955303176, 37.73757331284645 ], [ -122.386795801022487, 37.736448490986923 ] ] ] ] } },
{ "type": "Feature", "properties": { "id": null, "id_2": 6776, "name": "Union St & Montgomery St", "modes": null, "routes": null, "nameLength": null, "stop_lat": 37.800962, "stop_lon": -122.404508, "n": 1, "distance": 0.00028661990983353311, "feature_x": -122.40473780778993, "feature_y": 37.800790712661282, "nearest_x": -122.404508, "nearest_y": 37.800962 }, "geometry": { "type": "MultiPolygon", "coordinates": [ [ [ [ -122.401097807789924, 37.800790712661282 ], [ -122.401275962070613, 37.799665890801755 ], [ -122.401792985930399, 37.798651174342936 ], [ -122.402598269471582, 37.79784589080176 ], [ -122.403612985930408, 37.797328866941967 ], [ -122.404737807789928, 37.797150712661285 ], [ -122.405862629649448, 37.797328866941967 ], [ -122.406877346108274, 37.79784589080176 ], [ -122.407682629649457, 37.798651174342936 ], [ -122.408199653509243, 37.799665890801755 ], [ -122.408377807789932, 37.800790712661282 ], [ -122.408199653509243, 37.801915534520809 ], [ -122.407682629649457, 37.802930250979628 ], [ -122.406877346108274, 37.803735534520804 ], [ -122.405862629649448, 37.804252558380597 ], [ -122.404737807789928, 37.804430712661279 ], [ -122.403612985930408, 37.804252558380597 ], [ -122.402598269471582, 37.803735534520804 ], [ -122.401792985930399, 37.802930250979628 ], [ -122.401275962070613, 37.801915534520809 ], [ -122.401097807789924, 37.800790712661282 ] ] ] ] } },
{ "type": "Feature", "properties": { "id": null, "id_2": 5854, "name": "Pacific Ave & Sansome St", "modes": null, "routes": null, "nameLength": null, "stop_lat": 37.797544, "stop_lon": -122.402367, "n": 1, "distance": 0.00010538005649613338, "feature_x": -122.40233223128391, "feature_y": 37.797643479106796, "nearest_x": -122.402367, "nearest_y": 37.797544 }, "geometry": { "type": "MultiPolygon", "coordinates": [ [ [ [ -122.398692231283903, 37.797643479106796 ], [ -122.398870385564592, 37.796518657247269 ], [ -122.399387409424378, 37.79550394078845 ], [ -122.400192692965561, 37.794698657247274 ], [ -122.401207409424387, 37.794181633387481 ], [ -122.402332231283907, 37.794003479106799 ], [ -122.403457053143427, 37.794181633387481 ], [ -122.404471769602253, 37.794698657247274 ], [ -122.405277053143436, 37.79550394078845 ], [ -122.405794077003222, 37.796518657247269 ], [ -122.405972231283911, 37.797643479106796 ], [ -122.405794077003222, 37.798768300966323 ], [ -122.405277053143436, 37.799783017425142 ], [ -122.404471769602253, 37.800588300966318 ], [ -122.403457053143427, 37.801105324826111 ], [ -122.402332231283907, 37.801283479106793 ], [ -122.401207409424387, 37.801105324826111 ], [ -122.400192692965561, 37.800588300966318 ], [ -122.399387409424378, 37.799783017425142 ], [ -122.398870385564592, 37.798768300966323 ], [ -122.398692231283903, 37.797643479106796 ] ] ] ] } },
{ "type": "Feature", "properties": { "id": null, "id_2": 6337, "name": "Sansome St & Washington St", "modes": null, "routes": null, "nameLength": null, "stop_lat": 37.79597, "stop_lon": -122.40165, "n": 1, "distance": 0.00085671322864096602, "feature_x": -122.40079423974741, "feature_y": 37.795929602645955, "nearest_x": -122.40165, "nearest_y": 37.79597 }, "geometry": { "type": "MultiPolygon", "coordinates": [ [ [ [ -122.397154239747408, 37.795929602645955 ], [ -122.397332394028098, 37.794804780786428 ], [ -122.397849417887883, 37.793790064327609 ], [ -122.398654701429066, 37.792984780786433 ], [ -122.399669417887893, 37.792467756926641 ], [ -122.400794239747412, 37.792289602645958 ], [ -122.401919061606932, 37.792467756926641 ], [ -122.402933778065758, 37.792984780786433 ], [ -122.403739061606942, 37.793790064327609 ], [ -122.404256085466727, 37.794804780786428 ], [ -122.404434239747417, 37.795929602645955 ], [ -122.404256085466727, 37.797054424505482 ], [ -122.403739061606942, 37.798069140964301 ], [ -122.402933778065758, 37.798874424505478 ], [ -122.401919061606932, 37.79939144836527 ], [ -122.400794239747412, 37.799569602645953 ], [ -122.399669417887893, 37.79939144836527 ], [ -122.398654701429066, 37.798874424505478 ], [ -122.397849417887883, 37.798069140964301 ], [ -122.397332394028098, 37.797054424505482 ], [ -122.397154239747408, 37.795929602645955 ] ] ] ] } },
{ "type": "Feature", "properties": { "id": null, "id_2": 5658, "name": "Market St & Beale St", "modes": null, "routes": null, "nameLength": null, "stop_lat": 37.792572, "stop_lon": -122.397016, "n": 1, "distance": 0.00029944705995013529, "feature_x": -122.39728446418981, "feature_y": 37.792439351892213, "nearest_x": -122.397016, "nearest_y": 37.792572 }, "geometry": { "type": "MultiPolygon", "coordinates": [ [ [ [ -122.393644464189805, 37.792439351892213 ], [ -122.393822618470494, 37.791314530032686 ], [ -122.39433964233028, 37.790299813573867 ], [ -122.395144925871463, 37.789494530032691 ], [ -122.396159642330289, 37.788977506172898 ], [ -122.397284464189809, 37.788799351892216 ], [ -122.398409286049329, 37.788977506172898 ], [ -122.399424002508155, 37.789494530032691 ], [ -122.400229286049338, 37.790299813573867 ], [ -122.400746309909124, 37.791314530032686 ], [ -122.400924464189814, 37.792439351892213 ], [ -122.400746309909124, 37.79356417375174 ], [ -122.400229286049338, 37.794578890210559 ], [ -122.399424002508155, 37.795384173751735 ], [ -122.398409286049329, 37.795901197611528 ], [ -122.397284464189809, 37.79607935189221 ], [ -122.396159642330289, 37.795901197611528 ], [ -122.395144925871463, 37.795384173751735 ], [ -122.39433964233028, 37.794578890210559 ], [ -122.393822618470494, 37.79356417375174 ], [ -122.393644464189805, 37.792439351892213 ] ] ] ] } },
{ "type": "Feature", "properties": { "id": null, "id_2": 6994, "name": "Metro Montgomery Station/Outbound", "modes": null, "routes": null, "nameLength": null, "stop_lat": 37.788791, "stop_lon": -122.402127, "n": 1, "distance": 0.00051281621131911209, "feature_x": -122.40162238903639, "feature_y": 37.788699631285425, "nearest_x": -122.402127, "nearest_y": 37.788791 }, "geometry": { "type": "MultiPolygon", "coordinates": [ [ [ [ -122.397982389036386, 37.788699631285425 ], [ -122.398160543317076, 37.787574809425898 ], [ -122.398677567176861, 37.786560092967079 ], [ -122.399482850718044, 37.785754809425903 ], [ -122.40049756717687, 37.78523778556611 ], [ -122.40162238903639, 37.785059631285428 ], [ -122.40274721089591, 37.78523778556611 ], [ -122.403761927354736, 37.785754809425903 ], [ -122.40456721089592, 37.786560092967079 ], [ -122.405084234755705, 37.787574809425898 ], [ -122.405262389036395, 37.788699631285425 ], [ -122.405084234755705, 37.789824453144952 ], [ -122.40456721089592, 37.790839169603771 ], [ -122.403761927354736, 37.791644453144947 ], [ -122.40274721089591, 37.79216147700474 ], [ -122.40162238903639, 37.792339631285422 ], [ -122.40049756717687, 37.79216147700474 ], [ -122.399482850718044, 37.791644453144947 ], [ -122.398677567176861, 37.790839169603771 ], [ -122.398160543317076, 37.789824453144952 ], [ -122.397982389036386, 37.788699631285425 ] ] ] ] } },
{ "type": "Feature", "properties": { "id": null, "id_2": 5417, "name": "Metro Powell Station/Downtown", "modes": null, "routes": null, "nameLength": null, "stop_lat": 37.784653, "stop_lon": -122.407086, "n": 1, "distance": 5.5967527881206793e-05, "feature_x": -122.40706451293478, "feature_y": 37.784601321472493, "nearest_x": -122.407086, "nearest_y": 37.784653 }, "geometry": { "type": "MultiPolygon", "coordinates": [ [ [ [ -122.403424512934777, 37.784601321472493 ], [ -122.403602667215466, 37.783476499612966 ], [ -122.404119691075252, 37.782461783154147 ], [ -122.404924974616435, 37.781656499612971 ], [ -122.405939691075261, 37.781139475753179 ], [ -122.407064512934781, 37.780961321472496 ], [ -122.408189334794301, 37.781139475753179 ], [ -122.409204051253127, 37.781656499612971 ], [ -122.41000933479431, 37.782461783154147 ], [ -122.410526358654096, 37.783476499612966 ], [ -122.410704512934785, 37.784601321472493 ], [ -122.410526358654096, 37.78572614333202 ], [ -122.41000933479431, 37.786740859790839 ], [ -122.409204051253127, 37.787546143332015 ], [ -122.408189334794301, 37.788063167191808 ], [ -122.407064512934781, 37.788241321472491 ], [ -122.405939691075261, 37.788063167191808 ], [ -122.404924974616435, 37.787546143332015 ], [ -122.404119691075252, 37.786740859790839 ], [ -122.403602667215466, 37.78572614333202 ], [ -122.403424512934777, 37.784601321472493 ] ] ] ] } },
{ "type": "Feature", "properties": { "id": null, "id_2": 5656, "name": "Market St & 7th St", "modes": null, "routes": null, "nameLength": null, "stop_lat": 37.780568, "stop_lon": -122.412441, "n": 1, "distance": 0.00014080026274660101, "feature_x": -122.41256579035417, "feature_y": 37.78050279201355, "nearest_x": -122.412441, "nearest_y": 37.780568 }, "geometry": { "type": "MultiPolygon", "coordinates": [ [ [ [ -122.408925790354161, 37.78050279201355 ], [ -122.40910394463485, 37.779377970154023 ], [ -122.409620968494636, 37.778363253695204 ], [ -122.410426252035819, 37.777557970154028 ], [ -122.411440968494645, 37.777040946294235 ], [ -122.412565790354165, 37.776862792013553 ], [ -122.413690612213685, 37.777040946294235 ], [ -122.414705328672511, 37.777557970154028 ], [ -122.415510612213694, 37.778363253695204 ], [ -122.41602763607348, 37.779377970154023 ], [ -122.416205790354169, 37.78050279201355 ], [ -122.41602763607348, 37.781627613873077 ], [ -122.415510612213694, 37.782642330331896 ], [ -122.414705328672511, 37.783447613873072 ], [ -122.413690612213685, 37.783964637732865 ], [ -122.412565790354165, 37.784142792013547 ], [ -122.411440968494645, 37.783964637732865 ], [ -122.410426252035819, 37.783447613873072 ], [ -122.409620968494636, 37.782642330331896 ], [ -122.40910394463485, 37.781627613873077 ], [ -122.408925790354161, 37.78050279201355 ] ] ] ] } },
{ "type": "Feature", "properties": { "id": null, "id_2": 5692, "name": "Market St & South Van Ness Ave", "modes": null, "routes": null, "nameLength": null, "stop_lat": 37.775056, "stop_lon": -122.419321, "n": 1, "distance": 3.9640646533688328e-05, "feature_x": -122.4193290095471, "feature_y": 37.775094823034564, "nearest_x": -122.419321, "nearest_y": 37.775056 }, "geometry": { "type": "MultiPolygon", "coordinates": [ [ [ [ -122.415689009547094, 37.775094823034564 ], [ -122.415867163827784, 37.773970001175037 ], [ -122.416384187687569, 37.772955284716218 ], [ -122.417189471228752, 37.772150001175042 ], [ -122.418204187687579, 37.771632977315249 ], [ -122.419329009547099, 37.771454823034567 ], [ -122.420453831406618, 37.771632977315249 ], [ -122.421468547865445, 37.772150001175042 ], [ -122.422273831406628, 37.772955284716218 ], [ -122.422790855266413, 37.773970001175037 ], [ -122.422969009547103, 37.775094823034564 ], [ -122.422790855266413, 37.776219644894091 ], [ -122.422273831406628, 37.77723436135291 ], [ -122.421468547865445, 37.778039644894086 ], [ -122.420453831406618, 37.778556668753879 ], [ -122.419329009547099, 37.778734823034561 ], [ -122.418204187687579, 37.778556668753879 ], [ -122.417189471228752, 37.778039644894086 ], [ -122.416384187687569, 37.77723436135291 ], [ -122.415867163827784, 37.776219644894091 ], [ -122.415689009547094, 37.775094823034564 ] ] ] ] } },
{ "type": "Feature", "properties": { "id": null, "id_2": 8104, "name": "Van Ness Ave & McAllister St", "modes": null, "routes": null, "nameLength": null, "stop_lat": 37.780097, "stop_lon": -122.420304, "n": 1, "distance": 4.1816765196126935e-05, "feature_x": -122.42027546587742, "feature_y": 37.78006643129541, "nearest_x": -122.420304, "nearest_y": 37.780097 }, "geometry": { "type": "MultiPolygon", "coordinates": [ [ [ [ -122.41663546587742, 37.78006643129541 ], [ -122.416813620158109, 37.778941609435883 ], [ -122.417330644017895, 37.777926892977064 ], [ -122.418135927559078, 37.777121609435888 ], [ -122.419150644017904, 37.776604585576095 ], [ -122.420275465877424, 37.776426431295413 ], [ -122.421400287736944, 37.776604585576095 ], [ -122.42241500419577, 37.777121609435888 ], [ -122.423220287736953, 37.777926892977064 ], [ -122.423737311596739, 37.778941609435883 ], [ -122.423915465877428, 37.78006643129541 ], [ -122.423737311596739, 37.781191253154937 ], [ -122.423220287736953, 37.782205969613756 ], [ -122.42241500419577, 37.783011253154932 ], [ -122.421400287736944, 37.783528277014724 ], [ -122.420275465877424, 37.783706431295407 ], [ -122.419150644017904, 37.783528277014724 ], [ -122.418135927559078, 37.783011253154932 ], [ -122.417330644017895, 37.782205969613756 ], [ -122.416813620158109, 37.781191253154937 ], [ -122.41663546587742, 37.78006643129541 ] ] ] ] } },
{ "type": "Feature", "properties": { "id": null, "id_2": 4495, "name": "Eddy St & Van Ness Ave", "modes": null, "routes": null, "nameLength": null, "stop_lat": 37.782863, "stop_lon": -122.42059, "n": 1, "distance": 0.00011221485894058434, "feature_x": -122.42049236211945, "feature_y": 37.782918308397619, "nearest_x": -122.42059, "nearest_y": 37.782863 }, "geometry": { "type": "MultiPolygon", "coordinates": [ [ [ [ -122.416852362119442, 37.782918308397619 ], [ -122.417030516400132, 37.781793486538092 ], [ -122.417547540259918, 37.780778770079273 ], [ -122.418352823801101, 37.779973486538097 ], [ -122.419367540259927, 37.779456462678304 ], [ -122.420492362119447, 37.779278308397622 ], [ -122.421617183978967, 37.779456462678304 ], [ -122.422631900437793, 37.779973486538097 ], [ -122.423437183978976, 37.780778770079273 ], [ -122.423954207838761, 37.781793486538092 ], [ -122.424132362119451, 37.782918308397619 ], [ -122.423954207838761, 37.784043130257146 ], [ -122.423437183978976, 37.785057846715965 ], [ -122.422631900437793, 37.785863130257141 ], [ -122.421617183978967, 37.786380154116934 ], [ -122.420492362119447, 37.786558308397616 ], [ -122.419367540259927, 37.786380154116934 ], [ -122.418352823801101, 37.785863130257141 ], [ -122.417547540259918, 37.785057846715965 ], [ -122.417030516400132, 37.784043130257146 ], [ -122.416852362119442, 37.782918308397619 ] ] ] ] } },
{ "type": "Feature", "properties": { "id": null, "id_2": 8101, "name": "Van Ness Ave & Sutter St", "modes": null, "routes": null, "nameLength": null, "stop_lat": 37.787574, "stop_lon": -122.42178, "n": 1, "distance": 7.0891747004137647e-05, "feature_x": -122.42175430389328, "feature_y": 37.787640070794552, "nearest_x": -122.42178, "nearest_y": 37.787574 }, "geometry": { "type": "MultiPolygon", "coordinates": [ [ [ [ -122.418114303893276, 37.787640070794552 ], [ -122.418292458173966, 37.786515248935025 ], [ -122.418809482033751, 37.785500532476206 ], [ -122.419614765574934, 37.78469524893503 ], [ -122.42062948203376, 37.784178225075237 ], [ -122.42175430389328, 37.784000070794555 ], [ -122.4228791257528, 37.784178225075237 ], [ -122.423893842211626, 37.78469524893503 ], [ -122.424699125752809, 37.785500532476206 ], [ -122.425216149612595, 37.786515248935025 ], [ -122.425394303893285, 37.787640070794552 ], [ -122.425216149612595, 37.788764892654079 ], [ -122.424699125752809, 37.789779609112898 ], [ -122.423893842211626, 37.790584892654074 ], [ -122.4228791257528, 37.791101916513867 ], [ -122.42175430389328, 37.791280070794549 ], [ -122.42062948203376, 37.791101916513867 ], [ -122.419614765574934, 37.790584892654074 ], [ -122.418809482033751, 37.789779609112898 ], [ -122.418292458173966, 37.788764892654079 ], [ -122.418114303893276, 37.787640070794552 ] ] ] ] } },
{ "type": "Feature", "properties": { "id": null, "id_2": 6317, "name": "Sacramento St & Van Ness Ave", "modes": null, "routes": null, "nameLength": null, "stop_lat": 37.79141, "stop_lon": -122.42227, "n": 1, "distance": 9.3734425422666679e-05, "feature_x": -122.42235569801971, "feature_y": 37.791372026431219, "nearest_x": -122.42227, "nearest_y": 37.79141 }, "geometry": { "type": "MultiPolygon", "coordinates": [ [ [ [ -122.41871569801971, 37.791372026431219 ], [ -122.4188938523004, 37.790247204571692 ], [ -122.419410876160185, 37.789232488112873 ], [ -122.420216159701368, 37.788427204571697 ], [ -122.421230876160195, 37.787910180711904 ], [ -122.422355698019715, 37.787732026431222 ], [ -122.423480519879234, 37.787910180711904 ], [ -122.424495236338061, 37.788427204571697 ], [ -122.425300519879244, 37.789232488112873 ], [ -122.425817543739029, 37.790247204571692 ], [ -122.425995698019719, 37.791372026431219 ], [ -122.425817543739029, 37.792496848290746 ], [ -122.425300519879244, 37.793511564749565 ], [ -122.424495236338061, 37.794316848290741 ], [ -122.423480519879234, 37.794833872150534 ], [ -122.422355698019715, 37.795012026431216 ], [ -122.421230876160195, 37.794833872150534 ], [ -122.420216159701368, 37.794316848290741 ], [ -122.419410876160185, 37.793511564749565 ], [ -122.4188938523004, 37.792496848290746 ], [ -122.41871569801971, 37.791372026431219 ] ] ] ] } },
{ "type": "Feature", "properties": { "id": null, "id_2": 8094, "name": "Van Ness Ave & Pacific St", "modes": null, "routes": null, "nameLength": null, "stop_lat": 37.794784, "stop_lon": -122.423199, "n": 1, "distance": 5.547043026062362e-05, "feature_x": -122.423228212449, "feature_y": 37.794831155078796, "nearest_x": -122.423199, "nearest_y": 37.794784 }, "geometry": { "type": "MultiPolygon", "coordinates": [ [ [ [ -122.419588212449, 37.794831155078796 ], [ -122.419766366729689, 37.793706333219269 ], [ -122.420283390589475, 37.79269161676045 ], [ -122.421088674130658, 37.791886333219274 ], [ -122.422103390589484, 37.791369309359482 ], [ -122.423228212449004, 37.791191155078799 ], [ -122.424353034308524, 37.791369309359482 ], [ -122.42536775076735, 37.791886333219274 ], [ -122.426173034308533, 37.79269161676045 ], [ -122.426690058168319, 37.793706333219269 ], [ -122.426868212449008, 37.794831155078796 ], [ -122.426690058168319, 37.795955976938323 ], [ -122.426173034308533, 37.796970693397142 ], [ -122.42536775076735, 37.797775976938318 ], [ -122.424353034308524, 37.798293000798111 ], [ -122.423228212449004, 37.798471155078794 ], [ -122.422103390589484, 37.798293000798111 ], [ -122.421088674130658, 37.797775976938318 ], [ -122.420283390589475, 37.796970693397142 ], [ -122.419766366729689, 37.795955976938323 ], [ -122.419588212449, 37.794831155078796 ] ] ] ] } },
{ "type": "Feature", "properties": { "id": null, "id_2": 6787, "name": "Union St & Van Ness Ave", "modes": null, "routes": null, "nameLength": null, "stop_lat": 37.798469, "stop_lon": -122.42415, "n": 1, "distance": 2.4931288727861693e-05, "feature_x": -122.42417466877907, "feature_y": 37.798465391607486, "nearest_x": -122.42415, "nearest_y": 37.798469 }, "geometry": { "type": "MultiPolygon", "coordinates": [ [ [ [ -122.420534668779069, 37.798465391607486 ], [ -122.420712823059759, 37.797340569747959 ], [ -122.421229846919545, 37.79632585328914 ], [ -122.422035130460728, 37.795520569747964 ], [ -122.423049846919554, 37.795003545888171 ], [ -122.424174668779074, 37.794825391607489 ], [ -122.425299490638594, 37.795003545888171 ], [ -122.42631420709742, 37.795520569747964 ], [ -122.427119490638603, 37.79632585328914 ], [ -122.427636514498388, 37.797340569747959 ], [ -122.427814668779078, 37.798465391607486 ], [ -122.427636514498388, 37.799590213467013 ], [ -122.427119490638603, 37.800604929925832 ], [ -122.42631420709742, 37.801410213467008 ], [ -122.425299490638594, 37.801927237326801 ], [ -122.424174668779074, 37.802105391607483 ], [ -122.423049846919554, 37.801927237326801 ], [ -122.422035130460728, 37.801410213467008 ], [ -122.421229846919545, 37.800604929925832 ], [ -122.420712823059759, 37.799590213467013 ], [ -122.420534668779069, 37.798465391607486 ] ] ] ] } },
{ "type": "Feature", "properties": { "id": null, "id_2": 3957, "name": "Chestnut St & Van Ness Ave", "modes": null, "routes": null, "nameLength": null, "stop_lat": 37.802199, "stop_lon": -122.424894, "n": 1, "distance": 9.8493431554278892e-05, "feature_x": -122.4248105691259, "feature_y": 37.802251347352431, "nearest_x": -122.424894, "nearest_y": 37.802199 }, "geometry": { "type": "MultiPolygon", "coordinates": [ [ [ [ -122.421170569125891, 37.802251347352431 ], [ -122.421348723406581, 37.801126525492904 ], [ -122.421865747266366, 37.800111809034085 ], [ -122.42267103080755, 37.799306525492909 ], [ -122.423685747266376, 37.798789501633117 ], [ -122.424810569125896, 37.798611347352434 ], [ -122.425935390985416, 37.798789501633117 ], [ -122.426950107444242, 37.799306525492909 ], [ -122.427755390985425, 37.800111809034085 ], [ -122.42827241484521, 37.801126525492904 ], [ -122.4284505691259, 37.802251347352431 ], [ -122.42827241484521, 37.803376169211958 ], [ -122.427755390985425, 37.804390885670777 ], [ -122.426950107444242, 37.805196169211953 ], [ -122.425935390985416, 37.805713193071746 ], [ -122.424810569125896, 37.805891347352429 ], [ -122.423685747266376, 37.805713193071746 ], [ -122.42267103080755, 37.805196169211953 ], [ -122.421865747266366, 37.804390885670777 ], [ -122.421348723406581, 37.803376169211958 ], [ -122.421170569125891, 37.802251347352431 ] ] ] ] } },
{ "type": "Feature", "properties": { "id": null, "id_2": 7476, "name": "Van Ness Ave & North Point St", "modes": null, "routes": null, "nameLength": null, "stop_lat": 37.80484, "stop_lon": -122.425352, "n": 1, "distance": 0.00015022199483905266, "feature_x": -122.42528379729127, "feature_y": 37.8049738470704, "nearest_x": -122.425352, "nearest_y": 37.80484 }, "geometry": { "type": "MultiPolygon", "coordinates": [ [ [ [ -122.421643797291267, 37.8049738470704 ], [ -122.421821951571957, 37.803849025210873 ], [ -122.422338975431742, 37.802834308752054 ], [ -122.423144258972926, 37.802029025210878 ], [ -122.424158975431752, 37.801512001351085 ], [ -122.425283797291272, 37.801333847070403 ], [ -122.426408619150791, 37.801512001351085 ], [ -122.427423335609618, 37.802029025210878 ], [ -122.428228619150801, 37.802834308752054 ], [ -122.428745643010586, 37.803849025210873 ], [ -122.428923797291276, 37.8049738470704 ], [ -122.428745643010586, 37.806098668929927 ], [ -122.428228619150801, 37.807113385388746 ], [ -122.427423335609618, 37.807918668929922 ], [ -122.426408619150791, 37.808435692789715 ], [ -122.425283797291272, 37.808613847070397 ], [ -122.424158975431752, 37.808435692789715 ], [ -122.423144258972926, 37.807918668929922 ], [ -122.422338975431742, 37.807113385388746 ], [ -122.421821951571957, 37.806098668929927 ], [ -122.421643797291267, 37.8049738470704 ] ] ] ] } },
{ "type": "Feature", "properties": { "id": null, "id_2": 5064, "name": "Hyde St & Beach St", "modes": null, "routes": null, "nameLength": null, "stop_lat": 37.806642, "stop_lon": -122.420535, "n": 1, "distance": 0.00016686721086709008, "feature_x": -122.4203740550782, "feature_y": 37.806597938699419, "nearest_x": -122.420535, "nearest_y": 37.806642 }, "geometry": { "type": "MultiPolygon", "coordinates": [ [ [ [ -122.416734055078194, 37.806597938699419 ], [ -122.416912209358884, 37.805473116839892 ], [ -122.41742923321867, 37.804458400381073 ], [ -122.418234516759853, 37.803653116839897 ], [ -122.419249233218679, 37.803136092980104 ], [ -122.420374055078199, 37.802957938699421 ], [ -122.421498876937719, 37.803136092980104 ], [ -122.422513593396545, 37.803653116839897 ], [ -122.423318876937728, 37.804458400381073 ], [ -122.423835900797513, 37.805473116839892 ], [ -122.424014055078203, 37.806597938699419 ], [ -122.423835900797513, 37.807722760558946 ], [ -122.423318876937728, 37.808737477017765 ], [ -122.422513593396545, 37.809542760558941 ], [ -122.421498876937719, 37.810059784418733 ], [ -122.420374055078199, 37.810237938699416 ], [ -122.419249233218679, 37.810059784418733 ], [ -122.418234516759853, 37.809542760558941 ], [ -122.41742923321867, 37.808737477017765 ], [ -122.416912209358884, 37.807722760558946 ], [ -122.416734055078194, 37.806597938699419 ] ] ] ] } },
{ "type": "Feature", "properties": { "id": null, "id_2": 5175, "name": "Jefferson St & Taylor St", "modes": null, "routes": null, "nameLength": null, "stop_lat": 37.80832, "stop_lon": -122.415514, "n": 1, "distance": 0.00046770778268114433, "feature_x": -122.41559740828694, "feature_y": 37.80785978958329, "nearest_x": -122.415514, "nearest_y": 37.80832 }, "geometry": { "type": "MultiPolygon", "coordinates": [ [ [ [ -122.411957408286938, 37.80785978958329 ], [ -122.412135562567627, 37.806734967723763 ], [ -122.412652586427413, 37.805720251264944 ], [ -122.413457869968596, 37.804914967723768 ], [ -122.414472586427422, 37.804397943863975 ], [ -122.415597408286942, 37.804219789583293 ], [ -122.416722230146462, 37.804397943863975 ], [ -122.417736946605288, 37.804914967723768 ], [ -122.418542230146471, 37.805720251264944 ], [ -122.419059254006257, 37.806734967723763 ], [ -122.419237408286946, 37.80785978958329 ], [ -122.419059254006257, 37.808984611442817 ], [ -122.418542230146471, 37.809999327901636 ], [ -122.417736946605288, 37.810804611442812 ], [ -122.416722230146462, 37.811321635302605 ], [ -122.415597408286942, 37.811499789583287 ], [ -122.414472586427422, 37.811321635302605 ], [ -122.413457869968596, 37.810804611442812 ], [ -122.412652586427413, 37.809999327901636 ], [ -122.412135562567627, 37.808984611442817 ], [ -122.411957408286938, 37.80785978958329 ] ] ] ] } },
{ "type": "Feature", "properties": { "id": null, "id_2": 4120, "name": "Columbus Ave & Union St", "modes": null, "routes": null, "nameLength": null, "stop_lat": 37.800384, "stop_lon": -122.410505, "n": 1, "distance": 0.00016501864720157579, "feature_x": -122.41053978227208, "feature_y": 37.800545311337089, "nearest_x": -122.410505, "nearest_y": 37.800384 }, "geometry": { "type": "MultiPolygon", "coordinates": [ [ [ [ -122.406899782272077, 37.800545311337089 ], [ -122.407077936552767, 37.799420489477562 ], [ -122.407594960412553, 37.798405773018743 ], [ -122.408400243953736, 37.797600489477567 ], [ -122.409414960412562, 37.797083465617774 ], [ -122.410539782272082, 37.796905311337092 ], [ -122.411664604131602, 37.797083465617774 ], [ -122.412679320590428, 37.797600489477567 ], [ -122.413484604131611, 37.798405773018743 ], [ -122.414001627991397, 37.799420489477562 ], [ -122.414179782272086, 37.800545311337089 ], [ -122.414001627991397, 37.801670133196616 ], [ -122.413484604131611, 37.802684849655435 ], [ -122.412679320590428, 37.803490133196611 ], [ -122.411664604131602, 37.804007157056404 ], [ -122.410539782272082, 37.804185311337086 ], [ -122.409414960412562, 37.804007157056404 ], [ -122.408400243953736, 37.803490133196611 ], [ -122.407594960412553, 37.802684849655435 ], [ -122.407077936552767, 37.801670133196616 ], [ -122.406899782272077, 37.800545311337089 ] ] ] ] } },
{ "type": "Feature", "properties": { "id": null, "id_2": 5077, "name": "Hyde St & Lombard St", "modes": null, "routes": null, "nameLength": null, "stop_lat": 37.801912, "stop_lon": -122.419562, "n": 1, "distance": 0.00040417278125562612, "feature_x": -122.41944238712814, "feature_y": 37.802298067867085, "nearest_x": -122.419562, "nearest_y": 37.801912 }, "geometry": { "type": "MultiPolygon", "coordinates": [ [ [ [ -122.415802387128139, 37.802298067867085 ], [ -122.415980541408828, 37.801173246007558 ], [ -122.416497565268614, 37.800158529548739 ], [ -122.417302848809797, 37.799353246007563 ], [ -122.418317565268623, 37.79883622214777 ], [ -122.419442387128143, 37.798658067867088 ], [ -122.420567208987663, 37.79883622214777 ], [ -122.421581925446489, 37.799353246007563 ], [ -122.422387208987672, 37.800158529548739 ], [ -122.422904232847458, 37.801173246007558 ], [ -122.423082387128147, 37.802298067867085 ], [ -122.422904232847458, 37.803422889726612 ], [ -122.422387208987672, 37.804437606185431 ], [ -122.421581925446489, 37.805242889726607 ], [ -122.420567208987663, 37.8057599135864 ], [ -122.419442387128143, 37.805938067867082 ], [ -122.418317565268623, 37.8057599135864 ], [ -122.417302848809797, 37.805242889726607 ], [ -122.416497565268614, 37.804437606185431 ], [ -122.415980541408828, 37.803422889726612 ], [ -122.415802387128139, 37.802298067867085 ] ] ] ] } },
{ "type": "Feature", "properties": { "id": null, "id_2": 5846, "name": "Pacific Ave & Leavenworth St", "modes": null, "routes": null, "nameLength": null, "stop_lat": 37.795586, "stop_lon": -122.416744, "n": 1, "distance": 0.00054131866126711414, "feature_x": -122.41725370686466, "feature_y": 37.795403723273147, "nearest_x": -122.416744, "nearest_y": 37.795586 }, "geometry": { "type": "MultiPolygon", "coordinates": [ [ [ [ -122.413613706864652, 37.795403723273147 ], [ -122.413791861145341, 37.79427890141362 ], [ -122.414308885005127, 37.793264184954801 ], [ -122.41511416854631, 37.792458901413625 ], [ -122.416128885005136, 37.791941877553832 ], [ -122.417253706864656, 37.791763723273149 ], [ -122.418378528724176, 37.791941877553832 ], [ -122.419393245183002, 37.792458901413625 ], [ -122.420198528724185, 37.793264184954801 ], [ -122.420715552583971, 37.79427890141362 ], [ -122.420893706864661, 37.795403723273147 ], [ -122.420715552583971, 37.796528545132674 ], [ -122.420198528724185, 37.797543261591493 ], [ -122.419393245183002, 37.798348545132669 ], [ -122.418378528724176, 37.798865568992461 ], [ -122.417253706864656, 37.799043723273144 ], [ -122.416128885005136, 37.798865568992461 ], [ -122.41511416854631, 37.798348545132669 ], [ -122.414308885005127, 37.797543261591493 ], [ -122.413791861145341, 37.796528545132674 ], [ -122.413613706864652, 37.795403723273147 ] ] ] ] } },
{ "type": "Feature", "properties": { "id": null, "id_2": 6526, "name": "Stockton St & Washington St", "modes": null, "routes": null, "nameLength": null, "stop_lat": 37.794707, "stop_lon": -122.408118, "n": 1, "distance": 0.00020357338752506146, "feature_x": -122.40832152524843, "feature_y": 37.794702573109149, "nearest_x": -122.408118, "nearest_y": 37.794707 }, "geometry": { "type": "MultiPolygon", "coordinates": [ [ [ [ -122.404681525248421, 37.794702573109149 ], [ -122.40485967952911, 37.793577751249622 ], [ -122.405376703388896, 37.792563034790803 ], [ -122.406181986930079, 37.791757751249627 ], [ -122.407196703388905, 37.791240727389834 ], [ -122.408321525248425, 37.791062573109151 ], [ -122.409446347107945, 37.791240727389834 ], [ -122.410461063566771, 37.791757751249627 ], [ -122.411266347107954, 37.792563034790803 ], [ -122.41178337096774, 37.793577751249622 ], [ -122.411961525248429, 37.794702573109149 ], [ -122.41178337096774, 37.795827394968676 ], [ -122.411266347107954, 37.796842111427495 ], [ -122.410461063566771, 37.797647394968671 ], [ -122.409446347107945, 37.798164418828463 ], [ -122.408321525248425, 37.798342573109146 ], [ -122.407196703388905, 37.798164418828463 ], [ -122.406181986930079, 37.797647394968671 ], [ -122.405376703388896, 37.796842111427495 ], [ -122.40485967952911, 37.795827394968676 ], [ -122.404681525248421, 37.794702573109149 ] ] ] ] } },
{ "type": "Feature", "properties": { "id": null, "id_2": 6604, "name": "Sutter St & Powell St", "modes": null, "routes": null, "nameLength": null, "stop_lat": 37.789266, "stop_lon": -122.408677, "n": 1, "distance": 0.00023098511495109629, "feature_x": -122.40890566626466, "feature_y": 37.789233352446722, "nearest_x": -122.408677, "nearest_y": 37.789266 }, "geometry": { "type": "MultiPolygon", "coordinates": [ [ [ [ -122.405265666264654, 37.789233352446722 ], [ -122.405443820545344, 37.788108530587195 ], [ -122.405960844405129, 37.787093814128376 ], [ -122.406766127946312, 37.7862885305872 ], [ -122.407780844405139, 37.785771506727407 ], [ -122.408905666264658, 37.785593352446725 ], [ -122.410030488124178, 37.785771506727407 ], [ -122.411045204583004, 37.7862885305872 ], [ -122.411850488124188, 37.787093814128376 ], [ -122.412367511983973, 37.788108530587195 ], [ -122.412545666264663, 37.789233352446722 ], [ -122.412367511983973, 37.790358174306249 ], [ -122.411850488124188, 37.791372890765068 ], [ -122.411045204583004, 37.792178174306244 ], [ -122.410030488124178, 37.792695198166037 ], [ -122.408905666264658, 37.792873352446719 ], [ -122.407780844405139, 37.792695198166037 ], [ -122.406766127946312, 37.792178174306244 ], [ -122.405960844405129, 37.791372890765068 ], [ -122.405443820545344, 37.790358174306249 ], [ -122.405265666264654, 37.789233352446722 ] ] ] ] } },
{ "type": "Feature", "properties": { "id": null, "id_2": 3878, "name": "California St & Leavenworth St", "modes": null, "routes": null, "nameLength": null, "stop_lat": 37.791133, "stop_lon": -122.415749, "n": 1, "distance": 7.6292265299874023e-05, "feature_x": -122.415819233989, "feature_y": 37.791103205763399, "nearest_x": -122.415749, "nearest_y": 37.791133 }, "geometry": { "type": "MultiPolygon", "coordinates": [ [ [ [ -122.412179233988994, 37.791103205763399 ], [ -122.412357388269683, 37.789978383903872 ], [ -122.412874412129469, 37.788963667445053 ], [ -122.413679695670652, 37.788158383903877 ], [ -122.414694412129478, 37.787641360044084 ], [ -122.415819233988998, 37.787463205763402 ], [ -122.416944055848518, 37.787641360044084 ], [ -122.417958772307344, 37.788158383903877 ], [ -122.418764055848527, 37.788963667445053 ], [ -122.419281079708313, 37.789978383903872 ], [ -122.419459233989002, 37.791103205763399 ], [ -122.419281079708313, 37.792228027622926 ], [ -122.418764055848527, 37.793242744081745 ], [ -122.417958772307344, 37.794048027622921 ], [ -122.416944055848518, 37.794565051482714 ], [ -122.415819233988998, 37.794743205763396 ], [ -122.414694412129478, 37.794565051482714 ], [ -122.413679695670652, 37.794048027622921 ], [ -122.412874412129469, 37.793242744081745 ], [ -122.412357388269683, 37.792228027622926 ], [ -122.412179233988994, 37.791103205763399 ] ] ] ] } },
{ "type": "Feature", "properties": { "id": null, "id_2": 4869, "name": "Leavenworth St & Post St", "modes": null, "routes": null, "nameLength": null, "stop_lat": 37.787313, "stop_lon": -122.414875, "n": 1, "distance": 0.00031972606325529097, "feature_x": -122.41463616357645, "feature_y": 37.787100439612551, "nearest_x": -122.414875, "nearest_y": 37.787313 }, "geometry": { "type": "MultiPolygon", "coordinates": [ [ [ [ -122.410996163576442, 37.787100439612551 ], [ -122.411174317857132, 37.785975617753024 ], [ -122.411691341716917, 37.784960901294205 ], [ -122.4124966252581, 37.784155617753029 ], [ -122.413511341716926, 37.783638593893237 ], [ -122.414636163576446, 37.783460439612554 ], [ -122.415760985435966, 37.783638593893237 ], [ -122.416775701894792, 37.784155617753029 ], [ -122.417580985435976, 37.784960901294205 ], [ -122.418098009295761, 37.785975617753024 ], [ -122.418276163576451, 37.787100439612551 ], [ -122.418098009295761, 37.788225261472078 ], [ -122.417580985435976, 37.789239977930897 ], [ -122.416775701894792, 37.790045261472073 ], [ -122.415760985435966, 37.790562285331866 ], [ -122.414636163576446, 37.790740439612549 ], [ -122.413511341716926, 37.790562285331866 ], [ -122.4124966252581, 37.790045261472073 ], [ -122.411691341716917, 37.789239977930897 ], [ -122.411174317857132, 37.788225261472078 ], [ -122.410996163576442, 37.787100439612551 ] ] ] ] } },
{ "type": "Feature", "properties": { "id": null, "id_2": 4657, "name": "Folsom St & 3rd St", "modes": null, "routes": null, "nameLength": null, "stop_lat": 37.783873, "stop_lon": -122.398684, "n": 1, "distance": 0.00050580813577029936, "feature_x": -122.39840591635163, "feature_y": 37.784295506041047, "nearest_x": -122.398684, "nearest_y": 37.783873 }, "geometry": { "type": "MultiPolygon", "coordinates": [ [ [ [ -122.394765916351631, 37.784295506041047 ], [ -122.39494407063232, 37.78317068418152 ], [ -122.395461094492106, 37.782155967722701 ], [ -122.396266378033289, 37.781350684181525 ], [ -122.397281094492115, 37.780833660321733 ], [ -122.398405916351635, 37.78065550604105 ], [ -122.399530738211155, 37.780833660321733 ], [ -122.400545454669981, 37.781350684181525 ], [ -122.401350738211164, 37.782155967722701 ], [ -122.40186776207095, 37.78317068418152 ], [ -122.402045916351639, 37.784295506041047 ], [ -122.40186776207095, 37.785420327900574 ], [ -122.401350738211164, 37.786435044359393 ], [ -122.400545454669981, 37.78724032790057 ], [ -122.399530738211155, 37.787757351760362 ], [ -122.398405916351635, 37.787935506041045 ], [ -122.397281094492115, 37.787757351760362 ], [ -122.396266378033289, 37.78724032790057 ], [ -122.395461094492106, 37.786435044359393 ], [ -122.39494407063232, 37.785420327900574 ], [ -122.394765916351631, 37.784295506041047 ] ] ] ] } },
{ "type": "Feature", "properties": { "id": null, "id_2": 3192, "name": "7th St & Folsom St", "modes": null, "routes": null, "nameLength": null, "stop_lat": 37.776864, "stop_lon": -122.407904, "n": 1, "distance": 0.00039524874508934868, "feature_x": -122.40764865395109, "feature_y": 37.777165695153755, "nearest_x": -122.407904, "nearest_y": 37.776864 }, "geometry": { "type": "MultiPolygon", "coordinates": [ [ [ [ -122.404008653951081, 37.777165695153755 ], [ -122.404186808231771, 37.776040873294228 ], [ -122.404703832091556, 37.775026156835409 ], [ -122.405509115632739, 37.774220873294233 ], [ -122.406523832091565, 37.77370384943444 ], [ -122.407648653951085, 37.773525695153758 ], [ -122.408773475810605, 37.77370384943444 ], [ -122.409788192269431, 37.774220873294233 ], [ -122.410593475810614, 37.775026156835409 ], [ -122.4111104996704, 37.776040873294228 ], [ -122.41128865395109, 37.777165695153755 ], [ -122.4111104996704, 37.778290517013282 ], [ -122.410593475810614, 37.779305233472101 ], [ -122.409788192269431, 37.780110517013277 ], [ -122.408773475810605, 37.78062754087307 ], [ -122.407648653951085, 37.780805695153752 ], [ -122.406523832091565, 37.78062754087307 ], [ -122.405509115632739, 37.780110517013277 ], [ -122.404703832091556, 37.779305233472101 ], [ -122.404186808231771, 37.778290517013282 ], [ -122.404008653951081, 37.777165695153755 ] ] ] ] } },
{ "type": "Feature", "properties": { "id": null, "id_2": 3281, "name": "16th St & Bryant St", "modes": null, "routes": null, "nameLength": null, "stop_lat": 37.765658, "stop_lon": -122.410294, "n": 1, "distance": 0.00016316390464697541, "feature_x": -122.41018732587841, "feature_y": 37.765534537084257, "nearest_x": -122.410294, "nearest_y": 37.765658 }, "geometry": { "type": "MultiPolygon", "coordinates": [ [ [ [ -122.406547325878407, 37.765534537084257 ], [ -122.406725480159096, 37.76440971522473 ], [ -122.407242504018882, 37.763394998765911 ], [ -122.408047787560065, 37.762589715224735 ], [ -122.409062504018891, 37.762072691364942 ], [ -122.410187325878411, 37.76189453708426 ], [ -122.411312147737931, 37.762072691364942 ], [ -122.412326864196757, 37.762589715224735 ], [ -122.41313214773794, 37.763394998765911 ], [ -122.413649171597726, 37.76440971522473 ], [ -122.413827325878415, 37.765534537084257 ], [ -122.413649171597726, 37.766659358943784 ], [ -122.41313214773794, 37.767674075402603 ], [ -122.412326864196757, 37.768479358943779 ], [ -122.411312147737931, 37.768996382803572 ], [ -122.410187325878411, 37.769174537084254 ], [ -122.409062504018891, 37.768996382803572 ], [ -122.408047787560065, 37.768479358943779 ], [ -122.407242504018882, 37.767674075402603 ], [ -122.406725480159096, 37.766659358943784 ], [ -122.406547325878407, 37.765534537084257 ] ] ] ] } },
{ "type": "Feature", "properties": { "id": null, "id_2": 4664, "name": "Folsom St & 11th St", "modes": null, "routes": null, "nameLength": null, "stop_lat": 37.771905, "stop_lon": -122.413958, "n": 1, "distance": 9.4903131452071595e-05, "feature_x": -122.41403230471974, "feature_y": 37.771964037386311, "nearest_x": -122.413958, "nearest_y": 37.771905 }, "geometry": { "type": "MultiPolygon", "coordinates": [ [ [ [ -122.410392304719736, 37.771964037386311 ], [ -122.410570459000425, 37.770839215526784 ], [ -122.411087482860211, 37.769824499067965 ], [ -122.411892766401394, 37.769019215526789 ], [ -122.41290748286022, 37.768502191666997 ], [ -122.41403230471974, 37.768324037386314 ], [ -122.41515712657926, 37.768502191666997 ], [ -122.416171843038086, 37.769019215526789 ], [ -122.416977126579269, 37.769824499067965 ], [ -122.417494150439055, 37.770839215526784 ], [ -122.417672304719744, 37.771964037386311 ], [ -122.417494150439055, 37.773088859245838 ], [ -122.416977126579269, 37.774103575704657 ], [ -122.416171843038086, 37.774908859245834 ], [ -122.41515712657926, 37.775425883105626 ], [ -122.41403230471974, 37.775604037386309 ], [ -122.41290748286022, 37.775425883105626 ], [ -122.411892766401394, 37.774908859245834 ], [ -122.411087482860211, 37.774103575704657 ], [ -122.410570459000425, 37.773088859245838 ], [ -122.410392304719736, 37.771964037386311 ] ] ] ] } },
{ "type": "Feature", "properties": { "id": null, "id_2": 3291, "name": "16th St & Mission St", "modes": null, "routes": null, "nameLength": null, "stop_lat": 37.765152, "stop_lon": -122.419611, "n": 1, "distance": 0.00033180156785479856, "feature_x": -122.41947935807849, "feature_y": 37.76545656967172, "nearest_x": -122.419611, "nearest_y": 37.765152 }, "geometry": { "type": "MultiPolygon", "coordinates": [ [ [ [ -122.415839358078486, 37.76545656967172 ], [ -122.416017512359176, 37.764331747812193 ], [ -122.416534536218961, 37.763317031353374 ], [ -122.417339819760144, 37.762511747812198 ], [ -122.41835453621897, 37.761994723952405 ], [ -122.41947935807849, 37.761816569671723 ], [ -122.42060417993801, 37.761994723952405 ], [ -122.421618896396836, 37.762511747812198 ], [ -122.42242417993802, 37.763317031353374 ], [ -122.422941203797805, 37.764331747812193 ], [ -122.423119358078495, 37.76545656967172 ], [ -122.422941203797805, 37.766581391531247 ], [ -122.42242417993802, 37.767596107990066 ], [ -122.421618896396836, 37.768401391531242 ], [ -122.42060417993801, 37.768918415391035 ], [ -122.41947935807849, 37.769096569671717 ], [ -122.41835453621897, 37.768918415391035 ], [ -122.417339819760144, 37.768401391531242 ], [ -122.416534536218961, 37.767596107990066 ], [ -122.416017512359176, 37.766581391531247 ], [ -122.415839358078486, 37.76545656967172 ] ] ] ] } },
{ "type": "Feature", "properties": { "id": null, "id_2": 3734, "name": "Bryant St & 18th St", "modes": null, "routes": null, "nameLength": null, "stop_lat": 37.76187, "stop_lon": -122.4102, "n": 1, "distance": 9.9564039388233978e-05, "feature_x": -122.41010106032773, "feature_y": 37.76188113279796, "nearest_x": -122.4102, "nearest_y": 37.76187 }, "geometry": { "type": "MultiPolygon", "coordinates": [ [ [ [ -122.406461060327729, 37.76188113279796 ], [ -122.406639214608418, 37.760756310938433 ], [ -122.407156238468204, 37.759741594479614 ], [ -122.407961522009387, 37.758936310938438 ], [ -122.408976238468213, 37.758419287078645 ], [ -122.410101060327733, 37.758241132797963 ], [ -122.411225882187253, 37.758419287078645 ], [ -122.412240598646079, 37.758936310938438 ], [ -122.413045882187262, 37.759741594479614 ], [ -122.413562906047048, 37.760756310938433 ], [ -122.413741060327737, 37.76188113279796 ], [ -122.413562906047048, 37.763005954657487 ], [ -122.413045882187262, 37.764020671116306 ], [ -122.412240598646079, 37.764825954657482 ], [ -122.411225882187253, 37.765342978517275 ], [ -122.410101060327733, 37.765521132797957 ], [ -122.408976238468213, 37.765342978517275 ], [ -122.407961522009387, 37.764825954657482 ], [ -122.407156238468204, 37.764020671116306 ], [ -122.406639214608418, 37.763005954657487 ], [ -122.406461060327729, 37.76188113279796 ] ] ] ] } },
{ "type": "Feature", "properties": { "id": null, "id_2": 3747, "name": "Bryant St & 24th St", "modes": null, "routes": null, "nameLength": null, "stop_lat": 37.752728, "stop_lon": -122.409178, "n": 1, "distance": 8.9147976180673519e-05, "feature_x": -122.40912133014189, "feature_y": 37.752659182205505, "nearest_x": -122.409178, "nearest_y": 37.752728 }, "geometry": { "type": "MultiPolygon", "coordinates": [ [ [ [ -122.405481330141882, 37.752659182205505 ], [ -122.405659484422571, 37.751534360345978 ], [ -122.406176508282357, 37.750519643887159 ], [ -122.40698179182354, 37.749714360345983 ], [ -122.407996508282366, 37.749197336486191 ], [ -122.409121330141886, 37.749019182205508 ], [ -122.410246152001406, 37.749197336486191 ], [ -122.411260868460232, 37.749714360345983 ], [ -122.412066152001415, 37.750519643887159 ], [ -122.412583175861201, 37.751534360345978 ], [ -122.41276133014189, 37.752659182205505 ], [ -122.412583175861201, 37.753784004065032 ], [ -122.412066152001415, 37.754798720523851 ], [ -122.411260868460232, 37.755604004065027 ], [ -122.410246152001406, 37.75612102792482 ], [ -122.409121330141886, 37.756299182205503 ], [ -122.407996508282366, 37.75612102792482 ], [ -122.40698179182354, 37.755604004065027 ], [ -122.406176508282357, 37.754798720523851 ], [ -122.405659484422571, 37.753784004065032 ], [ -122.405481330141882, 37.752659182205505 ] ] ] ] } },
{ "type": "Feature", "properties": { "id": null, "id_2": 5566, "name": "Mission St & 24th St", "modes": null, "routes": null, "nameLength": null, "stop_lat": 37.751964, "stop_lon": -122.418528, "n": 1, "distance": 0.00011787449734547258, "feature_x": -122.41854892249343, "feature_y": 37.751847997213858, "nearest_x": -122.418528, "nearest_y": 37.751964 }, "geometry": { "type": "MultiPolygon", "coordinates": [ [ [ [ -122.414908922493424, 37.751847997213858 ], [ -122.415087076774114, 37.750723175354331 ], [ -122.4156041006339, 37.749708458895512 ], [ -122.416409384175083, 37.748903175354336 ], [ -122.417424100633909, 37.748386151494543 ], [ -122.418548922493429, 37.748207997213861 ], [ -122.419673744352949, 37.748386151494543 ], [ -122.420688460811775, 37.748903175354336 ], [ -122.421493744352958, 37.749708458895512 ], [ -122.422010768212743, 37.750723175354331 ], [ -122.422188922493433, 37.751847997213858 ], [ -122.422010768212743, 37.752972819073385 ], [ -122.421493744352958, 37.753987535532204 ], [ -122.420688460811775, 37.75479281907338 ], [ -122.419673744352949, 37.755309842933173 ], [ -122.418548922493429, 37.755487997213855 ], [ -122.417424100633909, 37.755309842933173 ], [ -122.416409384175083, 37.75479281907338 ], [ -122.4156041006339, 37.753987535532204 ], [ -122.415087076774114, 37.752972819073385 ], [ -122.414908922493424, 37.751847997213858 ] ] ] ] } },
{ "type": "Feature", "properties": { "id": null, "id_2": 5557, "name": "Mission St & 20th St", "modes": null, "routes": null, "nameLength": null, "stop_lat": 37.75911, "stop_lon": -122.41902, "n": 1, "distance": 0.0009267981432551811, "feature_x": -122.41813299930149, "feature_y": 37.758841328157075, "nearest_x": -122.41902, "nearest_y": 37.75911 }, "geometry": { "type": "MultiPolygon", "coordinates": [ [ [ [ -122.414492999301487, 37.758841328157075 ], [ -122.414671153582177, 37.757716506297548 ], [ -122.415188177441962, 37.756701789838729 ], [ -122.415993460983145, 37.755896506297553 ], [ -122.417008177441971, 37.75537948243776 ], [ -122.418132999301491, 37.755201328157078 ], [ -122.419257821161011, 37.75537948243776 ], [ -122.420272537619837, 37.755896506297553 ], [ -122.42107782116102, 37.756701789838729 ], [ -122.421594845020806, 37.757716506297548 ], [ -122.421772999301496, 37.758841328157075 ], [ -122.421594845020806, 37.759966150016602 ], [ -122.42107782116102, 37.760980866475421 ], [ -122.420272537619837, 37.761786150016597 ], [ -122.419257821161011, 37.76230317387639 ], [ -122.418132999301491, 37.762481328157072 ], [ -122.417008177441971, 37.76230317387639 ], [ -122.415993460983145, 37.761786150016597 ], [ -122.415188177441962, 37.760980866475421 ], [ -122.414671153582177, 37.759966150016602 ], [ -122.414492999301487, 37.758841328157075 ] ] ] ] } },
{ "type": "Feature", "properties": { "id": null, "id_2": 7746, "name": "Folsom St & Cesar Chavez St", "modes": null, "routes": null, "nameLength": null, "stop_lat": 37.748322, "stop_lon": -122.413763, "n": 1, "distance": 0.00030442503089002826, "feature_x": -122.41350238776421, "feature_y": 37.748164660043258, "nearest_x": -122.413763, "nearest_y": 37.748322 }, "geometry": { "type": "MultiPolygon", "coordinates": [ [ [ [ -122.409862387764207, 37.748164660043258 ], [ -122.410040542044896, 37.747039838183731 ], [ -122.410557565904682, 37.746025121724912 ], [ -122.411362849445865, 37.745219838183736 ], [ -122.412377565904691, 37.744702814323944 ], [ -122.413502387764211, 37.744524660043261 ], [ -122.414627209623731, 37.744702814323944 ], [ -122.415641926082557, 37.745219838183736 ], [ -122.41644720962374, 37.746025121724912 ], [ -122.416964233483526, 37.747039838183731 ], [ -122.417142387764216, 37.748164660043258 ], [ -122.416964233483526, 37.749289481902785 ], [ -122.41644720962374, 37.750304198361604 ], [ -122.415641926082557, 37.75110948190278 ], [ -122.414627209623731, 37.751626505762573 ], [ -122.413502387764211, 37.751804660043256 ], [ -122.412377565904691, 37.751626505762573 ], [ -122.411362849445865, 37.75110948190278 ], [ -122.410557565904682, 37.750304198361604 ], [ -122.410040542044896, 37.749289481902785 ], [ -122.409862387764207, 37.748164660043258 ] ] ] ] } },
{ "type": "Feature", "properties": { "id": null, "id_2": 5770, "name": "Nevada St & Cortland Ave", "modes": null, "routes": null, "nameLength": null, "stop_lat": 37.73992, "stop_lon": -122.41141, "n": 1, "distance": 0.00039810343743294655, "feature_x": -122.41175551035796, "feature_y": 37.740117759802381, "nearest_x": -122.41141, "nearest_y": 37.73992 }, "geometry": { "type": "MultiPolygon", "coordinates": [ [ [ [ -122.408115510357959, 37.740117759802381 ], [ -122.408293664638649, 37.738992937942854 ], [ -122.408810688498434, 37.737978221484035 ], [ -122.409615972039617, 37.737172937942859 ], [ -122.410630688498443, 37.736655914083066 ], [ -122.411755510357963, 37.736477759802384 ], [ -122.412880332217483, 37.736655914083066 ], [ -122.413895048676309, 37.737172937942859 ], [ -122.414700332217492, 37.737978221484035 ], [ -122.415217356077278, 37.738992937942854 ], [ -122.415395510357968, 37.740117759802381 ], [ -122.415217356077278, 37.741242581661908 ], [ -122.414700332217492, 37.742257298120727 ], [ -122.413895048676309, 37.743062581661903 ], [ -122.412880332217483, 37.743579605521695 ], [ -122.411755510357963, 37.743757759802378 ], [ -122.410630688498443, 37.743579605521695 ], [ -122.409615972039617, 37.743062581661903 ], [ -122.408810688498434, 37.742257298120727 ], [ -122.408293664638649, 37.741242581661908 ], [ -122.408115510357959, 37.740117759802381 ] ] ] ] } },
{ "type": "Feature", "properties": { "id": null, "id_2": 5584, "name": "Mission St & Cortland Ave", "modes": null, "routes": null, "nameLength": null, "stop_lat": 37.741079, "stop_lon": -122.422874, "n": 1, "distance": 0.00050094153663416395, "feature_x": -122.42323499045649, "feature_y": 37.740731684130161, "nearest_x": -122.422874, "nearest_y": 37.741079 }, "geometry": { "type": "MultiPolygon", "coordinates": [ [ [ [ -122.419594990456488, 37.740731684130161 ], [ -122.419773144737178, 37.739606862270634 ], [ -122.420290168596964, 37.738592145811815 ], [ -122.421095452138147, 37.737786862270639 ], [ -122.422110168596973, 37.737269838410846 ], [ -122.423234990456493, 37.737091684130164 ], [ -122.424359812316013, 37.737269838410846 ], [ -122.425374528774839, 37.737786862270639 ], [ -122.426179812316022, 37.738592145811815 ], [ -122.426696836175807, 37.739606862270634 ], [ -122.426874990456497, 37.740731684130161 ], [ -122.426696836175807, 37.741856505989688 ], [ -122.426179812316022, 37.742871222448507 ], [ -122.425374528774839, 37.743676505989683 ], [ -122.424359812316013, 37.744193529849476 ], [ -122.423234990456493, 37.744371684130158 ], [ -122.422110168596973, 37.744193529849476 ], [ -122.421095452138147, 37.743676505989683 ], [ -122.420290168596964, 37.742871222448507 ], [ -122.419773144737178, 37.741856505989688 ], [ -122.419594990456488, 37.740731684130161 ] ] ] ] } },
{ "type": "Feature", "properties": { "id": null, "id_2": 3976, "name": "Chenery St & Roanoke St", "modes": null, "routes": null, "nameLength": null, "stop_lat": 37.73563, "stop_lon": -122.4302, "n": 1, "distance": 0.00049572421393652552, "feature_x": -122.43061069506096, "feature_y": 37.735907618556986, "nearest_x": -122.4302, "nearest_y": 37.73563 }, "geometry": { "type": "MultiPolygon", "coordinates": [ [ [ [ -122.426970695060959, 37.735907618556986 ], [ -122.427148849341648, 37.734782796697459 ], [ -122.427665873201434, 37.73376808023864 ], [ -122.428471156742617, 37.732962796697464 ], [ -122.429485873201443, 37.732445772837671 ], [ -122.430610695060963, 37.732267618556989 ], [ -122.431735516920483, 37.732445772837671 ], [ -122.432750233379309, 37.732962796697464 ], [ -122.433555516920492, 37.73376808023864 ], [ -122.434072540780278, 37.734782796697459 ], [ -122.434250695060967, 37.735907618556986 ], [ -122.434072540780278, 37.737032440416513 ], [ -122.433555516920492, 37.738047156875332 ], [ -122.432750233379309, 37.738852440416508 ], [ -122.431735516920483, 37.739369464276301 ], [ -122.430610695060963, 37.739547618556983 ], [ -122.429485873201443, 37.739369464276301 ], [ -122.428471156742617, 37.738852440416508 ], [ -122.427665873201434, 37.738047156875332 ], [ -122.427148849341648, 37.737032440416513 ], [ -122.426970695060959, 37.735907618556986 ] ] ] ] } },
{ "type": "Feature", "properties": { "id": null, "id_2": 5620, "name": "Mission St & Silver Ave", "modes": null, "routes": null, "nameLength": null, "stop_lat": 37.728723, "stop_lon": -122.43132, "n": 1, "distance": 2.3988305308764698e-05, "feature_x": -122.43133162859361, "feature_y": 37.728743981291721, "nearest_x": -122.43132, "nearest_y": 37.728723 }, "geometry": { "type": "MultiPolygon", "coordinates": [ [ [ [ -122.427691628593607, 37.728743981291721 ], [ -122.427869782874296, 37.727619159432194 ], [ -122.428386806734082, 37.726604442973375 ], [ -122.429192090275265, 37.725799159432199 ], [ -122.430206806734091, 37.725282135572407 ], [ -122.431331628593611, 37.725103981291724 ], [ -122.432456450453131, 37.725282135572407 ], [ -122.433471166911957, 37.725799159432199 ], [ -122.43427645045314, 37.726604442973375 ], [ -122.434793474312926, 37.727619159432194 ], [ -122.434971628593615, 37.728743981291721 ], [ -122.434793474312926, 37.729868803151248 ], [ -122.43427645045314, 37.730883519610067 ], [ -122.433471166911957, 37.731688803151243 ], [ -122.432456450453131, 37.732205827011036 ], [ -122.431331628593611, 37.732383981291719 ], [ -122.430206806734091, 37.732205827011036 ], [ -122.429192090275265, 37.731688803151243 ], [ -122.428386806734082, 37.730883519610067 ], [ -122.427869782874296, 37.729868803151248 ], [ -122.427691628593607, 37.728743981291721 ] ] ] ] } },
{ "type": "Feature", "properties": { "id": null, "id_2": 4196, "name": "Crescent Ave & Folsom St", "modes": null, "routes": null, "nameLength": null, "stop_lat": 37.73467, "stop_lon": -122.413804, "n": 1, "distance": 0.00027358016738439258, "feature_x": -122.41406619475767, "feature_y": 37.734591897394168, "nearest_x": -122.413804, "nearest_y": 37.73467 }, "geometry": { "type": "MultiPolygon", "coordinates": [ [ [ [ -122.410426194757662, 37.734591897394168 ], [ -122.410604349038351, 37.733467075534641 ], [ -122.411121372898137, 37.732452359075822 ], [ -122.41192665643932, 37.731647075534646 ], [ -122.412941372898146, 37.731130051674853 ], [ -122.414066194757666, 37.730951897394171 ], [ -122.415191016617186, 37.731130051674853 ], [ -122.416205733076012, 37.731647075534646 ], [ -122.417011016617195, 37.732452359075822 ], [ -122.417528040476981, 37.733467075534641 ], [ -122.41770619475767, 37.734591897394168 ], [ -122.417528040476981, 37.735716719253695 ], [ -122.417011016617195, 37.736731435712514 ], [ -122.416205733076012, 37.73753671925369 ], [ -122.415191016617186, 37.738053743113483 ], [ -122.414066194757666, 37.738231897394165 ], [ -122.412941372898146, 37.738053743113483 ], [ -122.41192665643932, 37.73753671925369 ], [ -122.411121372898137, 37.736731435712514 ], [ -122.410604349038351, 37.735716719253695 ], [ -122.410426194757662, 37.734591897394168 ] ] ] ] } },
{ "type": "Feature", "properties": { "id": null, "id_2": 5347, "name": "Mansell St & John F Shelley Dr", "modes": null, "routes": null, "nameLength": null, "stop_lat": 37.718763, "stop_lon": -122.4183, "n": 1, "distance": 4.2333480155320739e-05, "feature_x": -122.41831785405351, "feature_y": 37.718801384323825, "nearest_x": -122.4183, "nearest_y": 37.718763 }, "geometry": { "type": "MultiPolygon", "coordinates": [ [ [ [ -122.414677854053508, 37.718801384323825 ], [ -122.414856008334198, 37.717676562464298 ], [ -122.415373032193983, 37.716661846005479 ], [ -122.416178315735166, 37.715856562464303 ], [ -122.417193032193993, 37.71533953860451 ], [ -122.418317854053512, 37.715161384323828 ], [ -122.419442675913032, 37.71533953860451 ], [ -122.420457392371858, 37.715856562464303 ], [ -122.421262675913042, 37.716661846005479 ], [ -122.421779699772827, 37.717676562464298 ], [ -122.421957854053517, 37.718801384323825 ], [ -122.421779699772827, 37.719926206183352 ], [ -122.421262675913042, 37.720940922642171 ], [ -122.420457392371858, 37.721746206183347 ], [ -122.419442675913032, 37.72226323004314 ], [ -122.418317854053512, 37.722441384323822 ], [ -122.417193032193993, 37.72226323004314 ], [ -122.416178315735166, 37.721746206183347 ], [ -122.415373032193983, 37.720940922642171 ], [ -122.414856008334198, 37.719926206183352 ], [ -122.414677854053508, 37.718801384323825 ] ] ] ] } },
{ "type": "Feature", "properties": { "id": null, "id_2": 6082, "name": "Prague St & Persia Ave", "modes": null, "routes": null, "nameLength": null, "stop_lat": 37.71903, "stop_lon": -122.42718, "n": 1, "distance": 0.0001580071281736994, "feature_x": -122.42707996929818, "feature_y": 37.71915231153357, "nearest_x": -122.42718, "nearest_y": 37.71903 }, "geometry": { "type": "MultiPolygon", "coordinates": [ [ [ [ -122.423439969298173, 37.71915231153357 ], [ -122.423618123578862, 37.718027489674043 ], [ -122.424135147438648, 37.717012773215224 ], [ -122.424940430979831, 37.716207489674048 ], [ -122.425955147438657, 37.715690465814255 ], [ -122.427079969298177, 37.715512311533573 ], [ -122.428204791157697, 37.715690465814255 ], [ -122.429219507616523, 37.716207489674048 ], [ -122.430024791157706, 37.717012773215224 ], [ -122.430541815017492, 37.718027489674043 ], [ -122.430719969298181, 37.71915231153357 ], [ -122.430541815017492, 37.720277133393097 ], [ -122.430024791157706, 37.721291849851916 ], [ -122.429219507616523, 37.722097133393092 ], [ -122.428204791157697, 37.722614157252885 ], [ -122.427079969298177, 37.722792311533567 ], [ -122.425955147438657, 37.722614157252885 ], [ -122.424940430979831, 37.722097133393092 ], [ -122.424135147438648, 37.721291849851916 ], [ -122.423618123578862, 37.720277133393097 ], [ -122.423439969298173, 37.71915231153357 ] ] ] ] } },
{ "type": "Feature", "properties": { "id": null, "id_2": 4589, "name": "Felton St & Madison St", "modes": null, "routes": null, "nameLength": null, "stop_lat": 37.725598, "stop_lon": -122.422043, "n": 1, "distance": 6.6144929655192585e-05, "feature_x": -122.42197797814312, "feature_y": 37.725585862873217, "nearest_x": -122.422043, "nearest_y": 37.725598 }, "geometry": { "type": "MultiPolygon", "coordinates": [ [ [ [ -122.418337978143114, 37.725585862873217 ], [ -122.418516132423804, 37.72446104101369 ], [ -122.419033156283589, 37.723446324554871 ], [ -122.419838439824773, 37.722641041013695 ], [ -122.420853156283599, 37.722124017153902 ], [ -122.421977978143119, 37.72194586287322 ], [ -122.423102800002638, 37.722124017153902 ], [ -122.424117516461465, 37.722641041013695 ], [ -122.424922800002648, 37.723446324554871 ], [ -122.425439823862433, 37.72446104101369 ], [ -122.425617978143123, 37.725585862873217 ], [ -122.425439823862433, 37.726710684732744 ], [ -122.424922800002648, 37.727725401191563 ], [ -122.424117516461465, 37.728530684732739 ], [ -122.423102800002638, 37.729047708592532 ], [ -122.421977978143119, 37.729225862873214 ], [ -122.420853156283599, 37.729047708592532 ], [ -122.419838439824773, 37.728530684732739 ], [ -122.419033156283589, 37.727725401191563 ], [ -122.418516132423804, 37.726710684732744 ], [ -122.418337978143114, 37.725585862873217 ] ] ] ] } },
{ "type": "Feature", "properties": { "id": null, "id_2": 8160, "name": "Sunnyvale Ave & W.Access RD", "modes": null, "routes": null, "nameLength": null, "stop_lat": 37.713588, "stop_lon": -122.42215, "n": 1, "distance": 0.00023753393583489005, "feature_x": -122.42238465859748, "feature_y": 37.713624847161398, "nearest_x": -122.42215, "nearest_y": 37.713588 }, "geometry": { "type": "MultiPolygon", "coordinates": [ [ [ [ -122.418744658597475, 37.713624847161398 ], [ -122.418922812878165, 37.712500025301871 ], [ -122.419439836737951, 37.711485308843052 ], [ -122.420245120279134, 37.710680025301876 ], [ -122.42125983673796, 37.710163001442083 ], [ -122.42238465859748, 37.709984847161401 ], [ -122.423509480457, 37.710163001442083 ], [ -122.424524196915826, 37.710680025301876 ], [ -122.425329480457009, 37.711485308843052 ], [ -122.425846504316794, 37.712500025301871 ], [ -122.426024658597484, 37.713624847161398 ], [ -122.425846504316794, 37.714749669020925 ], [ -122.425329480457009, 37.715764385479744 ], [ -122.424524196915826, 37.71656966902092 ], [ -122.423509480457, 37.717086692880713 ], [ -122.42238465859748, 37.717264847161395 ], [ -122.42125983673796, 37.717086692880713 ], [ -122.420245120279134, 37.71656966902092 ], [ -122.419439836737951, 37.715764385479744 ], [ -122.418922812878165, 37.714749669020925 ], [ -122.418744658597475, 37.713624847161398 ] ] ] ] } },
{ "type": "Feature", "properties": { "id": null, "id_2": 7057, "name": "Visitacion Valley Middle School", "modes": null, "routes": null, "nameLength": null, "stop_lat": 37.71621, "stop_lon": -122.413938, "n": 1, "distance": 6.9780772058048487e-05, "feature_x": -122.41388134000609, "feature_y": 37.716169269161085, "nearest_x": -122.413938, "nearest_y": 37.71621 }, "geometry": { "type": "MultiPolygon", "coordinates": [ [ [ [ -122.410241340006081, 37.716169269161085 ], [ -122.410419494286771, 37.715044447301558 ], [ -122.410936518146556, 37.714029730842739 ], [ -122.411741801687739, 37.713224447301563 ], [ -122.412756518146566, 37.712707423441771 ], [ -122.413881340006085, 37.712529269161088 ], [ -122.415006161865605, 37.712707423441771 ], [ -122.416020878324431, 37.713224447301563 ], [ -122.416826161865615, 37.714029730842739 ], [ -122.4173431857254, 37.715044447301558 ], [ -122.41752134000609, 37.716169269161085 ], [ -122.4173431857254, 37.717294091020612 ], [ -122.416826161865615, 37.718308807479431 ], [ -122.416020878324431, 37.719114091020607 ], [ -122.415006161865605, 37.7196311148804 ], [ -122.413881340006085, 37.719809269161082 ], [ -122.412756518146566, 37.7196311148804 ], [ -122.411741801687739, 37.719114091020607 ], [ -122.410936518146556, 37.718308807479431 ], [ -122.410419494286771, 37.717294091020612 ], [ -122.410241340006081, 37.716169269161085 ] ] ] ] } },
{ "type": "Feature", "properties": { "id": null, "id_2": 6980, "name": "Woolsey St & University St", "modes": null, "routes": null, "nameLength": null, "stop_lat": 37.72271, "stop_lon": -122.41238, "n": 1, "distance": 0.0003387930289063421, "feature_x": -122.41206976343626, "feature_y": 37.72257386039901, "nearest_x": -122.41238, "nearest_y": 37.72271 }, "geometry": { "type": "MultiPolygon", "coordinates": [ [ [ [ -122.40842976343626, 37.72257386039901 ], [ -122.408607917716949, 37.721449038539483 ], [ -122.409124941576735, 37.720434322080663 ], [ -122.409930225117918, 37.719629038539487 ], [ -122.410944941576744, 37.719112014679695 ], [ -122.412069763436264, 37.718933860399012 ], [ -122.413194585295784, 37.719112014679695 ], [ -122.41420930175461, 37.719629038539487 ], [ -122.415014585295793, 37.720434322080663 ], [ -122.415531609155579, 37.721449038539483 ], [ -122.415709763436269, 37.72257386039901 ], [ -122.415531609155579, 37.723698682258537 ], [ -122.415014585295793, 37.724713398717356 ], [ -122.41420930175461, 37.725518682258532 ], [ -122.413194585295784, 37.726035706118324 ], [ -122.412069763436264, 37.726213860399007 ], [ -122.410944941576744, 37.726035706118324 ], [ -122.409930225117918, 37.725518682258532 ], [ -122.409124941576735, 37.724713398717356 ], [ -122.408607917716949, 37.723698682258537 ], [ -122.40842976343626, 37.72257386039901 ] ] ] ] } },
{ "type": "Feature", "properties": { "id": null, "id_2": 7396, "name": "Bayshore Blvd & Sunnydale Ave", "modes": null, "routes": null, "nameLength": null, "stop_lat": 37.70897, "stop_lon": -122.405113, "n": 1, "distance": 0.00012550389443535332, "feature_x": -122.40521165213757, "feature_y": 37.709047582106649, "nearest_x": -122.405113, "nearest_y": 37.70897 }, "geometry": { "type": "MultiPolygon", "coordinates": [ [ [ [ -122.401571652137562, 37.709047582106649 ], [ -122.401749806418252, 37.707922760247122 ], [ -122.402266830278037, 37.706908043788303 ], [ -122.403072113819221, 37.706102760247127 ], [ -122.404086830278047, 37.705585736387334 ], [ -122.405211652137567, 37.705407582106652 ], [ -122.406336473997087, 37.705585736387334 ], [ -122.407351190455913, 37.706102760247127 ], [ -122.408156473997096, 37.706908043788303 ], [ -122.408673497856881, 37.707922760247122 ], [ -122.408851652137571, 37.709047582106649 ], [ -122.408673497856881, 37.710172403966176 ], [ -122.408156473997096, 37.711187120424995 ], [ -122.407351190455913, 37.711992403966171 ], [ -122.406336473997087, 37.712509427825964 ], [ -122.405211652137567, 37.712687582106646 ], [ -122.404086830278047, 37.712509427825964 ], [ -122.403072113819221, 37.711992403966171 ], [ -122.402266830278037, 37.711187120424995 ], [ -122.401749806418252, 37.710172403966176 ], [ -122.401571652137562, 37.709047582106649 ] ] ] ] } },
{ "type": "Feature", "properties": { "id": null, "id_2": 5341, "name": "Mansell St & Goettingen St", "modes": null, "routes": null, "nameLength": null, "stop_lat": 37.720677, "stop_lon": -122.404098, "n": 1, "distance": 0.00032714823075616605, "feature_x": -122.4038806979231, "feature_y": 37.720921552187193, "nearest_x": -122.404098, "nearest_y": 37.720677 }, "geometry": { "type": "MultiPolygon", "coordinates": [ [ [ [ -122.400240697923095, 37.720921552187193 ], [ -122.400418852203785, 37.719796730327666 ], [ -122.400935876063571, 37.718782013868847 ], [ -122.401741159604754, 37.717976730327671 ], [ -122.40275587606358, 37.717459706467878 ], [ -122.4038806979231, 37.717281552187195 ], [ -122.40500551978262, 37.717459706467878 ], [ -122.406020236241446, 37.717976730327671 ], [ -122.406825519782629, 37.718782013868847 ], [ -122.407342543642415, 37.719796730327666 ], [ -122.407520697923104, 37.720921552187193 ], [ -122.407342543642415, 37.72204637404672 ], [ -122.406825519782629, 37.723061090505539 ], [ -122.406020236241446, 37.723866374046715 ], [ -122.40500551978262, 37.724383397906507 ], [ -122.4038806979231, 37.72456155218719 ], [ -122.40275587606358, 37.724383397906507 ], [ -122.401741159604754, 37.723866374046715 ], [ -122.400935876063571, 37.723061090505539 ], [ -122.400418852203785, 37.72204637404672 ], [ -122.400240697923095, 37.720921552187193 ] ] ] ] } },
{ "type": "Feature", "properties": { "id": null, "id_2": 3685, "name": "Bacon St & Girard St", "modes": null, "routes": null, "nameLength": null, "stop_lat": 37.72744, "stop_lon": -122.40451, "n": 1, "distance": 0.00042653589877469906, "feature_x": -122.40417646552613, "feature_y": 37.727705871449551, "nearest_x": -122.40451, "nearest_y": 37.72744 }, "geometry": { "type": "MultiPolygon", "coordinates": [ [ [ [ -122.40053646552613, 37.727705871449551 ], [ -122.40071461980682, 37.726581049590024 ], [ -122.401231643666605, 37.725566333131205 ], [ -122.402036927207789, 37.724761049590029 ], [ -122.403051643666615, 37.724244025730236 ], [ -122.404176465526135, 37.724065871449554 ], [ -122.405301287385655, 37.724244025730236 ], [ -122.406316003844481, 37.724761049590029 ], [ -122.407121287385664, 37.725566333131205 ], [ -122.407638311245449, 37.726581049590024 ], [ -122.407816465526139, 37.727705871449551 ], [ -122.407638311245449, 37.728830693309078 ], [ -122.407121287385664, 37.729845409767897 ], [ -122.406316003844481, 37.730650693309073 ], [ -122.405301287385655, 37.731167717168866 ], [ -122.404176465526135, 37.731345871449548 ], [ -122.403051643666615, 37.731167717168866 ], [ -122.402036927207789, 37.730650693309073 ], [ -122.401231643666605, 37.729845409767897 ], [ -122.40071461980682, 37.728830693309078 ], [ -122.40053646552613, 37.727705871449551 ] ] ] ] } },
{ "type": "Feature", "properties": { "id": null, "id_2": 6396, "name": "Silver Ave & Boylston St", "modes": null, "routes": null, "nameLength": null, "stop_lat": 37.730913, "stop_lon": -122.410839, "n": 1, "distance": 0.00017201671328434149, "feature_x": -122.4107942656476, "feature_y": 37.730746901874291, "nearest_x": -122.410839, "nearest_y": 37.730913 }, "geometry": { "type": "MultiPolygon", "coordinates": [ [ [ [ -122.407154265647591, 37.730746901874291 ], [ -122.407332419928281, 37.729622080014764 ], [ -122.407849443788066, 37.728607363555945 ], [ -122.40865472732925, 37.727802080014769 ], [ -122.409669443788076, 37.727285056154976 ], [ -122.410794265647596, 37.727106901874293 ], [ -122.411919087507115, 37.727285056154976 ], [ -122.412933803965942, 37.727802080014769 ], [ -122.413739087507125, 37.728607363555945 ], [ -122.41425611136691, 37.729622080014764 ], [ -122.4144342656476, 37.730746901874291 ], [ -122.41425611136691, 37.731871723733818 ], [ -122.413739087507125, 37.732886440192637 ], [ -122.412933803965942, 37.733691723733813 ], [ -122.411919087507115, 37.734208747593605 ], [ -122.410794265647596, 37.734386901874288 ], [ -122.409669443788076, 37.734208747593605 ], [ -122.40865472732925, 37.733691723733813 ], [ -122.407849443788066, 37.732886440192637 ], [ -122.407332419928281, 37.731871723733818 ], [ -122.407154265647591, 37.730746901874291 ] ] ] ] } },
{ "type": "Feature", "properties": { "id": null, "id_2": 8013, "name": "Oakdale Ave & Toland St", "modes": null, "routes": null, "nameLength": null, "stop_lat": 37.740966, "stop_lon": -122.401623, "n": 1, "distance": 0.00012220017872234689, "feature_x": -122.40169941184949, "feature_y": 37.740870636941445, "nearest_x": -122.401623, "nearest_y": 37.740966 }, "geometry": { "type": "MultiPolygon", "coordinates": [ [ [ [ -122.398059411849488, 37.740870636941445 ], [ -122.398237566130177, 37.739745815081918 ], [ -122.398754589989963, 37.738731098623099 ], [ -122.399559873531146, 37.737925815081923 ], [ -122.400574589989972, 37.73740879122213 ], [ -122.401699411849492, 37.737230636941447 ], [ -122.402824233709012, 37.73740879122213 ], [ -122.403838950167838, 37.737925815081923 ], [ -122.404644233709021, 37.738731098623099 ], [ -122.405161257568807, 37.739745815081918 ], [ -122.405339411849496, 37.740870636941445 ], [ -122.405161257568807, 37.741995458800972 ], [ -122.404644233709021, 37.743010175259791 ], [ -122.403838950167838, 37.743815458800967 ], [ -122.402824233709012, 37.744332482660759 ], [ -122.401699411849492, 37.744510636941442 ], [ -122.400574589989972, 37.744332482660759 ], [ -122.399559873531146, 37.743815458800967 ], [ -122.398754589989963, 37.743010175259791 ], [ -122.398237566130177, 37.741995458800972 ], [ -122.398059411849488, 37.740870636941445 ] ] ] ] } },
{ "type": "Feature", "properties": { "id": null, "id_2": 7770, "name": "16th Street & Rhode Island St", "modes": null, "routes": null, "nameLength": null, "stop_lat": 37.76611, "stop_lon": -122.402822, "n": 1, "distance": 0.00044856077291359524, "feature_x": -122.40239261716944, "feature_y": 37.765980241948931, "nearest_x": -122.402822, "nearest_y": 37.76611 }, "geometry": { "type": "MultiPolygon", "coordinates": [ [ [ [ -122.398752617169436, 37.765980241948931 ], [ -122.398930771450125, 37.764855420089404 ], [ -122.399447795309911, 37.763840703630585 ], [ -122.400253078851094, 37.763035420089409 ], [ -122.40126779530992, 37.762518396229616 ], [ -122.40239261716944, 37.762340241948934 ], [ -122.40351743902896, 37.762518396229616 ], [ -122.404532155487786, 37.763035420089409 ], [ -122.405337439028969, 37.763840703630585 ], [ -122.405854462888755, 37.764855420089404 ], [ -122.406032617169444, 37.765980241948931 ], [ -122.405854462888755, 37.767105063808458 ], [ -122.405337439028969, 37.768119780267277 ], [ -122.404532155487786, 37.768925063808453 ], [ -122.40351743902896, 37.769442087668246 ], [ -122.40239261716944, 37.769620241948928 ], [ -122.40126779530992, 37.769442087668246 ], [ -122.400253078851094, 37.768925063808453 ], [ -122.399447795309911, 37.768119780267277 ], [ -122.398930771450125, 37.767105063808458 ], [ -122.398752617169436, 37.765980241948931 ] ] ] ] } },
{ "type": "Feature", "properties": { "id": null, "id_2": 7544, "name": "Connecticut St & 19th St", "modes": null, "routes": null, "nameLength": null, "stop_lat": 37.761326, "stop_lon": -122.397473, "n": 1, "distance": 0.00023230330574034634, "feature_x": -122.39728138327692, "feature_y": 37.761457331097958, "nearest_x": -122.397473, "nearest_y": 37.761326 }, "geometry": { "type": "MultiPolygon", "coordinates": [ [ [ [ -122.393641383276915, 37.761457331097958 ], [ -122.393819537557604, 37.760332509238431 ], [ -122.39433656141739, 37.759317792779612 ], [ -122.395141844958573, 37.758512509238436 ], [ -122.396156561417399, 37.757995485378643 ], [ -122.397281383276919, 37.757817331097961 ], [ -122.398406205136439, 37.757995485378643 ], [ -122.399420921595265, 37.758512509238436 ], [ -122.400226205136448, 37.759317792779612 ], [ -122.400743228996234, 37.760332509238431 ], [ -122.400921383276923, 37.761457331097958 ], [ -122.400743228996234, 37.762582152957485 ], [ -122.400226205136448, 37.763596869416304 ], [ -122.399420921595265, 37.76440215295748 ], [ -122.398406205136439, 37.764919176817273 ], [ -122.397281383276919, 37.765097331097955 ], [ -122.396156561417399, 37.764919176817273 ], [ -122.395141844958573, 37.76440215295748 ], [ -122.39433656141739, 37.763596869416304 ], [ -122.393819537557604, 37.762582152957485 ], [ -122.393641383276915, 37.761457331097958 ] ] ] ] } },
{ "type": "Feature", "properties": { "id": null, "id_2": 6198, "name": "Rhode Island St & 24th St", "modes": null, "routes": null, "nameLength": null, "stop_lat": 37.75352, "stop_lon": -122.40161, "n": 1, "distance": 0.0004624437242105181, "feature_x": -122.40119106128137, "feature_y": 37.753324182360124, "nearest_x": -122.40161, "nearest_y": 37.75352 }, "geometry": { "type": "MultiPolygon", "coordinates": [ [ [ [ -122.397551061281362, 37.753324182360124 ], [ -122.397729215562052, 37.752199360500597 ], [ -122.398246239421837, 37.751184644041778 ], [ -122.39905152296302, 37.750379360500602 ], [ -122.400066239421847, 37.74986233664081 ], [ -122.401191061281367, 37.749684182360127 ], [ -122.402315883140886, 37.74986233664081 ], [ -122.403330599599713, 37.750379360500602 ], [ -122.404135883140896, 37.751184644041778 ], [ -122.404652907000681, 37.752199360500597 ], [ -122.404831061281371, 37.753324182360124 ], [ -122.404652907000681, 37.754449004219651 ], [ -122.404135883140896, 37.75546372067847 ], [ -122.403330599599713, 37.756269004219646 ], [ -122.402315883140886, 37.756786028079439 ], [ -122.401191061281367, 37.756964182360122 ], [ -122.400066239421847, 37.756786028079439 ], [ -122.39905152296302, 37.756269004219646 ], [ -122.398246239421837, 37.75546372067847 ], [ -122.397729215562052, 37.754449004219651 ], [ -122.397551061281362, 37.753324182360124 ] ] ] ] } },
{ "type": "Feature", "properties": { "id": null, "id_2": 4729, "name": "Marina Blvd & Laguna St", "modes": null, "routes": null, "nameLength": null, "stop_lat": 37.805118, "stop_lon": -122.432185, "n": 1, "distance": 0.00020684916605940681, "feature_x": -122.43221893140334, "feature_y": 37.804913952855038, "nearest_x": -122.432185, "nearest_y": 37.805118 }, "geometry": { "type": "MultiPolygon", "coordinates": [ [ [ [ -122.428578931403337, 37.804913952855038 ], [ -122.428757085684026, 37.803789130995511 ], [ -122.429274109543812, 37.802774414536692 ], [ -122.430079393084995, 37.801969130995516 ], [ -122.431094109543821, 37.801452107135724 ], [ -122.432218931403341, 37.801273952855041 ], [ -122.433343753262861, 37.801452107135724 ], [ -122.434358469721687, 37.801969130995516 ], [ -122.43516375326287, 37.802774414536692 ], [ -122.435680777122656, 37.803789130995511 ], [ -122.435858931403345, 37.804913952855038 ], [ -122.435680777122656, 37.806038774714565 ], [ -122.43516375326287, 37.807053491173384 ], [ -122.434358469721687, 37.80785877471456 ], [ -122.433343753262861, 37.808375798574353 ], [ -122.432218931403341, 37.808553952855036 ], [ -122.431094109543821, 37.808375798574353 ], [ -122.430079393084995, 37.80785877471456 ], [ -122.429274109543812, 37.807053491173384 ], [ -122.428757085684026, 37.806038774714565 ], [ -122.428578931403337, 37.804913952855038 ] ] ] ] } },
{ "type": "Feature", "properties": { "id": null, "id_2": 4608, "name": "Fillmore St & Chestnut St", "modes": null, "routes": null, "nameLength": null, "stop_lat": 37.801091, "stop_lon": -122.436229, "n": 1, "distance": 5.5909340799311077e-05, "feature_x": -122.43623952225911, "feature_y": 37.801036089741835, "nearest_x": -122.436229, "nearest_y": 37.801091 }, "geometry": { "type": "MultiPolygon", "coordinates": [ [ [ [ -122.43259952225911, 37.801036089741835 ], [ -122.4327776765398, 37.799911267882308 ], [ -122.433294700399586, 37.798896551423489 ], [ -122.434099983940769, 37.798091267882313 ], [ -122.435114700399595, 37.79757424402252 ], [ -122.436239522259115, 37.797396089741838 ], [ -122.437364344118635, 37.79757424402252 ], [ -122.438379060577461, 37.798091267882313 ], [ -122.439184344118644, 37.798896551423489 ], [ -122.439701367978429, 37.799911267882308 ], [ -122.439879522259119, 37.801036089741835 ], [ -122.439701367978429, 37.802160911601362 ], [ -122.439184344118644, 37.803175628060181 ], [ -122.438379060577461, 37.803980911601357 ], [ -122.437364344118635, 37.80449793546115 ], [ -122.436239522259115, 37.804676089741832 ], [ -122.435114700399595, 37.80449793546115 ], [ -122.434099983940769, 37.803980911601357 ], [ -122.433294700399586, 37.803175628060181 ], [ -122.4327776765398, 37.802160911601362 ], [ -122.43259952225911, 37.801036089741835 ] ] ] ] } },
{ "type": "Feature", "properties": { "id": null, "id_2": 4638, "name": "Fillmore St & Sacramento St", "modes": null, "routes": null, "nameLength": null, "stop_lat": 37.789744, "stop_lon": -122.433947, "n": 1, "distance": 7.4179929022866648e-05, "feature_x": -122.43399353702235, "feature_y": 37.789686233509528, "nearest_x": -122.433947, "nearest_y": 37.789744 }, "geometry": { "type": "MultiPolygon", "coordinates": [ [ [ [ -122.430353537022341, 37.789686233509528 ], [ -122.430531691303031, 37.788561411650001 ], [ -122.431048715162817, 37.787546695191182 ], [ -122.431853998704, 37.786741411650006 ], [ -122.432868715162826, 37.786224387790213 ], [ -122.433993537022346, 37.786046233509531 ], [ -122.435118358881866, 37.786224387790213 ], [ -122.436133075340692, 37.786741411650006 ], [ -122.436938358881875, 37.787546695191182 ], [ -122.437455382741661, 37.788561411650001 ], [ -122.43763353702235, 37.789686233509528 ], [ -122.437455382741661, 37.790811055369055 ], [ -122.436938358881875, 37.791825771827874 ], [ -122.436133075340692, 37.79263105536905 ], [ -122.435118358881866, 37.793148079228843 ], [ -122.433993537022346, 37.793326233509525 ], [ -122.432868715162826, 37.793148079228843 ], [ -122.431853998704, 37.79263105536905 ], [ -122.431048715162817, 37.791825771827874 ], [ -122.430531691303031, 37.790811055369055 ], [ -122.430353537022341, 37.789686233509528 ] ] ] ] } },
{ "type": "Feature", "properties": { "id": null, "id_2": 6309, "name": "Sacramento St & Octavia St", "modes": null, "routes": null, "nameLength": null, "stop_lat": 37.79076, "stop_lon": -122.42746, "n": 1, "distance": 3.8049457885291336e-05, "feature_x": -122.42742195058919, "feature_y": 37.790759940143431, "nearest_x": -122.42746, "nearest_y": 37.79076 }, "geometry": { "type": "MultiPolygon", "coordinates": [ [ [ [ -122.423781950589188, 37.790759940143431 ], [ -122.423960104869877, 37.789635118283904 ], [ -122.424477128729663, 37.788620401825085 ], [ -122.425282412270846, 37.787815118283909 ], [ -122.426297128729672, 37.787298094424116 ], [ -122.427421950589192, 37.787119940143434 ], [ -122.428546772448712, 37.787298094424116 ], [ -122.429561488907538, 37.787815118283909 ], [ -122.430366772448721, 37.788620401825085 ], [ -122.430883796308507, 37.789635118283904 ], [ -122.431061950589196, 37.790759940143431 ], [ -122.430883796308507, 37.791884762002958 ], [ -122.430366772448721, 37.792899478461777 ], [ -122.429561488907538, 37.793704762002953 ], [ -122.428546772448712, 37.794221785862746 ], [ -122.427421950589192, 37.794399940143428 ], [ -122.426297128729672, 37.794221785862746 ], [ -122.425282412270846, 37.793704762002953 ], [ -122.424477128729663, 37.792899478461777 ], [ -122.423960104869877, 37.791884762002958 ], [ -122.423781950589188, 37.790759940143431 ] ] ] ] } },
{ "type": "Feature", "properties": { "id": null, "id_2": 5161, "name": "Jackson St & Scott St", "modes": null, "routes": null, "nameLength": null, "stop_lat": 37.791772, "stop_lon": -122.439612, "n": 1, "distance": 7.4962696088828171e-05, "feature_x": -122.43953917958203, "feature_y": 37.791789793047286, "nearest_x": -122.439612, "nearest_y": 37.791772 }, "geometry": { "type": "MultiPolygon", "coordinates": [ [ [ [ -122.435899179582023, 37.791789793047286 ], [ -122.436077333862713, 37.790664971187759 ], [ -122.436594357722498, 37.78965025472894 ], [ -122.437399641263681, 37.788844971187764 ], [ -122.438414357722507, 37.788327947327971 ], [ -122.439539179582027, 37.788149793047289 ], [ -122.440664001441547, 37.788327947327971 ], [ -122.441678717900373, 37.788844971187764 ], [ -122.442484001441557, 37.78965025472894 ], [ -122.443001025301342, 37.790664971187759 ], [ -122.443179179582032, 37.791789793047286 ], [ -122.443001025301342, 37.792914614906813 ], [ -122.442484001441557, 37.793929331365632 ], [ -122.441678717900373, 37.794734614906808 ], [ -122.440664001441547, 37.795251638766601 ], [ -122.439539179582027, 37.795429793047283 ], [ -122.438414357722507, 37.795251638766601 ], [ -122.437399641263681, 37.794734614906808 ], [ -122.436594357722498, 37.793929331365632 ], [ -122.436077333862713, 37.792914614906813 ], [ -122.435899179582023, 37.791789793047286 ] ] ] ] } },
{ "type": "Feature", "properties": { "id": null, "id_2": 8012, "name": "Lyon St & Union St", "modes": null, "routes": null, "nameLength": null, "stop_lat": 37.795724, "stop_lon": -122.446965, "n": 1, "distance": 6.8649026865052351e-05, "feature_x": -122.44689639871144, "feature_y": 37.795726559706488, "nearest_x": -122.446965, "nearest_y": 37.795724 }, "geometry": { "type": "MultiPolygon", "coordinates": [ [ [ [ -122.443256398711441, 37.795726559706488 ], [ -122.44343455299213, 37.794601737846961 ], [ -122.443951576851916, 37.793587021388142 ], [ -122.444756860393099, 37.792781737846965 ], [ -122.445771576851925, 37.792264713987173 ], [ -122.446896398711445, 37.79208655970649 ], [ -122.448021220570965, 37.792264713987173 ], [ -122.449035937029791, 37.792781737846965 ], [ -122.449841220570974, 37.793587021388142 ], [ -122.45035824443076, 37.794601737846961 ], [ -122.450536398711449, 37.795726559706488 ], [ -122.45035824443076, 37.796851381566015 ], [ -122.449841220570974, 37.797866098024834 ], [ -122.449035937029791, 37.79867138156601 ], [ -122.448021220570965, 37.799188405425802 ], [ -122.446896398711445, 37.799366559706485 ], [ -122.445771576851925, 37.799188405425802 ], [ -122.444756860393099, 37.79867138156601 ], [ -122.443951576851916, 37.797866098024834 ], [ -122.44343455299213, 37.796851381566015 ], [ -122.443256398711441, 37.795726559706488 ] ] ] ] } },
{ "type": "Feature", "properties": { "id": null, "id_2": 8023, "name": "Mason St - Yacht/Girard", "modes": null, "routes": null, "nameLength": null, "stop_lat": 37.805021, "stop_lon": -122.448502, "n": 1, "distance": 0.00017115497748963434, "feature_x": -122.44848614957833, "feature_y": 37.805191419454445, "nearest_x": -122.448502, "nearest_y": 37.805021 }, "geometry": { "type": "MultiPolygon", "coordinates": [ [ [ [ -122.444846149578325, 37.805191419454445 ], [ -122.445024303859014, 37.804066597594918 ], [ -122.4455413277188, 37.803051881136099 ], [ -122.446346611259983, 37.802246597594923 ], [ -122.447361327718809, 37.80172957373513 ], [ -122.448486149578329, 37.801551419454448 ], [ -122.449610971437849, 37.80172957373513 ], [ -122.450625687896675, 37.802246597594923 ], [ -122.451430971437858, 37.803051881136099 ], [ -122.451947995297644, 37.804066597594918 ], [ -122.452126149578334, 37.805191419454445 ], [ -122.451947995297644, 37.806316241313972 ], [ -122.451430971437858, 37.807330957772791 ], [ -122.450625687896675, 37.808136241313967 ], [ -122.449610971437849, 37.80865326517376 ], [ -122.448486149578329, 37.808831419454442 ], [ -122.447361327718809, 37.80865326517376 ], [ -122.446346611259983, 37.808136241313967 ], [ -122.4455413277188, 37.807330957772791 ], [ -122.445024303859014, 37.806316241313972 ], [ -122.444846149578325, 37.805191419454445 ] ] ] ] } },
{ "type": "Feature", "properties": { "id": null, "id_2": 8152, "name": "Mason St - Sports Basement", "modes": null, "routes": null, "nameLength": null, "stop_lat": 37.803565, "stop_lon": -122.458967, "n": 1, "distance": 5.5847737727723849e-05, "feature_x": -122.4589119575908, "feature_y": 37.803555549973616, "nearest_x": -122.458967, "nearest_y": 37.803565 }, "geometry": { "type": "MultiPolygon", "coordinates": [ [ [ [ -122.455271957590796, 37.803555549973616 ], [ -122.455450111871485, 37.802430728114089 ], [ -122.455967135731271, 37.80141601165527 ], [ -122.456772419272454, 37.800610728114094 ], [ -122.45778713573128, 37.800093704254301 ], [ -122.4589119575908, 37.799915549973619 ], [ -122.46003677945032, 37.800093704254301 ], [ -122.461051495909146, 37.800610728114094 ], [ -122.461856779450329, 37.80141601165527 ], [ -122.462373803310115, 37.802430728114089 ], [ -122.462551957590804, 37.803555549973616 ], [ -122.462373803310115, 37.804680371833143 ], [ -122.461856779450329, 37.805695088291962 ], [ -122.461051495909146, 37.806500371833138 ], [ -122.46003677945032, 37.807017395692931 ], [ -122.4589119575908, 37.807195549973613 ], [ -122.45778713573128, 37.807017395692931 ], [ -122.456772419272454, 37.806500371833138 ], [ -122.455967135731271, 37.805695088291962 ], [ -122.455450111871485, 37.804680371833143 ], [ -122.455271957590796, 37.803555549973616 ] ] ] ] } },
{ "type": "Feature", "properties": { "id": null, "id_2": 5269, "name": "Lincoln Blvd & Pershing Dr", "modes": null, "routes": null, "nameLength": null, "stop_lat": 37.792088, "stop_lon": -122.480968, "n": 1, "distance": 0.00031243750586148339, "feature_x": -122.48102058592885, "feature_y": 37.792395980381123, "nearest_x": -122.480968, "nearest_y": 37.792088 }, "geometry": { "type": "MultiPolygon", "coordinates": [ [ [ [ -122.477380585928842, 37.792395980381123 ], [ -122.477558740209531, 37.791271158521596 ], [ -122.478075764069317, 37.790256442062777 ], [ -122.4788810476105, 37.789451158521601 ], [ -122.479895764069326, 37.788934134661808 ], [ -122.481020585928846, 37.788755980381126 ], [ -122.482145407788366, 37.788934134661808 ], [ -122.483160124247192, 37.789451158521601 ], [ -122.483965407788375, 37.790256442062777 ], [ -122.484482431648161, 37.791271158521596 ], [ -122.48466058592885, 37.792395980381123 ], [ -122.484482431648161, 37.79352080224065 ], [ -122.483965407788375, 37.794535518699469 ], [ -122.483160124247192, 37.795340802240645 ], [ -122.482145407788366, 37.795857826100438 ], [ -122.481020585928846, 37.79603598038112 ], [ -122.479895764069326, 37.795857826100438 ], [ -122.4788810476105, 37.795340802240645 ], [ -122.478075764069317, 37.794535518699469 ], [ -122.477558740209531, 37.79352080224065 ], [ -122.477380585928842, 37.792395980381123 ] ] ] ] } },
{ "type": "Feature", "properties": { "id": null, "id_2": 4874, "name": "Legion of Honor", "modes": null, "routes": null, "nameLength": null, "stop_lat": 37.78498, "stop_lon": -122.49969, "n": 1, "distance": 0.00015801655956441406, "feature_x": -122.49980182873129, "feature_y": 37.78509164035092, "nearest_x": -122.49969, "nearest_y": 37.78498 }, "geometry": { "type": "MultiPolygon", "coordinates": [ [ [ [ -122.496161828731289, 37.78509164035092 ], [ -122.496339983011978, 37.783966818491393 ], [ -122.496857006871764, 37.782952102032574 ], [ -122.497662290412947, 37.782146818491398 ], [ -122.498677006871773, 37.781629794631606 ], [ -122.499801828731293, 37.781451640350923 ], [ -122.500926650590813, 37.781629794631606 ], [ -122.501941367049639, 37.782146818491398 ], [ -122.502746650590822, 37.782952102032574 ], [ -122.503263674450608, 37.783966818491393 ], [ -122.503441828731297, 37.78509164035092 ], [ -122.503263674450608, 37.786216462210447 ], [ -122.502746650590822, 37.787231178669266 ], [ -122.501941367049639, 37.788036462210442 ], [ -122.500926650590813, 37.788553486070235 ], [ -122.499801828731293, 37.788731640350917 ], [ -122.498677006871773, 37.788553486070235 ], [ -122.497662290412947, 37.788036462210442 ], [ -122.496857006871764, 37.787231178669266 ], [ -122.496339983011978, 37.786216462210447 ], [ -122.496161828731289, 37.78509164035092 ] ] ] ] } },
{ "type": "Feature", "properties": { "id": null, "id_2": 3567, "name": "43rd Ave & Clement St", "modes": null, "routes": null, "nameLength": null, "stop_lat": 37.781007, "stop_lon": -122.504232, "n": 1, "distance": 8.8465944039746252e-06, "feature_x": -122.50423834277886, "feature_y": 37.781000833040551, "nearest_x": -122.504232, "nearest_y": 37.781007 }, "geometry": { "type": "MultiPolygon", "coordinates": [ [ [ [ -122.500598342778858, 37.781000833040551 ], [ -122.500776497059547, 37.779876011181024 ], [ -122.501293520919333, 37.778861294722205 ], [ -122.502098804460516, 37.778056011181029 ], [ -122.503113520919342, 37.777538987321236 ], [ -122.504238342778862, 37.777360833040554 ], [ -122.505363164638382, 37.777538987321236 ], [ -122.506377881097208, 37.778056011181029 ], [ -122.507183164638391, 37.778861294722205 ], [ -122.507700188498177, 37.779876011181024 ], [ -122.507878342778866, 37.781000833040551 ], [ -122.507700188498177, 37.782125654900078 ], [ -122.507183164638391, 37.783140371358897 ], [ -122.506377881097208, 37.783945654900073 ], [ -122.505363164638382, 37.784462678759866 ], [ -122.504238342778862, 37.784640833040548 ], [ -122.503113520919342, 37.784462678759866 ], [ -122.502098804460516, 37.783945654900073 ], [ -122.501293520919333, 37.783140371358897 ], [ -122.500776497059547, 37.782125654900078 ], [ -122.500598342778858, 37.781000833040551 ] ] ] ] } },
{ "type": "Feature", "properties": { "id": null, "id_2": 4843, "name": "La Playa St & Cabrillo St", "modes": null, "routes": null, "nameLength": null, "stop_lat": 37.773214, "stop_lon": -122.51006, "n": 1, "distance": 0.00012661753924619849, "feature_x": -122.51018142305534, "feature_y": 37.773249894886476, "nearest_x": -122.51006, "nearest_y": 37.773214 }, "geometry": { "type": "MultiPolygon", "coordinates": [ [ [ [ -122.506541423055339, 37.773249894886476 ], [ -122.506719577336028, 37.772125073026949 ], [ -122.507236601195814, 37.77111035656813 ], [ -122.508041884736997, 37.770305073026954 ], [ -122.509056601195823, 37.769788049167161 ], [ -122.510181423055343, 37.769609894886479 ], [ -122.511306244914863, 37.769788049167161 ], [ -122.512320961373689, 37.770305073026954 ], [ -122.513126244914872, 37.77111035656813 ], [ -122.513643268774658, 37.772125073026949 ], [ -122.513821423055347, 37.773249894886476 ], [ -122.513643268774658, 37.774374716746003 ], [ -122.513126244914872, 37.775389433204822 ], [ -122.512320961373689, 37.776194716745998 ], [ -122.511306244914863, 37.776711740605791 ], [ -122.510181423055343, 37.776889894886473 ], [ -122.509056601195823, 37.776711740605791 ], [ -122.508041884736997, 37.776194716745998 ], [ -122.507236601195814, 37.775389433204822 ], [ -122.506719577336028, 37.774374716746003 ], [ -122.506541423055339, 37.773249894886476 ] ] ] ] } },
{ "type": "Feature", "properties": { "id": null, "id_2": 3608, "name": "48th Ave & Point Lobos Ave", "modes": null, "routes": null, "nameLength": null, "stop_lat": 37.779023, "stop_lon": -122.509411, "n": 1, "distance": 2.5295296567557215e-05, "feature_x": -122.50943276130978, "feature_y": 37.779035895635893, "nearest_x": -122.509411, "nearest_y": 37.779023 }, "geometry": { "type": "MultiPolygon", "coordinates": [ [ [ [ -122.505792761309777, 37.779035895635893 ], [ -122.505970915590467, 37.777911073776366 ], [ -122.506487939450253, 37.776896357317547 ], [ -122.507293222991436, 37.776091073776371 ], [ -122.508307939450262, 37.775574049916578 ], [ -122.509432761309782, 37.775395895635896 ], [ -122.510557583169302, 37.775574049916578 ], [ -122.511572299628128, 37.776091073776371 ], [ -122.512377583169311, 37.776896357317547 ], [ -122.512894607029097, 37.777911073776366 ], [ -122.513072761309786, 37.779035895635893 ], [ -122.512894607029097, 37.78016071749542 ], [ -122.512377583169311, 37.781175433954239 ], [ -122.511572299628128, 37.781980717495415 ], [ -122.510557583169302, 37.782497741355208 ], [ -122.509432761309782, 37.78267589563589 ], [ -122.508307939450262, 37.782497741355208 ], [ -122.507293222991436, 37.781980717495415 ], [ -122.506487939450253, 37.781175433954239 ], [ -122.505970915590467, 37.78016071749542 ], [ -122.505792761309777, 37.779035895635893 ] ] ] ] } },
{ "type": "Feature", "properties": { "id": null, "id_2": 4780, "name": "Great Hwy near Beach Chalet", "modes": null, "routes": null, "nameLength": null, "stop_lat": 37.76737, "stop_lon": -122.510456, "n": 1, "distance": 0.0002585787409870047, "feature_x": -122.5102368794809, "feature_y": 37.767507292255416, "nearest_x": -122.510456, "nearest_y": 37.76737 }, "geometry": { "type": "MultiPolygon", "coordinates": [ [ [ [ -122.506596879480895, 37.767507292255416 ], [ -122.506775033761585, 37.766382470395889 ], [ -122.50729205762137, 37.76536775393707 ], [ -122.508097341162554, 37.764562470395894 ], [ -122.50911205762138, 37.764045446536102 ], [ -122.5102368794809, 37.763867292255419 ], [ -122.511361701340419, 37.764045446536102 ], [ -122.512376417799246, 37.764562470395894 ], [ -122.513181701340429, 37.76536775393707 ], [ -122.513698725200214, 37.766382470395889 ], [ -122.513876879480904, 37.767507292255416 ], [ -122.513698725200214, 37.768632114114943 ], [ -122.513181701340429, 37.769646830573762 ], [ -122.512376417799246, 37.770452114114939 ], [ -122.511361701340419, 37.770969137974731 ], [ -122.5102368794809, 37.771147292255414 ], [ -122.50911205762138, 37.770969137974731 ], [ -122.508097341162554, 37.770452114114939 ], [ -122.50729205762137, 37.769646830573762 ], [ -122.506775033761585, 37.768632114114943 ], [ -122.506596879480895, 37.767507292255416 ] ] ] ] } },
{ "type": "Feature", "properties": { "id": null, "id_2": 7729, "name": "Fulton St & 40th Ave", "modes": null, "routes": null, "nameLength": null, "stop_lat": 37.77188, "stop_lon": -122.50034, "n": 1, "distance": 0.00044373464358240551, "feature_x": -122.50067064606539, "feature_y": 37.772175928392279, "nearest_x": -122.50034, "nearest_y": 37.77188 }, "geometry": { "type": "MultiPolygon", "coordinates": [ [ [ [ -122.497030646065383, 37.772175928392279 ], [ -122.497208800346073, 37.771051106532752 ], [ -122.497725824205858, 37.770036390073933 ], [ -122.498531107747041, 37.769231106532757 ], [ -122.499545824205867, 37.768714082672965 ], [ -122.500670646065387, 37.768535928392282 ], [ -122.501795467924907, 37.768714082672965 ], [ -122.502810184383733, 37.769231106532757 ], [ -122.503615467924917, 37.770036390073933 ], [ -122.504132491784702, 37.771051106532752 ], [ -122.504310646065392, 37.772175928392279 ], [ -122.504132491784702, 37.773300750251806 ], [ -122.503615467924917, 37.774315466710625 ], [ -122.502810184383733, 37.775120750251801 ], [ -122.501795467924907, 37.775637774111594 ], [ -122.500670646065387, 37.775815928392277 ], [ -122.499545824205867, 37.775637774111594 ], [ -122.498531107747041, 37.775120750251801 ], [ -122.497725824205858, 37.774315466710625 ], [ -122.497208800346073, 37.773300750251806 ], [ -122.497030646065383, 37.772175928392279 ] ] ] ] } },
{ "type": "Feature", "properties": { "id": null, "id_2": 4211, "name": "Fulton St & 33rd Ave", "modes": null, "routes": null, "nameLength": null, "stop_lat": 37.77223, "stop_lon": -122.49318, "n": 1, "distance": 0.00015308225605279946, "feature_x": -122.49332266967382, "feature_y": 37.772285493614859, "nearest_x": -122.49318, "nearest_y": 37.77223 }, "geometry": { "type": "MultiPolygon", "coordinates": [ [ [ [ -122.489682669673812, 37.772285493614859 ], [ -122.489860823954501, 37.771160671755332 ], [ -122.490377847814287, 37.770145955296513 ], [ -122.49118313135547, 37.769340671755337 ], [ -122.492197847814296, 37.768823647895545 ], [ -122.493322669673816, 37.768645493614862 ], [ -122.494447491533336, 37.768823647895545 ], [ -122.495462207992162, 37.769340671755337 ], [ -122.496267491533345, 37.770145955296513 ], [ -122.496784515393131, 37.771160671755332 ], [ -122.49696266967382, 37.772285493614859 ], [ -122.496784515393131, 37.773410315474386 ], [ -122.496267491533345, 37.774425031933205 ], [ -122.495462207992162, 37.775230315474381 ], [ -122.494447491533336, 37.775747339334174 ], [ -122.493322669673816, 37.775925493614857 ], [ -122.492197847814296, 37.775747339334174 ], [ -122.49118313135547, 37.775230315474381 ], [ -122.490377847814287, 37.774425031933205 ], [ -122.489860823954501, 37.773410315474386 ], [ -122.489682669673812, 37.772285493614859 ] ] ] ] } },
{ "type": "Feature", "properties": { "id": null, "id_2": 4751, "name": "Fulton St & 28th Ave", "modes": null, "routes": null, "nameLength": null, "stop_lat": 37.77235, "stop_lon": -122.48717, "n": 1, "distance": 0.00028169059008408486, "feature_x": -122.48693824867691, "feature_y": 37.772510127801411, "nearest_x": -122.48717, "nearest_y": 37.77235 }, "geometry": { "type": "MultiPolygon", "coordinates": [ [ [ [ -122.483298248676903, 37.772510127801411 ], [ -122.483476402957592, 37.771385305941884 ], [ -122.483993426817378, 37.770370589483065 ], [ -122.484798710358561, 37.769565305941889 ], [ -122.485813426817387, 37.769048282082096 ], [ -122.486938248676907, 37.768870127801414 ], [ -122.488063070536427, 37.769048282082096 ], [ -122.489077786995253, 37.769565305941889 ], [ -122.489883070536436, 37.770370589483065 ], [ -122.490400094396222, 37.771385305941884 ], [ -122.490578248676911, 37.772510127801411 ], [ -122.490400094396222, 37.773634949660938 ], [ -122.489883070536436, 37.774649666119757 ], [ -122.489077786995253, 37.775454949660933 ], [ -122.488063070536427, 37.775971973520726 ], [ -122.486938248676907, 37.776150127801408 ], [ -122.485813426817387, 37.775971973520726 ], [ -122.484798710358561, 37.775454949660933 ], [ -122.483993426817378, 37.774649666119757 ], [ -122.483476402957592, 37.773634949660938 ], [ -122.483298248676903, 37.772510127801411 ] ] ] ] } },
{ "type": "Feature", "properties": { "id": null, "id_2": 4747, "name": "Fulton St & 22nd Ave", "modes": null, "routes": null, "nameLength": null, "stop_lat": 37.77266, "stop_lon": -122.48061, "n": 1, "distance": 8.4915862657844568e-05, "feature_x": -122.48060061903927, "feature_y": 37.7727443960977, "nearest_x": -122.48061, "nearest_y": 37.77266 }, "geometry": { "type": "MultiPolygon", "coordinates": [ [ [ [ -122.476960619039261, 37.7727443960977 ], [ -122.47713877331995, 37.771619574238173 ], [ -122.477655797179736, 37.770604857779354 ], [ -122.478461080720919, 37.769799574238178 ], [ -122.479475797179745, 37.769282550378385 ], [ -122.480600619039265, 37.769104396097703 ], [ -122.481725440898785, 37.769282550378385 ], [ -122.482740157357611, 37.769799574238178 ], [ -122.483545440898794, 37.770604857779354 ], [ -122.48406246475858, 37.771619574238173 ], [ -122.484240619039269, 37.7727443960977 ], [ -122.48406246475858, 37.773869217957227 ], [ -122.483545440898794, 37.774883934416046 ], [ -122.482740157357611, 37.775689217957222 ], [ -122.481725440898785, 37.776206241817015 ], [ -122.480600619039265, 37.776384396097697 ], [ -122.479475797179745, 37.776206241817015 ], [ -122.478461080720919, 37.775689217957222 ], [ -122.477655797179736, 37.774883934416046 ], [ -122.47713877331995, 37.773869217957227 ], [ -122.476960619039261, 37.7727443960977 ] ] ] ] } },
{ "type": "Feature", "properties": { "id": null, "id_2": 5951, "name": "Park Presidio Blvd & Fulton St", "modes": null, "routes": null, "nameLength": null, "stop_lat": 37.77327, "stop_lon": -122.47191, "n": 1, "distance": 0.00050580573900936218, "feature_x": -122.47181944064859, "feature_y": 37.773767632846067, "nearest_x": -122.47191, "nearest_y": 37.77327 }, "geometry": { "type": "MultiPolygon", "coordinates": [ [ [ [ -122.468179440648584, 37.773767632846067 ], [ -122.468357594929273, 37.77264281098654 ], [ -122.468874618789059, 37.771628094527721 ], [ -122.469679902330242, 37.770822810986544 ], [ -122.470694618789068, 37.770305787126752 ], [ -122.471819440648588, 37.770127632846069 ], [ -122.472944262508108, 37.770305787126752 ], [ -122.473958978966934, 37.770822810986544 ], [ -122.474764262508117, 37.771628094527721 ], [ -122.475281286367903, 37.77264281098654 ], [ -122.475459440648592, 37.773767632846067 ], [ -122.475281286367903, 37.774892454705594 ], [ -122.474764262508117, 37.775907171164413 ], [ -122.473958978966934, 37.776712454705589 ], [ -122.472944262508108, 37.777229478565381 ], [ -122.471819440648588, 37.777407632846064 ], [ -122.470694618789068, 37.777229478565381 ], [ -122.469679902330242, 37.776712454705589 ], [ -122.468874618789059, 37.775907171164413 ], [ -122.468357594929273, 37.774892454705594 ], [ -122.468179440648584, 37.773767632846067 ] ] ] ] } },
{ "type": "Feature", "properties": { "id": null, "id_2": 3070, "name": "Balboa St & Park Presidio Blvd", "modes": null, "routes": null, "nameLength": null, "stop_lat": 37.776895, "stop_lon": -122.472227, "n": 1, "distance": 0.00010911031423733479, "feature_x": -122.47233414559877, "feature_y": 37.776874387350027, "nearest_x": -122.472227, "nearest_y": 37.776895 }, "geometry": { "type": "MultiPolygon", "coordinates": [ [ [ [ -122.468694145598761, 37.776874387350027 ], [ -122.46887229987945, 37.7757495654905 ], [ -122.469389323739236, 37.774734849031681 ], [ -122.470194607280419, 37.773929565490505 ], [ -122.471209323739245, 37.773412541630712 ], [ -122.472334145598765, 37.77323438735003 ], [ -122.473458967458285, 37.773412541630712 ], [ -122.474473683917111, 37.773929565490505 ], [ -122.475278967458294, 37.774734849031681 ], [ -122.47579599131808, 37.7757495654905 ], [ -122.475974145598769, 37.776874387350027 ], [ -122.47579599131808, 37.777999209209554 ], [ -122.475278967458294, 37.779013925668373 ], [ -122.474473683917111, 37.779819209209549 ], [ -122.473458967458285, 37.780336233069342 ], [ -122.472334145598765, 37.780514387350024 ], [ -122.471209323739245, 37.780336233069342 ], [ -122.470194607280419, 37.779819209209549 ], [ -122.469389323739236, 37.779013925668373 ], [ -122.46887229987945, 37.777999209209554 ], [ -122.468694145598761, 37.776874387350027 ] ] ] ] } },
{ "type": "Feature", "properties": { "id": null, "id_2": 3049, "name": "Balboa St & 23rd Ave", "modes": null, "routes": null, "nameLength": null, "stop_lat": 37.77647, "stop_lon": -122.48219, "n": 1, "distance": 2.9767615933201233e-05, "feature_x": -122.48216033100917, "feature_y": 37.776467578855389, "nearest_x": -122.48219, "nearest_y": 37.77647 }, "geometry": { "type": "MultiPolygon", "coordinates": [ [ [ [ -122.478520331009165, 37.776467578855389 ], [ -122.478698485289854, 37.775342756995862 ], [ -122.47921550914964, 37.774328040537043 ], [ -122.480020792690823, 37.773522756995867 ], [ -122.481035509149649, 37.773005733136074 ], [ -122.482160331009169, 37.772827578855392 ], [ -122.483285152868689, 37.773005733136074 ], [ -122.484299869327515, 37.773522756995867 ], [ -122.485105152868698, 37.774328040537043 ], [ -122.485622176728484, 37.775342756995862 ], [ -122.485800331009173, 37.776467578855389 ], [ -122.485622176728484, 37.777592400714916 ], [ -122.485105152868698, 37.778607117173735 ], [ -122.484299869327515, 37.779412400714911 ], [ -122.483285152868689, 37.779929424574703 ], [ -122.482160331009169, 37.780107578855386 ], [ -122.481035509149649, 37.779929424574703 ], [ -122.480020792690823, 37.779412400714911 ], [ -122.47921550914964, 37.778607117173735 ], [ -122.478698485289854, 37.777592400714916 ], [ -122.478520331009165, 37.776467578855389 ] ] ] ] } },
{ "type": "Feature", "properties": { "id": null, "id_2": 4277, "name": "Geary Blvd & 33rd Ave", "modes": null, "routes": null, "nameLength": null, "stop_lat": 37.779735, "stop_lon": -122.493112, "n": 1, "distance": 0.00043474467478932596, "feature_x": -122.4927819695244, "feature_y": 37.780017989076534, "nearest_x": -122.493112, "nearest_y": 37.779735 }, "geometry": { "type": "MultiPolygon", "coordinates": [ [ [ [ -122.489141969524397, 37.780017989076534 ], [ -122.489320123805086, 37.778893167217007 ], [ -122.489837147664872, 37.777878450758188 ], [ -122.490642431206055, 37.777073167217011 ], [ -122.491657147664881, 37.776556143357219 ], [ -122.492781969524401, 37.776377989076536 ], [ -122.493906791383921, 37.776556143357219 ], [ -122.494921507842747, 37.777073167217011 ], [ -122.49572679138393, 37.777878450758188 ], [ -122.496243815243716, 37.778893167217007 ], [ -122.496421969524405, 37.780017989076534 ], [ -122.496243815243716, 37.781142810936061 ], [ -122.49572679138393, 37.78215752739488 ], [ -122.494921507842747, 37.782962810936056 ], [ -122.493906791383921, 37.783479834795848 ], [ -122.492781969524401, 37.783657989076531 ], [ -122.491657147664881, 37.783479834795848 ], [ -122.490642431206055, 37.782962810936056 ], [ -122.489837147664872, 37.78215752739488 ], [ -122.489320123805086, 37.781142810936061 ], [ -122.489141969524397, 37.780017989076534 ] ] ] ] } },
{ "type": "Feature", "properties": { "id": null, "id_2": 3840, "name": "California St & 25th Ave", "modes": null, "routes": null, "nameLength": null, "stop_lat": 37.783808, "stop_lon": -122.485286, "n": 1, "distance": 0.00010025225134195521, "feature_x": -122.48524856070956, "feature_y": 37.783900998996934, "nearest_x": -122.485286, "nearest_y": 37.783808 }, "geometry": { "type": "MultiPolygon", "coordinates": [ [ [ [ -122.48160856070956, 37.783900998996934 ], [ -122.48178671499025, 37.782776177137407 ], [ -122.482303738850035, 37.781761460678588 ], [ -122.483109022391218, 37.780956177137412 ], [ -122.484123738850045, 37.780439153277619 ], [ -122.485248560709564, 37.780260998996937 ], [ -122.486373382569084, 37.780439153277619 ], [ -122.48738809902791, 37.780956177137412 ], [ -122.488193382569094, 37.781761460678588 ], [ -122.488710406428879, 37.782776177137407 ], [ -122.488888560709569, 37.783900998996934 ], [ -122.488710406428879, 37.785025820856461 ], [ -122.488193382569094, 37.78604053731528 ], [ -122.48738809902791, 37.786845820856456 ], [ -122.486373382569084, 37.787362844716249 ], [ -122.485248560709564, 37.787540998996931 ], [ -122.484123738850045, 37.787362844716249 ], [ -122.483109022391218, 37.786845820856456 ], [ -122.482303738850035, 37.78604053731528 ], [ -122.48178671499025, 37.785025820856461 ], [ -122.48160856070956, 37.783900998996934 ] ] ] ] } },
{ "type": "Feature", "properties": { "id": null, "id_2": 3887, "name": "California St & Park Presidio Blvd", "modes": null, "routes": null, "nameLength": null, "stop_lat": 37.784365, "stop_lon": -122.472764, "n": 1, "distance": 0.00011724787856184548, "feature_x": -122.47266168511227, "feature_y": 37.784307739815084, "nearest_x": -122.472764, "nearest_y": 37.784365 }, "geometry": { "type": "MultiPolygon", "coordinates": [ [ [ [ -122.469021685112267, 37.784307739815084 ], [ -122.469199839392957, 37.783182917955557 ], [ -122.469716863252742, 37.782168201496738 ], [ -122.470522146793925, 37.781362917955562 ], [ -122.471536863252751, 37.780845894095769 ], [ -122.472661685112271, 37.780667739815087 ], [ -122.473786506971791, 37.780845894095769 ], [ -122.474801223430617, 37.781362917955562 ], [ -122.475606506971801, 37.782168201496738 ], [ -122.476123530831586, 37.783182917955557 ], [ -122.476301685112276, 37.784307739815084 ], [ -122.476123530831586, 37.785432561674611 ], [ -122.475606506971801, 37.78644727813343 ], [ -122.474801223430617, 37.787252561674606 ], [ -122.473786506971791, 37.787769585534399 ], [ -122.472661685112271, 37.787947739815081 ], [ -122.471536863252751, 37.787769585534399 ], [ -122.470522146793925, 37.787252561674606 ], [ -122.469716863252742, 37.78644727813343 ], [ -122.469199839392957, 37.785432561674611 ], [ -122.469021685112267, 37.784307739815084 ] ] ] ] } },
{ "type": "Feature", "properties": { "id": null, "id_2": 3644, "name": "Arguello Blvd & California St", "modes": null, "routes": null, "nameLength": null, "stop_lat": 37.78556, "stop_lon": -122.459254, "n": 1, "distance": 7.3370847647439162e-05, "feature_x": -122.45932614776963, "feature_y": 37.78554665906217, "nearest_x": -122.459254, "nearest_y": 37.78556 }, "geometry": { "type": "MultiPolygon", "coordinates": [ [ [ [ -122.455686147769626, 37.78554665906217 ], [ -122.455864302050315, 37.784421837202643 ], [ -122.456381325910101, 37.783407120743824 ], [ -122.457186609451284, 37.782601837202648 ], [ -122.45820132591011, 37.782084813342856 ], [ -122.45932614776963, 37.781906659062173 ], [ -122.46045096962915, 37.782084813342856 ], [ -122.461465686087976, 37.782601837202648 ], [ -122.462270969629159, 37.783407120743824 ], [ -122.462787993488945, 37.784421837202643 ], [ -122.462966147769635, 37.78554665906217 ], [ -122.462787993488945, 37.786671480921697 ], [ -122.462270969629159, 37.787686197380516 ], [ -122.461465686087976, 37.788491480921692 ], [ -122.46045096962915, 37.789008504781485 ], [ -122.45932614776963, 37.789186659062167 ], [ -122.45820132591011, 37.789008504781485 ], [ -122.457186609451284, 37.788491480921692 ], [ -122.456381325910101, 37.787686197380516 ], [ -122.455864302050315, 37.786671480921697 ], [ -122.455686147769626, 37.78554665906217 ] ] ] ] } },
{ "type": "Feature", "properties": { "id": null, "id_2": 5329, "name": "Lincoln Way & La Playa St", "modes": null, "routes": null, "nameLength": null, "stop_lat": 37.763926, "stop_lon": -122.50957, "n": 1, "distance": 0.00019596868111065497, "feature_x": -122.50976549986348, "feature_y": 37.763912452773141, "nearest_x": -122.50957, "nearest_y": 37.763926 }, "geometry": { "type": "MultiPolygon", "coordinates": [ [ [ [ -122.506125499863472, 37.763912452773141 ], [ -122.506303654144162, 37.762787630913614 ], [ -122.506820678003947, 37.761772914454795 ], [ -122.507625961545131, 37.760967630913619 ], [ -122.508640678003957, 37.760450607053826 ], [ -122.509765499863477, 37.760272452773144 ], [ -122.510890321722997, 37.760450607053826 ], [ -122.511905038181823, 37.760967630913619 ], [ -122.512710321723006, 37.761772914454795 ], [ -122.513227345582791, 37.762787630913614 ], [ -122.513405499863481, 37.763912452773141 ], [ -122.513227345582791, 37.765037274632668 ], [ -122.512710321723006, 37.766051991091487 ], [ -122.511905038181823, 37.766857274632663 ], [ -122.510890321722997, 37.767374298492456 ], [ -122.509765499863477, 37.767552452773138 ], [ -122.508640678003957, 37.767374298492456 ], [ -122.507625961545131, 37.766857274632663 ], [ -122.506820678003947, 37.766051991091487 ], [ -122.506303654144162, 37.765037274632668 ], [ -122.506125499863472, 37.763912452773141 ] ] ] ] } },
{ "type": "Feature", "properties": { "id": null, "id_2": 4773, "name": "Golden Gate Bridge/Parking Lot", "modes": null, "routes": null, "nameLength": null, "stop_lat": 37.807561, "stop_lon": -122.475024, "n": 1, "distance": 0.00030482957500337738, "feature_x": -122.47532705956755, "feature_y": 37.807528198043997, "nearest_x": -122.475024, "nearest_y": 37.807561 }, "geometry": { "type": "MultiPolygon", "coordinates": [ [ [ [ -122.471687059567543, 37.807528198043997 ], [ -122.471865213848233, 37.80640337618447 ], [ -122.472382237708018, 37.805388659725651 ], [ -122.473187521249201, 37.804583376184475 ], [ -122.474202237708027, 37.804066352324682 ], [ -122.475327059567547, 37.803888198044 ], [ -122.476451881427067, 37.804066352324682 ], [ -122.477466597885893, 37.804583376184475 ], [ -122.478271881427077, 37.805388659725651 ], [ -122.478788905286862, 37.80640337618447 ], [ -122.478967059567552, 37.807528198043997 ], [ -122.478788905286862, 37.808653019903524 ], [ -122.478271881427077, 37.809667736362343 ], [ -122.477466597885893, 37.810473019903519 ], [ -122.476451881427067, 37.810990043763312 ], [ -122.475327059567547, 37.811168198043994 ], [ -122.474202237708027, 37.810990043763312 ], [ -122.473187521249201, 37.810473019903519 ], [ -122.472382237708018, 37.809667736362343 ], [ -122.471865213848233, 37.808653019903524 ], [ -122.471687059567543, 37.807528198043997 ] ] ] ] } },
{ "type": "Feature", "properties": { "id": null, "id_2": 4733, "name": "Fulton St & 6th Ave", "modes": null, "routes": null, "nameLength": null, "stop_lat": 37.773532, "stop_lon": -122.463837, "n": 1, "distance": 0.00022910221276508614, "feature_x": -122.46397408943957, "feature_y": 37.77334843990235, "nearest_x": -122.463837, "nearest_y": 37.773532 }, "geometry": { "type": "MultiPolygon", "coordinates": [ [ [ [ -122.46033408943957, 37.77334843990235 ], [ -122.46051224372026, 37.772223618042823 ], [ -122.461029267580045, 37.771208901584004 ], [ -122.461834551121228, 37.770403618042828 ], [ -122.462849267580054, 37.769886594183035 ], [ -122.463974089439574, 37.769708439902352 ], [ -122.465098911299094, 37.769886594183035 ], [ -122.46611362775792, 37.770403618042828 ], [ -122.466918911299103, 37.771208901584004 ], [ -122.467435935158889, 37.772223618042823 ], [ -122.467614089439579, 37.77334843990235 ], [ -122.467435935158889, 37.774473261761877 ], [ -122.466918911299103, 37.775487978220696 ], [ -122.46611362775792, 37.776293261761872 ], [ -122.465098911299094, 37.776810285621664 ], [ -122.463974089439574, 37.776988439902347 ], [ -122.462849267580054, 37.776810285621664 ], [ -122.461834551121228, 37.776293261761872 ], [ -122.461029267580045, 37.775487978220696 ], [ -122.46051224372026, 37.774473261761877 ], [ -122.46033408943957, 37.77334843990235 ] ] ] ] } },
{ "type": "Feature", "properties": { "id": null, "id_2": 4223, "name": "Fulton St & Arguello Blvd", "modes": null, "routes": null, "nameLength": null, "stop_lat": 37.774354, "stop_lon": -122.458416, "n": 1, "distance": 0.00057913930925479701, "feature_x": -122.45898301113607, "feature_y": 37.774236098723094, "nearest_x": -122.458416, "nearest_y": 37.774354 }, "geometry": { "type": "MultiPolygon", "coordinates": [ [ [ [ -122.455343011136065, 37.774236098723094 ], [ -122.455521165416755, 37.773111276863567 ], [ -122.456038189276541, 37.772096560404748 ], [ -122.456843472817724, 37.771291276863572 ], [ -122.45785818927655, 37.770774253003779 ], [ -122.45898301113607, 37.770596098723097 ], [ -122.46010783299559, 37.770774253003779 ], [ -122.461122549454416, 37.771291276863572 ], [ -122.461927832995599, 37.772096560404748 ], [ -122.462444856855385, 37.773111276863567 ], [ -122.462623011136074, 37.774236098723094 ], [ -122.462444856855385, 37.775360920582621 ], [ -122.461927832995599, 37.77637563704144 ], [ -122.461122549454416, 37.777180920582616 ], [ -122.46010783299559, 37.777697944442409 ], [ -122.45898301113607, 37.777876098723091 ], [ -122.45785818927655, 37.777697944442409 ], [ -122.456843472817724, 37.777180920582616 ], [ -122.456038189276541, 37.77637563704144 ], [ -122.455521165416755, 37.775360920582621 ], [ -122.455343011136065, 37.774236098723094 ] ] ] ] } },
{ "type": "Feature", "properties": { "id": null, "id_2": 3651, "name": "Arguello Blvd & Turk St", "modes": null, "routes": null, "nameLength": null, "stop_lat": 37.777477, "stop_lon": -122.458519, "n": 1, "distance": 0.00038285484922916281, "feature_x": -122.45817196091166, "feature_y": 37.777638683971816, "nearest_x": -122.458519, "nearest_y": 37.777477 }, "geometry": { "type": "MultiPolygon", "coordinates": [ [ [ [ -122.454531960911652, 37.777638683971816 ], [ -122.454710115192341, 37.776513862112289 ], [ -122.455227139052127, 37.77549914565347 ], [ -122.45603242259331, 37.774693862112294 ], [ -122.457047139052136, 37.774176838252501 ], [ -122.458171960911656, 37.773998683971818 ], [ -122.459296782771176, 37.774176838252501 ], [ -122.460311499230002, 37.774693862112294 ], [ -122.461116782771185, 37.77549914565347 ], [ -122.461633806630971, 37.776513862112289 ], [ -122.46181196091166, 37.777638683971816 ], [ -122.461633806630971, 37.778763505831343 ], [ -122.461116782771185, 37.779778222290162 ], [ -122.460311499230002, 37.780583505831338 ], [ -122.459296782771176, 37.78110052969113 ], [ -122.458171960911656, 37.781278683971813 ], [ -122.457047139052136, 37.78110052969113 ], [ -122.45603242259331, 37.780583505831338 ], [ -122.455227139052127, 37.779778222290162 ], [ -122.454710115192341, 37.778763505831343 ], [ -122.454531960911652, 37.777638683971816 ] ] ] ] } },
{ "type": "Feature", "properties": { "id": null, "id_2": 5705, "name": "Masonic Ave & Fulton St", "modes": null, "routes": null, "nameLength": null, "stop_lat": 37.775577, "stop_lon": -122.446553, "n": 1, "distance": 8.8413638396788119e-05, "feature_x": -122.44647412113716, "feature_y": 37.775616938658615, "nearest_x": -122.446553, "nearest_y": 37.775577 }, "geometry": { "type": "MultiPolygon", "coordinates": [ [ [ [ -122.442834121137153, 37.775616938658615 ], [ -122.443012275417843, 37.774492116799088 ], [ -122.443529299277628, 37.773477400340269 ], [ -122.444334582818811, 37.772672116799093 ], [ -122.445349299277638, 37.7721550929393 ], [ -122.446474121137157, 37.771976938658618 ], [ -122.447598942996677, 37.7721550929393 ], [ -122.448613659455503, 37.772672116799093 ], [ -122.449418942996687, 37.773477400340269 ], [ -122.449935966856472, 37.774492116799088 ], [ -122.450114121137162, 37.775616938658615 ], [ -122.449935966856472, 37.776741760518142 ], [ -122.449418942996687, 37.777756476976961 ], [ -122.448613659455503, 37.778561760518137 ], [ -122.447598942996677, 37.77907878437793 ], [ -122.446474121137157, 37.779256938658612 ], [ -122.445349299277638, 37.77907878437793 ], [ -122.444334582818811, 37.778561760518137 ], [ -122.443529299277628, 37.777756476976961 ], [ -122.443012275417843, 37.776741760518142 ], [ -122.442834121137153, 37.775616938658615 ] ] ] ] } },
{ "type": "Feature", "properties": { "id": null, "id_2": 6724, "name": "Turk St & Masonic Ave", "modes": null, "routes": null, "nameLength": null, "stop_lat": 37.778664, "stop_lon": -122.447206, "n": 1, "distance": 0.00017859850256596866, "feature_x": -122.44734755984049, "feature_y": 37.77877289553102, "nearest_x": -122.447206, "nearest_y": 37.778664 }, "geometry": { "type": "MultiPolygon", "coordinates": [ [ [ [ -122.44370755984049, 37.77877289553102 ], [ -122.44388571412118, 37.777648073671493 ], [ -122.444402737980965, 37.776633357212674 ], [ -122.445208021522149, 37.775828073671498 ], [ -122.446222737980975, 37.775311049811705 ], [ -122.447347559840495, 37.775132895531023 ], [ -122.448472381700014, 37.775311049811705 ], [ -122.449487098158841, 37.775828073671498 ], [ -122.450292381700024, 37.776633357212674 ], [ -122.450809405559809, 37.777648073671493 ], [ -122.450987559840499, 37.77877289553102 ], [ -122.450809405559809, 37.779897717390547 ], [ -122.450292381700024, 37.780912433849366 ], [ -122.449487098158841, 37.781717717390542 ], [ -122.448472381700014, 37.782234741250335 ], [ -122.447347559840495, 37.782412895531017 ], [ -122.446222737980975, 37.782234741250335 ], [ -122.445208021522149, 37.781717717390542 ], [ -122.444402737980965, 37.780912433849366 ], [ -122.44388571412118, 37.779897717390547 ], [ -122.44370755984049, 37.77877289553102 ] ] ] ] } },
{ "type": "Feature", "properties": { "id": null, "id_2": 5712, "name": "Masonic Ave & Haight St", "modes": null, "routes": null, "nameLength": null, "stop_lat": 37.77031, "stop_lon": -122.44542, "n": 1, "distance": 5.6185403612687568e-05, "feature_x": -122.44547590547648, "feature_y": 37.770315601542464, "nearest_x": -122.44542, "nearest_y": 37.77031 }, "geometry": { "type": "MultiPolygon", "coordinates": [ [ [ [ -122.441835905476481, 37.770315601542464 ], [ -122.44201405975717, 37.769190779682937 ], [ -122.442531083616956, 37.768176063224118 ], [ -122.443336367158139, 37.767370779682942 ], [ -122.444351083616965, 37.766853755823149 ], [ -122.445475905476485, 37.766675601542467 ], [ -122.446600727336005, 37.766853755823149 ], [ -122.447615443794831, 37.767370779682942 ], [ -122.448420727336014, 37.768176063224118 ], [ -122.4489377511958, 37.769190779682937 ], [ -122.449115905476489, 37.770315601542464 ], [ -122.4489377511958, 37.771440423401991 ], [ -122.448420727336014, 37.77245513986081 ], [ -122.447615443794831, 37.773260423401986 ], [ -122.446600727336005, 37.773777447261779 ], [ -122.445475905476485, 37.773955601542461 ], [ -122.444351083616965, 37.773777447261779 ], [ -122.443336367158139, 37.773260423401986 ], [ -122.442531083616956, 37.77245513986081 ], [ -122.44201405975717, 37.771440423401991 ], [ -122.441835905476481, 37.770315601542464 ] ] ] ] } },
{ "type": "Feature", "properties": { "id": null, "id_2": 4715, "name": "Frederick St & Ashbury St", "modes": null, "routes": null, "nameLength": null, "stop_lat": 37.767261, "stop_lon": -122.446691, "n": 1, "distance": 0.00018015151398195276, "feature_x": -122.4466300923341, "feature_y": 37.767430542986361, "nearest_x": -122.446691, "nearest_y": 37.767261 }, "geometry": { "type": "MultiPolygon", "coordinates": [ [ [ [ -122.442990092334099, 37.767430542986361 ], [ -122.443168246614789, 37.766305721126834 ], [ -122.443685270474575, 37.765291004668015 ], [ -122.444490554015758, 37.764485721126839 ], [ -122.445505270474584, 37.763968697267046 ], [ -122.446630092334104, 37.763790542986364 ], [ -122.447754914193624, 37.763968697267046 ], [ -122.44876963065245, 37.764485721126839 ], [ -122.449574914193633, 37.765291004668015 ], [ -122.450091938053419, 37.766305721126834 ], [ -122.450270092334108, 37.767430542986361 ], [ -122.450091938053419, 37.768555364845888 ], [ -122.449574914193633, 37.769570081304707 ], [ -122.44876963065245, 37.770375364845883 ], [ -122.447754914193624, 37.770892388705676 ], [ -122.446630092334104, 37.771070542986358 ], [ -122.445505270474584, 37.770892388705676 ], [ -122.444490554015758, 37.770375364845883 ], [ -122.443685270474575, 37.769570081304707 ], [ -122.443168246614789, 37.768555364845888 ], [ -122.442990092334099, 37.767430542986361 ] ] ] ] } },
{ "type": "Feature", "properties": { "id": null, "id_2": 5003, "name": "Hayes St & Pierce St", "modes": null, "routes": null, "nameLength": null, "stop_lat": 37.775472, "stop_lon": -122.434443, "n": 1, "distance": 8.0646257747038339e-05, "feature_x": -122.43437075625059, "feature_y": 37.775436157852198, "nearest_x": -122.434443, "nearest_y": 37.775472 }, "geometry": { "type": "MultiPolygon", "coordinates": [ [ [ [ -122.430730756250583, 37.775436157852198 ], [ -122.430908910531272, 37.774311335992671 ], [ -122.431425934391058, 37.773296619533852 ], [ -122.432231217932241, 37.772491335992676 ], [ -122.433245934391067, 37.771974312132883 ], [ -122.434370756250587, 37.771796157852201 ], [ -122.435495578110107, 37.771974312132883 ], [ -122.436510294568933, 37.772491335992676 ], [ -122.437315578110116, 37.773296619533852 ], [ -122.437832601969902, 37.774311335992671 ], [ -122.438010756250591, 37.775436157852198 ], [ -122.437832601969902, 37.776560979711725 ], [ -122.437315578110116, 37.777575696170544 ], [ -122.436510294568933, 37.77838097971172 ], [ -122.435495578110107, 37.778898003571513 ], [ -122.434370756250587, 37.779076157852195 ], [ -122.433245934391067, 37.778898003571513 ], [ -122.432231217932241, 37.77838097971172 ], [ -122.431425934391058, 37.777575696170544 ], [ -122.430908910531272, 37.776560979711725 ], [ -122.430730756250583, 37.775436157852198 ] ] ] ] } },
{ "type": "Feature", "properties": { "id": null, "id_2": 4992, "name": "Hayes St & Divisadero St", "modes": null, "routes": null, "nameLength": null, "stop_lat": 37.774898, "stop_lon": -122.437911, "n": 1, "distance": 0.00012049533250379981, "feature_x": -122.43803088034014, "feature_y": 37.77491015850336, "nearest_x": -122.437911, "nearest_y": 37.774898 }, "geometry": { "type": "MultiPolygon", "coordinates": [ [ [ [ -122.434390880340132, 37.77491015850336 ], [ -122.434569034620822, 37.773785336643833 ], [ -122.435086058480607, 37.772770620185014 ], [ -122.43589134202179, 37.771965336643838 ], [ -122.436906058480616, 37.771448312784045 ], [ -122.438030880340136, 37.771270158503363 ], [ -122.439155702199656, 37.771448312784045 ], [ -122.440170418658482, 37.771965336643838 ], [ -122.440975702199665, 37.772770620185014 ], [ -122.441492726059451, 37.773785336643833 ], [ -122.441670880340141, 37.77491015850336 ], [ -122.441492726059451, 37.776034980362887 ], [ -122.440975702199665, 37.777049696821706 ], [ -122.440170418658482, 37.777854980362882 ], [ -122.439155702199656, 37.778372004222675 ], [ -122.438030880340136, 37.778550158503357 ], [ -122.436906058480616, 37.778372004222675 ], [ -122.43589134202179, 37.777854980362882 ], [ -122.435086058480607, 37.777049696821706 ], [ -122.434569034620822, 37.776034980362887 ], [ -122.434390880340132, 37.77491015850336 ] ] ] ] } },
{ "type": "Feature", "properties": { "id": null, "id_2": 4308, "name": "Castro St & 14th St", "modes": null, "routes": null, "nameLength": null, "stop_lat": 37.76742, "stop_lon": -122.43571, "n": 1, "distance": 0.00010935969801691893, "feature_x": -122.43571557457157, "feature_y": 37.767529217524704, "nearest_x": -122.43571, "nearest_y": 37.76742 }, "geometry": { "type": "MultiPolygon", "coordinates": [ [ [ [ -122.43207557457157, 37.767529217524704 ], [ -122.43225372885226, 37.766404395665177 ], [ -122.432770752712045, 37.765389679206358 ], [ -122.433576036253228, 37.764584395665182 ], [ -122.434590752712054, 37.764067371805389 ], [ -122.435715574571574, 37.763889217524707 ], [ -122.436840396431094, 37.764067371805389 ], [ -122.43785511288992, 37.764584395665182 ], [ -122.438660396431104, 37.765389679206358 ], [ -122.439177420290889, 37.766404395665177 ], [ -122.439355574571579, 37.767529217524704 ], [ -122.439177420290889, 37.768654039384231 ], [ -122.438660396431104, 37.76966875584305 ], [ -122.43785511288992, 37.770474039384226 ], [ -122.436840396431094, 37.770991063244018 ], [ -122.435715574571574, 37.771169217524701 ], [ -122.434590752712054, 37.770991063244018 ], [ -122.433576036253228, 37.770474039384226 ], [ -122.432770752712045, 37.76966875584305 ], [ -122.43225372885226, 37.768654039384231 ], [ -122.43207557457157, 37.767529217524704 ] ] ] ] } },
{ "type": "Feature", "properties": { "id": null, "id_2": 7318, "name": "Sunset Tunnel East Portal", "modes": null, "routes": null, "nameLength": null, "stop_lat": 37.769285, "stop_lon": -122.433511, "n": 1, "distance": 2.7966311351862061e-05, "feature_x": -122.43352504576035, "feature_y": 37.769260816716795, "nearest_x": -122.433511, "nearest_y": 37.769285 }, "geometry": { "type": "MultiPolygon", "coordinates": [ [ [ [ -122.429885045760344, 37.769260816716795 ], [ -122.430063200041033, 37.768135994857268 ], [ -122.430580223900819, 37.767121278398449 ], [ -122.431385507442002, 37.766315994857273 ], [ -122.432400223900828, 37.76579897099748 ], [ -122.433525045760348, 37.765620816716797 ], [ -122.434649867619868, 37.76579897099748 ], [ -122.435664584078694, 37.766315994857273 ], [ -122.436469867619877, 37.767121278398449 ], [ -122.436986891479663, 37.768135994857268 ], [ -122.437165045760352, 37.769260816716795 ], [ -122.436986891479663, 37.770385638576322 ], [ -122.436469867619877, 37.771400355035141 ], [ -122.435664584078694, 37.772205638576317 ], [ -122.434649867619868, 37.772722662436109 ], [ -122.433525045760348, 37.772900816716792 ], [ -122.432400223900828, 37.772722662436109 ], [ -122.431385507442002, 37.772205638576317 ], [ -122.430580223900819, 37.771400355035141 ], [ -122.430063200041033, 37.770385638576322 ], [ -122.429885045760344, 37.769260816716795 ] ] ] ] } },
{ "type": "Feature", "properties": { "id": null, "id_2": 8061, "name": "Duboce Ave & Church St", "modes": null, "routes": null, "nameLength": null, "stop_lat": 37.769374, "stop_lon": -122.429351, "n": 1, "distance": 9.7832253947436939e-05, "feature_x": -122.42925490098929, "feature_y": 37.76939233384995, "nearest_x": -122.429351, "nearest_y": 37.769374 }, "geometry": { "type": "MultiPolygon", "coordinates": [ [ [ [ -122.425614900989288, 37.76939233384995 ], [ -122.425793055269978, 37.768267511990423 ], [ -122.426310079129763, 37.767252795531604 ], [ -122.427115362670946, 37.766447511990428 ], [ -122.428130079129772, 37.765930488130635 ], [ -122.429254900989292, 37.765752333849953 ], [ -122.430379722848812, 37.765930488130635 ], [ -122.431394439307638, 37.766447511990428 ], [ -122.432199722848821, 37.767252795531604 ], [ -122.432716746708607, 37.768267511990423 ], [ -122.432894900989297, 37.76939233384995 ], [ -122.432716746708607, 37.770517155709477 ], [ -122.432199722848821, 37.771531872168296 ], [ -122.431394439307638, 37.772337155709472 ], [ -122.430379722848812, 37.772854179569265 ], [ -122.429254900989292, 37.773032333849947 ], [ -122.428130079129772, 37.772854179569265 ], [ -122.427115362670946, 37.772337155709472 ], [ -122.426310079129763, 37.771531872168296 ], [ -122.425793055269978, 37.770517155709477 ], [ -122.425614900989288, 37.76939233384995 ] ] ] ] } },
{ "type": "Feature", "properties": { "id": null, "id_2": 7636, "name": "Haight St & Fillmore St", "modes": null, "routes": null, "nameLength": null, "stop_lat": 37.772049, "stop_lon": -122.430589, "n": 1, "distance": 9.1537985658012309e-05, "feature_x": -122.43053039877805, "feature_y": 37.771978678597826, "nearest_x": -122.430589, "nearest_y": 37.772049 }, "geometry": { "type": "MultiPolygon", "coordinates": [ [ [ [ -122.426890398778042, 37.771978678597826 ], [ -122.427068553058731, 37.770853856738299 ], [ -122.427585576918517, 37.76983914027948 ], [ -122.4283908604597, 37.769033856738304 ], [ -122.429405576918526, 37.768516832878511 ], [ -122.430530398778046, 37.768338678597829 ], [ -122.431655220637566, 37.768516832878511 ], [ -122.432669937096392, 37.769033856738304 ], [ -122.433475220637575, 37.76983914027948 ], [ -122.433992244497361, 37.770853856738299 ], [ -122.434170398778051, 37.771978678597826 ], [ -122.433992244497361, 37.773103500457353 ], [ -122.433475220637575, 37.774118216916172 ], [ -122.432669937096392, 37.774923500457348 ], [ -122.431655220637566, 37.775440524317141 ], [ -122.430530398778046, 37.775618678597823 ], [ -122.429405576918526, 37.775440524317141 ], [ -122.4283908604597, 37.774923500457348 ], [ -122.427585576918517, 37.774118216916172 ], [ -122.427068553058731, 37.773103500457353 ], [ -122.426890398778042, 37.771978678597826 ] ] ] ] } },
{ "type": "Feature", "properties": { "id": null, "id_2": 4984, "name": "Hayes St & Buchanan St", "modes": null, "routes": null, "nameLength": null, "stop_lat": 37.776244, "stop_lon": -122.427555, "n": 1, "distance": 0.0001796951733202809, "feature_x": -122.42772984928554, "feature_y": 37.776285449760671, "nearest_x": -122.427555, "nearest_y": 37.776244 }, "geometry": { "type": "MultiPolygon", "coordinates": [ [ [ [ -122.424089849285537, 37.776285449760671 ], [ -122.424268003566226, 37.775160627901144 ], [ -122.424785027426012, 37.774145911442325 ], [ -122.425590310967195, 37.773340627901149 ], [ -122.426605027426021, 37.772823604041356 ], [ -122.427729849285541, 37.772645449760674 ], [ -122.428854671145061, 37.772823604041356 ], [ -122.429869387603887, 37.773340627901149 ], [ -122.43067467114507, 37.774145911442325 ], [ -122.431191695004856, 37.775160627901144 ], [ -122.431369849285545, 37.776285449760671 ], [ -122.431191695004856, 37.777410271620198 ], [ -122.43067467114507, 37.778424988079017 ], [ -122.429869387603887, 37.779230271620193 ], [ -122.428854671145061, 37.779747295479986 ], [ -122.427729849285541, 37.779925449760668 ], [ -122.426605027426021, 37.779747295479986 ], [ -122.425590310967195, 37.779230271620193 ], [ -122.424785027426012, 37.778424988079017 ], [ -122.424268003566226, 37.777410271620198 ], [ -122.424089849285537, 37.776285449760671 ] ] ] ] } },
{ "type": "Feature", "properties": { "id": null, "id_2": 4475, "name": "Eddy St & Fillmore St", "modes": null, "routes": null, "nameLength": null, "stop_lat": 37.7815, "stop_lon": -122.432236, "n": 1, "distance": 5.3790343879816297e-05, "feature_x": -122.43224261591828, "feature_y": 37.781446618067477, "nearest_x": -122.432236, "nearest_y": 37.7815 }, "geometry": { "type": "MultiPolygon", "coordinates": [ [ [ [ -122.42860261591828, 37.781446618067477 ], [ -122.428780770198969, 37.78032179620795 ], [ -122.429297794058755, 37.779307079749131 ], [ -122.430103077599938, 37.778501796207955 ], [ -122.431117794058764, 37.777984772348162 ], [ -122.432242615918284, 37.77780661806748 ], [ -122.433367437777804, 37.777984772348162 ], [ -122.43438215423663, 37.778501796207955 ], [ -122.435187437777813, 37.779307079749131 ], [ -122.435704461637599, 37.78032179620795 ], [ -122.435882615918288, 37.781446618067477 ], [ -122.435704461637599, 37.782571439927004 ], [ -122.435187437777813, 37.783586156385823 ], [ -122.43438215423663, 37.784391439926999 ], [ -122.433367437777804, 37.784908463786792 ], [ -122.432242615918284, 37.785086618067474 ], [ -122.431117794058764, 37.784908463786792 ], [ -122.430103077599938, 37.784391439926999 ], [ -122.429297794058755, 37.783586156385823 ], [ -122.428780770198969, 37.782571439927004 ], [ -122.42860261591828, 37.781446618067477 ] ] ] ] } },
{ "type": "Feature", "properties": { "id": null, "id_2": 4640, "name": "Fillmore St & Sutter St", "modes": null, "routes": null, "nameLength": null, "stop_lat": 37.786051, "stop_lon": -122.433244, "n": 1, "distance": 0.00013270615848752029, "feature_x": -122.43311605462141, "feature_y": 37.786015773524205, "nearest_x": -122.433244, "nearest_y": 37.786051 }, "geometry": { "type": "MultiPolygon", "coordinates": [ [ [ [ -122.429476054621404, 37.786015773524205 ], [ -122.429654208902093, 37.784890951664678 ], [ -122.430171232761879, 37.783876235205859 ], [ -122.430976516303062, 37.783070951664683 ], [ -122.431991232761888, 37.782553927804891 ], [ -122.433116054621408, 37.782375773524208 ], [ -122.434240876480928, 37.782553927804891 ], [ -122.435255592939754, 37.783070951664683 ], [ -122.436060876480937, 37.783876235205859 ], [ -122.436577900340723, 37.784890951664678 ], [ -122.436756054621412, 37.786015773524205 ], [ -122.436577900340723, 37.787140595383732 ], [ -122.436060876480937, 37.788155311842551 ], [ -122.435255592939754, 37.788960595383728 ], [ -122.434240876480928, 37.78947761924352 ], [ -122.433116054621408, 37.789655773524203 ], [ -122.431991232761888, 37.78947761924352 ], [ -122.430976516303062, 37.788960595383728 ], [ -122.430171232761879, 37.788155311842551 ], [ -122.429654208902093, 37.787140595383732 ], [ -122.429476054621404, 37.786015773524205 ] ] ] ] } },
{ "type": "Feature", "properties": { "id": null, "id_2": 4435, "name": "Divisadero St & Sutter St", "modes": null, "routes": null, "nameLength": null, "stop_lat": 37.78515, "stop_lon": -122.439939, "n": 1, "distance": 9.3318066661922527e-05, "feature_x": -122.43993719496994, "feature_y": 37.785243300607888, "nearest_x": -122.439939, "nearest_y": 37.78515 }, "geometry": { "type": "MultiPolygon", "coordinates": [ [ [ [ -122.436297194969939, 37.785243300607888 ], [ -122.436475349250628, 37.784118478748361 ], [ -122.436992373110414, 37.783103762289542 ], [ -122.437797656651597, 37.782298478748366 ], [ -122.438812373110423, 37.781781454888574 ], [ -122.439937194969943, 37.781603300607891 ], [ -122.441062016829463, 37.781781454888574 ], [ -122.442076733288289, 37.782298478748366 ], [ -122.442882016829472, 37.783103762289542 ], [ -122.443399040689258, 37.784118478748361 ], [ -122.443577194969947, 37.785243300607888 ], [ -122.443399040689258, 37.786368122467415 ], [ -122.442882016829472, 37.787382838926234 ], [ -122.442076733288289, 37.78818812246741 ], [ -122.441062016829463, 37.788705146327203 ], [ -122.439937194969943, 37.788883300607885 ], [ -122.438812373110423, 37.788705146327203 ], [ -122.437797656651597, 37.78818812246741 ], [ -122.436992373110414, 37.787382838926234 ], [ -122.436475349250628, 37.786368122467415 ], [ -122.436297194969939, 37.785243300607888 ] ] ] ] } },
{ "type": "Feature", "properties": { "id": null, "id_2": 4414, "name": "Divisadero St & Eddy St", "modes": null, "routes": null, "nameLength": null, "stop_lat": 37.780591, "stop_lon": -122.438942, "n": 1, "distance": 9.4307901253882047e-05, "feature_x": -122.43889738698988, "feature_y": 37.780674088263716, "nearest_x": -122.438942, "nearest_y": 37.780591 }, "geometry": { "type": "MultiPolygon", "coordinates": [ [ [ [ -122.435257386989875, 37.780674088263716 ], [ -122.435435541270564, 37.779549266404189 ], [ -122.43595256513035, 37.77853454994537 ], [ -122.436757848671533, 37.777729266404194 ], [ -122.437772565130359, 37.777212242544401 ], [ -122.438897386989879, 37.777034088263719 ], [ -122.440022208849399, 37.777212242544401 ], [ -122.441036925308225, 37.777729266404194 ], [ -122.441842208849408, 37.77853454994537 ], [ -122.442359232709194, 37.779549266404189 ], [ -122.442537386989883, 37.780674088263716 ], [ -122.442359232709194, 37.781798910123243 ], [ -122.441842208849408, 37.782813626582062 ], [ -122.441036925308225, 37.783618910123238 ], [ -122.440022208849399, 37.78413593398303 ], [ -122.438897386989879, 37.784314088263713 ], [ -122.437772565130359, 37.78413593398303 ], [ -122.436757848671533, 37.783618910123238 ], [ -122.43595256513035, 37.782813626582062 ], [ -122.435435541270564, 37.781798910123243 ], [ -122.435257386989875, 37.780674088263716 ] ] ] ] } },
{ "type": "Feature", "properties": { "id": null, "id_2": 4415, "name": "Divisadero St & Eddy St", "modes": null, "routes": null, "nameLength": null, "stop_lat": 37.780591, "stop_lon": -122.438942, "n": 2, "distance": 9.4307901253882047e-05, "feature_x": -122.43889738698988, "feature_y": 37.780674088263716, "nearest_x": -122.438942, "nearest_y": 37.780591 }, "geometry": { "type": "MultiPolygon", "coordinates": [ [ [ [ -122.435257386989875, 37.780674088263716 ], [ -122.435435541270564, 37.779549266404189 ], [ -122.43595256513035, 37.77853454994537 ], [ -122.436757848671533, 37.777729266404194 ], [ -122.437772565130359, 37.777212242544401 ], [ -122.438897386989879, 37.777034088263719 ], [ -122.440022208849399, 37.777212242544401 ], [ -122.441036925308225, 37.777729266404194 ], [ -122.441842208849408, 37.77853454994537 ], [ -122.442359232709194, 37.779549266404189 ], [ -122.442537386989883, 37.780674088263716 ], [ -122.442359232709194, 37.781798910123243 ], [ -122.441842208849408, 37.782813626582062 ], [ -122.441036925308225, 37.783618910123238 ], [ -122.440022208849399, 37.78413593398303 ], [ -122.438897386989879, 37.784314088263713 ], [ -122.437772565130359, 37.78413593398303 ], [ -122.436757848671533, 37.783618910123238 ], [ -122.43595256513035, 37.782813626582062 ], [ -122.435435541270564, 37.781798910123243 ], [ -122.435257386989875, 37.780674088263716 ] ] ] ] } },
{ "type": "Feature", "properties": { "id": null, "id_2": 6089, "name": "Presidio Ave & California St", "modes": null, "routes": null, "nameLength": null, "stop_lat": 37.787676, "stop_lon": -122.446965, "n": 1, "distance": 0.00012845069709621623, "feature_x": -122.44688311227605, "feature_y": 37.787577035449523, "nearest_x": -122.446965, "nearest_y": 37.787676 }, "geometry": { "type": "MultiPolygon", "coordinates": [ [ [ [ -122.443243112276051, 37.787577035449523 ], [ -122.44342126655674, 37.786452213589996 ], [ -122.443938290416526, 37.785437497131177 ], [ -122.444743573957709, 37.784632213590001 ], [ -122.445758290416535, 37.784115189730208 ], [ -122.446883112276055, 37.783937035449526 ], [ -122.448007934135575, 37.784115189730208 ], [ -122.449022650594401, 37.784632213590001 ], [ -122.449827934135584, 37.785437497131177 ], [ -122.45034495799537, 37.786452213589996 ], [ -122.450523112276059, 37.787577035449523 ], [ -122.45034495799537, 37.78870185730905 ], [ -122.449827934135584, 37.789716573767869 ], [ -122.449022650594401, 37.790521857309045 ], [ -122.448007934135575, 37.791038881168838 ], [ -122.446883112276055, 37.79121703544952 ], [ -122.445758290416535, 37.791038881168838 ], [ -122.444743573957709, 37.790521857309045 ], [ -122.443938290416526, 37.789716573767869 ], [ -122.44342126655674, 37.78870185730905 ], [ -122.443243112276051, 37.787577035449523 ] ] ] ] } },
{ "type": "Feature", "properties": { "id": null, "id_2": 6094, "name": "Presidio Ave & Jackson St", "modes": null, "routes": null, "nameLength": null, "stop_lat": 37.790905, "stop_lon": -122.447607, "n": 1, "distance": 0.00022320085031571427, "feature_x": -122.44763177402164, "feature_y": 37.790683178298103, "nearest_x": -122.447607, "nearest_y": 37.790905 }, "geometry": { "type": "MultiPolygon", "coordinates": [ [ [ [ -122.44399177402164, 37.790683178298103 ], [ -122.44416992830233, 37.789558356438576 ], [ -122.444686952162115, 37.788543639979757 ], [ -122.445492235703298, 37.787738356438581 ], [ -122.446506952162125, 37.787221332578788 ], [ -122.447631774021644, 37.787043178298106 ], [ -122.448756595881164, 37.787221332578788 ], [ -122.44977131233999, 37.787738356438581 ], [ -122.450576595881174, 37.788543639979757 ], [ -122.451093619740959, 37.789558356438576 ], [ -122.451271774021649, 37.790683178298103 ], [ -122.451093619740959, 37.79180800015763 ], [ -122.450576595881174, 37.792822716616449 ], [ -122.44977131233999, 37.793628000157625 ], [ -122.448756595881164, 37.794145024017418 ], [ -122.447631774021644, 37.7943231782981 ], [ -122.446506952162125, 37.794145024017418 ], [ -122.445492235703298, 37.793628000157625 ], [ -122.444686952162115, 37.792822716616449 ], [ -122.44416992830233, 37.79180800015763 ], [ -122.44399177402164, 37.790683178298103 ] ] ] ] } },
{ "type": "Feature", "properties": { "id": null, "id_2": 7783, "name": "Presidio Blvd & Letterman Dr", "modes": null, "routes": null, "nameLength": null, "stop_lat": 37.799123, "stop_lon": -122.452423, "n": 1, "distance": 9.0156970632392341e-05, "feature_x": -122.45234210417075, "feature_y": 37.799162801308583, "nearest_x": -122.452423, "nearest_y": 37.799123 }, "geometry": { "type": "MultiPolygon", "coordinates": [ [ [ [ -122.448702104170749, 37.799162801308583 ], [ -122.448880258451439, 37.798037979449056 ], [ -122.449397282311224, 37.797023262990237 ], [ -122.450202565852408, 37.796217979449061 ], [ -122.451217282311234, 37.795700955589268 ], [ -122.452342104170754, 37.795522801308586 ], [ -122.453466926030273, 37.795700955589268 ], [ -122.4544816424891, 37.796217979449061 ], [ -122.455286926030283, 37.797023262990237 ], [ -122.455803949890068, 37.798037979449056 ], [ -122.455982104170758, 37.799162801308583 ], [ -122.455803949890068, 37.80028762316811 ], [ -122.455286926030283, 37.801302339626929 ], [ -122.4544816424891, 37.802107623168105 ], [ -122.453466926030273, 37.802624647027898 ], [ -122.452342104170754, 37.80280280130858 ], [ -122.451217282311234, 37.802624647027898 ], [ -122.450202565852408, 37.802107623168105 ], [ -122.449397282311224, 37.801302339626929 ], [ -122.448880258451439, 37.80028762316811 ], [ -122.448702104170749, 37.799162801308583 ] ] ] ] } },
{ "type": "Feature", "properties": { "id": null, "id_2": 3562, "name": "37th Ave & Lincoln Way", "modes": null, "routes": null, "nameLength": null, "stop_lat": 37.76436, "stop_lon": -122.496621, "n": 1, "distance": 0.00045681422217239256, "feature_x": -122.49641956444077, "feature_y": 37.764770003596396, "nearest_x": -122.496621, "nearest_y": 37.76436 }, "geometry": { "type": "MultiPolygon", "coordinates": [ [ [ [ -122.492779564440767, 37.764770003596396 ], [ -122.492957718721456, 37.763645181736869 ], [ -122.493474742581242, 37.76263046527805 ], [ -122.494280026122425, 37.761825181736874 ], [ -122.495294742581251, 37.761308157877082 ], [ -122.496419564440771, 37.761130003596399 ], [ -122.497544386300291, 37.761308157877082 ], [ -122.498559102759117, 37.761825181736874 ], [ -122.4993643863003, 37.76263046527805 ], [ -122.499881410160086, 37.763645181736869 ], [ -122.500059564440775, 37.764770003596396 ], [ -122.499881410160086, 37.765894825455923 ], [ -122.4993643863003, 37.766909541914742 ], [ -122.498559102759117, 37.767714825455919 ], [ -122.497544386300291, 37.768231849315711 ], [ -122.496419564440771, 37.768410003596394 ], [ -122.495294742581251, 37.768231849315711 ], [ -122.494280026122425, 37.767714825455919 ], [ -122.493474742581242, 37.766909541914742 ], [ -122.492957718721456, 37.765894825455923 ], [ -122.492779564440767, 37.764770003596396 ] ] ] ] } },
{ "type": "Feature", "properties": { "id": null, "id_2": 5318, "name": "Lincoln Way & 29th Ave", "modes": null, "routes": null, "nameLength": null, "stop_lat": 37.765032, "stop_lon": -122.488267, "n": 1, "distance": 0.00016730879738377513, "feature_x": -122.4881218967609, "feature_y": 37.765115290357706, "nearest_x": -122.488267, "nearest_y": 37.765032 }, "geometry": { "type": "MultiPolygon", "coordinates": [ [ [ [ -122.484481896760897, 37.765115290357706 ], [ -122.484660051041587, 37.763990468498179 ], [ -122.485177074901372, 37.76297575203936 ], [ -122.485982358442556, 37.762170468498184 ], [ -122.486997074901382, 37.761653444638391 ], [ -122.488121896760902, 37.761475290357708 ], [ -122.489246718620421, 37.761653444638391 ], [ -122.490261435079248, 37.762170468498184 ], [ -122.491066718620431, 37.76297575203936 ], [ -122.491583742480216, 37.763990468498179 ], [ -122.491761896760906, 37.765115290357706 ], [ -122.491583742480216, 37.766240112217233 ], [ -122.491066718620431, 37.767254828676052 ], [ -122.490261435079248, 37.768060112217228 ], [ -122.489246718620421, 37.76857713607702 ], [ -122.488121896760902, 37.768755290357703 ], [ -122.486997074901382, 37.76857713607702 ], [ -122.485982358442556, 37.768060112217228 ], [ -122.485177074901372, 37.767254828676052 ], [ -122.484660051041587, 37.766240112217233 ], [ -122.484481896760897, 37.765115290357706 ] ] ] ] } },
{ "type": "Feature", "properties": { "id": null, "id_2": 5310, "name": "Lincoln Way & 21st Ave", "modes": null, "routes": null, "nameLength": null, "stop_lat": 37.765428, "stop_lon": -122.479696, "n": 1, "distance": 0.00017255077932241351, "feature_x": -122.47982422908092, "feature_y": 37.765312539728683, "nearest_x": -122.479696, "nearest_y": 37.765428 }, "geometry": { "type": "MultiPolygon", "coordinates": [ [ [ [ -122.476184229080914, 37.765312539728683 ], [ -122.476362383361604, 37.764187717869156 ], [ -122.476879407221389, 37.763173001410337 ], [ -122.477684690762572, 37.762367717869161 ], [ -122.478699407221399, 37.761850694009368 ], [ -122.479824229080918, 37.761672539728686 ], [ -122.480949050940438, 37.761850694009368 ], [ -122.481963767399264, 37.762367717869161 ], [ -122.482769050940448, 37.763173001410337 ], [ -122.483286074800233, 37.764187717869156 ], [ -122.483464229080923, 37.765312539728683 ], [ -122.483286074800233, 37.76643736158821 ], [ -122.482769050940448, 37.767452078047029 ], [ -122.481963767399264, 37.768257361588205 ], [ -122.480949050940438, 37.768774385447998 ], [ -122.479824229080918, 37.76895253972868 ], [ -122.478699407221399, 37.768774385447998 ], [ -122.477684690762572, 37.768257361588205 ], [ -122.476879407221389, 37.767452078047029 ], [ -122.476362383361604, 37.76643736158821 ], [ -122.476184229080914, 37.765312539728683 ] ] ] ] } },
{ "type": "Feature", "properties": { "id": null, "id_2": 5305, "name": "Lincoln Way & 15th Ave", "modes": null, "routes": null, "nameLength": null, "stop_lat": 37.76556, "stop_lon": -122.47305, "n": 1, "distance": 0.00013185582442921584, "feature_x": -122.4729614964134, "feature_y": 37.765657739826047, "nearest_x": -122.47305, "nearest_y": 37.76556 }, "geometry": { "type": "MultiPolygon", "coordinates": [ [ [ [ -122.4693214964134, 37.765657739826047 ], [ -122.46949965069409, 37.76453291796652 ], [ -122.470016674553875, 37.763518201507701 ], [ -122.470821958095058, 37.762712917966525 ], [ -122.471836674553884, 37.762195894106732 ], [ -122.472961496413404, 37.762017739826049 ], [ -122.474086318272924, 37.762195894106732 ], [ -122.47510103473175, 37.762712917966525 ], [ -122.475906318272934, 37.763518201507701 ], [ -122.476423342132719, 37.76453291796652 ], [ -122.476601496413409, 37.765657739826047 ], [ -122.476423342132719, 37.766782561685574 ], [ -122.475906318272934, 37.767797278144393 ], [ -122.47510103473175, 37.768602561685569 ], [ -122.474086318272924, 37.769119585545361 ], [ -122.472961496413404, 37.769297739826044 ], [ -122.471836674553884, 37.769119585545361 ], [ -122.470821958095058, 37.768602561685569 ], [ -122.470016674553875, 37.767797278144393 ], [ -122.46949965069409, 37.766782561685574 ], [ -122.4693214964134, 37.765657739826047 ] ] ] ] } },
{ "type": "Feature", "properties": { "id": null, "id_2": 5301, "name": "Lincoln Way & 9th Ave", "modes": null, "routes": null, "nameLength": null, "stop_lat": 37.765859, "stop_lon": -122.46623, "n": 1, "distance": 0.00061758866822431027, "feature_x": -122.46566204439392, "feature_y": 37.766101574097235, "nearest_x": -122.46623, "nearest_y": 37.765859 }, "geometry": { "type": "MultiPolygon", "coordinates": [ [ [ [ -122.462022044393919, 37.766101574097235 ], [ -122.462200198674608, 37.764976752237708 ], [ -122.462717222534394, 37.763962035778889 ], [ -122.463522506075577, 37.763156752237713 ], [ -122.464537222534403, 37.76263972837792 ], [ -122.465662044393923, 37.762461574097237 ], [ -122.466786866253443, 37.76263972837792 ], [ -122.467801582712269, 37.763156752237713 ], [ -122.468606866253452, 37.763962035778889 ], [ -122.469123890113238, 37.764976752237708 ], [ -122.469302044393928, 37.766101574097235 ], [ -122.469123890113238, 37.767226395956762 ], [ -122.468606866253452, 37.768241112415581 ], [ -122.467801582712269, 37.769046395956757 ], [ -122.466786866253443, 37.769563419816549 ], [ -122.465662044393923, 37.769741574097232 ], [ -122.464537222534403, 37.769563419816549 ], [ -122.463522506075577, 37.769046395956757 ], [ -122.462717222534394, 37.768241112415581 ], [ -122.462200198674608, 37.767226395956762 ], [ -122.462022044393919, 37.766101574097235 ] ] ] ] } },
{ "type": "Feature", "properties": { "id": null, "id_2": 3574, "name": "46th Ave & Irving St", "modes": null, "routes": null, "nameLength": null, "stop_lat": 37.762375, "stop_lon": -122.506143, "n": 1, "distance": 5.4398641822349225e-05, "feature_x": -122.50608977865421, "feature_y": 37.762386256135457, "nearest_x": -122.506143, "nearest_y": 37.762375 }, "geometry": { "type": "MultiPolygon", "coordinates": [ [ [ [ -122.50244977865421, 37.762386256135457 ], [ -122.502627932934899, 37.76126143427593 ], [ -122.503144956794685, 37.760246717817111 ], [ -122.503950240335868, 37.759441434275935 ], [ -122.504964956794694, 37.758924410416142 ], [ -122.506089778654214, 37.75874625613546 ], [ -122.507214600513734, 37.758924410416142 ], [ -122.50822931697256, 37.759441434275935 ], [ -122.509034600513743, 37.760246717817111 ], [ -122.509551624373529, 37.76126143427593 ], [ -122.509729778654219, 37.762386256135457 ], [ -122.509551624373529, 37.763511077994984 ], [ -122.509034600513743, 37.764525794453803 ], [ -122.50822931697256, 37.765331077994979 ], [ -122.507214600513734, 37.765848101854772 ], [ -122.506089778654214, 37.766026256135454 ], [ -122.504964956794694, 37.765848101854772 ], [ -122.503950240335868, 37.765331077994979 ], [ -122.503144956794685, 37.764525794453803 ], [ -122.502627932934899, 37.763511077994984 ], [ -122.50244977865421, 37.762386256135457 ] ] ] ] } },
{ "type": "Feature", "properties": { "id": null, "id_2": 6530, "name": "Sunset Blvd & Judah St", "modes": null, "routes": null, "nameLength": null, "stop_lat": 37.76114, "stop_lon": -122.495646, "n": 1, "distance": 0.00012902076358011576, "feature_x": -122.49556692189728, "feature_y": 37.761038053881357, "nearest_x": -122.495646, "nearest_y": 37.76114 }, "geometry": { "type": "MultiPolygon", "coordinates": [ [ [ [ -122.491926921897274, 37.761038053881357 ], [ -122.492105076177964, 37.75991323202183 ], [ -122.49262210003775, 37.758898515563011 ], [ -122.493427383578933, 37.758093232021835 ], [ -122.494442100037759, 37.757576208162043 ], [ -122.495566921897279, 37.75739805388136 ], [ -122.496691743756799, 37.757576208162043 ], [ -122.497706460215625, 37.758093232021835 ], [ -122.498511743756808, 37.758898515563011 ], [ -122.499028767616593, 37.75991323202183 ], [ -122.499206921897283, 37.761038053881357 ], [ -122.499028767616593, 37.762162875740884 ], [ -122.498511743756808, 37.763177592199703 ], [ -122.497706460215625, 37.763982875740879 ], [ -122.496691743756799, 37.764499899600672 ], [ -122.495566921897279, 37.764678053881354 ], [ -122.494442100037759, 37.764499899600672 ], [ -122.493427383578933, 37.763982875740879 ], [ -122.49262210003775, 37.763177592199703 ], [ -122.492105076177964, 37.762162875740884 ], [ -122.491926921897274, 37.761038053881357 ] ] ] ] } },
{ "type": "Feature", "properties": { "id": null, "id_2": 6540, "name": "Sunset Blvd & Noriega St", "modes": null, "routes": null, "nameLength": null, "stop_lat": 37.753701, "stop_lon": -122.495121, "n": 1, "distance": 0.0001289190571413842, "feature_x": -122.49523418334381, "feature_y": 37.753639277605544, "nearest_x": -122.495121, "nearest_y": 37.753701 }, "geometry": { "type": "MultiPolygon", "coordinates": [ [ [ [ -122.491594183343807, 37.753639277605544 ], [ -122.491772337624496, 37.752514455746017 ], [ -122.492289361484282, 37.751499739287198 ], [ -122.493094645025465, 37.750694455746022 ], [ -122.494109361484291, 37.750177431886229 ], [ -122.495234183343811, 37.749999277605546 ], [ -122.496359005203331, 37.750177431886229 ], [ -122.497373721662157, 37.750694455746022 ], [ -122.49817900520334, 37.751499739287198 ], [ -122.498696029063126, 37.752514455746017 ], [ -122.498874183343816, 37.753639277605544 ], [ -122.498696029063126, 37.754764099465071 ], [ -122.49817900520334, 37.75577881592389 ], [ -122.497373721662157, 37.756584099465066 ], [ -122.496359005203331, 37.757101123324858 ], [ -122.495234183343811, 37.757279277605541 ], [ -122.494109361484291, 37.757101123324858 ], [ -122.493094645025465, 37.756584099465066 ], [ -122.492289361484282, 37.75577881592389 ], [ -122.491772337624496, 37.754764099465071 ], [ -122.491594183343807, 37.753639277605544 ] ] ] ] } },
{ "type": "Feature", "properties": { "id": null, "id_2": 5761, "name": "Noriega St & 46th Ave", "modes": null, "routes": null, "nameLength": null, "stop_lat": 37.753034, "stop_lon": -122.505712, "n": 1, "distance": 1.3818159397547804e-05, "feature_x": -122.50571544778141, "feature_y": 37.753047381118506, "nearest_x": -122.505712, "nearest_y": 37.753034 }, "geometry": { "type": "MultiPolygon", "coordinates": [ [ [ [ -122.502075447781408, 37.753047381118506 ], [ -122.502253602062098, 37.751922559258979 ], [ -122.502770625921883, 37.75090784280016 ], [ -122.503575909463066, 37.750102559258984 ], [ -122.504590625921892, 37.749585535399191 ], [ -122.505715447781412, 37.749407381118509 ], [ -122.506840269640932, 37.749585535399191 ], [ -122.507854986099758, 37.750102559258984 ], [ -122.508660269640941, 37.75090784280016 ], [ -122.509177293500727, 37.751922559258979 ], [ -122.509355447781417, 37.753047381118506 ], [ -122.509177293500727, 37.754172202978033 ], [ -122.508660269640941, 37.755186919436852 ], [ -122.507854986099758, 37.755992202978028 ], [ -122.506840269640932, 37.756509226837821 ], [ -122.505715447781412, 37.756687381118503 ], [ -122.504590625921892, 37.756509226837821 ], [ -122.503575909463066, 37.755992202978028 ], [ -122.502770625921883, 37.755186919436852 ], [ -122.502253602062098, 37.754172202978033 ], [ -122.502075447781408, 37.753047381118506 ] ] ] ] } },
{ "type": "Feature", "properties": { "id": null, "id_2": 6550, "name": "Sunset Blvd & Rivera St", "modes": null, "routes": null, "nameLength": null, "stop_lat": 37.746302, "stop_lon": -122.494576, "n": 1, "distance": 0.00016033001600166584, "feature_x": -122.4947350755132, "feature_y": 37.746322017370659, "nearest_x": -122.494576, "nearest_y": 37.746302 }, "geometry": { "type": "MultiPolygon", "coordinates": [ [ [ [ -122.491095075513201, 37.746322017370659 ], [ -122.49127322979389, 37.745197195511132 ], [ -122.491790253653676, 37.744182479052313 ], [ -122.492595537194859, 37.743377195511137 ], [ -122.493610253653685, 37.742860171651344 ], [ -122.494735075513205, 37.742682017370662 ], [ -122.495859897372725, 37.742860171651344 ], [ -122.496874613831551, 37.743377195511137 ], [ -122.497679897372734, 37.744182479052313 ], [ -122.49819692123252, 37.745197195511132 ], [ -122.498375075513209, 37.746322017370659 ], [ -122.49819692123252, 37.747446839230186 ], [ -122.497679897372734, 37.748461555689005 ], [ -122.496874613831551, 37.749266839230181 ], [ -122.495859897372725, 37.749783863089974 ], [ -122.494735075513205, 37.749962017370656 ], [ -122.493610253653685, 37.749783863089974 ], [ -122.492595537194859, 37.749266839230181 ], [ -122.491790253653676, 37.748461555689005 ], [ -122.49127322979389, 37.747446839230186 ], [ -122.491095075513201, 37.746322017370659 ] ] ] ] } },
{ "type": "Feature", "properties": { "id": null, "id_2": 3527, "name": "30th Ave & Quintara St", "modes": null, "routes": null, "nameLength": null, "stop_lat": 37.74808, "stop_lon": -122.487926, "n": 1, "distance": 0.00015534264533573238, "feature_x": -122.48808030444148, "feature_y": 37.748097929774104, "nearest_x": -122.487926, "nearest_y": 37.74808 }, "geometry": { "type": "MultiPolygon", "coordinates": [ [ [ [ -122.484440304441478, 37.748097929774104 ], [ -122.484618458722167, 37.746973107914577 ], [ -122.485135482581953, 37.745958391455758 ], [ -122.485940766123136, 37.745153107914582 ], [ -122.486955482581962, 37.74463608405479 ], [ -122.488080304441482, 37.744457929774107 ], [ -122.489205126301002, 37.74463608405479 ], [ -122.490219842759828, 37.745153107914582 ], [ -122.491025126301011, 37.745958391455758 ], [ -122.491542150160797, 37.746973107914577 ], [ -122.491720304441486, 37.748097929774104 ], [ -122.491542150160797, 37.749222751633631 ], [ -122.491025126301011, 37.75023746809245 ], [ -122.490219842759828, 37.751042751633626 ], [ -122.489205126301002, 37.751559775493419 ], [ -122.488080304441482, 37.751737929774102 ], [ -122.486955482581962, 37.751559775493419 ], [ -122.485940766123136, 37.751042751633626 ], [ -122.485135482581953, 37.75023746809245 ], [ -122.484618458722167, 37.749222751633631 ], [ -122.484440304441478, 37.748097929774104 ] ] ] ] } },
{ "type": "Feature", "properties": { "id": null, "id_2": 6627, "name": "Taraval St & 30th Ave", "modes": null, "routes": null, "nameLength": null, "stop_lat": 37.742494, "stop_lon": -122.487681, "n": 1, "distance": 0.0002580655357638315, "feature_x": -122.48783075052631, "feature_y": 37.742704172787526, "nearest_x": -122.487681, "nearest_y": 37.742494 }, "geometry": { "type": "MultiPolygon", "coordinates": [ [ [ [ -122.484190750526309, 37.742704172787526 ], [ -122.484368904806999, 37.741579350927999 ], [ -122.484885928666785, 37.74056463446918 ], [ -122.485691212207968, 37.739759350928004 ], [ -122.486705928666794, 37.739242327068212 ], [ -122.487830750526314, 37.739064172787529 ], [ -122.488955572385834, 37.739242327068212 ], [ -122.48997028884466, 37.739759350928004 ], [ -122.490775572385843, 37.74056463446918 ], [ -122.491292596245628, 37.741579350927999 ], [ -122.491470750526318, 37.742704172787526 ], [ -122.491292596245628, 37.743828994647053 ], [ -122.490775572385843, 37.744843711105872 ], [ -122.48997028884466, 37.745648994647048 ], [ -122.488955572385834, 37.746166018506841 ], [ -122.487830750526314, 37.746344172787524 ], [ -122.486705928666794, 37.746166018506841 ], [ -122.485691212207968, 37.745648994647048 ], [ -122.484885928666785, 37.744843711105872 ], [ -122.484368904806999, 37.743828994647053 ], [ -122.484190750526309, 37.742704172787526 ] ] ] ] } },
{ "type": "Feature", "properties": { "id": null, "id_2": 7208, "name": "Sloat Blvd & 47th Ave", "modes": null, "routes": null, "nameLength": null, "stop_lat": 37.735394, "stop_lon": -122.50493, "n": 1, "distance": 0.00030076706803301484, "feature_x": -122.50480041675927, "feature_y": 37.735665420362047, "nearest_x": -122.50493, "nearest_y": 37.735394 }, "geometry": { "type": "MultiPolygon", "coordinates": [ [ [ [ -122.501160416759262, 37.735665420362047 ], [ -122.501338571039952, 37.73454059850252 ], [ -122.501855594899737, 37.733525882043701 ], [ -122.502660878440921, 37.732720598502524 ], [ -122.503675594899747, 37.732203574642732 ], [ -122.504800416759267, 37.732025420362049 ], [ -122.505925238618786, 37.732203574642732 ], [ -122.506939955077613, 37.732720598502524 ], [ -122.507745238618796, 37.733525882043701 ], [ -122.508262262478581, 37.73454059850252 ], [ -122.508440416759271, 37.735665420362047 ], [ -122.508262262478581, 37.736790242221574 ], [ -122.507745238618796, 37.737804958680393 ], [ -122.506939955077613, 37.738610242221569 ], [ -122.505925238618786, 37.739127266081361 ], [ -122.504800416759267, 37.739305420362044 ], [ -122.503675594899747, 37.739127266081361 ], [ -122.502660878440921, 37.738610242221569 ], [ -122.501855594899737, 37.737804958680393 ], [ -122.501338571039952, 37.736790242221574 ], [ -122.501160416759262, 37.735665420362047 ] ] ] ] } },
{ "type": "Feature", "properties": { "id": null, "id_2": 6246, "name": "Rivera St & 46th Ave", "modes": null, "routes": null, "nameLength": null, "stop_lat": 37.74543, "stop_lon": -122.50504, "n": 1, "distance": 0.00044204161479277155, "feature_x": -122.5052995245895, "feature_y": 37.745072162359932, "nearest_x": -122.50504, "nearest_y": 37.74543 }, "geometry": { "type": "MultiPolygon", "coordinates": [ [ [ [ -122.501659524589499, 37.745072162359932 ], [ -122.501837678870189, 37.743947340500405 ], [ -122.502354702729974, 37.742932624041586 ], [ -122.503159986271157, 37.74212734050041 ], [ -122.504174702729983, 37.741610316640617 ], [ -122.505299524589503, 37.741432162359935 ], [ -122.506424346449023, 37.741610316640617 ], [ -122.507439062907849, 37.74212734050041 ], [ -122.508244346449032, 37.742932624041586 ], [ -122.508761370308818, 37.743947340500405 ], [ -122.508939524589508, 37.745072162359932 ], [ -122.508761370308818, 37.746196984219459 ], [ -122.508244346449032, 37.747211700678278 ], [ -122.507439062907849, 37.748016984219454 ], [ -122.506424346449023, 37.748534008079247 ], [ -122.505299524589503, 37.748712162359929 ], [ -122.504174702729983, 37.748534008079247 ], [ -122.503159986271157, 37.748016984219454 ], [ -122.502354702729974, 37.747211700678278 ], [ -122.501837678870189, 37.746196984219459 ], [ -122.501659524589499, 37.745072162359932 ] ] ] ] } },
{ "type": "Feature", "properties": { "id": null, "id_2": 6461, "name": "Sloat Blvd & Skyline Blvd", "modes": null, "routes": null, "nameLength": null, "stop_lat": 37.733681, "stop_lon": -122.496492, "n": 1, "distance": 0.00068282603452618398, "feature_x": -122.49589966045082, "feature_y": 37.734020684047159, "nearest_x": -122.496492, "nearest_y": 37.733681 }, "geometry": { "type": "MultiPolygon", "coordinates": [ [ [ [ -122.492259660450813, 37.734020684047159 ], [ -122.492437814731502, 37.732895862187632 ], [ -122.492954838591288, 37.731881145728813 ], [ -122.493760122132471, 37.731075862187637 ], [ -122.494774838591297, 37.730558838327845 ], [ -122.495899660450817, 37.730380684047162 ], [ -122.497024482310337, 37.730558838327845 ], [ -122.498039198769163, 37.731075862187637 ], [ -122.498844482310346, 37.731881145728813 ], [ -122.499361506170132, 37.732895862187632 ], [ -122.499539660450822, 37.734020684047159 ], [ -122.499361506170132, 37.735145505906686 ], [ -122.498844482310346, 37.736160222365505 ], [ -122.498039198769163, 37.736965505906682 ], [ -122.497024482310337, 37.737482529766474 ], [ -122.495899660450817, 37.737660684047157 ], [ -122.494774838591297, 37.737482529766474 ], [ -122.493760122132471, 37.736965505906682 ], [ -122.492954838591288, 37.736160222365505 ], [ -122.492437814731502, 37.735145505906686 ], [ -122.492259660450813, 37.734020684047159 ] ] ] ] } },
{ "type": "Feature", "properties": { "id": null, "id_2": 5131, "name": "John Muir Dr & Skyline Blvd", "modes": null, "routes": null, "nameLength": null, "stop_lat": 37.718996, "stop_lon": -122.500028, "n": 1, "distance": 0.00022316687673449854, "feature_x": -122.50005889237077, "feature_y": 37.719217018361903, "nearest_x": -122.500028, "nearest_y": 37.718996 }, "geometry": { "type": "MultiPolygon", "coordinates": [ [ [ [ -122.49641889237077, 37.719217018361903 ], [ -122.496597046651459, 37.718092196502376 ], [ -122.497114070511245, 37.717077480043557 ], [ -122.497919354052428, 37.716272196502381 ], [ -122.498934070511254, 37.715755172642588 ], [ -122.500058892370774, 37.715577018361905 ], [ -122.501183714230294, 37.715755172642588 ], [ -122.50219843068912, 37.716272196502381 ], [ -122.503003714230303, 37.717077480043557 ], [ -122.503520738090089, 37.718092196502376 ], [ -122.503698892370778, 37.719217018361903 ], [ -122.503520738090089, 37.72034184022143 ], [ -122.503003714230303, 37.721356556680249 ], [ -122.50219843068912, 37.722161840221425 ], [ -122.501183714230294, 37.722678864081217 ], [ -122.500058892370774, 37.7228570183619 ], [ -122.498934070511254, 37.722678864081217 ], [ -122.497919354052428, 37.722161840221425 ], [ -122.497114070511245, 37.721356556680249 ], [ -122.496597046651459, 37.72034184022143 ], [ -122.49641889237077, 37.719217018361903 ] ] ] ] } },
{ "type": "Feature", "properties": { "id": null, "id_2": 5126, "name": "515 John Muir Dr", "modes": null, "routes": null, "nameLength": null, "stop_lat": 37.71607, "stop_lon": -122.49539, "n": 1, "distance": 1.5692438626741548e-05, "feature_x": -122.4954005526205, "feature_y": 37.716058385576609, "nearest_x": -122.49539, "nearest_y": 37.71607 }, "geometry": { "type": "MultiPolygon", "coordinates": [ [ [ [ -122.491760552620491, 37.716058385576609 ], [ -122.49193870690118, 37.714933563717082 ], [ -122.492455730760966, 37.713918847258263 ], [ -122.493261014302149, 37.713113563717087 ], [ -122.494275730760975, 37.712596539857294 ], [ -122.495400552620495, 37.712418385576612 ], [ -122.496525374480015, 37.712596539857294 ], [ -122.497540090938841, 37.713113563717087 ], [ -122.498345374480024, 37.713918847258263 ], [ -122.49886239833981, 37.714933563717082 ], [ -122.4990405526205, 37.716058385576609 ], [ -122.49886239833981, 37.717183207436136 ], [ -122.498345374480024, 37.718197923894955 ], [ -122.497540090938841, 37.719003207436131 ], [ -122.496525374480015, 37.719520231295924 ], [ -122.495400552620495, 37.719698385576606 ], [ -122.494275730760975, 37.719520231295924 ], [ -122.493261014302149, 37.719003207436131 ], [ -122.492455730760966, 37.718197923894955 ], [ -122.49193870690118, 37.717183207436136 ], [ -122.491760552620491, 37.716058385576609 ] ] ] ] } },
{ "type": "Feature", "properties": { "id": null, "id_2": 4828, "name": "LAKE MERCED & JOHN MUIR", "modes": null, "routes": null, "nameLength": null, "stop_lat": 37.708219, "stop_lon": -122.485533, "n": 1, "distance": 7.7237966335023508e-05, "feature_x": -122.48558476528977, "feature_y": 37.708161675849603, "nearest_x": -122.485533, "nearest_y": 37.708219 }, "geometry": { "type": "MultiPolygon", "coordinates": [ [ [ [ -122.481944765289768, 37.708161675849603 ], [ -122.482122919570457, 37.707036853990076 ], [ -122.482639943430243, 37.706022137531257 ], [ -122.483445226971426, 37.70521685399008 ], [ -122.484459943430252, 37.704699830130288 ], [ -122.485584765289772, 37.704521675849605 ], [ -122.486709587149292, 37.704699830130288 ], [ -122.487724303608118, 37.70521685399008 ], [ -122.488529587149301, 37.706022137531257 ], [ -122.489046611009087, 37.707036853990076 ], [ -122.489224765289777, 37.708161675849603 ], [ -122.489046611009087, 37.70928649770913 ], [ -122.488529587149301, 37.710301214167949 ], [ -122.487724303608118, 37.711106497709125 ], [ -122.486709587149292, 37.711623521568917 ], [ -122.485584765289772, 37.7118016758496 ], [ -122.484459943430252, 37.711623521568917 ], [ -122.483445226971426, 37.711106497709125 ], [ -122.482639943430243, 37.710301214167949 ], [ -122.482122919570457, 37.70928649770913 ], [ -122.481944765289768, 37.708161675849603 ] ] ] ] } },
{ "type": "Feature", "properties": { "id": null, "id_2": 6463, "name": "Sloat Blvd & Vale Ave", "modes": null, "routes": null, "nameLength": null, "stop_lat": 37.734483, "stop_lon": -122.483955, "n": 1, "distance": 0.00043454234134184054, "feature_x": -122.48437858803301, "feature_y": 37.734579954755965, "nearest_x": -122.483955, "nearest_y": 37.734483 }, "geometry": { "type": "MultiPolygon", "coordinates": [ [ [ [ -122.480738588033006, 37.734579954755965 ], [ -122.480916742313696, 37.733455132896438 ], [ -122.481433766173481, 37.732440416437619 ], [ -122.482239049714664, 37.731635132896443 ], [ -122.48325376617349, 37.73111810903665 ], [ -122.48437858803301, 37.730939954755968 ], [ -122.48550340989253, 37.73111810903665 ], [ -122.486518126351356, 37.731635132896443 ], [ -122.487323409892539, 37.732440416437619 ], [ -122.487840433752325, 37.733455132896438 ], [ -122.488018588033015, 37.734579954755965 ], [ -122.487840433752325, 37.735704776615492 ], [ -122.487323409892539, 37.736719493074311 ], [ -122.486518126351356, 37.737524776615487 ], [ -122.48550340989253, 37.73804180047528 ], [ -122.48437858803301, 37.738219954755962 ], [ -122.48325376617349, 37.73804180047528 ], [ -122.482239049714664, 37.737524776615487 ], [ -122.481433766173481, 37.736719493074311 ], [ -122.480916742313696, 37.735704776615492 ], [ -122.480738588033006, 37.734579954755965 ] ] ] ] } },
{ "type": "Feature", "properties": { "id": null, "id_2": 6436, "name": "Sloat Blvd & 19th Ave", "modes": null, "routes": null, "nameLength": null, "stop_lat": 37.734494, "stop_lon": -122.475272, "n": 1, "distance": 0.00038240976248190737, "feature_x": -122.475561016363, "feature_y": 37.734744413195259, "nearest_x": -122.475272, "nearest_y": 37.734494 }, "geometry": { "type": "MultiPolygon", "coordinates": [ [ [ [ -122.471921016362998, 37.734744413195259 ], [ -122.472099170643688, 37.733619591335732 ], [ -122.472616194503473, 37.732604874876913 ], [ -122.473421478044656, 37.731799591335736 ], [ -122.474436194503483, 37.731282567475944 ], [ -122.475561016363002, 37.731104413195261 ], [ -122.476685838222522, 37.731282567475944 ], [ -122.477700554681348, 37.731799591335736 ], [ -122.478505838222532, 37.732604874876913 ], [ -122.479022862082317, 37.733619591335732 ], [ -122.479201016363007, 37.734744413195259 ], [ -122.479022862082317, 37.735869235054786 ], [ -122.478505838222532, 37.736883951513605 ], [ -122.477700554681348, 37.737689235054781 ], [ -122.476685838222522, 37.738206258914573 ], [ -122.475561016363002, 37.738384413195256 ], [ -122.474436194503483, 37.738206258914573 ], [ -122.473421478044656, 37.737689235054781 ], [ -122.472616194503473, 37.736883951513605 ], [ -122.472099170643688, 37.735869235054786 ], [ -122.471921016362998, 37.734744413195259 ] ] ] ] } },
{ "type": "Feature", "properties": { "id": null, "id_2": 6014, "name": "Portola Dr & Dorchester Way", "modes": null, "routes": null, "nameLength": null, "stop_lat": 37.7401, "stop_lon": -122.46344, "n": 1, "distance": 6.5802583590450072e-05, "feature_x": -122.46337446683808, "feature_y": 37.740105948503562, "nearest_x": -122.46344, "nearest_y": 37.7401 }, "geometry": { "type": "MultiPolygon", "coordinates": [ [ [ [ -122.459734466838071, 37.740105948503562 ], [ -122.459912621118761, 37.738981126644035 ], [ -122.460429644978547, 37.737966410185216 ], [ -122.46123492851973, 37.73716112664404 ], [ -122.462249644978556, 37.736644102784247 ], [ -122.463374466838076, 37.736465948503565 ], [ -122.464499288697596, 37.736644102784247 ], [ -122.465514005156422, 37.73716112664404 ], [ -122.466319288697605, 37.737966410185216 ], [ -122.46683631255739, 37.738981126644035 ], [ -122.46701446683808, 37.740105948503562 ], [ -122.46683631255739, 37.741230770363089 ], [ -122.466319288697605, 37.742245486821908 ], [ -122.465514005156422, 37.743050770363084 ], [ -122.464499288697596, 37.743567794222876 ], [ -122.463374466838076, 37.743745948503559 ], [ -122.462249644978556, 37.743567794222876 ], [ -122.46123492851973, 37.743050770363084 ], [ -122.460429644978547, 37.742245486821908 ], [ -122.459912621118761, 37.741230770363089 ], [ -122.459734466838071, 37.740105948503562 ] ] ] ] } },
{ "type": "Feature", "properties": { "id": null, "id_2": 6616, "name": "Taraval St & 19th Ave", "modes": null, "routes": null, "nameLength": null, "stop_lat": 37.74311, "stop_lon": -122.475444, "n": 1, "distance": 0.00016133470504489444, "feature_x": -122.47551942404364, "feature_y": 37.742967381275101, "nearest_x": -122.475444, "nearest_y": 37.74311 }, "geometry": { "type": "MultiPolygon", "coordinates": [ [ [ [ -122.471879424043635, 37.742967381275101 ], [ -122.472057578324325, 37.741842559415574 ], [ -122.47257460218411, 37.740827842956755 ], [ -122.473379885725294, 37.740022559415578 ], [ -122.47439460218412, 37.739505535555786 ], [ -122.47551942404364, 37.739327381275103 ], [ -122.476644245903159, 37.739505535555786 ], [ -122.477658962361986, 37.740022559415578 ], [ -122.478464245903169, 37.740827842956755 ], [ -122.478981269762954, 37.741842559415574 ], [ -122.479159424043644, 37.742967381275101 ], [ -122.478981269762954, 37.744092203134628 ], [ -122.478464245903169, 37.745106919593447 ], [ -122.477658962361986, 37.745912203134623 ], [ -122.476644245903159, 37.746429226994415 ], [ -122.47551942404364, 37.746607381275098 ], [ -122.47439460218412, 37.746429226994415 ], [ -122.473379885725294, 37.745912203134623 ], [ -122.47257460218411, 37.745106919593447 ], [ -122.472057578324325, 37.744092203134628 ], [ -122.471879424043635, 37.742967381275101 ] ] ] ] } },
{ "type": "Feature", "properties": { "id": null, "id_2": 3383, "name": "19th Ave & Quintara St", "modes": null, "routes": null, "nameLength": null, "stop_lat": 37.74853, "stop_lon": -122.4759, "n": 1, "distance": 8.2023520252890177e-05, "feature_x": -122.4759769395551, "feature_y": 37.748558428203175, "nearest_x": -122.4759, "nearest_y": 37.74853 }, "geometry": { "type": "MultiPolygon", "coordinates": [ [ [ [ -122.472336939555092, 37.748558428203175 ], [ -122.472515093835781, 37.747433606343648 ], [ -122.473032117695567, 37.746418889884829 ], [ -122.47383740123675, 37.745613606343653 ], [ -122.474852117695576, 37.74509658248386 ], [ -122.475976939555096, 37.744918428203178 ], [ -122.477101761414616, 37.74509658248386 ], [ -122.478116477873442, 37.745613606343653 ], [ -122.478921761414625, 37.746418889884829 ], [ -122.479438785274411, 37.747433606343648 ], [ -122.4796169395551, 37.748558428203175 ], [ -122.479438785274411, 37.749683250062702 ], [ -122.478921761414625, 37.750697966521521 ], [ -122.478116477873442, 37.751503250062697 ], [ -122.477101761414616, 37.75202027392249 ], [ -122.475976939555096, 37.752198428203172 ], [ -122.474852117695576, 37.75202027392249 ], [ -122.47383740123675, 37.751503250062697 ], [ -122.473032117695567, 37.750697966521521 ], [ -122.472515093835781, 37.749683250062702 ], [ -122.472336939555092, 37.748558428203175 ] ] ] ] } },
{ "type": "Feature", "properties": { "id": null, "id_2": 8136, "name": "Ulloa St & 14th Ave", "modes": null, "routes": null, "nameLength": null, "stop_lat": 37.7415, "stop_lon": -122.469969, "n": 1, "distance": 0.00043501426991422281, "feature_x": -122.46961331471775, "feature_y": 37.741750450384338, "nearest_x": -122.469969, "nearest_y": 37.7415 }, "geometry": { "type": "MultiPolygon", "coordinates": [ [ [ [ -122.465973314717743, 37.741750450384338 ], [ -122.466151468998433, 37.740625628524811 ], [ -122.466668492858219, 37.739610912065991 ], [ -122.467473776399402, 37.738805628524815 ], [ -122.468488492858228, 37.738288604665023 ], [ -122.469613314717748, 37.73811045038434 ], [ -122.470738136577268, 37.738288604665023 ], [ -122.471752853036094, 37.738805628524815 ], [ -122.472558136577277, 37.739610912065991 ], [ -122.473075160437062, 37.740625628524811 ], [ -122.473253314717752, 37.741750450384338 ], [ -122.473075160437062, 37.742875272243865 ], [ -122.472558136577277, 37.743889988702684 ], [ -122.471752853036094, 37.74469527224386 ], [ -122.470738136577268, 37.745212296103652 ], [ -122.469613314717748, 37.745390450384335 ], [ -122.468488492858228, 37.745212296103652 ], [ -122.467473776399402, 37.74469527224386 ], [ -122.466668492858219, 37.743889988702684 ], [ -122.466151468998433, 37.742875272243865 ], [ -122.465973314717743, 37.741750450384338 ] ] ] ] } },
{ "type": "Feature", "properties": { "id": null, "id_2": 6170, "name": "Quintara St & Funston Ave", "modes": null, "routes": null, "nameLength": null, "stop_lat": 37.748985, "stop_lon": -122.469423, "n": 1, "distance": 6.7176131529132294e-05, "feature_x": -122.46940535312181, "feature_y": 37.748920183178591, "nearest_x": -122.469423, "nearest_y": 37.748985 }, "geometry": { "type": "MultiPolygon", "coordinates": [ [ [ [ -122.46576535312181, 37.748920183178591 ], [ -122.4659435074025, 37.747795361319064 ], [ -122.466460531262285, 37.746780644860245 ], [ -122.467265814803469, 37.745975361319068 ], [ -122.468280531262295, 37.745458337459276 ], [ -122.469405353121815, 37.745280183178593 ], [ -122.470530174981334, 37.745458337459276 ], [ -122.471544891440161, 37.745975361319068 ], [ -122.472350174981344, 37.746780644860245 ], [ -122.472867198841129, 37.747795361319064 ], [ -122.473045353121819, 37.748920183178591 ], [ -122.472867198841129, 37.750045005038118 ], [ -122.472350174981344, 37.751059721496937 ], [ -122.471544891440161, 37.751865005038113 ], [ -122.470530174981334, 37.752382028897905 ], [ -122.469405353121815, 37.752560183178588 ], [ -122.468280531262295, 37.752382028897905 ], [ -122.467265814803469, 37.751865005038113 ], [ -122.466460531262285, 37.751059721496937 ], [ -122.4659435074025, 37.750045005038118 ], [ -122.46576535312181, 37.748920183178591 ] ] ] ] } },
{ "type": "Feature", "properties": { "id": null, "id_2": 5741, "name": "Noriega St & 24th Ave", "modes": null, "routes": null, "nameLength": null, "stop_lat": 37.754042, "stop_lon": -122.482773, "n": 1, "distance": 0.00010734737300621241, "feature_x": -122.48271489526529, "feature_y": 37.753951737614166, "nearest_x": -122.482773, "nearest_y": 37.754042 }, "geometry": { "type": "MultiPolygon", "coordinates": [ [ [ [ -122.479074895265285, 37.753951737614166 ], [ -122.479253049545974, 37.752826915754639 ], [ -122.47977007340576, 37.75181219929582 ], [ -122.480575356946943, 37.751006915754644 ], [ -122.481590073405769, 37.750489891894851 ], [ -122.482714895265289, 37.750311737614169 ], [ -122.483839717124809, 37.750489891894851 ], [ -122.484854433583635, 37.751006915754644 ], [ -122.485659717124818, 37.75181219929582 ], [ -122.486176740984604, 37.752826915754639 ], [ -122.486354895265293, 37.753951737614166 ], [ -122.486176740984604, 37.755076559473693 ], [ -122.485659717124818, 37.756091275932512 ], [ -122.484854433583635, 37.756896559473688 ], [ -122.483839717124809, 37.757413583333481 ], [ -122.482714895265289, 37.757591737614163 ], [ -122.481590073405769, 37.757413583333481 ], [ -122.480575356946943, 37.756896559473688 ], [ -122.47977007340576, 37.756091275932512 ], [ -122.479253049545974, 37.755076559473693 ], [ -122.479074895265285, 37.753951737614166 ] ] ] ] } },
{ "type": "Feature", "properties": { "id": null, "id_2": 4854, "name": "Lawton St & 9th Ave", "modes": null, "routes": null, "nameLength": null, "stop_lat": 37.758524, "stop_lon": -122.465804, "n": 1, "distance": 7.1471718263114046e-05, "feature_x": -122.46582841367085, "feature_y": 37.758456827243712, "nearest_x": -122.465804, "nearest_y": 37.758524 }, "geometry": { "type": "MultiPolygon", "coordinates": [ [ [ [ -122.462188413670845, 37.758456827243712 ], [ -122.462366567951534, 37.757332005384185 ], [ -122.46288359181132, 37.756317288925366 ], [ -122.463688875352503, 37.75551200538419 ], [ -122.464703591811329, 37.754994981524398 ], [ -122.465828413670849, 37.754816827243715 ], [ -122.466953235530369, 37.754994981524398 ], [ -122.467967951989195, 37.75551200538419 ], [ -122.468773235530378, 37.756317288925366 ], [ -122.469290259390164, 37.757332005384185 ], [ -122.469468413670853, 37.758456827243712 ], [ -122.469290259390164, 37.759581649103239 ], [ -122.468773235530378, 37.760596365562058 ], [ -122.467967951989195, 37.761401649103234 ], [ -122.466953235530369, 37.761918672963027 ], [ -122.465828413670849, 37.76209682724371 ], [ -122.464703591811329, 37.761918672963027 ], [ -122.463688875352503, 37.761401649103234 ], [ -122.46288359181132, 37.760596365562058 ], [ -122.462366567951534, 37.759581649103239 ], [ -122.462188413670845, 37.758456827243712 ] ] ] ] } },
{ "type": "Feature", "properties": { "id": null, "id_2": 5247, "name": "Laguna Honda Blvd/Forest Hill Sta", "modes": null, "routes": null, "nameLength": null, "stop_lat": 37.748121, "stop_lon": -122.45887, "n": 1, "distance": 9.6191563461635722e-05, "feature_x": -122.45896568100311, "feature_y": 37.748130897602053, "nearest_x": -122.45887, "nearest_y": 37.748121 }, "geometry": { "type": "MultiPolygon", "coordinates": [ [ [ [ -122.455325681003103, 37.748130897602053 ], [ -122.455503835283793, 37.747006075742526 ], [ -122.456020859143578, 37.745991359283707 ], [ -122.456826142684761, 37.745186075742531 ], [ -122.457840859143587, 37.744669051882738 ], [ -122.458965681003107, 37.744490897602056 ], [ -122.460090502862627, 37.744669051882738 ], [ -122.461105219321453, 37.745186075742531 ], [ -122.461910502862636, 37.745991359283707 ], [ -122.462427526722422, 37.747006075742526 ], [ -122.462605681003112, 37.748130897602053 ], [ -122.462427526722422, 37.74925571946158 ], [ -122.461910502862636, 37.750270435920399 ], [ -122.461105219321453, 37.751075719461575 ], [ -122.460090502862627, 37.751592743321368 ], [ -122.458965681003107, 37.75177089760205 ], [ -122.457840859143587, 37.751592743321368 ], [ -122.456826142684761, 37.751075719461575 ], [ -122.456020859143578, 37.750270435920399 ], [ -122.455503835283793, 37.74925571946158 ], [ -122.455325681003103, 37.748130897602053 ] ] ] ] } },
{ "type": "Feature", "properties": { "id": null, "id_2": 5254, "name": "Laguna Honda Blvd & Portola Dr", "modes": null, "routes": null, "nameLength": null, "stop_lat": 37.74311, "stop_lon": -122.45548, "n": 1, "distance": 9.2894829505311115e-05, "feature_x": -122.455555110829, "feature_y": 37.743164660888354, "nearest_x": -122.45548, "nearest_y": 37.74311 }, "geometry": { "type": "MultiPolygon", "coordinates": [ [ [ [ -122.451915110828992, 37.743164660888354 ], [ -122.452093265109681, 37.742039839028827 ], [ -122.452610288969467, 37.741025122570008 ], [ -122.45341557251065, 37.740219839028832 ], [ -122.454430288969476, 37.739702815169039 ], [ -122.455555110828996, 37.739524660888357 ], [ -122.456679932688516, 37.739702815169039 ], [ -122.457694649147342, 37.740219839028832 ], [ -122.458499932688525, 37.741025122570008 ], [ -122.459016956548311, 37.742039839028827 ], [ -122.459195110829, 37.743164660888354 ], [ -122.459016956548311, 37.744289482747881 ], [ -122.458499932688525, 37.7453041992067 ], [ -122.457694649147342, 37.746109482747876 ], [ -122.456679932688516, 37.746626506607669 ], [ -122.455555110828996, 37.746804660888351 ], [ -122.454430288969476, 37.746626506607669 ], [ -122.45341557251065, 37.746109482747876 ], [ -122.452610288969467, 37.7453041992067 ], [ -122.452093265109681, 37.744289482747881 ], [ -122.451915110828992, 37.743164660888354 ] ] ] ] } },
{ "type": "Feature", "properties": { "id": null, "id_2": 6121, "name": "Portola Dr & O'Shaughnessy Blvd", "modes": null, "routes": null, "nameLength": null, "stop_lat": 37.74532, "stop_lon": -122.4519, "n": 1, "distance": 0.00011413149291716394, "feature_x": -122.45189498673925, "feature_y": 37.745434021335249, "nearest_x": -122.4519, "nearest_y": 37.74532 }, "geometry": { "type": "MultiPolygon", "coordinates": [ [ [ [ -122.448254986739244, 37.745434021335249 ], [ -122.448433141019933, 37.744309199475722 ], [ -122.448950164879719, 37.743294483016903 ], [ -122.449755448420902, 37.742489199475727 ], [ -122.450770164879728, 37.741972175615935 ], [ -122.451894986739248, 37.741794021335252 ], [ -122.453019808598768, 37.741972175615935 ], [ -122.454034525057594, 37.742489199475727 ], [ -122.454839808598777, 37.743294483016903 ], [ -122.455356832458563, 37.744309199475722 ], [ -122.455534986739252, 37.745434021335249 ], [ -122.455356832458563, 37.746558843194777 ], [ -122.454839808598777, 37.747573559653596 ], [ -122.454034525057594, 37.748378843194772 ], [ -122.453019808598768, 37.748895867054564 ], [ -122.451894986739248, 37.749074021335247 ], [ -122.450770164879728, 37.748895867054564 ], [ -122.449755448420902, 37.748378843194772 ], [ -122.448950164879719, 37.747573559653596 ], [ -122.448433141019933, 37.746558843194777 ], [ -122.448254986739244, 37.745434021335249 ] ] ] ] } },
{ "type": "Feature", "properties": { "id": null, "id_2": 8015, "name": "Market St & Clayton St", "modes": null, "routes": null, "nameLength": null, "stop_lat": 37.75849, "stop_lon": -122.444479, "n": 1, "distance": 0.00014127360586808048, "feature_x": -122.4446163308799, "feature_y": 37.75845685695937, "nearest_x": -122.444479, "nearest_y": 37.75849 }, "geometry": { "type": "MultiPolygon", "coordinates": [ [ [ [ -122.440976330879892, 37.75845685695937 ], [ -122.441154485160581, 37.757332035099843 ], [ -122.441671509020367, 37.756317318641024 ], [ -122.44247679256155, 37.755512035099848 ], [ -122.443491509020376, 37.754995011240055 ], [ -122.444616330879896, 37.754816856959373 ], [ -122.445741152739416, 37.754995011240055 ], [ -122.446755869198242, 37.755512035099848 ], [ -122.447561152739425, 37.756317318641024 ], [ -122.448078176599211, 37.757332035099843 ], [ -122.4482563308799, 37.75845685695937 ], [ -122.448078176599211, 37.759581678818897 ], [ -122.447561152739425, 37.760596395277716 ], [ -122.446755869198242, 37.761401678818892 ], [ -122.445741152739416, 37.761918702678685 ], [ -122.444616330879896, 37.762096856959367 ], [ -122.443491509020376, 37.761918702678685 ], [ -122.44247679256155, 37.761401678818892 ], [ -122.441671509020367, 37.760596395277716 ], [ -122.441154485160581, 37.759581678818897 ], [ -122.440976330879892, 37.75845685695937 ] ] ] ] } },
{ "type": "Feature", "properties": { "id": null, "id_2": 7020, "name": "Crestline Dr & Burnett Ave", "modes": null, "routes": null, "nameLength": null, "stop_lat": 37.7493, "stop_lon": -122.44508, "n": 1, "distance": 0.00021223444686068526, "feature_x": -122.44507384639093, "feature_y": 37.74951214521802, "nearest_x": -122.44508, "nearest_y": 37.7493 }, "geometry": { "type": "MultiPolygon", "coordinates": [ [ [ [ -122.441433846390922, 37.74951214521802 ], [ -122.441612000671611, 37.748387323358493 ], [ -122.442129024531397, 37.747372606899674 ], [ -122.44293430807258, 37.746567323358498 ], [ -122.443949024531406, 37.746050299498705 ], [ -122.445073846390926, 37.745872145218023 ], [ -122.446198668250446, 37.746050299498705 ], [ -122.447213384709272, 37.746567323358498 ], [ -122.448018668250455, 37.747372606899674 ], [ -122.448535692110241, 37.748387323358493 ], [ -122.44871384639093, 37.74951214521802 ], [ -122.448535692110241, 37.750636967077547 ], [ -122.448018668250455, 37.751651683536366 ], [ -122.447213384709272, 37.752456967077542 ], [ -122.446198668250446, 37.752973990937335 ], [ -122.445073846390926, 37.753152145218017 ], [ -122.443949024531406, 37.752973990937335 ], [ -122.44293430807258, 37.752456967077542 ], [ -122.442129024531397, 37.751651683536366 ], [ -122.441612000671611, 37.750636967077547 ], [ -122.441433846390922, 37.74951214521802 ] ] ] ] } },
{ "type": "Feature", "properties": { "id": null, "id_2": 3987, "name": "Church St & 18th St", "modes": null, "routes": null, "nameLength": null, "stop_lat": 37.761467, "stop_lon": -122.428416, "n": 1, "distance": 0.00020990071860831685, "feature_x": -122.42852010335017, "feature_y": 37.761284734248541, "nearest_x": -122.428416, "nearest_y": 37.761467 }, "geometry": { "type": "MultiPolygon", "coordinates": [ [ [ [ -122.424880103350162, 37.761284734248541 ], [ -122.425058257630852, 37.760159912389014 ], [ -122.425575281490637, 37.759145195930195 ], [ -122.42638056503182, 37.758339912389019 ], [ -122.427395281490647, 37.757822888529226 ], [ -122.428520103350166, 37.757644734248544 ], [ -122.429644925209686, 37.757822888529226 ], [ -122.430659641668512, 37.758339912389019 ], [ -122.431464925209696, 37.759145195930195 ], [ -122.431981949069481, 37.760159912389014 ], [ -122.432160103350171, 37.761284734248541 ], [ -122.431981949069481, 37.762409556108068 ], [ -122.431464925209696, 37.763424272566887 ], [ -122.430659641668512, 37.764229556108063 ], [ -122.429644925209686, 37.764746579967856 ], [ -122.428520103350166, 37.764924734248538 ], [ -122.427395281490647, 37.764746579967856 ], [ -122.42638056503182, 37.764229556108063 ], [ -122.425575281490637, 37.763424272566887 ], [ -122.425058257630852, 37.762409556108068 ], [ -122.424880103350162, 37.761284734248541 ] ] ] ] } },
{ "type": "Feature", "properties": { "id": null, "id_2": 3460, "name": "24th St & Church St", "modes": null, "routes": null, "nameLength": null, "stop_lat": 37.751778, "stop_lon": -122.427327, "n": 1, "distance": 0.00016825513687073314, "feature_x": -122.42731392609338, "feature_y": 37.751945746427829, "nearest_x": -122.427327, "nearest_y": 37.751778 }, "geometry": { "type": "MultiPolygon", "coordinates": [ [ [ [ -122.423673926093372, 37.751945746427829 ], [ -122.423852080374061, 37.750820924568302 ], [ -122.424369104233847, 37.749806208109483 ], [ -122.42517438777503, 37.749000924568307 ], [ -122.426189104233856, 37.748483900708514 ], [ -122.427313926093376, 37.748305746427832 ], [ -122.428438747952896, 37.748483900708514 ], [ -122.429453464411722, 37.749000924568307 ], [ -122.430258747952905, 37.749806208109483 ], [ -122.430775771812691, 37.750820924568302 ], [ -122.43095392609338, 37.751945746427829 ], [ -122.430775771812691, 37.753070568287356 ], [ -122.430258747952905, 37.754085284746175 ], [ -122.429453464411722, 37.754890568287351 ], [ -122.428438747952896, 37.755407592147144 ], [ -122.427313926093376, 37.755585746427826 ], [ -122.426189104233856, 37.755407592147144 ], [ -122.42517438777503, 37.754890568287351 ], [ -122.424369104233847, 37.754085284746175 ], [ -122.423852080374061, 37.753070568287356 ], [ -122.423673926093372, 37.751945746427829 ] ] ] ] } },
{ "type": "Feature", "properties": { "id": null, "id_2": 4313, "name": "Castro St & 17th St", "modes": null, "routes": null, "nameLength": null, "stop_lat": 37.76237, "stop_lon": -122.43508, "n": 1, "distance": 0.00011771782991034776, "feature_x": -122.43496691282579, "feature_y": 37.762402692178071, "nearest_x": -122.43508, "nearest_y": 37.76237 }, "geometry": { "type": "MultiPolygon", "coordinates": [ [ [ [ -122.431326912825782, 37.762402692178071 ], [ -122.431505067106471, 37.761277870318544 ], [ -122.432022090966257, 37.760263153859725 ], [ -122.43282737450744, 37.759457870318549 ], [ -122.433842090966266, 37.758940846458756 ], [ -122.434966912825786, 37.758762692178074 ], [ -122.436091734685306, 37.758940846458756 ], [ -122.437106451144132, 37.759457870318549 ], [ -122.437911734685315, 37.760263153859725 ], [ -122.438428758545101, 37.761277870318544 ], [ -122.43860691282579, 37.762402692178071 ], [ -122.438428758545101, 37.763527514037598 ], [ -122.437911734685315, 37.764542230496417 ], [ -122.437106451144132, 37.765347514037593 ], [ -122.436091734685306, 37.765864537897386 ], [ -122.434966912825786, 37.766042692178068 ], [ -122.433842090966266, 37.765864537897386 ], [ -122.43282737450744, 37.765347514037593 ], [ -122.432022090966257, 37.764542230496417 ], [ -122.431505067106471, 37.763527514037598 ], [ -122.431326912825782, 37.762402692178071 ] ] ] ] } },
{ "type": "Feature", "properties": { "id": null, "id_2": 3463, "name": "24th St & Castro St", "modes": null, "routes": null, "nameLength": null, "stop_lat": 37.751262, "stop_lon": -122.433939, "n": 1, "distance": 7.589257251152507e-05, "feature_x": -122.43401028948423, "feature_y": 37.751288028676477, "nearest_x": -122.433939, "nearest_y": 37.751262 }, "geometry": { "type": "MultiPolygon", "coordinates": [ [ [ [ -122.43037028948423, 37.751288028676477 ], [ -122.43054844376492, 37.75016320681695 ], [ -122.431065467624705, 37.749148490358131 ], [ -122.431870751165889, 37.748343206816955 ], [ -122.432885467624715, 37.747826182957162 ], [ -122.434010289484235, 37.74764802867648 ], [ -122.435135111343754, 37.747826182957162 ], [ -122.436149827802581, 37.748343206816955 ], [ -122.436955111343764, 37.749148490358131 ], [ -122.437472135203549, 37.75016320681695 ], [ -122.437650289484239, 37.751288028676477 ], [ -122.437472135203549, 37.752412850536004 ], [ -122.436955111343764, 37.753427566994823 ], [ -122.436149827802581, 37.754232850535999 ], [ -122.435135111343754, 37.754749874395792 ], [ -122.434010289484235, 37.754928028676474 ], [ -122.432885467624715, 37.754749874395792 ], [ -122.431870751165889, 37.754232850535999 ], [ -122.431065467624705, 37.753427566994823 ], [ -122.43054844376492, 37.752412850536004 ], [ -122.43037028948423, 37.751288028676477 ] ] ] ] } },
{ "type": "Feature", "properties": { "id": null, "id_2": 4379, "name": "Diamond St & 28th St", "modes": null, "routes": null, "nameLength": null, "stop_lat": 37.74465, "stop_lon": -122.435762, "n": 1, "distance": 5.1016696043607741e-05, "feature_x": -122.43573637073095, "feature_y": 37.744694111720023, "nearest_x": -122.435762, "nearest_y": 37.74465 }, "geometry": { "type": "MultiPolygon", "coordinates": [ [ [ [ -122.432096370730946, 37.744694111720023 ], [ -122.432274525011636, 37.743569289860496 ], [ -122.432791548871421, 37.742554573401677 ], [ -122.433596832412604, 37.7417492898605 ], [ -122.43461154887143, 37.741232266000708 ], [ -122.43573637073095, 37.741054111720025 ], [ -122.43686119259047, 37.741232266000708 ], [ -122.437875909049296, 37.7417492898605 ], [ -122.438681192590479, 37.742554573401677 ], [ -122.439198216450265, 37.743569289860496 ], [ -122.439376370730955, 37.744694111720023 ], [ -122.439198216450265, 37.74581893357955 ], [ -122.438681192590479, 37.746833650038369 ], [ -122.437875909049296, 37.747638933579545 ], [ -122.43686119259047, 37.748155957439337 ], [ -122.43573637073095, 37.74833411172002 ], [ -122.43461154887143, 37.748155957439337 ], [ -122.433596832412604, 37.747638933579545 ], [ -122.432791548871421, 37.746833650038369 ], [ -122.432274525011636, 37.74581893357955 ], [ -122.432096370730946, 37.744694111720023 ] ] ] ] } },
{ "type": "Feature", "properties": { "id": null, "id_2": 5170, "name": "Juan Bautista Cir & Font Blvd", "modes": null, "routes": null, "nameLength": null, "stop_lat": 37.718691, "stop_lon": -122.478427, "n": 1, "distance": 0.00076419525306026985, "feature_x": -122.47781739967978, "feature_y": 37.718230150963556, "nearest_x": -122.478427, "nearest_y": 37.718691 }, "geometry": { "type": "MultiPolygon", "coordinates": [ [ [ [ -122.474177399679775, 37.718230150963556 ], [ -122.474355553960464, 37.717105329104029 ], [ -122.47487257782025, 37.71609061264521 ], [ -122.475677861361433, 37.715285329104034 ], [ -122.476692577820259, 37.714768305244242 ], [ -122.477817399679779, 37.714590150963559 ], [ -122.478942221539299, 37.714768305244242 ], [ -122.479956937998125, 37.715285329104034 ], [ -122.480762221539308, 37.71609061264521 ], [ -122.481279245399094, 37.717105329104029 ], [ -122.481457399679783, 37.718230150963556 ], [ -122.481279245399094, 37.719354972823083 ], [ -122.480762221539308, 37.720369689281902 ], [ -122.479956937998125, 37.721174972823079 ], [ -122.478942221539299, 37.721691996682871 ], [ -122.477817399679779, 37.721870150963554 ], [ -122.476692577820259, 37.721691996682871 ], [ -122.475677861361433, 37.721174972823079 ], [ -122.47487257782025, 37.720369689281902 ], [ -122.474355553960464, 37.719354972823083 ], [ -122.474177399679775, 37.718230150963556 ] ] ] ] } },
{ "type": "Feature", "properties": { "id": null, "id_2": 7806, "name": "Font Blvd & Mary Ward Hall", "modes": null, "routes": null, "nameLength": null, "stop_lat": 37.722491, "stop_lon": -122.483056, "n": 1, "distance": 0.00056040962712473625, "feature_x": -122.48249653558952, "feature_y": 37.722523534959251, "nearest_x": -122.483056, "nearest_y": 37.722491 }, "geometry": { "type": "MultiPolygon", "coordinates": [ [ [ [ -122.478856535589514, 37.722523534959251 ], [ -122.479034689870204, 37.721398713099724 ], [ -122.47955171372999, 37.720383996640905 ], [ -122.480356997271173, 37.719578713099729 ], [ -122.481371713729999, 37.719061689239936 ], [ -122.482496535589519, 37.718883534959254 ], [ -122.483621357449039, 37.719061689239936 ], [ -122.484636073907865, 37.719578713099729 ], [ -122.485441357449048, 37.720383996640905 ], [ -122.485958381308834, 37.721398713099724 ], [ -122.486136535589523, 37.722523534959251 ], [ -122.485958381308834, 37.723648356818778 ], [ -122.485441357449048, 37.724663073277597 ], [ -122.484636073907865, 37.725468356818773 ], [ -122.483621357449039, 37.725985380678566 ], [ -122.482496535589519, 37.726163534959248 ], [ -122.481371713729999, 37.725985380678566 ], [ -122.480356997271173, 37.725468356818773 ], [ -122.47955171372999, 37.724663073277597 ], [ -122.479034689870204, 37.723648356818778 ], [ -122.478856535589514, 37.722523534959251 ] ] ] ] } },
{ "type": "Feature", "properties": { "id": null, "id_2": 7449, "name": "19th Ave & Winston Dr", "modes": null, "routes": null, "nameLength": null, "stop_lat": 37.727195, "stop_lon": -122.474846, "n": 1, "distance": 0.00016914023436088123, "feature_x": -122.4748851411761, "feature_y": 37.727359549041971, "nearest_x": -122.474846, "nearest_y": 37.727195 }, "geometry": { "type": "MultiPolygon", "coordinates": [ [ [ [ -122.471245141176098, 37.727359549041971 ], [ -122.471423295456788, 37.726234727182444 ], [ -122.471940319316573, 37.725220010723625 ], [ -122.472745602857756, 37.724414727182449 ], [ -122.473760319316582, 37.723897703322656 ], [ -122.474885141176102, 37.723719549041974 ], [ -122.476009963035622, 37.723897703322656 ], [ -122.477024679494448, 37.724414727182449 ], [ -122.477829963035632, 37.725220010723625 ], [ -122.478346986895417, 37.726234727182444 ], [ -122.478525141176107, 37.727359549041971 ], [ -122.478346986895417, 37.728484370901498 ], [ -122.477829963035632, 37.729499087360317 ], [ -122.477024679494448, 37.730304370901493 ], [ -122.476009963035622, 37.730821394761286 ], [ -122.474885141176102, 37.730999549041968 ], [ -122.473760319316582, 37.730821394761286 ], [ -122.472745602857756, 37.730304370901493 ], [ -122.471940319316573, 37.729499087360317 ], [ -122.471423295456788, 37.728484370901498 ], [ -122.471245141176098, 37.727359549041971 ] ] ] ] } },
{ "type": "Feature", "properties": { "id": null, "id_2": 6950, "name": "Winston Dr & 20th Ave", "modes": null, "routes": null, "nameLength": null, "stop_lat": 37.727017, "stop_lon": -122.475922, "n": 1, "distance": 0.00015022021465318562, "feature_x": -122.47588335683679, "feature_y": 37.727162164798855, "nearest_x": -122.475922, "nearest_y": 37.727017 }, "geometry": { "type": "MultiPolygon", "coordinates": [ [ [ [ -122.472243356836785, 37.727162164798855 ], [ -122.472421511117474, 37.726037342939328 ], [ -122.47293853497726, 37.725022626480509 ], [ -122.473743818518443, 37.724217342939333 ], [ -122.474758534977269, 37.723700319079541 ], [ -122.475883356836789, 37.723522164798858 ], [ -122.477008178696309, 37.723700319079541 ], [ -122.478022895155135, 37.724217342939333 ], [ -122.478828178696318, 37.725022626480509 ], [ -122.479345202556104, 37.726037342939328 ], [ -122.479523356836793, 37.727162164798855 ], [ -122.479345202556104, 37.728286986658382 ], [ -122.478828178696318, 37.729301703117201 ], [ -122.478022895155135, 37.730106986658377 ], [ -122.477008178696309, 37.73062401051817 ], [ -122.475883356836789, 37.730802164798853 ], [ -122.474758534977269, 37.73062401051817 ], [ -122.473743818518443, 37.730106986658377 ], [ -122.47293853497726, 37.729301703117201 ], [ -122.472421511117474, 37.728286986658382 ], [ -122.472243356836785, 37.727162164798855 ] ] ] ] } },
{ "type": "Feature", "properties": { "id": null, "id_2": 3978, "name": "Brotherhood Way & Chumasero Dr", "modes": null, "routes": null, "nameLength": null, "stop_lat": 37.712964, "stop_lon": -122.472676, "n": 1, "distance": 3.9630777697078561e-05, "feature_x": -122.47263915593966, "feature_y": 37.712949401583714, "nearest_x": -122.472676, "nearest_y": 37.712964 }, "geometry": { "type": "MultiPolygon", "coordinates": [ [ [ [ -122.468999155939656, 37.712949401583714 ], [ -122.469177310220346, 37.711824579724187 ], [ -122.469694334080131, 37.710809863265368 ], [ -122.470499617621314, 37.710004579724192 ], [ -122.47151433408014, 37.709487555864399 ], [ -122.47263915593966, 37.709309401583717 ], [ -122.47376397779918, 37.709487555864399 ], [ -122.474778694258006, 37.710004579724192 ], [ -122.475583977799189, 37.710809863265368 ], [ -122.476101001658975, 37.711824579724187 ], [ -122.476279155939665, 37.712949401583714 ], [ -122.476101001658975, 37.714074223443241 ], [ -122.475583977799189, 37.71508893990206 ], [ -122.474778694258006, 37.715894223443236 ], [ -122.47376397779918, 37.716411247303029 ], [ -122.47263915593966, 37.716589401583711 ], [ -122.47151433408014, 37.716411247303029 ], [ -122.470499617621314, 37.715894223443236 ], [ -122.469694334080131, 37.71508893990206 ], [ -122.469177310220346, 37.714074223443241 ], [ -122.468999155939656, 37.712949401583714 ] ] ] ] } },
{ "type": "Feature", "properties": { "id": null, "id_2": 4803, "name": "Geneva Ave/Balboa Park BART", "modes": null, "routes": null, "nameLength": null, "stop_lat": 37.720801, "stop_lon": -122.446738, "n": 1, "distance": 0.00027568146825428567, "feature_x": -122.44693510267517, "feature_y": 37.720993745447103, "nearest_x": -122.446738, "nearest_y": 37.720801 }, "geometry": { "type": "MultiPolygon", "coordinates": [ [ [ [ -122.443295102675165, 37.720993745447103 ], [ -122.443473256955855, 37.719868923587576 ], [ -122.44399028081564, 37.718854207128757 ], [ -122.444795564356824, 37.718048923587581 ], [ -122.44581028081565, 37.717531899727788 ], [ -122.44693510267517, 37.717353745447106 ], [ -122.448059924534689, 37.717531899727788 ], [ -122.449074640993516, 37.718048923587581 ], [ -122.449879924534699, 37.718854207128757 ], [ -122.450396948394484, 37.719868923587576 ], [ -122.450575102675174, 37.720993745447103 ], [ -122.450396948394484, 37.72211856730663 ], [ -122.449879924534699, 37.723133283765449 ], [ -122.449074640993516, 37.723938567306625 ], [ -122.448059924534689, 37.724455591166418 ], [ -122.44693510267517, 37.7246337454471 ], [ -122.44581028081565, 37.724455591166418 ], [ -122.444795564356824, 37.723938567306625 ], [ -122.44399028081564, 37.723133283765449 ], [ -122.443473256955855, 37.72211856730663 ], [ -122.443295102675165, 37.720993745447103 ] ] ] ] } },
{ "type": "Feature", "properties": { "id": null, "id_2": 5926, "name": "City College Terminal", "modes": null, "routes": null, "nameLength": null, "stop_lat": 37.723718, "stop_lon": -122.45259, "n": 1, "distance": 4.1202374724081086e-05, "feature_x": -122.45255006576684, "feature_y": 37.723707856395855, "nearest_x": -122.45259, "nearest_y": 37.723718 }, "geometry": { "type": "MultiPolygon", "coordinates": [ [ [ [ -122.448910065766839, 37.723707856395855 ], [ -122.449088220047528, 37.722583034536328 ], [ -122.449605243907314, 37.721568318077509 ], [ -122.450410527448497, 37.720763034536333 ], [ -122.451425243907323, 37.72024601067654 ], [ -122.452550065766843, 37.720067856395858 ], [ -122.453674887626363, 37.72024601067654 ], [ -122.454689604085189, 37.720763034536333 ], [ -122.455494887626372, 37.721568318077509 ], [ -122.456011911486158, 37.722583034536328 ], [ -122.456190065766847, 37.723707856395855 ], [ -122.456011911486158, 37.724832678255382 ], [ -122.455494887626372, 37.725847394714201 ], [ -122.454689604085189, 37.726652678255377 ], [ -122.453674887626363, 37.72716970211517 ], [ -122.452550065766843, 37.727347856395852 ], [ -122.451425243907323, 37.72716970211517 ], [ -122.450410527448497, 37.726652678255377 ], [ -122.449605243907314, 37.725847394714201 ], [ -122.449088220047528, 37.724832678255382 ], [ -122.448910065766839, 37.723707856395855 ] ] ] ] } },
{ "type": "Feature", "properties": { "id": null, "id_2": 5960, "name": "Plymouth Ave & Grafton Ave", "modes": null, "routes": null, "nameLength": null, "stop_lat": 37.720113, "stop_lon": -122.456221, "n": 1, "distance": 0.00025965134934344725, "feature_x": -122.45648053993099, "feature_y": 37.720105394249835, "nearest_x": -122.456221, "nearest_y": 37.720113 }, "geometry": { "type": "MultiPolygon", "coordinates": [ [ [ [ -122.452840539930989, 37.720105394249835 ], [ -122.453018694211679, 37.718980572390308 ], [ -122.453535718071464, 37.717965855931489 ], [ -122.454341001612647, 37.717160572390313 ], [ -122.455355718071473, 37.71664354853052 ], [ -122.456480539930993, 37.716465394249838 ], [ -122.457605361790513, 37.71664354853052 ], [ -122.458620078249339, 37.717160572390313 ], [ -122.459425361790522, 37.717965855931489 ], [ -122.459942385650308, 37.718980572390308 ], [ -122.460120539930998, 37.720105394249835 ], [ -122.459942385650308, 37.721230216109362 ], [ -122.459425361790522, 37.722244932568181 ], [ -122.458620078249339, 37.723050216109357 ], [ -122.457605361790513, 37.72356723996915 ], [ -122.456480539930993, 37.723745394249832 ], [ -122.455355718071473, 37.72356723996915 ], [ -122.454341001612647, 37.723050216109357 ], [ -122.453535718071464, 37.722244932568181 ], [ -122.453018694211679, 37.721230216109362 ], [ -122.452840539930989, 37.720105394249835 ] ] ] ] } },
{ "type": "Feature", "properties": { "id": null, "id_2": 5432, "name": "Monterey Blvd & Foerster St", "modes": null, "routes": null, "nameLength": null, "stop_lat": 37.731615, "stop_lon": -122.449166, "n": 1, "distance": 6.9125495407019579e-05, "feature_x": -122.44909790327347, "feature_y": 37.73160311850387, "nearest_x": -122.449166, "nearest_y": 37.731615 }, "geometry": { "type": "MultiPolygon", "coordinates": [ [ [ [ -122.445457903273464, 37.73160311850387 ], [ -122.445636057554154, 37.730478296644343 ], [ -122.446153081413939, 37.729463580185524 ], [ -122.446958364955123, 37.728658296644348 ], [ -122.447973081413949, 37.728141272784555 ], [ -122.449097903273469, 37.727963118503872 ], [ -122.450222725132988, 37.728141272784555 ], [ -122.451237441591815, 37.728658296644348 ], [ -122.452042725132998, 37.729463580185524 ], [ -122.452559748992783, 37.730478296644343 ], [ -122.452737903273473, 37.73160311850387 ], [ -122.452559748992783, 37.732727940363397 ], [ -122.452042725132998, 37.733742656822216 ], [ -122.451237441591815, 37.734547940363392 ], [ -122.450222725132988, 37.735064964223184 ], [ -122.449097903273469, 37.735243118503867 ], [ -122.447973081413949, 37.735064964223184 ], [ -122.446958364955123, 37.734547940363392 ], [ -122.446153081413939, 37.733742656822216 ], [ -122.445636057554154, 37.732727940363397 ], [ -122.445457903273464, 37.73160311850387 ] ] ] ] } },
{ "type": "Feature", "properties": { "id": null, "id_2": 6987, "name": "Yerba Buena Ave & Hazelwood Ave", "modes": null, "routes": null, "nameLength": null, "stop_lat": 37.734559, "stop_lon": -122.459659, "n": 1, "distance": 0.00012151104076200534, "feature_x": -122.45953757539212, "feature_y": 37.734563582316824, "nearest_x": -122.459659, "nearest_y": 37.734559 }, "geometry": { "type": "MultiPolygon", "coordinates": [ [ [ [ -122.455897575392115, 37.734563582316824 ], [ -122.456075729672804, 37.733438760457297 ], [ -122.45659275353259, 37.732424043998478 ], [ -122.457398037073773, 37.731618760457302 ], [ -122.458412753532599, 37.731101736597509 ], [ -122.459537575392119, 37.730923582316827 ], [ -122.460662397251639, 37.731101736597509 ], [ -122.461677113710465, 37.731618760457302 ], [ -122.462482397251648, 37.732424043998478 ], [ -122.462999421111434, 37.733438760457297 ], [ -122.463177575392123, 37.734563582316824 ], [ -122.462999421111434, 37.735688404176351 ], [ -122.462482397251648, 37.73670312063517 ], [ -122.461677113710465, 37.737508404176346 ], [ -122.460662397251639, 37.738025428036138 ], [ -122.459537575392119, 37.738203582316821 ], [ -122.458412753532599, 37.738025428036138 ], [ -122.457398037073773, 37.737508404176346 ], [ -122.45659275353259, 37.73670312063517 ], [ -122.456075729672804, 37.735688404176351 ], [ -122.455897575392115, 37.734563582316824 ] ] ] ] } },
{ "type": "Feature", "properties": { "id": null, "id_2": 5801, "name": "Ocean Ave & Persia Ave", "modes": null, "routes": null, "nameLength": null, "stop_lat": 37.72382, "stop_lon": -122.43589, "n": 1, "distance": 9.9376826218142573e-05, "feature_x": -122.43582995344927, "feature_y": 37.723740815624431, "nearest_x": -122.43589, "nearest_y": 37.72382 }, "geometry": { "type": "MultiPolygon", "coordinates": [ [ [ [ -122.432189953449267, 37.723740815624431 ], [ -122.432368107729957, 37.722615993764904 ], [ -122.432885131589742, 37.721601277306085 ], [ -122.433690415130926, 37.720795993764909 ], [ -122.434705131589752, 37.720278969905117 ], [ -122.435829953449272, 37.720100815624434 ], [ -122.436954775308791, 37.720278969905117 ], [ -122.437969491767618, 37.720795993764909 ], [ -122.438774775308801, 37.721601277306085 ], [ -122.439291799168586, 37.722615993764904 ], [ -122.439469953449276, 37.723740815624431 ], [ -122.439291799168586, 37.724865637483958 ], [ -122.438774775308801, 37.725880353942777 ], [ -122.437969491767618, 37.726685637483953 ], [ -122.436954775308791, 37.727202661343746 ], [ -122.435829953449272, 37.727380815624429 ], [ -122.434705131589752, 37.727202661343746 ], [ -122.433690415130926, 37.726685637483953 ], [ -122.432885131589742, 37.725880353942777 ], [ -122.432368107729957, 37.724865637483958 ], [ -122.432189953449267, 37.723740815624431 ] ] ] ] } },
{ "type": "Feature", "properties": { "id": null, "id_2": 6287, "name": "San Jose Ave & Santa Ynez Ave", "modes": null, "routes": null, "nameLength": null, "stop_lat": 37.725877, "stop_lon": -122.442359, "n": 1, "distance": 0.00013052957287621819, "feature_x": -122.44248472452084, "feature_y": 37.725912090087689, "nearest_x": -122.442359, "nearest_y": 37.725877 }, "geometry": { "type": "MultiPolygon", "coordinates": [ [ [ [ -122.438844724520834, 37.725912090087689 ], [ -122.439022878801524, 37.724787268228162 ], [ -122.439539902661309, 37.723772551769343 ], [ -122.440345186202492, 37.722967268228167 ], [ -122.441359902661318, 37.722450244368375 ], [ -122.442484724520838, 37.722272090087692 ], [ -122.443609546380358, 37.722450244368375 ], [ -122.444624262839184, 37.722967268228167 ], [ -122.445429546380367, 37.723772551769343 ], [ -122.445946570240153, 37.724787268228162 ], [ -122.446124724520843, 37.725912090087689 ], [ -122.445946570240153, 37.727036911947216 ], [ -122.445429546380367, 37.728051628406035 ], [ -122.444624262839184, 37.728856911947211 ], [ -122.443609546380358, 37.729373935807004 ], [ -122.442484724520838, 37.729552090087687 ], [ -122.441359902661318, 37.729373935807004 ], [ -122.440345186202492, 37.728856911947211 ], [ -122.439539902661309, 37.728051628406035 ], [ -122.439022878801524, 37.727036911947216 ], [ -122.438844724520834, 37.725912090087689 ] ] ] ] } },
{ "type": "Feature", "properties": { "id": null, "id_2": 5483, "name": "Naples St & Rolph St", "modes": null, "routes": null, "nameLength": null, "stop_lat": 37.713644, "stop_lon": -122.436683, "n": 1, "distance": 0.00014117880053676076, "feature_x": -122.43657861519493, "feature_y": 37.713739054017232, "nearest_x": -122.436683, "nearest_y": 37.713644 }, "geometry": { "type": "MultiPolygon", "coordinates": [ [ [ [ -122.432938615194928, 37.713739054017232 ], [ -122.433116769475618, 37.712614232157705 ], [ -122.433633793335403, 37.711599515698886 ], [ -122.434439076876586, 37.71079423215771 ], [ -122.435453793335412, 37.710277208297917 ], [ -122.436578615194932, 37.710099054017235 ], [ -122.437703437054452, 37.710277208297917 ], [ -122.438718153513278, 37.71079423215771 ], [ -122.439523437054461, 37.711599515698886 ], [ -122.440040460914247, 37.712614232157705 ], [ -122.440218615194937, 37.713739054017232 ], [ -122.440040460914247, 37.714863875876759 ], [ -122.439523437054461, 37.715878592335578 ], [ -122.438718153513278, 37.716683875876754 ], [ -122.437703437054452, 37.717200899736547 ], [ -122.436578615194932, 37.717379054017229 ], [ -122.435453793335412, 37.717200899736547 ], [ -122.434439076876586, 37.716683875876754 ], [ -122.433633793335403, 37.715878592335578 ], [ -122.433116769475618, 37.714863875876759 ], [ -122.432938615194928, 37.713739054017232 ] ] ] ] } },
{ "type": "Feature", "properties": { "id": null, "id_2": 4796, "name": "1650 Geneva Ave", "modes": null, "routes": null, "nameLength": null, "stop_lat": 37.71174, "stop_lon": -122.42829, "n": 1, "distance": 0.00021985218703372261, "feature_x": -122.42850970527046, "feature_y": 37.71173196393886, "nearest_x": -122.42829, "nearest_y": 37.71174 }, "geometry": { "type": "MultiPolygon", "coordinates": [ [ [ [ -122.424869705270453, 37.71173196393886 ], [ -122.425047859551142, 37.710607142079333 ], [ -122.425564883410928, 37.709592425620514 ], [ -122.426370166952111, 37.708787142079338 ], [ -122.427384883410937, 37.708270118219545 ], [ -122.428509705270457, 37.708091963938863 ], [ -122.429634527129977, 37.708270118219545 ], [ -122.430649243588803, 37.708787142079338 ], [ -122.431454527129986, 37.709592425620514 ], [ -122.431971550989772, 37.710607142079333 ], [ -122.432149705270461, 37.71173196393886 ], [ -122.431971550989772, 37.712856785798387 ], [ -122.431454527129986, 37.713871502257206 ], [ -122.430649243588803, 37.714676785798382 ], [ -122.429634527129977, 37.715193809658174 ], [ -122.428509705270457, 37.715371963938857 ], [ -122.427384883410937, 37.715193809658174 ], [ -122.426370166952111, 37.714676785798382 ], [ -122.425564883410928, 37.713871502257206 ], [ -122.425047859551142, 37.712856785798387 ], [ -122.424869705270453, 37.71173196393886 ] ] ] ] } },
{ "type": "Feature", "properties": { "id": null, "id_2": 6174, "name": "Randolph St & Bright St", "modes": null, "routes": null, "nameLength": null, "stop_lat": 37.714348, "stop_lon": -122.463392, "n": 1, "distance": 0.00040531016424705696, "feature_x": -122.46298973788537, "feature_y": 37.714298386288462, "nearest_x": -122.463392, "nearest_y": 37.714348 }, "geometry": { "type": "MultiPolygon", "coordinates": [ [ [ [ -122.459349737885361, 37.714298386288462 ], [ -122.459527892166051, 37.713173564428935 ], [ -122.460044916025836, 37.712158847970116 ], [ -122.46085019956702, 37.71135356442894 ], [ -122.461864916025846, 37.710836540569147 ], [ -122.462989737885366, 37.710658386288465 ], [ -122.464114559744885, 37.710836540569147 ], [ -122.465129276203712, 37.71135356442894 ], [ -122.465934559744895, 37.712158847970116 ], [ -122.46645158360468, 37.713173564428935 ], [ -122.46662973788537, 37.714298386288462 ], [ -122.46645158360468, 37.715423208147989 ], [ -122.465934559744895, 37.716437924606808 ], [ -122.465129276203712, 37.717243208147984 ], [ -122.464114559744885, 37.717760232007777 ], [ -122.462989737885366, 37.717938386288459 ], [ -122.461864916025846, 37.717760232007777 ], [ -122.46085019956702, 37.717243208147984 ], [ -122.460044916025836, 37.716437924606808 ], [ -122.459527892166051, 37.715423208147989 ], [ -122.459349737885361, 37.714298386288462 ] ] ] ] } },
{ "type": "Feature", "properties": { "id": null, "id_2": 5628, "name": "Mission St & Whittier St", "modes": null, "routes": null, "nameLength": null, "stop_lat": 37.71022, "stop_lon": -122.44845, "n": 1, "distance": 0.00026589019798256374, "feature_x": -122.44868198008159, "feature_y": 37.710349933979877, "nearest_x": -122.44845, "nearest_y": 37.71022 }, "geometry": { "type": "MultiPolygon", "coordinates": [ [ [ [ -122.445041980081584, 37.710349933979877 ], [ -122.445220134362273, 37.70922511212035 ], [ -122.445737158222059, 37.708210395661531 ], [ -122.446542441763242, 37.707405112120355 ], [ -122.447557158222068, 37.706888088260563 ], [ -122.448681980081588, 37.70670993397988 ], [ -122.449806801941108, 37.706888088260563 ], [ -122.450821518399934, 37.707405112120355 ], [ -122.451626801941117, 37.708210395661531 ], [ -122.452143825800903, 37.70922511212035 ], [ -122.452321980081592, 37.710349933979877 ], [ -122.452143825800903, 37.711474755839404 ], [ -122.451626801941117, 37.712489472298223 ], [ -122.450821518399934, 37.713294755839399 ], [ -122.449806801941108, 37.713811779699192 ], [ -122.448681980081588, 37.713989933979875 ], [ -122.447557158222068, 37.713811779699192 ], [ -122.446542441763242, 37.713294755839399 ], [ -122.445737158222059, 37.712489472298223 ], [ -122.445220134362273, 37.711474755839404 ], [ -122.445041980081584, 37.710349933979877 ] ] ] ] } },
{ "type": "Feature", "properties": { "id": null, "id_2": 5438, "name": "Monterey Blvd & Plymouth Ave", "modes": null, "routes": null, "nameLength": null, "stop_lat": 37.730874, "stop_lon": -122.457654, "n": 1, "distance": 0.00059423790422129751, "feature_x": -122.45824821349692, "feature_y": 37.730879385805686, "nearest_x": -122.457654, "nearest_y": 37.730874 }, "geometry": { "type": "MultiPolygon", "coordinates": [ [ [ [ -122.454608213496911, 37.730879385805686 ], [ -122.454786367777601, 37.729754563946159 ], [ -122.455303391637386, 37.72873984748734 ], [ -122.456108675178569, 37.727934563946164 ], [ -122.457123391637396, 37.727417540086371 ], [ -122.458248213496915, 37.727239385805689 ], [ -122.459373035356435, 37.727417540086371 ], [ -122.460387751815261, 37.727934563946164 ], [ -122.461193035356445, 37.72873984748734 ], [ -122.46171005921623, 37.729754563946159 ], [ -122.46188821349692, 37.730879385805686 ], [ -122.46171005921623, 37.732004207665213 ], [ -122.461193035356445, 37.733018924124032 ], [ -122.460387751815261, 37.733824207665208 ], [ -122.459373035356435, 37.734341231525001 ], [ -122.458248213496915, 37.734519385805683 ], [ -122.457123391637396, 37.734341231525001 ], [ -122.456108675178569, 37.733824207665208 ], [ -122.455303391637386, 37.733018924124032 ], [ -122.454786367777601, 37.732004207665213 ], [ -122.454608213496911, 37.730879385805686 ] ] ] ] } },
{ "type": "Feature", "properties": { "id": null, "id_2": 6582, "name": "Sunnydale Ave & Schwerin St", "modes": null, "routes": null, "nameLength": null, "stop_lat": 37.71059, "stop_lon": -122.4115, "n": 1, "distance": 6.0600679282353832e-05, "feature_x": -122.4114568543993, "feature_y": 37.710547445335514, "nearest_x": -122.4115, "nearest_y": 37.71059 }, "geometry": { "type": "MultiPolygon", "coordinates": [ [ [ [ -122.4078168543993, 37.710547445335514 ], [ -122.40799500867999, 37.709422623475987 ], [ -122.408512032539775, 37.708407907017168 ], [ -122.409317316080958, 37.707602623475992 ], [ -122.410332032539785, 37.7070855996162 ], [ -122.411456854399304, 37.706907445335517 ], [ -122.412581676258824, 37.7070855996162 ], [ -122.41359639271765, 37.707602623475992 ], [ -122.414401676258834, 37.708407907017168 ], [ -122.414918700118619, 37.709422623475987 ], [ -122.415096854399309, 37.710547445335514 ], [ -122.414918700118619, 37.711672267195041 ], [ -122.414401676258834, 37.71268698365386 ], [ -122.41359639271765, 37.713492267195036 ], [ -122.412581676258824, 37.714009291054829 ], [ -122.411456854399304, 37.714187445335511 ], [ -122.410332032539785, 37.714009291054829 ], [ -122.409317316080958, 37.713492267195036 ], [ -122.408512032539775, 37.71268698365386 ], [ -122.40799500867999, 37.711672267195041 ], [ -122.4078168543993, 37.710547445335514 ] ] ] ] } },
{ "type": "Feature", "properties": { "id": null, "id_2": 5118, "name": "Irving St & 2nd Ave", "modes": null, "routes": null, "nameLength": null, "stop_lat": 37.764441, "stop_lon": -122.458643, "n": 1, "distance": 8.6716354684060633e-05, "feature_x": -122.45858095205053, "feature_y": 37.764501578693746, "nearest_x": -122.458643, "nearest_y": 37.764441 }, "geometry": { "type": "MultiPolygon", "coordinates": [ [ [ [ -122.454940952050521, 37.764501578693746 ], [ -122.45511910633121, 37.763376756834219 ], [ -122.455636130190996, 37.7623620403754 ], [ -122.456441413732179, 37.761556756834224 ], [ -122.457456130191005, 37.761039732974432 ], [ -122.458580952050525, 37.760861578693749 ], [ -122.459705773910045, 37.761039732974432 ], [ -122.460720490368871, 37.761556756834224 ], [ -122.461525773910054, 37.7623620403754 ], [ -122.46204279776984, 37.763376756834219 ], [ -122.462220952050529, 37.764501578693746 ], [ -122.46204279776984, 37.765626400553273 ], [ -122.461525773910054, 37.766641117012092 ], [ -122.460720490368871, 37.767446400553268 ], [ -122.459705773910045, 37.767963424413061 ], [ -122.458580952050525, 37.768141578693744 ], [ -122.457456130191005, 37.767963424413061 ], [ -122.456441413732179, 37.767446400553268 ], [ -122.455636130190996, 37.766641117012092 ], [ -122.45511910633121, 37.765626400553273 ], [ -122.454940952050521, 37.764501578693746 ] ] ] ] } },
{ "type": "Feature", "properties": { "id": null, "id_2": 3215, "name": "9th Ave & Judah St", "modes": null, "routes": null, "nameLength": null, "stop_lat": 37.76204, "stop_lon": -122.466241, "n": 1, "distance": 2.9261308175541577e-05, "feature_x": -122.46623393878312, "feature_y": 37.762068396538034, "nearest_x": -122.466241, "nearest_y": 37.76204 }, "geometry": { "type": "MultiPolygon", "coordinates": [ [ [ [ -122.462593938783115, 37.762068396538034 ], [ -122.462772093063805, 37.760943574678507 ], [ -122.46328911692359, 37.759928858219688 ], [ -122.464094400464774, 37.759123574678512 ], [ -122.4651091169236, 37.758606550818719 ], [ -122.46623393878312, 37.758428396538037 ], [ -122.467358760642639, 37.758606550818719 ], [ -122.468373477101466, 37.759123574678512 ], [ -122.469178760642649, 37.759928858219688 ], [ -122.469695784502434, 37.760943574678507 ], [ -122.469873938783124, 37.762068396538034 ], [ -122.469695784502434, 37.763193218397561 ], [ -122.469178760642649, 37.76420793485638 ], [ -122.468373477101466, 37.765013218397556 ], [ -122.467358760642639, 37.765530242257348 ], [ -122.46623393878312, 37.765708396538031 ], [ -122.4651091169236, 37.765530242257348 ], [ -122.464094400464774, 37.765013218397556 ], [ -122.46328911692359, 37.76420793485638 ], [ -122.462772093063805, 37.763193218397561 ], [ -122.462593938783115, 37.762068396538034 ] ] ] ] } },
{ "type": "Feature", "properties": { "id": null, "id_2": 3915, "name": "Carl St & Stanyan St", "modes": null, "routes": null, "nameLength": null, "stop_lat": 37.765371, "stop_lon": -122.452928, "n": 1, "distance": 0.00029085942551685762, "feature_x": -122.45284121200119, "feature_y": 37.765093390474455, "nearest_x": -122.452928, "nearest_y": 37.765371 }, "geometry": { "type": "MultiPolygon", "coordinates": [ [ [ [ -122.449201212001185, 37.765093390474455 ], [ -122.449379366281875, 37.763968568614928 ], [ -122.44989639014166, 37.762953852156109 ], [ -122.450701673682843, 37.762148568614933 ], [ -122.451716390141669, 37.76163154475514 ], [ -122.452841212001189, 37.761453390474458 ], [ -122.453966033860709, 37.76163154475514 ], [ -122.454980750319535, 37.762148568614933 ], [ -122.455786033860718, 37.762953852156109 ], [ -122.456303057720504, 37.763968568614928 ], [ -122.456481212001194, 37.765093390474455 ], [ -122.456303057720504, 37.766218212333982 ], [ -122.455786033860718, 37.767232928792801 ], [ -122.454980750319535, 37.768038212333977 ], [ -122.453966033860709, 37.76855523619377 ], [ -122.452841212001189, 37.768733390474452 ], [ -122.451716390141669, 37.76855523619377 ], [ -122.450701673682843, 37.768038212333977 ], [ -122.44989639014166, 37.767232928792801 ], [ -122.449379366281875, 37.766218212333982 ], [ -122.449201212001185, 37.765093390474455 ] ] ] ] } },
{ "type": "Feature", "properties": { "id": null, "id_2": 3277, "name": "16th Ave & Moraga St", "modes": null, "routes": null, "nameLength": null, "stop_lat": 37.75636, "stop_lon": -122.47368, "n": 1, "distance": 7.1295481322611678e-05, "feature_x": -122.473734420345, "feature_y": 37.756313940563317, "nearest_x": -122.47368, "nearest_y": 37.75636 }, "geometry": { "type": "MultiPolygon", "coordinates": [ [ [ [ -122.470094420344992, 37.756313940563317 ], [ -122.470272574625682, 37.75518911870379 ], [ -122.470789598485467, 37.754174402244971 ], [ -122.47159488202665, 37.753369118703795 ], [ -122.472609598485477, 37.752852094844002 ], [ -122.473734420344996, 37.752673940563319 ], [ -122.474859242204516, 37.752852094844002 ], [ -122.475873958663342, 37.753369118703795 ], [ -122.476679242204526, 37.754174402244971 ], [ -122.477196266064311, 37.75518911870379 ], [ -122.477374420345001, 37.756313940563317 ], [ -122.477196266064311, 37.757438762422844 ], [ -122.476679242204526, 37.758453478881663 ], [ -122.475873958663342, 37.759258762422839 ], [ -122.474859242204516, 37.759775786282631 ], [ -122.473734420344996, 37.759953940563314 ], [ -122.472609598485477, 37.759775786282631 ], [ -122.47159488202665, 37.759258762422839 ], [ -122.470789598485467, 37.758453478881663 ], [ -122.470272574625682, 37.757438762422844 ], [ -122.470094420344992, 37.756313940563317 ] ] ] ] } },
{ "type": "Feature", "properties": { "id": null, "id_2": 4395, "name": "Diamond St & Diamond Heights Blvd", "modes": null, "routes": null, "nameLength": null, "stop_lat": 37.73822, "stop_lon": -122.43726, "n": 1, "distance": 0.00011724143527944806, "feature_x": -122.43714357753056, "feature_y": 37.738233833392847, "nearest_x": -122.43726, "nearest_y": 37.73822 }, "geometry": { "type": "MultiPolygon", "coordinates": [ [ [ [ -122.433503577530558, 37.738233833392847 ], [ -122.433681731811248, 37.73710901153332 ], [ -122.434198755671034, 37.736094295074501 ], [ -122.435004039212217, 37.735289011533325 ], [ -122.436018755671043, 37.734771987673533 ], [ -122.437143577530563, 37.73459383339285 ], [ -122.438268399390083, 37.734771987673533 ], [ -122.439283115848909, 37.735289011533325 ], [ -122.440088399390092, 37.736094295074501 ], [ -122.440605423249878, 37.73710901153332 ], [ -122.440783577530567, 37.738233833392847 ], [ -122.440605423249878, 37.739358655252374 ], [ -122.440088399390092, 37.740373371711193 ], [ -122.439283115848909, 37.741178655252369 ], [ -122.438268399390083, 37.741695679112162 ], [ -122.437143577530563, 37.741873833392845 ], [ -122.436018755671043, 37.741695679112162 ], [ -122.435004039212217, 37.741178655252369 ], [ -122.434198755671034, 37.740373371711193 ], [ -122.433681731811248, 37.739358655252374 ], [ -122.433503577530558, 37.738233833392847 ] ] ] ] } },
{ "type": "Feature", "properties": { "id": null, "id_2": 8155, "name": "Church St & 26th St", "modes": null, "routes": null, "nameLength": null, "stop_lat": 37.748416, "stop_lon": -122.42706, "n": 1, "distance": 0.0014201094772840466, "feature_x": -122.42691706604784, "feature_y": 37.747003101980752, "nearest_x": -122.42706, "nearest_y": 37.748416 }, "geometry": { "type": "MultiPolygon", "coordinates": [ [ [ [ -122.423277066047831, 37.747003101980752 ], [ -122.42345522032852, 37.745878280121225 ], [ -122.423972244188306, 37.744863563662406 ], [ -122.424777527729489, 37.74405828012123 ], [ -122.425792244188315, 37.743541256261437 ], [ -122.426917066047835, 37.743363101980755 ], [ -122.428041887907355, 37.743541256261437 ], [ -122.429056604366181, 37.74405828012123 ], [ -122.429861887907364, 37.744863563662406 ], [ -122.43037891176715, 37.745878280121225 ], [ -122.430557066047839, 37.747003101980752 ], [ -122.43037891176715, 37.748127923840279 ], [ -122.429861887907364, 37.749142640299098 ], [ -122.429056604366181, 37.749947923840274 ], [ -122.428041887907355, 37.750464947700067 ], [ -122.426917066047835, 37.750643101980749 ], [ -122.425792244188315, 37.750464947700067 ], [ -122.424777527729489, 37.749947923840274 ], [ -122.423972244188306, 37.749142640299098 ], [ -122.42345522032852, 37.748127923840279 ], [ -122.423277066047831, 37.747003101980752 ] ] ] ] } },
{ "type": "Feature", "properties": { "id": null, "id_2": 5779, "name": "Ocean Ave & Aptos Ave", "modes": null, "routes": null, "nameLength": null, "stop_lat": 37.728285, "stop_lon": -122.467561, "n": 1, "distance": 0.0012679697620706914, "feature_x": -122.4668041001589, "feature_y": 37.72726772425171, "nearest_x": -122.467561, "nearest_y": 37.728285 }, "geometry": { "type": "MultiPolygon", "coordinates": [ [ [ [ -122.463164100158892, 37.72726772425171 ], [ -122.463342254439581, 37.726142902392183 ], [ -122.463859278299367, 37.725128185933364 ], [ -122.46466456184055, 37.724322902392188 ], [ -122.465679278299376, 37.723805878532396 ], [ -122.466804100158896, 37.723627724251713 ], [ -122.467928922018416, 37.723805878532396 ], [ -122.468943638477242, 37.724322902392188 ], [ -122.469748922018425, 37.725128185933364 ], [ -122.470265945878211, 37.726142902392183 ], [ -122.4704441001589, 37.72726772425171 ], [ -122.470265945878211, 37.728392546111237 ], [ -122.469748922018425, 37.729407262570057 ], [ -122.468943638477242, 37.730212546111233 ], [ -122.467928922018416, 37.730729569971025 ], [ -122.466804100158896, 37.730907724251708 ], [ -122.465679278299376, 37.730729569971025 ], [ -122.46466456184055, 37.730212546111233 ], [ -122.463859278299367, 37.729407262570057 ], [ -122.463342254439581, 37.728392546111237 ], [ -122.463164100158892, 37.72726772425171 ] ] ] ] } },
{ "type": "Feature", "properties": { "id": null, "id_2": 4886, "name": "Geneva Ave & Mission St", "modes": null, "routes": null, "nameLength": null, "stop_lat": 37.716473, "stop_lon": -122.440874, "n": 1, "distance": 5.8714994194151945e-05, "feature_x": -122.44091981351139, "feature_y": 37.716509722918147, "nearest_x": -122.440874, "nearest_y": 37.716473 }, "geometry": { "type": "MultiPolygon", "coordinates": [ [ [ [ -122.437279813511381, 37.716509722918147 ], [ -122.437457967792071, 37.71538490105862 ], [ -122.437974991651856, 37.714370184599801 ], [ -122.438780275193039, 37.713564901058625 ], [ -122.439794991651866, 37.713047877198832 ], [ -122.440919813511385, 37.71286972291815 ], [ -122.442044635370905, 37.713047877198832 ], [ -122.443059351829731, 37.713564901058625 ], [ -122.443864635370915, 37.714370184599801 ], [ -122.4443816592307, 37.71538490105862 ], [ -122.44455981351139, 37.716509722918147 ], [ -122.4443816592307, 37.717634544777674 ], [ -122.443864635370915, 37.718649261236493 ], [ -122.443059351829731, 37.719454544777669 ], [ -122.442044635370905, 37.719971568637462 ], [ -122.440919813511385, 37.720149722918144 ], [ -122.439794991651866, 37.719971568637462 ], [ -122.438780275193039, 37.719454544777669 ], [ -122.437974991651856, 37.718649261236493 ], [ -122.437457967792071, 37.717634544777674 ], [ -122.437279813511381, 37.716509722918147 ] ] ] ] } },
{ "type": "Feature", "properties": { "id": null, "id_2": 3439, "name": "22nd St & Iowa St", "modes": null, "routes": null, "nameLength": null, "stop_lat": 37.757674, "stop_lon": -122.392308, "n": 1, "distance": 0.00017701825473858033, "feature_x": -122.39222907183687, "feature_y": 37.75751555187734, "nearest_x": -122.392308, "nearest_y": 37.757674 }, "geometry": { "type": "MultiPolygon", "coordinates": [ [ [ [ -122.388589071836861, 37.75751555187734 ], [ -122.388767226117551, 37.756390730017813 ], [ -122.389284249977337, 37.755376013558994 ], [ -122.39008953351852, 37.754570730017818 ], [ -122.391104249977346, 37.754053706158025 ], [ -122.392229071836866, 37.753875551877343 ], [ -122.393353893696386, 37.754053706158025 ], [ -122.394368610155212, 37.754570730017818 ], [ -122.395173893696395, 37.755376013558994 ], [ -122.39569091755618, 37.756390730017813 ], [ -122.39586907183687, 37.75751555187734 ], [ -122.39569091755618, 37.758640373736867 ], [ -122.395173893696395, 37.759655090195686 ], [ -122.394368610155212, 37.760460373736862 ], [ -122.393353893696386, 37.760977397596655 ], [ -122.392229071836866, 37.761155551877337 ], [ -122.391104249977346, 37.760977397596655 ], [ -122.39008953351852, 37.760460373736862 ], [ -122.389284249977337, 37.759655090195686 ], [ -122.388767226117551, 37.758640373736867 ], [ -122.388589071836861, 37.75751555187734 ] ] ] ] } }
]
}
